DATAFLOW,LAST UPDATE,freq,size_emp,nace_r2,indic_is,unit,geo,TIME_PERIOD,OBS_VALUE,OBS_FLAG,CONF_STATUS
ESTAT:ISOC_E_DII(1.0),27/02/26 11:00:00,A,0-9,C10-S951_X_K,E_DI2_HI,PC_ENT,ES,2018,1.08,,
ESTAT:ISOC_E_DII(1.0),27/02/26 11:00:00,A,0-9,C10-S951_X_K,E_DI2_HI,PC_ENT,ES,2020,2.06,,
ESTAT:ISOC_E_DII(1.0),27/02/26 11:00:00,A,0-9,C10-S951_X_K,E_DI2_HI,PC_ENT,PT,2018,4.27,,
ESTAT:ISOC_E_DII(1.0),27/02/26 11:00:00,A,0-9,C10-S951_X_K,E_DI2_HI,PC_ENT,PT,2020,5.05,,
ESTAT:ISOC_E_DII(1.0),27/02/26 11:00:00,A,0-9,C10-S951_X_K,E_DI2_HI,PC_ENT,SE,2018,1.26,,
ESTAT:ISOC_E_DII(1.0),27/02/26 11:00:00,A,0-9,C10-S951_X_K,E_DI2_HI,PC_ENT,SE,2020,1.08,,
ESTAT:ISOC_E_DII(1.0),27/02/26 11:00:00,A,0-9,C10-S951_X_K,E_DI2_HI,PC_ENT,UK,2018,2.10,,
ESTAT:ISOC_E_DII(1.0),27/02/26 11:00:00,A,0-9,C10-S951_X_K,E_DI2_HI,PC_ENT,UK,2020,5.10,,
ESTAT:ISOC_E_DII(1.0),27/02/26 11:00:00,A,0-9,C10-S951_X_K,E_DI2_LO,PC_ENT,ES,2018,12.50,,
ESTAT:ISOC_E_DII(1.0),27/02/26 11:00:00,A,0-9,C10-S951_X_K,E_DI2_LO,PC_ENT,ES,2020,18.89,,
ESTAT:ISOC_E_DII(1.0),27/02/26 11:00:00,A,0-9,C10-S951_X_K,E_DI2_LO,PC_ENT,PT,2018,22.73,,
ESTAT:ISOC_E_DII(1.0),27/02/26 11:00:00,A,0-9,C10-S951_X_K,E_DI2_LO,PC_ENT,PT,2020,27.56,,
ESTAT:ISOC_E_DII(1.0),27/02/26 11:00:00,A,0-9,C10-S951_X_K,E_DI2_LO,PC_ENT,SE,2018,19.80,,
ESTAT:ISOC_E_DII(1.0),27/02/26 11:00:00,A,0-9,C10-S951_X_K,E_DI2_LO,PC_ENT,SE,2020,35.59,,
ESTAT:ISOC_E_DII(1.0),27/02/26 11:00:00,A,0-9,C10-S951_X_K,E_DI2_LO,PC_ENT,UK,2018,27.59,,
ESTAT:ISOC_E_DII(1.0),27/02/26 11:00:00,A,0-9,C10-S951_X_K,E_DI2_LO,PC_ENT,UK,2020,30.20,,
ESTAT:ISOC_E_DII(1.0),27/02/26 11:00:00,A,0-9,C10-S951_X_K,E_DI2_VHI,PC_ENT,ES,2018,0.00,,
ESTAT:ISOC_E_DII(1.0),27/02/26 11:00:00,A,0-9,C10-S951_X_K,E_DI2_VHI,PC_ENT,ES,2020,0.03,,
ESTAT:ISOC_E_DII(1.0),27/02/26 11:00:00,A,0-9,C10-S951_X_K,E_DI2_VHI,PC_ENT,PT,2018,0.10,,
ESTAT:ISOC_E_DII(1.0),27/02/26 11:00:00,A,0-9,C10-S951_X_K,E_DI2_VHI,PC_ENT,PT,2020,0.13,,
ESTAT:ISOC_E_DII(1.0),27/02/26 11:00:00,A,0-9,C10-S951_X_K,E_DI2_VHI,PC_ENT,UK,2018,0,,
ESTAT:ISOC_E_DII(1.0),27/02/26 11:00:00,A,0-9,C10-S951_X_K,E_DI2_VHI,PC_ENT,UK,2020,0,,
ESTAT:ISOC_E_DII(1.0),27/02/26 11:00:00,A,0-9,C10-S951_X_K,E_DI2_VLO,PC_ENT,ES,2018,86.41,,
ESTAT:ISOC_E_DII(1.0),27/02/26 11:00:00,A,0-9,C10-S951_X_K,E_DI2_VLO,PC_ENT,ES,2020,79.02,,
ESTAT:ISOC_E_DII(1.0),27/02/26 11:00:00,A,0-9,C10-S951_X_K,E_DI2_VLO,PC_ENT,PT,2018,72.91,,
ESTAT:ISOC_E_DII(1.0),27/02/26 11:00:00,A,0-9,C10-S951_X_K,E_DI2_VLO,PC_ENT,PT,2020,67.26,,
ESTAT:ISOC_E_DII(1.0),27/02/26 11:00:00,A,0-9,C10-S951_X_K,E_DI2_VLO,PC_ENT,SE,2018,78.93,,
ESTAT:ISOC_E_DII(1.0),27/02/26 11:00:00,A,0-9,C10-S951_X_K,E_DI2_VLO,PC_ENT,SE,2020,63.33,,
ESTAT:ISOC_E_DII(1.0),27/02/26 11:00:00,A,0-9,C10-S951_X_K,E_DI2_VLO,PC_ENT,UK,2018,70.31,,
ESTAT:ISOC_E_DII(1.0),27/02/26 11:00:00,A,0-9,C10-S951_X_K,E_DI2_VLO,PC_ENT,UK,2020,64.70,,
ESTAT:ISOC_E_DII(1.0),27/02/26 11:00:00,A,0-9,C10-S951_X_K,E_DI3_GELO,PC_ENT,ES,2021,22.51,,
ESTAT:ISOC_E_DII(1.0),27/02/26 11:00:00,A,0-9,C10-S951_X_K,E_DI3_GELO,PC_ENT,ES,2023,23.54,,
ESTAT:ISOC_E_DII(1.0),27/02/26 11:00:00,A,0-9,C10-S951_X_K,E_DI3_GELO,PC_ENT,ES,2025,29.21,,
ESTAT:ISOC_E_DII(1.0),27/02/26 11:00:00,A,0-9,C10-S951_X_K,E_DI3_GELO,PC_ENT,PT,2021,30.90,,
ESTAT:ISOC_E_DII(1.0),27/02/26 11:00:00,A,0-9,C10-S951_X_K,E_DI3_GELO,PC_ENT,PT,2023,33.00,,
ESTAT:ISOC_E_DII(1.0),27/02/26 11:00:00,A,0-9,C10-S951_X_K,E_DI3_GELO,PC_ENT,SE,2025,37.52,,
ESTAT:ISOC_E_DII(1.0),27/02/26 11:00:00,A,0-9,C10-S951_X_K,E_DI3_HI,PC_ENT,ES,2021,3.35,,
ESTAT:ISOC_E_DII(1.0),27/02/26 11:00:00,A,0-9,C10-S951_X_K,E_DI3_HI,PC_ENT,ES,2023,4.56,,
ESTAT:ISOC_E_DII(1.0),27/02/26 11:00:00,A,0-9,C10-S951_X_K,E_DI3_HI,PC_ENT,ES,2025,6.04,,
ESTAT:ISOC_E_DII(1.0),27/02/26 11:00:00,A,0-9,C10-S951_X_K,E_DI3_HI,PC_ENT,PT,2021,6.01,,
ESTAT:ISOC_E_DII(1.0),27/02/26 11:00:00,A,0-9,C10-S951_X_K,E_DI3_HI,PC_ENT,PT,2023,7.14,,
ESTAT:ISOC_E_DII(1.0),27/02/26 11:00:00,A,0-9,C10-S951_X_K,E_DI3_HI,PC_ENT,SE,2021,0,,
ESTAT:ISOC_E_DII(1.0),27/02/26 11:00:00,A,0-9,C10-S951_X_K,E_DI3_HI,PC_ENT,SE,2025,4.58,,
ESTAT:ISOC_E_DII(1.0),27/02/26 11:00:00,A,0-9,C10-S951_X_K,E_DI3_LO,PC_ENT,ES,2021,18.84,,
ESTAT:ISOC_E_DII(1.0),27/02/26 11:00:00,A,0-9,C10-S951_X_K,E_DI3_LO,PC_ENT,ES,2023,18.32,,
ESTAT:ISOC_E_DII(1.0),27/02/26 11:00:00,A,0-9,C10-S951_X_K,E_DI3_LO,PC_ENT,ES,2025,22.06,,
ESTAT:ISOC_E_DII(1.0),27/02/26 11:00:00,A,0-9,C10-S951_X_K,E_DI3_LO,PC_ENT,PT,2021,24.32,,
ESTAT:ISOC_E_DII(1.0),27/02/26 11:00:00,A,0-9,C10-S951_X_K,E_DI3_LO,PC_ENT,PT,2023,24.88,,
ESTAT:ISOC_E_DII(1.0),27/02/26 11:00:00,A,0-9,C10-S951_X_K,E_DI3_LO,PC_ENT,SE,2021,20.26,,
ESTAT:ISOC_E_DII(1.0),27/02/26 11:00:00,A,0-9,C10-S951_X_K,E_DI3_LO,PC_ENT,SE,2025,32.67,,
ESTAT:ISOC_E_DII(1.0),27/02/26 11:00:00,A,0-9,C10-S951_X_K,E_DI3_VHI,PC_ENT,ES,2021,0.32,,
ESTAT:ISOC_E_DII(1.0),27/02/26 11:00:00,A,0-9,C10-S951_X_K,E_DI3_VHI,PC_ENT,ES,2023,0.67,,
ESTAT:ISOC_E_DII(1.0),27/02/26 11:00:00,A,0-9,C10-S951_X_K,E_DI3_VHI,PC_ENT,ES,2025,1.10,,
ESTAT:ISOC_E_DII(1.0),27/02/26 11:00:00,A,0-9,C10-S951_X_K,E_DI3_VHI,PC_ENT,PT,2021,0.57,,
ESTAT:ISOC_E_DII(1.0),27/02/26 11:00:00,A,0-9,C10-S951_X_K,E_DI3_VHI,PC_ENT,PT,2023,0.99,,
ESTAT:ISOC_E_DII(1.0),27/02/26 11:00:00,A,0-9,C10-S951_X_K,E_DI3_VHI,PC_ENT,SE,2025,0.28,,
ESTAT:ISOC_E_DII(1.0),27/02/26 11:00:00,A,0-9,C10-S951_X_K,E_DI3_VLO,PC_ENT,ES,2021,77.49,,
ESTAT:ISOC_E_DII(1.0),27/02/26 11:00:00,A,0-9,C10-S951_X_K,E_DI3_VLO,PC_ENT,ES,2023,76.46,,
ESTAT:ISOC_E_DII(1.0),27/02/26 11:00:00,A,0-9,C10-S951_X_K,E_DI3_VLO,PC_ENT,ES,2025,70.79,,
ESTAT:ISOC_E_DII(1.0),27/02/26 11:00:00,A,0-9,C10-S951_X_K,E_DI3_VLO,PC_ENT,PT,2021,69.10,,
ESTAT:ISOC_E_DII(1.0),27/02/26 11:00:00,A,0-9,C10-S951_X_K,E_DI3_VLO,PC_ENT,PT,2023,67.00,,
ESTAT:ISOC_E_DII(1.0),27/02/26 11:00:00,A,0-9,C10-S951_X_K,E_DI3_VLO,PC_ENT,SE,2021,79.74,,
ESTAT:ISOC_E_DII(1.0),27/02/26 11:00:00,A,0-9,C10-S951_X_K,E_DI3_VLO,PC_ENT,SE,2025,62.48,,
ESTAT:ISOC_E_DII(1.0),27/02/26 11:00:00,A,0-9,C10-S951_X_K,E_DI4_GELO,PC_ENT,ES,2022,31.05,,
ESTAT:ISOC_E_DII(1.0),27/02/26 11:00:00,A,0-9,C10-S951_X_K,E_DI4_GELO,PC_ENT,ES,2024,36.58,,
ESTAT:ISOC_E_DII(1.0),27/02/26 11:00:00,A,0-9,C10-S951_X_K,E_DI4_GELO,PC_ENT,PT,2022,50.03,,
ESTAT:ISOC_E_DII(1.0),27/02/26 11:00:00,A,0-9,C10-S951_X_K,E_DI4_GELO,PC_ENT,PT,2024,51.65,,
ESTAT:ISOC_E_DII(1.0),27/02/26 11:00:00,A,0-9,C10-S951_X_K,E_DI4_HI,PC_ENT,ES,2022,3.71,,
ESTAT:ISOC_E_DII(1.0),27/02/26 11:00:00,A,0-9,C10-S951_X_K,E_DI4_HI,PC_ENT,ES,2024,7.13,,
ESTAT:ISOC_E_DII(1.0),27/02/26 11:00:00,A,0-9,C10-S951_X_K,E_DI4_HI,PC_ENT,PT,2022,14.40,,
ESTAT:ISOC_E_DII(1.0),27/02/26 11:00:00,A,0-9,C10-S951_X_K,E_DI4_HI,PC_ENT,PT,2024,13.09,,
ESTAT:ISOC_E_DII(1.0),27/02/26 11:00:00,A,0-9,C10-S951_X_K,E_DI4_HI,PC_ENT,SE,2022,0,,
ESTAT:ISOC_E_DII(1.0),27/02/26 11:00:00,A,0-9,C10-S951_X_K,E_DI4_HI,PC_ENT,SE,2024,0.13,b,
ESTAT:ISOC_E_DII(1.0),27/02/26 11:00:00,A,0-9,C10-S951_X_K,E_DI4_LO,PC_ENT,ES,2022,27.27,,
ESTAT:ISOC_E_DII(1.0),27/02/26 11:00:00,A,0-9,C10-S951_X_K,E_DI4_LO,PC_ENT,ES,2024,29.15,,
ESTAT:ISOC_E_DII(1.0),27/02/26 11:00:00,A,0-9,C10-S951_X_K,E_DI4_LO,PC_ENT,PT,2022,34.38,,
ESTAT:ISOC_E_DII(1.0),27/02/26 11:00:00,A,0-9,C10-S951_X_K,E_DI4_LO,PC_ENT,PT,2024,36.93,,
ESTAT:ISOC_E_DII(1.0),27/02/26 11:00:00,A,0-9,C10-S951_X_K,E_DI4_LO,PC_ENT,SE,2022,12.23,,
ESTAT:ISOC_E_DII(1.0),27/02/26 11:00:00,A,0-9,C10-S951_X_K,E_DI4_LO,PC_ENT,SE,2024,15.26,b,
ESTAT:ISOC_E_DII(1.0),27/02/26 11:00:00,A,0-9,C10-S951_X_K,E_DI4_VHI,PC_ENT,ES,2022,0.07,,
ESTAT:ISOC_E_DII(1.0),27/02/26 11:00:00,A,0-9,C10-S951_X_K,E_DI4_VHI,PC_ENT,ES,2024,0.31,,
ESTAT:ISOC_E_DII(1.0),27/02/26 11:00:00,A,0-9,C10-S951_X_K,E_DI4_VHI,PC_ENT,PT,2022,1.24,,
ESTAT:ISOC_E_DII(1.0),27/02/26 11:00:00,A,0-9,C10-S951_X_K,E_DI4_VHI,PC_ENT,PT,2024,1.63,,
ESTAT:ISOC_E_DII(1.0),27/02/26 11:00:00,A,0-9,C10-S951_X_K,E_DI4_VLO,PC_ENT,ES,2022,68.95,,
ESTAT:ISOC_E_DII(1.0),27/02/26 11:00:00,A,0-9,C10-S951_X_K,E_DI4_VLO,PC_ENT,ES,2024,63.42,,
ESTAT:ISOC_E_DII(1.0),27/02/26 11:00:00,A,0-9,C10-S951_X_K,E_DI4_VLO,PC_ENT,PT,2022,49.97,,
ESTAT:ISOC_E_DII(1.0),27/02/26 11:00:00,A,0-9,C10-S951_X_K,E_DI4_VLO,PC_ENT,PT,2024,48.35,,
ESTAT:ISOC_E_DII(1.0),27/02/26 11:00:00,A,0-9,C10-S951_X_K,E_DI4_VLO,PC_ENT,SE,2022,87.77,,
ESTAT:ISOC_E_DII(1.0),27/02/26 11:00:00,A,0-9,C10-S951_X_K,E_DI4_VLO,PC_ENT,SE,2024,84.61,b,
ESTAT:ISOC_E_DII(1.0),27/02/26 11:00:00,A,0-9,C10-S951_X_K,E_DI_HI,PC_ENT,ES,2017,3.70,b,
ESTAT:ISOC_E_DII(1.0),27/02/26 11:00:00,A,0-9,C10-S951_X_K,E_DI_HI,PC_ENT,ES,2018,1.65,b,
ESTAT:ISOC_E_DII(1.0),27/02/26 11:00:00,A,0-9,C10-S951_X_K,E_DI_HI,PC_ENT,ES,2019,5.22,b,
ESTAT:ISOC_E_DII(1.0),27/02/26 11:00:00,A,0-9,C10-S951_X_K,E_DI_HI,PC_ENT,PT,2017,10.30,b,
ESTAT:ISOC_E_DII(1.0),27/02/26 11:00:00,A,0-9,C10-S951_X_K,E_DI_HI,PC_ENT,PT,2018,8.21,b,
ESTAT:ISOC_E_DII(1.0),27/02/26 11:00:00,A,0-9,C10-S951_X_K,E_DI_HI,PC_ENT,PT,2019,10.57,b,
ESTAT:ISOC_E_DII(1.0),27/02/26 11:00:00,A,0-9,C10-S951_X_K,E_DI_HI,PC_ENT,SE,2017,0,b,
ESTAT:ISOC_E_DII(1.0),27/02/26 11:00:00,A,0-9,C10-S951_X_K,E_DI_HI,PC_ENT,SE,2018,3.02,b,
ESTAT:ISOC_E_DII(1.0),27/02/26 11:00:00,A,0-9,C10-S951_X_K,E_DI_HI,PC_ENT,SE,2019,0,b,
ESTAT:ISOC_E_DII(1.0),27/02/26 11:00:00,A,0-9,C10-S951_X_K,E_DI_HI,PC_ENT,SK,2017,6.46,b,
ESTAT:ISOC_E_DII(1.0),27/02/26 11:00:00,A,0-9,C10-S951_X_K,E_DI_HI,PC_ENT,UK,2017,3.04,b,
ESTAT:ISOC_E_DII(1.0),27/02/26 11:00:00,A,0-9,C10-S951_X_K,E_DI_HI,PC_ENT,UK,2018,7.79,b,
ESTAT:ISOC_E_DII(1.0),27/02/26 11:00:00,A,0-9,C10-S951_X_K,E_DI_HI,PC_ENT,UK,2019,8.42,b,
ESTAT:ISOC_E_DII(1.0),27/02/26 11:00:00,A,0-9,C10-S951_X_K,E_DI_LO,PC_ENT,ES,2017,16.70,b,
ESTAT:ISOC_E_DII(1.0),27/02/26 11:00:00,A,0-9,C10-S951_X_K,E_DI_LO,PC_ENT,ES,2018,10.32,b,
ESTAT:ISOC_E_DII(1.0),27/02/26 11:00:00,A,0-9,C10-S951_X_K,E_DI_LO,PC_ENT,ES,2019,23.33,b,
ESTAT:ISOC_E_DII(1.0),27/02/26 11:00:00,A,0-9,C10-S951_X_K,E_DI_LO,PC_ENT,PT,2017,25.64,b,
ESTAT:ISOC_E_DII(1.0),27/02/26 11:00:00,A,0-9,C10-S951_X_K,E_DI_LO,PC_ENT,PT,2018,19.37,b,
ESTAT:ISOC_E_DII(1.0),27/02/26 11:00:00,A,0-9,C10-S951_X_K,E_DI_LO,PC_ENT,PT,2019,33.47,b,
ESTAT:ISOC_E_DII(1.0),27/02/26 11:00:00,A,0-9,C10-S951_X_K,E_DI_LO,PC_ENT,SE,2017,5.91,b,
ESTAT:ISOC_E_DII(1.0),27/02/26 11:00:00,A,0-9,C10-S951_X_K,E_DI_LO,PC_ENT,SE,2018,21.72,b,
ESTAT:ISOC_E_DII(1.0),27/02/26 11:00:00,A,0-9,C10-S951_X_K,E_DI_LO,PC_ENT,SE,2019,15.89,b,
ESTAT:ISOC_E_DII(1.0),27/02/26 11:00:00,A,0-9,C10-S951_X_K,E_DI_LO,PC_ENT,SK,2017,27.36,b,
ESTAT:ISOC_E_DII(1.0),27/02/26 11:00:00,A,0-9,C10-S951_X_K,E_DI_LO,PC_ENT,UK,2017,26.84,b,
ESTAT:ISOC_E_DII(1.0),27/02/26 11:00:00,A,0-9,C10-S951_X_K,E_DI_LO,PC_ENT,UK,2018,26.65,b,
ESTAT:ISOC_E_DII(1.0),27/02/26 11:00:00,A,0-9,C10-S951_X_K,E_DI_LO,PC_ENT,UK,2019,39.80,b,
ESTAT:ISOC_E_DII(1.0),27/02/26 11:00:00,A,0-9,C10-S951_X_K,E_DI_VHI,PC_ENT,ES,2017,0.34,b,
ESTAT:ISOC_E_DII(1.0),27/02/26 11:00:00,A,0-9,C10-S951_X_K,E_DI_VHI,PC_ENT,ES,2018,0.02,b,
ESTAT:ISOC_E_DII(1.0),27/02/26 11:00:00,A,0-9,C10-S951_X_K,E_DI_VHI,PC_ENT,ES,2019,0.44,b,
ESTAT:ISOC_E_DII(1.0),27/02/26 11:00:00,A,0-9,C10-S951_X_K,E_DI_VHI,PC_ENT,PT,2017,1.24,b,
ESTAT:ISOC_E_DII(1.0),27/02/26 11:00:00,A,0-9,C10-S951_X_K,E_DI_VHI,PC_ENT,PT,2018,0.82,b,
ESTAT:ISOC_E_DII(1.0),27/02/26 11:00:00,A,0-9,C10-S951_X_K,E_DI_VHI,PC_ENT,PT,2019,1.54,b,
ESTAT:ISOC_E_DII(1.0),27/02/26 11:00:00,A,0-9,C10-S951_X_K,E_DI_VHI,PC_ENT,SE,2017,0,b,
ESTAT:ISOC_E_DII(1.0),27/02/26 11:00:00,A,0-9,C10-S951_X_K,E_DI_VHI,PC_ENT,SK,2017,0.23,b,
ESTAT:ISOC_E_DII(1.0),27/02/26 11:00:00,A,0-9,C10-S951_X_K,E_DI_VHI,PC_ENT,UK,2017,0,b,
ESTAT:ISOC_E_DII(1.0),27/02/26 11:00:00,A,0-9,C10-S951_X_K,E_DI_VHI,PC_ENT,UK,2018,0.38,b,
ESTAT:ISOC_E_DII(1.0),27/02/26 11:00:00,A,0-9,C10-S951_X_K,E_DI_VHI,PC_ENT,UK,2019,0.72,b,
ESTAT:ISOC_E_DII(1.0),27/02/26 11:00:00,A,0-9,C10-S951_X_K,E_DI_VLO,PC_ENT,ES,2017,79.26,b,
ESTAT:ISOC_E_DII(1.0),27/02/26 11:00:00,A,0-9,C10-S951_X_K,E_DI_VLO,PC_ENT,ES,2018,88.01,b,
ESTAT:ISOC_E_DII(1.0),27/02/26 11:00:00,A,0-9,C10-S951_X_K,E_DI_VLO,PC_ENT,ES,2019,71.01,b,
ESTAT:ISOC_E_DII(1.0),27/02/26 11:00:00,A,0-9,C10-S951_X_K,E_DI_VLO,PC_ENT,PT,2017,62.81,b,
ESTAT:ISOC_E_DII(1.0),27/02/26 11:00:00,A,0-9,C10-S951_X_K,E_DI_VLO,PC_ENT,PT,2018,71.60,b,
ESTAT:ISOC_E_DII(1.0),27/02/26 11:00:00,A,0-9,C10-S951_X_K,E_DI_VLO,PC_ENT,PT,2019,54.42,b,
ESTAT:ISOC_E_DII(1.0),27/02/26 11:00:00,A,0-9,C10-S951_X_K,E_DI_VLO,PC_ENT,SE,2017,94.09,b,
ESTAT:ISOC_E_DII(1.0),27/02/26 11:00:00,A,0-9,C10-S951_X_K,E_DI_VLO,PC_ENT,SE,2018,75.26,b,
ESTAT:ISOC_E_DII(1.0),27/02/26 11:00:00,A,0-9,C10-S951_X_K,E_DI_VLO,PC_ENT,SE,2019,84.11,b,
ESTAT:ISOC_E_DII(1.0),27/02/26 11:00:00,A,0-9,C10-S951_X_K,E_DI_VLO,PC_ENT,SK,2017,65.95,b,
ESTAT:ISOC_E_DII(1.0),27/02/26 11:00:00,A,0-9,C10-S951_X_K,E_DI_VLO,PC_ENT,UK,2017,70.13,b,
ESTAT:ISOC_E_DII(1.0),27/02/26 11:00:00,A,0-9,C10-S951_X_K,E_DI_VLO,PC_ENT,UK,2018,65.18,b,
ESTAT:ISOC_E_DII(1.0),27/02/26 11:00:00,A,0-9,C10-S951_X_K,E_DI_VLO,PC_ENT,UK,2019,51.06,b,
ESTAT:ISOC_E_DII(1.0),27/02/26 11:00:00,A,0_1,C10-S951_X_K,E_DI2_HI,PC_ENT,PT,2020,1.26,,
ESTAT:ISOC_E_DII(1.0),27/02/26 11:00:00,A,0_1,C10-S951_X_K,E_DI2_HI,PC_ENT,SE,2018,0.88,,
ESTAT:ISOC_E_DII(1.0),27/02/26 11:00:00,A,0_1,C10-S951_X_K,E_DI2_HI,PC_ENT,SE,2020,0.73,,
ESTAT:ISOC_E_DII(1.0),27/02/26 11:00:00,A,0_1,C10-S951_X_K,E_DI2_LO,PC_ENT,PT,2020,24.87,,
ESTAT:ISOC_E_DII(1.0),27/02/26 11:00:00,A,0_1,C10-S951_X_K,E_DI2_LO,PC_ENT,SE,2018,14.94,,
ESTAT:ISOC_E_DII(1.0),27/02/26 11:00:00,A,0_1,C10-S951_X_K,E_DI2_LO,PC_ENT,SE,2020,30.19,,
ESTAT:ISOC_E_DII(1.0),27/02/26 11:00:00,A,0_1,C10-S951_X_K,E_DI2_VHI,PC_ENT,PT,2020,0,,
ESTAT:ISOC_E_DII(1.0),27/02/26 11:00:00,A,0_1,C10-S951_X_K,E_DI2_VLO,PC_ENT,PT,2020,73.88,,
ESTAT:ISOC_E_DII(1.0),27/02/26 11:00:00,A,0_1,C10-S951_X_K,E_DI2_VLO,PC_ENT,SE,2018,84.17,,
ESTAT:ISOC_E_DII(1.0),27/02/26 11:00:00,A,0_1,C10-S951_X_K,E_DI2_VLO,PC_ENT,SE,2020,69.08,,
ESTAT:ISOC_E_DII(1.0),27/02/26 11:00:00,A,0_1,C10-S951_X_K,E_DI3_GELO,PC_ENT,PT,2021,11.45,,
ESTAT:ISOC_E_DII(1.0),27/02/26 11:00:00,A,0_1,C10-S951_X_K,E_DI3_GELO,PC_ENT,PT,2023,,u,
ESTAT:ISOC_E_DII(1.0),27/02/26 11:00:00,A,0_1,C10-S951_X_K,E_DI3_GELO,PC_ENT,SE,2025,32.21,,
ESTAT:ISOC_E_DII(1.0),27/02/26 11:00:00,A,0_1,C10-S951_X_K,E_DI3_HI,PC_ENT,PT,2021,1.91,,
ESTAT:ISOC_E_DII(1.0),27/02/26 11:00:00,A,0_1,C10-S951_X_K,E_DI3_HI,PC_ENT,PT,2023,2.17,,
ESTAT:ISOC_E_DII(1.0),27/02/26 11:00:00,A,0_1,C10-S951_X_K,E_DI3_HI,PC_ENT,SE,2021,0,,
ESTAT:ISOC_E_DII(1.0),27/02/26 11:00:00,A,0_1,C10-S951_X_K,E_DI3_HI,PC_ENT,SE,2025,2.93,,
ESTAT:ISOC_E_DII(1.0),27/02/26 11:00:00,A,0_1,C10-S951_X_K,E_DI3_LO,PC_ENT,PT,2021,9.54,,
ESTAT:ISOC_E_DII(1.0),27/02/26 11:00:00,A,0_1,C10-S951_X_K,E_DI3_LO,PC_ENT,PT,2023,,u,
ESTAT:ISOC_E_DII(1.0),27/02/26 11:00:00,A,0_1,C10-S951_X_K,E_DI3_LO,PC_ENT,SE,2021,16.23,,
ESTAT:ISOC_E_DII(1.0),27/02/26 11:00:00,A,0_1,C10-S951_X_K,E_DI3_LO,PC_ENT,SE,2025,29.15,,
ESTAT:ISOC_E_DII(1.0),27/02/26 11:00:00,A,0_1,C10-S951_X_K,E_DI3_VHI,PC_ENT,PT,2021,0,,
ESTAT:ISOC_E_DII(1.0),27/02/26 11:00:00,A,0_1,C10-S951_X_K,E_DI3_VHI,PC_ENT,PT,2023,0,,
ESTAT:ISOC_E_DII(1.0),27/02/26 11:00:00,A,0_1,C10-S951_X_K,E_DI3_VHI,PC_ENT,SE,2025,0.14,,
ESTAT:ISOC_E_DII(1.0),27/02/26 11:00:00,A,0_1,C10-S951_X_K,E_DI3_VLO,PC_ENT,PT,2021,88.55,,
ESTAT:ISOC_E_DII(1.0),27/02/26 11:00:00,A,0_1,C10-S951_X_K,E_DI3_VLO,PC_ENT,PT,2023,,u,
ESTAT:ISOC_E_DII(1.0),27/02/26 11:00:00,A,0_1,C10-S951_X_K,E_DI3_VLO,PC_ENT,SE,2021,83.77,,
ESTAT:ISOC_E_DII(1.0),27/02/26 11:00:00,A,0_1,C10-S951_X_K,E_DI3_VLO,PC_ENT,SE,2025,67.79,,
ESTAT:ISOC_E_DII(1.0),27/02/26 11:00:00,A,0_1,C10-S951_X_K,E_DI4_GELO,PC_ENT,PT,2022,,u,
ESTAT:ISOC_E_DII(1.0),27/02/26 11:00:00,A,0_1,C10-S951_X_K,E_DI4_GELO,PC_ENT,PT,2024,,u,
ESTAT:ISOC_E_DII(1.0),27/02/26 11:00:00,A,0_1,C10-S951_X_K,E_DI4_HI,PC_ENT,PT,2022,,u,
ESTAT:ISOC_E_DII(1.0),27/02/26 11:00:00,A,0_1,C10-S951_X_K,E_DI4_HI,PC_ENT,PT,2024,,u,
ESTAT:ISOC_E_DII(1.0),27/02/26 11:00:00,A,0_1,C10-S951_X_K,E_DI4_HI,PC_ENT,SE,2022,0,,
ESTAT:ISOC_E_DII(1.0),27/02/26 11:00:00,A,0_1,C10-S951_X_K,E_DI4_HI,PC_ENT,SE,2024,0.10,b,
ESTAT:ISOC_E_DII(1.0),27/02/26 11:00:00,A,0_1,C10-S951_X_K,E_DI4_LO,PC_ENT,PT,2022,,u,
ESTAT:ISOC_E_DII(1.0),27/02/26 11:00:00,A,0_1,C10-S951_X_K,E_DI4_LO,PC_ENT,PT,2024,,u,
ESTAT:ISOC_E_DII(1.0),27/02/26 11:00:00,A,0_1,C10-S951_X_K,E_DI4_LO,PC_ENT,SE,2022,9.87,,
ESTAT:ISOC_E_DII(1.0),27/02/26 11:00:00,A,0_1,C10-S951_X_K,E_DI4_LO,PC_ENT,SE,2024,14.54,b,
ESTAT:ISOC_E_DII(1.0),27/02/26 11:00:00,A,0_1,C10-S951_X_K,E_DI4_VHI,PC_ENT,PT,2022,0,,
ESTAT:ISOC_E_DII(1.0),27/02/26 11:00:00,A,0_1,C10-S951_X_K,E_DI4_VHI,PC_ENT,PT,2024,0.22,,
ESTAT:ISOC_E_DII(1.0),27/02/26 11:00:00,A,0_1,C10-S951_X_K,E_DI4_VLO,PC_ENT,PT,2022,,u,
ESTAT:ISOC_E_DII(1.0),27/02/26 11:00:00,A,0_1,C10-S951_X_K,E_DI4_VLO,PC_ENT,PT,2024,,u,
ESTAT:ISOC_E_DII(1.0),27/02/26 11:00:00,A,0_1,C10-S951_X_K,E_DI4_VLO,PC_ENT,SE,2022,90.13,,
ESTAT:ISOC_E_DII(1.0),27/02/26 11:00:00,A,0_1,C10-S951_X_K,E_DI4_VLO,PC_ENT,SE,2024,85.36,b,
ESTAT:ISOC_E_DII(1.0),27/02/26 11:00:00,A,0_1,C10-S951_X_K,E_DI_HI,PC_ENT,SE,2017,0,b,
ESTAT:ISOC_E_DII(1.0),27/02/26 11:00:00,A,0_1,C10-S951_X_K,E_DI_HI,PC_ENT,SE,2018,2.72,b,
ESTAT:ISOC_E_DII(1.0),27/02/26 11:00:00,A,0_1,C10-S951_X_K,E_DI_HI,PC_ENT,SE,2019,0,b,
ESTAT:ISOC_E_DII(1.0),27/02/26 11:00:00,A,0_1,C10-S951_X_K,E_DI_HI,PC_ENT,SK,2017,4.27,b,
ESTAT:ISOC_E_DII(1.0),27/02/26 11:00:00,A,0_1,C10-S951_X_K,E_DI_LO,PC_ENT,SE,2017,5.46,b,
ESTAT:ISOC_E_DII(1.0),27/02/26 11:00:00,A,0_1,C10-S951_X_K,E_DI_LO,PC_ENT,SE,2018,16.77,b,
ESTAT:ISOC_E_DII(1.0),27/02/26 11:00:00,A,0_1,C10-S951_X_K,E_DI_LO,PC_ENT,SE,2019,13.93,b,
ESTAT:ISOC_E_DII(1.0),27/02/26 11:00:00,A,0_1,C10-S951_X_K,E_DI_LO,PC_ENT,SK,2017,19.54,b,
ESTAT:ISOC_E_DII(1.0),27/02/26 11:00:00,A,0_1,C10-S951_X_K,E_DI_VHI,PC_ENT,SE,2017,0,b,
ESTAT:ISOC_E_DII(1.0),27/02/26 11:00:00,A,0_1,C10-S951_X_K,E_DI_VHI,PC_ENT,SK,2017,0,b,
ESTAT:ISOC_E_DII(1.0),27/02/26 11:00:00,A,0_1,C10-S951_X_K,E_DI_VLO,PC_ENT,SE,2017,94.54,b,
ESTAT:ISOC_E_DII(1.0),27/02/26 11:00:00,A,0_1,C10-S951_X_K,E_DI_VLO,PC_ENT,SE,2018,80.52,b,
ESTAT:ISOC_E_DII(1.0),27/02/26 11:00:00,A,0_1,C10-S951_X_K,E_DI_VLO,PC_ENT,SE,2019,86.07,b,
ESTAT:ISOC_E_DII(1.0),27/02/26 11:00:00,A,0_1,C10-S951_X_K,E_DI_VLO,PC_ENT,SK,2017,76.19,b,
ESTAT:ISOC_E_DII(1.0),27/02/26 11:00:00,A,1-4,C10-S951_X_K,E_DI_HI,PC_ENT,SE,2016,0,b,
ESTAT:ISOC_E_DII(1.0),27/02/26 11:00:00,A,1-4,C10-S951_X_K,E_DI_HI,PC_ENT,SK,2015,7.34,,
ESTAT:ISOC_E_DII(1.0),27/02/26 11:00:00,A,1-4,C10-S951_X_K,E_DI_HI,PC_ENT,SK,2016,6.89,b,
ESTAT:ISOC_E_DII(1.0),27/02/26 11:00:00,A,1-4,C10-S951_X_K,E_DI_LO,PC_ENT,SE,2016,13.41,b,
ESTAT:ISOC_E_DII(1.0),27/02/26 11:00:00,A,1-4,C10-S951_X_K,E_DI_LO,PC_ENT,SK,2015,37.02,,
ESTAT:ISOC_E_DII(1.0),27/02/26 11:00:00,A,1-4,C10-S951_X_K,E_DI_LO,PC_ENT,SK,2016,30.41,b,
ESTAT:ISOC_E_DII(1.0),27/02/26 11:00:00,A,1-4,C10-S951_X_K,E_DI_VHI,PC_ENT,SE,2016,0,b,
ESTAT:ISOC_E_DII(1.0),27/02/26 11:00:00,A,1-4,C10-S951_X_K,E_DI_VHI,PC_ENT,SK,2015,0.30,,
ESTAT:ISOC_E_DII(1.0),27/02/26 11:00:00,A,1-4,C10-S951_X_K,E_DI_VHI,PC_ENT,SK,2016,0.38,b,
ESTAT:ISOC_E_DII(1.0),27/02/26 11:00:00,A,1-4,C10-S951_X_K,E_DI_VLO,PC_ENT,SE,2016,86.59,b,
ESTAT:ISOC_E_DII(1.0),27/02/26 11:00:00,A,1-4,C10-S951_X_K,E_DI_VLO,PC_ENT,SK,2015,55.33,,
ESTAT:ISOC_E_DII(1.0),27/02/26 11:00:00,A,1-4,C10-S951_X_K,E_DI_VLO,PC_ENT,SK,2016,62.32,b,
ESTAT:ISOC_E_DII(1.0),27/02/26 11:00:00,A,1-9,C10-S951_X_K,E_DI_HI,PC_ENT,ES,2015,3.06,,
ESTAT:ISOC_E_DII(1.0),27/02/26 11:00:00,A,1-9,C10-S951_X_K,E_DI_HI,PC_ENT,ES,2016,4.49,b,
ESTAT:ISOC_E_DII(1.0),27/02/26 11:00:00,A,1-9,C10-S951_X_K,E_DI_HI,PC_ENT,PT,2015,6.25,,
ESTAT:ISOC_E_DII(1.0),27/02/26 11:00:00,A,1-9,C10-S951_X_K,E_DI_HI,PC_ENT,PT,2016,10.28,b,
ESTAT:ISOC_E_DII(1.0),27/02/26 11:00:00,A,1-9,C10-S951_X_K,E_DI_HI,PC_ENT,SE,2016,0,b,
ESTAT:ISOC_E_DII(1.0),27/02/26 11:00:00,A,1-9,C10-S951_X_K,E_DI_HI,PC_ENT,SK,2015,8.41,,
ESTAT:ISOC_E_DII(1.0),27/02/26 11:00:00,A,1-9,C10-S951_X_K,E_DI_HI,PC_ENT,SK,2016,7.60,b,
ESTAT:ISOC_E_DII(1.0),27/02/26 11:00:00,A,1-9,C10-S951_X_K,E_DI_HI,PC_ENT,UK,2015,6.15,,
ESTAT:ISOC_E_DII(1.0),27/02/26 11:00:00,A,1-9,C10-S951_X_K,E_DI_HI,PC_ENT,UK,2016,9.48,b,
ESTAT:ISOC_E_DII(1.0),27/02/26 11:00:00,A,1-9,C10-S951_X_K,E_DI_LO,PC_ENT,ES,2015,13.03,,
ESTAT:ISOC_E_DII(1.0),27/02/26 11:00:00,A,1-9,C10-S951_X_K,E_DI_LO,PC_ENT,ES,2016,16.46,b,
ESTAT:ISOC_E_DII(1.0),27/02/26 11:00:00,A,1-9,C10-S951_X_K,E_DI_LO,PC_ENT,PT,2015,20.65,,
ESTAT:ISOC_E_DII(1.0),27/02/26 11:00:00,A,1-9,C10-S951_X_K,E_DI_LO,PC_ENT,PT,2016,24.89,b,
ESTAT:ISOC_E_DII(1.0),27/02/26 11:00:00,A,1-9,C10-S951_X_K,E_DI_LO,PC_ENT,SE,2016,14.63,b,
ESTAT:ISOC_E_DII(1.0),27/02/26 11:00:00,A,1-9,C10-S951_X_K,E_DI_LO,PC_ENT,SK,2015,37.67,,
ESTAT:ISOC_E_DII(1.0),27/02/26 11:00:00,A,1-9,C10-S951_X_K,E_DI_LO,PC_ENT,SK,2016,32.95,b,
ESTAT:ISOC_E_DII(1.0),27/02/26 11:00:00,A,1-9,C10-S951_X_K,E_DI_LO,PC_ENT,UK,2015,28.56,,
ESTAT:ISOC_E_DII(1.0),27/02/26 11:00:00,A,1-9,C10-S951_X_K,E_DI_LO,PC_ENT,UK,2016,30.31,b,
ESTAT:ISOC_E_DII(1.0),27/02/26 11:00:00,A,1-9,C10-S951_X_K,E_DI_VHI,PC_ENT,ES,2015,0.18,,
ESTAT:ISOC_E_DII(1.0),27/02/26 11:00:00,A,1-9,C10-S951_X_K,E_DI_VHI,PC_ENT,ES,2016,0.27,b,
ESTAT:ISOC_E_DII(1.0),27/02/26 11:00:00,A,1-9,C10-S951_X_K,E_DI_VHI,PC_ENT,PT,2015,0.67,,
ESTAT:ISOC_E_DII(1.0),27/02/26 11:00:00,A,1-9,C10-S951_X_K,E_DI_VHI,PC_ENT,PT,2016,0.90,b,
ESTAT:ISOC_E_DII(1.0),27/02/26 11:00:00,A,1-9,C10-S951_X_K,E_DI_VHI,PC_ENT,SE,2016,0,b,
ESTAT:ISOC_E_DII(1.0),27/02/26 11:00:00,A,1-9,C10-S951_X_K,E_DI_VHI,PC_ENT,SK,2015,0.36,,
ESTAT:ISOC_E_DII(1.0),27/02/26 11:00:00,A,1-9,C10-S951_X_K,E_DI_VHI,PC_ENT,SK,2016,0.37,b,
ESTAT:ISOC_E_DII(1.0),27/02/26 11:00:00,A,1-9,C10-S951_X_K,E_DI_VHI,PC_ENT,UK,2015,0.49,,
ESTAT:ISOC_E_DII(1.0),27/02/26 11:00:00,A,1-9,C10-S951_X_K,E_DI_VHI,PC_ENT,UK,2016,0.34,b,
ESTAT:ISOC_E_DII(1.0),27/02/26 11:00:00,A,1-9,C10-S951_X_K,E_DI_VLO,PC_ENT,ES,2015,83.74,,
ESTAT:ISOC_E_DII(1.0),27/02/26 11:00:00,A,1-9,C10-S951_X_K,E_DI_VLO,PC_ENT,ES,2016,78.78,b,
ESTAT:ISOC_E_DII(1.0),27/02/26 11:00:00,A,1-9,C10-S951_X_K,E_DI_VLO,PC_ENT,PT,2015,72.43,,
ESTAT:ISOC_E_DII(1.0),27/02/26 11:00:00,A,1-9,C10-S951_X_K,E_DI_VLO,PC_ENT,PT,2016,63.93,b,
ESTAT:ISOC_E_DII(1.0),27/02/26 11:00:00,A,1-9,C10-S951_X_K,E_DI_VLO,PC_ENT,SE,2016,85.37,b,
ESTAT:ISOC_E_DII(1.0),27/02/26 11:00:00,A,1-9,C10-S951_X_K,E_DI_VLO,PC_ENT,SK,2015,53.56,,
ESTAT:ISOC_E_DII(1.0),27/02/26 11:00:00,A,1-9,C10-S951_X_K,E_DI_VLO,PC_ENT,SK,2016,59.08,b,
ESTAT:ISOC_E_DII(1.0),27/02/26 11:00:00,A,1-9,C10-S951_X_K,E_DI_VLO,PC_ENT,UK,2015,64.80,,
ESTAT:ISOC_E_DII(1.0),27/02/26 11:00:00,A,1-9,C10-S951_X_K,E_DI_VLO,PC_ENT,UK,2016,59.87,b,
ESTAT:ISOC_E_DII(1.0),27/02/26 11:00:00,A,10-249,C10-S951_X_K,E_DI2_HI,PC_ENT,AT,2018,7.24,,
ESTAT:ISOC_E_DII(1.0),27/02/26 11:00:00,A,10-249,C10-S951_X_K,E_DI2_HI,PC_ENT,AT,2020,12.32,,
ESTAT:ISOC_E_DII(1.0),27/02/26 11:00:00,A,10-249,C10-S951_X_K,E_DI2_HI,PC_ENT,BA,2020,5.39,,
ESTAT:ISOC_E_DII(1.0),27/02/26 11:00:00,A,10-249,C10-S951_X_K,E_DI2_HI,PC_ENT,BE,2018,15.31,,
ESTAT:ISOC_E_DII(1.0),27/02/26 11:00:00,A,10-249,C10-S951_X_K,E_DI2_HI,PC_ENT,BE,2020,24.22,,
ESTAT:ISOC_E_DII(1.0),27/02/26 11:00:00,A,10-249,C10-S951_X_K,E_DI2_HI,PC_ENT,BG,2018,3.83,,
ESTAT:ISOC_E_DII(1.0),27/02/26 11:00:00,A,10-249,C10-S951_X_K,E_DI2_HI,PC_ENT,BG,2020,4.30,,
ESTAT:ISOC_E_DII(1.0),27/02/26 11:00:00,A,10-249,C10-S951_X_K,E_DI2_HI,PC_ENT,CY,2018,5.29,,
ESTAT:ISOC_E_DII(1.0),27/02/26 11:00:00,A,10-249,C10-S951_X_K,E_DI2_HI,PC_ENT,CY,2020,10.38,,
ESTAT:ISOC_E_DII(1.0),27/02/26 11:00:00,A,10-249,C10-S951_X_K,E_DI2_HI,PC_ENT,CZ,2018,7.12,,
ESTAT:ISOC_E_DII(1.0),27/02/26 11:00:00,A,10-249,C10-S951_X_K,E_DI2_HI,PC_ENT,CZ,2020,12.70,,
ESTAT:ISOC_E_DII(1.0),27/02/26 11:00:00,A,10-249,C10-S951_X_K,E_DI2_HI,PC_ENT,DE,2018,6.15,,
ESTAT:ISOC_E_DII(1.0),27/02/26 11:00:00,A,10-249,C10-S951_X_K,E_DI2_HI,PC_ENT,DE,2020,11.69,,
ESTAT:ISOC_E_DII(1.0),27/02/26 11:00:00,A,10-249,C10-S951_X_K,E_DI2_HI,PC_ENT,DK,2018,30.21,,
ESTAT:ISOC_E_DII(1.0),27/02/26 11:00:00,A,10-249,C10-S951_X_K,E_DI2_HI,PC_ENT,DK,2020,39.29,,
ESTAT:ISOC_E_DII(1.0),27/02/26 11:00:00,A,10-249,C10-S951_X_K,E_DI2_HI,PC_ENT,EA,2018,8.73,,
ESTAT:ISOC_E_DII(1.0),27/02/26 11:00:00,A,10-249,C10-S951_X_K,E_DI2_HI,PC_ENT,EA,2020,14.24,,
ESTAT:ISOC_E_DII(1.0),27/02/26 11:00:00,A,10-249,C10-S951_X_K,E_DI2_HI,PC_ENT,EE,2018,10.20,,
ESTAT:ISOC_E_DII(1.0),27/02/26 11:00:00,A,10-249,C10-S951_X_K,E_DI2_HI,PC_ENT,EE,2020,23.75,,
ESTAT:ISOC_E_DII(1.0),27/02/26 11:00:00,A,10-249,C10-S951_X_K,E_DI2_HI,PC_ENT,EL,2018,3.74,,
ESTAT:ISOC_E_DII(1.0),27/02/26 11:00:00,A,10-249,C10-S951_X_K,E_DI2_HI,PC_ENT,EL,2020,,u,
ESTAT:ISOC_E_DII(1.0),27/02/26 11:00:00,A,10-249,C10-S951_X_K,E_DI2_HI,PC_ENT,ES,2018,11.61,,
ESTAT:ISOC_E_DII(1.0),27/02/26 11:00:00,A,10-249,C10-S951_X_K,E_DI2_HI,PC_ENT,ES,2020,14.16,,
ESTAT:ISOC_E_DII(1.0),27/02/26 11:00:00,A,10-249,C10-S951_X_K,E_DI2_HI,PC_ENT,EU15,2018,9.28,,
ESTAT:ISOC_E_DII(1.0),27/02/26 11:00:00,A,10-249,C10-S951_X_K,E_DI2_HI,PC_ENT,EU27_2007,2018,8.78,,
ESTAT:ISOC_E_DII(1.0),27/02/26 11:00:00,A,10-249,C10-S951_X_K,E_DI2_HI,PC_ENT,EU27_2020,2018,8.83,,
ESTAT:ISOC_E_DII(1.0),27/02/26 11:00:00,A,10-249,C10-S951_X_K,E_DI2_HI,PC_ENT,EU27_2020,2020,13.81,,
ESTAT:ISOC_E_DII(1.0),27/02/26 11:00:00,A,10-249,C10-S951_X_K,E_DI2_HI,PC_ENT,EU28,2018,8.77,,
ESTAT:ISOC_E_DII(1.0),27/02/26 11:00:00,A,10-249,C10-S951_X_K,E_DI2_HI,PC_ENT,FI,2018,34.69,,
ESTAT:ISOC_E_DII(1.0),27/02/26 11:00:00,A,10-249,C10-S951_X_K,E_DI2_HI,PC_ENT,FI,2020,40.38,,
ESTAT:ISOC_E_DII(1.0),27/02/26 11:00:00,A,10-249,C10-S951_X_K,E_DI2_HI,PC_ENT,FR,2018,7.76,,
ESTAT:ISOC_E_DII(1.0),27/02/26 11:00:00,A,10-249,C10-S951_X_K,E_DI2_HI,PC_ENT,FR,2020,11.53,,
ESTAT:ISOC_E_DII(1.0),27/02/26 11:00:00,A,10-249,C10-S951_X_K,E_DI2_HI,PC_ENT,HR,2018,7.22,,
ESTAT:ISOC_E_DII(1.0),27/02/26 11:00:00,A,10-249,C10-S951_X_K,E_DI2_HI,PC_ENT,HR,2020,19.06,,
ESTAT:ISOC_E_DII(1.0),27/02/26 11:00:00,A,10-249,C10-S951_X_K,E_DI2_HI,PC_ENT,HU,2018,10.39,,
ESTAT:ISOC_E_DII(1.0),27/02/26 11:00:00,A,10-249,C10-S951_X_K,E_DI2_HI,PC_ENT,HU,2020,9.58,,
ESTAT:ISOC_E_DII(1.0),27/02/26 11:00:00,A,10-249,C10-S951_X_K,E_DI2_HI,PC_ENT,IE,2018,13.58,,
ESTAT:ISOC_E_DII(1.0),27/02/26 11:00:00,A,10-249,C10-S951_X_K,E_DI2_HI,PC_ENT,IE,2020,25.03,,
ESTAT:ISOC_E_DII(1.0),27/02/26 11:00:00,A,10-249,C10-S951_X_K,E_DI2_HI,PC_ENT,IT,2018,6.41,,
ESTAT:ISOC_E_DII(1.0),27/02/26 11:00:00,A,10-249,C10-S951_X_K,E_DI2_HI,PC_ENT,IT,2020,16.62,b,
ESTAT:ISOC_E_DII(1.0),27/02/26 11:00:00,A,10-249,C10-S951_X_K,E_DI2_HI,PC_ENT,LT,2018,12.90,,
ESTAT:ISOC_E_DII(1.0),27/02/26 11:00:00,A,10-249,C10-S951_X_K,E_DI2_HI,PC_ENT,LT,2020,7.31,,
ESTAT:ISOC_E_DII(1.0),27/02/26 11:00:00,A,10-249,C10-S951_X_K,E_DI2_HI,PC_ENT,LU,2018,9.31,,
ESTAT:ISOC_E_DII(1.0),27/02/26 11:00:00,A,10-249,C10-S951_X_K,E_DI2_HI,PC_ENT,LU,2020,13.70,,
ESTAT:ISOC_E_DII(1.0),27/02/26 11:00:00,A,10-249,C10-S951_X_K,E_DI2_HI,PC_ENT,LV,2018,3.91,,
ESTAT:ISOC_E_DII(1.0),27/02/26 11:00:00,A,10-249,C10-S951_X_K,E_DI2_HI,PC_ENT,LV,2020,6.01,,
ESTAT:ISOC_E_DII(1.0),27/02/26 11:00:00,A,10-249,C10-S951_X_K,E_DI2_HI,PC_ENT,ME,2018,7.16,,
ESTAT:ISOC_E_DII(1.0),27/02/26 11:00:00,A,10-249,C10-S951_X_K,E_DI2_HI,PC_ENT,ME,2020,11.31,,
ESTAT:ISOC_E_DII(1.0),27/02/26 11:00:00,A,10-249,C10-S951_X_K,E_DI2_HI,PC_ENT,MK,2020,,,C
ESTAT:ISOC_E_DII(1.0),27/02/26 11:00:00,A,10-249,C10-S951_X_K,E_DI2_HI,PC_ENT,MT,2018,13.74,,
ESTAT:ISOC_E_DII(1.0),27/02/26 11:00:00,A,10-249,C10-S951_X_K,E_DI2_HI,PC_ENT,MT,2020,24.91,,
ESTAT:ISOC_E_DII(1.0),27/02/26 11:00:00,A,10-249,C10-S951_X_K,E_DI2_HI,PC_ENT,NL,2018,20.28,,
ESTAT:ISOC_E_DII(1.0),27/02/26 11:00:00,A,10-249,C10-S951_X_K,E_DI2_HI,PC_ENT,NL,2020,24.93,,
ESTAT:ISOC_E_DII(1.0),27/02/26 11:00:00,A,10-249,C10-S951_X_K,E_DI2_HI,PC_ENT,NO,2018,20.83,,
ESTAT:ISOC_E_DII(1.0),27/02/26 11:00:00,A,10-249,C10-S951_X_K,E_DI2_HI,PC_ENT,NO,2020,36.09,,
ESTAT:ISOC_E_DII(1.0),27/02/26 11:00:00,A,10-249,C10-S951_X_K,E_DI2_HI,PC_ENT,PL,2018,4.85,,
ESTAT:ISOC_E_DII(1.0),27/02/26 11:00:00,A,10-249,C10-S951_X_K,E_DI2_HI,PC_ENT,PL,2020,9.98,,
ESTAT:ISOC_E_DII(1.0),27/02/26 11:00:00,A,10-249,C10-S951_X_K,E_DI2_HI,PC_ENT,PT,2018,8.35,,
ESTAT:ISOC_E_DII(1.0),27/02/26 11:00:00,A,10-249,C10-S951_X_K,E_DI2_HI,PC_ENT,PT,2020,10.75,,
ESTAT:ISOC_E_DII(1.0),27/02/26 11:00:00,A,10-249,C10-S951_X_K,E_DI2_HI,PC_ENT,RO,2018,6.10,,
ESTAT:ISOC_E_DII(1.0),27/02/26 11:00:00,A,10-249,C10-S951_X_K,E_DI2_HI,PC_ENT,RO,2020,4.21,,
ESTAT:ISOC_E_DII(1.0),27/02/26 11:00:00,A,10-249,C10-S951_X_K,E_DI2_HI,PC_ENT,RS,2020,10.90,,
ESTAT:ISOC_E_DII(1.0),27/02/26 11:00:00,A,10-249,C10-S951_X_K,E_DI2_HI,PC_ENT,SE,2018,22.02,,
ESTAT:ISOC_E_DII(1.0),27/02/26 11:00:00,A,10-249,C10-S951_X_K,E_DI2_HI,PC_ENT,SE,2020,24.24,,
ESTAT:ISOC_E_DII(1.0),27/02/26 11:00:00,A,10-249,C10-S951_X_K,E_DI2_HI,PC_ENT,SI,2018,16.79,,
ESTAT:ISOC_E_DII(1.0),27/02/26 11:00:00,A,10-249,C10-S951_X_K,E_DI2_HI,PC_ENT,SI,2020,21.11,,
ESTAT:ISOC_E_DII(1.0),27/02/26 11:00:00,A,10-249,C10-S951_X_K,E_DI2_HI,PC_ENT,SK,2018,5.73,,
ESTAT:ISOC_E_DII(1.0),27/02/26 11:00:00,A,10-249,C10-S951_X_K,E_DI2_HI,PC_ENT,SK,2020,9.39,,
ESTAT:ISOC_E_DII(1.0),27/02/26 11:00:00,A,10-249,C10-S951_X_K,E_DI2_HI,PC_ENT,UK,2018,8.38,,
ESTAT:ISOC_E_DII(1.0),27/02/26 11:00:00,A,10-249,C10-S951_X_K,E_DI2_HI,PC_ENT,UK,2020,17.27,,
ESTAT:ISOC_E_DII(1.0),27/02/26 11:00:00,A,10-249,C10-S951_X_K,E_DI2_LO,PC_ENT,AT,2018,37.20,,
ESTAT:ISOC_E_DII(1.0),27/02/26 11:00:00,A,10-249,C10-S951_X_K,E_DI2_LO,PC_ENT,AT,2020,49.96,,
ESTAT:ISOC_E_DII(1.0),27/02/26 11:00:00,A,10-249,C10-S951_X_K,E_DI2_LO,PC_ENT,BA,2020,35.23,,
ESTAT:ISOC_E_DII(1.0),27/02/26 11:00:00,A,10-249,C10-S951_X_K,E_DI2_LO,PC_ENT,BE,2018,42.88,,
ESTAT:ISOC_E_DII(1.0),27/02/26 11:00:00,A,10-249,C10-S951_X_K,E_DI2_LO,PC_ENT,BE,2020,48.80,,
ESTAT:ISOC_E_DII(1.0),27/02/26 11:00:00,A,10-249,C10-S951_X_K,E_DI2_LO,PC_ENT,BG,2018,23.10,,
ESTAT:ISOC_E_DII(1.0),27/02/26 11:00:00,A,10-249,C10-S951_X_K,E_DI2_LO,PC_ENT,BG,2020,28.17,,
ESTAT:ISOC_E_DII(1.0),27/02/26 11:00:00,A,10-249,C10-S951_X_K,E_DI2_LO,PC_ENT,CY,2018,34.25,,
ESTAT:ISOC_E_DII(1.0),27/02/26 11:00:00,A,10-249,C10-S951_X_K,E_DI2_LO,PC_ENT,CY,2020,38.54,,
ESTAT:ISOC_E_DII(1.0),27/02/26 11:00:00,A,10-249,C10-S951_X_K,E_DI2_LO,PC_ENT,CZ,2018,36.36,,
ESTAT:ISOC_E_DII(1.0),27/02/26 11:00:00,A,10-249,C10-S951_X_K,E_DI2_LO,PC_ENT,CZ,2020,46.29,,
ESTAT:ISOC_E_DII(1.0),27/02/26 11:00:00,A,10-249,C10-S951_X_K,E_DI2_LO,PC_ENT,DE,2018,44.17,,
ESTAT:ISOC_E_DII(1.0),27/02/26 11:00:00,A,10-249,C10-S951_X_K,E_DI2_LO,PC_ENT,DE,2020,50.10,,
ESTAT:ISOC_E_DII(1.0),27/02/26 11:00:00,A,10-249,C10-S951_X_K,E_DI2_LO,PC_ENT,DK,2018,48.33,,
ESTAT:ISOC_E_DII(1.0),27/02/26 11:00:00,A,10-249,C10-S951_X_K,E_DI2_LO,PC_ENT,DK,2020,44.58,,
ESTAT:ISOC_E_DII(1.0),27/02/26 11:00:00,A,10-249,C10-S951_X_K,E_DI2_LO,PC_ENT,EA,2018,38.78,,
ESTAT:ISOC_E_DII(1.0),27/02/26 11:00:00,A,10-249,C10-S951_X_K,E_DI2_LO,PC_ENT,EA,2020,47.29,,
ESTAT:ISOC_E_DII(1.0),27/02/26 11:00:00,A,10-249,C10-S951_X_K,E_DI2_LO,PC_ENT,EE,2018,39.71,,
ESTAT:ISOC_E_DII(1.0),27/02/26 11:00:00,A,10-249,C10-S951_X_K,E_DI2_LO,PC_ENT,EE,2020,48.83,,
ESTAT:ISOC_E_DII(1.0),27/02/26 11:00:00,A,10-249,C10-S951_X_K,E_DI2_LO,PC_ENT,EL,2018,25.48,,
ESTAT:ISOC_E_DII(1.0),27/02/26 11:00:00,A,10-249,C10-S951_X_K,E_DI2_LO,PC_ENT,EL,2020,,u,
ESTAT:ISOC_E_DII(1.0),27/02/26 11:00:00,A,10-249,C10-S951_X_K,E_DI2_LO,PC_ENT,ES,2018,38.57,,
ESTAT:ISOC_E_DII(1.0),27/02/26 11:00:00,A,10-249,C10-S951_X_K,E_DI2_LO,PC_ENT,ES,2020,47.63,,
ESTAT:ISOC_E_DII(1.0),27/02/26 11:00:00,A,10-249,C10-S951_X_K,E_DI2_LO,PC_ENT,EU15,2018,39.54,,
ESTAT:ISOC_E_DII(1.0),27/02/26 11:00:00,A,10-249,C10-S951_X_K,E_DI2_LO,PC_ENT,EU27_2007,2018,38.12,,
ESTAT:ISOC_E_DII(1.0),27/02/26 11:00:00,A,10-249,C10-S951_X_K,E_DI2_LO,PC_ENT,EU27_2020,2018,37.65,,
ESTAT:ISOC_E_DII(1.0),27/02/26 11:00:00,A,10-249,C10-S951_X_K,E_DI2_LO,PC_ENT,EU27_2020,2020,45.72,,
ESTAT:ISOC_E_DII(1.0),27/02/26 11:00:00,A,10-249,C10-S951_X_K,E_DI2_LO,PC_ENT,EU28,2018,38.10,,
ESTAT:ISOC_E_DII(1.0),27/02/26 11:00:00,A,10-249,C10-S951_X_K,E_DI2_LO,PC_ENT,FI,2018,48.12,,
ESTAT:ISOC_E_DII(1.0),27/02/26 11:00:00,A,10-249,C10-S951_X_K,E_DI2_LO,PC_ENT,FI,2020,42.94,,
ESTAT:ISOC_E_DII(1.0),27/02/26 11:00:00,A,10-249,C10-S951_X_K,E_DI2_LO,PC_ENT,FR,2018,35.32,,
ESTAT:ISOC_E_DII(1.0),27/02/26 11:00:00,A,10-249,C10-S951_X_K,E_DI2_LO,PC_ENT,FR,2020,42.71,,
ESTAT:ISOC_E_DII(1.0),27/02/26 11:00:00,A,10-249,C10-S951_X_K,E_DI2_LO,PC_ENT,HR,2018,35.38,,
ESTAT:ISOC_E_DII(1.0),27/02/26 11:00:00,A,10-249,C10-S951_X_K,E_DI2_LO,PC_ENT,HR,2020,41.99,,
ESTAT:ISOC_E_DII(1.0),27/02/26 11:00:00,A,10-249,C10-S951_X_K,E_DI2_LO,PC_ENT,HU,2018,31.66,,
ESTAT:ISOC_E_DII(1.0),27/02/26 11:00:00,A,10-249,C10-S951_X_K,E_DI2_LO,PC_ENT,HU,2020,35.85,,
ESTAT:ISOC_E_DII(1.0),27/02/26 11:00:00,A,10-249,C10-S951_X_K,E_DI2_LO,PC_ENT,IE,2018,42.89,,
ESTAT:ISOC_E_DII(1.0),27/02/26 11:00:00,A,10-249,C10-S951_X_K,E_DI2_LO,PC_ENT,IE,2020,42.86,,
ESTAT:ISOC_E_DII(1.0),27/02/26 11:00:00,A,10-249,C10-S951_X_K,E_DI2_LO,PC_ENT,IT,2018,31.29,,
ESTAT:ISOC_E_DII(1.0),27/02/26 11:00:00,A,10-249,C10-S951_X_K,E_DI2_LO,PC_ENT,IT,2020,51.23,b,
ESTAT:ISOC_E_DII(1.0),27/02/26 11:00:00,A,10-249,C10-S951_X_K,E_DI2_LO,PC_ENT,LT,2018,42.37,,
ESTAT:ISOC_E_DII(1.0),27/02/26 11:00:00,A,10-249,C10-S951_X_K,E_DI2_LO,PC_ENT,LT,2020,46.04,,
ESTAT:ISOC_E_DII(1.0),27/02/26 11:00:00,A,10-249,C10-S951_X_K,E_DI2_LO,PC_ENT,LU,2018,41.62,,
ESTAT:ISOC_E_DII(1.0),27/02/26 11:00:00,A,10-249,C10-S951_X_K,E_DI2_LO,PC_ENT,LU,2020,50.55,,
ESTAT:ISOC_E_DII(1.0),27/02/26 11:00:00,A,10-249,C10-S951_X_K,E_DI2_LO,PC_ENT,LV,2018,27.76,,
ESTAT:ISOC_E_DII(1.0),27/02/26 11:00:00,A,10-249,C10-S951_X_K,E_DI2_LO,PC_ENT,LV,2020,35.81,,
ESTAT:ISOC_E_DII(1.0),27/02/26 11:00:00,A,10-249,C10-S951_X_K,E_DI2_LO,PC_ENT,ME,2018,36.12,,
ESTAT:ISOC_E_DII(1.0),27/02/26 11:00:00,A,10-249,C10-S951_X_K,E_DI2_LO,PC_ENT,ME,2020,49.00,,
ESTAT:ISOC_E_DII(1.0),27/02/26 11:00:00,A,10-249,C10-S951_X_K,E_DI2_LO,PC_ENT,MK,2020,27.61,,
ESTAT:ISOC_E_DII(1.0),27/02/26 11:00:00,A,10-249,C10-S951_X_K,E_DI2_LO,PC_ENT,MT,2018,47.09,,
ESTAT:ISOC_E_DII(1.0),27/02/26 11:00:00,A,10-249,C10-S951_X_K,E_DI2_LO,PC_ENT,MT,2020,43.23,,
ESTAT:ISOC_E_DII(1.0),27/02/26 11:00:00,A,10-249,C10-S951_X_K,E_DI2_LO,PC_ENT,NL,2018,49.69,,
ESTAT:ISOC_E_DII(1.0),27/02/26 11:00:00,A,10-249,C10-S951_X_K,E_DI2_LO,PC_ENT,NL,2020,48.46,,
ESTAT:ISOC_E_DII(1.0),27/02/26 11:00:00,A,10-249,C10-S951_X_K,E_DI2_LO,PC_ENT,NO,2018,41.70,,
ESTAT:ISOC_E_DII(1.0),27/02/26 11:00:00,A,10-249,C10-S951_X_K,E_DI2_LO,PC_ENT,NO,2020,43.92,,
ESTAT:ISOC_E_DII(1.0),27/02/26 11:00:00,A,10-249,C10-S951_X_K,E_DI2_LO,PC_ENT,PL,2018,31.20,,
ESTAT:ISOC_E_DII(1.0),27/02/26 11:00:00,A,10-249,C10-S951_X_K,E_DI2_LO,PC_ENT,PL,2020,41.23,,
ESTAT:ISOC_E_DII(1.0),27/02/26 11:00:00,A,10-249,C10-S951_X_K,E_DI2_LO,PC_ENT,PT,2018,35.87,,
ESTAT:ISOC_E_DII(1.0),27/02/26 11:00:00,A,10-249,C10-S951_X_K,E_DI2_LO,PC_ENT,PT,2020,39.49,,
ESTAT:ISOC_E_DII(1.0),27/02/26 11:00:00,A,10-249,C10-S951_X_K,E_DI2_LO,PC_ENT,RO,2018,28.62,,
ESTAT:ISOC_E_DII(1.0),27/02/26 11:00:00,A,10-249,C10-S951_X_K,E_DI2_LO,PC_ENT,RO,2020,28.33,,
ESTAT:ISOC_E_DII(1.0),27/02/26 11:00:00,A,10-249,C10-S951_X_K,E_DI2_LO,PC_ENT,RS,2020,49.43,,
ESTAT:ISOC_E_DII(1.0),27/02/26 11:00:00,A,10-249,C10-S951_X_K,E_DI2_LO,PC_ENT,SE,2018,47.56,,
ESTAT:ISOC_E_DII(1.0),27/02/26 11:00:00,A,10-249,C10-S951_X_K,E_DI2_LO,PC_ENT,SE,2020,56.99,,
ESTAT:ISOC_E_DII(1.0),27/02/26 11:00:00,A,10-249,C10-S951_X_K,E_DI2_LO,PC_ENT,SI,2018,46.59,,
ESTAT:ISOC_E_DII(1.0),27/02/26 11:00:00,A,10-249,C10-S951_X_K,E_DI2_LO,PC_ENT,SI,2020,45.41,,
ESTAT:ISOC_E_DII(1.0),27/02/26 11:00:00,A,10-249,C10-S951_X_K,E_DI2_LO,PC_ENT,SK,2018,35.71,,
ESTAT:ISOC_E_DII(1.0),27/02/26 11:00:00,A,10-249,C10-S951_X_K,E_DI2_LO,PC_ENT,SK,2020,42.19,,
ESTAT:ISOC_E_DII(1.0),27/02/26 11:00:00,A,10-249,C10-S951_X_K,E_DI2_LO,PC_ENT,UK,2018,41.19,,
ESTAT:ISOC_E_DII(1.0),27/02/26 11:00:00,A,10-249,C10-S951_X_K,E_DI2_LO,PC_ENT,UK,2020,49.15,,
ESTAT:ISOC_E_DII(1.0),27/02/26 11:00:00,A,10-249,C10-S951_X_K,E_DI2_VHI,PC_ENT,AT,2018,0.45,,
ESTAT:ISOC_E_DII(1.0),27/02/26 11:00:00,A,10-249,C10-S951_X_K,E_DI2_VHI,PC_ENT,AT,2020,1.19,,
ESTAT:ISOC_E_DII(1.0),27/02/26 11:00:00,A,10-249,C10-S951_X_K,E_DI2_VHI,PC_ENT,BA,2020,0.21,,
ESTAT:ISOC_E_DII(1.0),27/02/26 11:00:00,A,10-249,C10-S951_X_K,E_DI2_VHI,PC_ENT,BE,2018,0.83,,
ESTAT:ISOC_E_DII(1.0),27/02/26 11:00:00,A,10-249,C10-S951_X_K,E_DI2_VHI,PC_ENT,BE,2020,2.00,,
ESTAT:ISOC_E_DII(1.0),27/02/26 11:00:00,A,10-249,C10-S951_X_K,E_DI2_VHI,PC_ENT,BG,2018,,u,
ESTAT:ISOC_E_DII(1.0),27/02/26 11:00:00,A,10-249,C10-S951_X_K,E_DI2_VHI,PC_ENT,BG,2020,,u,
ESTAT:ISOC_E_DII(1.0),27/02/26 11:00:00,A,10-249,C10-S951_X_K,E_DI2_VHI,PC_ENT,CY,2018,0.49,,
ESTAT:ISOC_E_DII(1.0),27/02/26 11:00:00,A,10-249,C10-S951_X_K,E_DI2_VHI,PC_ENT,CY,2020,0.47,,
ESTAT:ISOC_E_DII(1.0),27/02/26 11:00:00,A,10-249,C10-S951_X_K,E_DI2_VHI,PC_ENT,CZ,2018,0.34,,
ESTAT:ISOC_E_DII(1.0),27/02/26 11:00:00,A,10-249,C10-S951_X_K,E_DI2_VHI,PC_ENT,CZ,2020,0.36,,
ESTAT:ISOC_E_DII(1.0),27/02/26 11:00:00,A,10-249,C10-S951_X_K,E_DI2_VHI,PC_ENT,DE,2018,0.04,,
ESTAT:ISOC_E_DII(1.0),27/02/26 11:00:00,A,10-249,C10-S951_X_K,E_DI2_VHI,PC_ENT,DE,2020,0.39,,
ESTAT:ISOC_E_DII(1.0),27/02/26 11:00:00,A,10-249,C10-S951_X_K,E_DI2_VHI,PC_ENT,DK,2018,1.94,,
ESTAT:ISOC_E_DII(1.0),27/02/26 11:00:00,A,10-249,C10-S951_X_K,E_DI2_VHI,PC_ENT,DK,2020,4.55,,
ESTAT:ISOC_E_DII(1.0),27/02/26 11:00:00,A,10-249,C10-S951_X_K,E_DI2_VHI,PC_ENT,EA,2018,0.37,,
ESTAT:ISOC_E_DII(1.0),27/02/26 11:00:00,A,10-249,C10-S951_X_K,E_DI2_VHI,PC_ENT,EA,2020,0.71,,
ESTAT:ISOC_E_DII(1.0),27/02/26 11:00:00,A,10-249,C10-S951_X_K,E_DI2_VHI,PC_ENT,EE,2018,0.48,,
ESTAT:ISOC_E_DII(1.0),27/02/26 11:00:00,A,10-249,C10-S951_X_K,E_DI2_VHI,PC_ENT,EE,2020,1.07,,
ESTAT:ISOC_E_DII(1.0),27/02/26 11:00:00,A,10-249,C10-S951_X_K,E_DI2_VHI,PC_ENT,EL,2018,0.09,,
ESTAT:ISOC_E_DII(1.0),27/02/26 11:00:00,A,10-249,C10-S951_X_K,E_DI2_VHI,PC_ENT,EL,2020,,u,
ESTAT:ISOC_E_DII(1.0),27/02/26 11:00:00,A,10-249,C10-S951_X_K,E_DI2_VHI,PC_ENT,ES,2018,0.69,,
ESTAT:ISOC_E_DII(1.0),27/02/26 11:00:00,A,10-249,C10-S951_X_K,E_DI2_VHI,PC_ENT,ES,2020,0.57,,
ESTAT:ISOC_E_DII(1.0),27/02/26 11:00:00,A,10-249,C10-S951_X_K,E_DI2_VHI,PC_ENT,EU15,2018,0.36,,
ESTAT:ISOC_E_DII(1.0),27/02/26 11:00:00,A,10-249,C10-S951_X_K,E_DI2_VHI,PC_ENT,EU27_2007,2018,0.34,,
ESTAT:ISOC_E_DII(1.0),27/02/26 11:00:00,A,10-249,C10-S951_X_K,E_DI2_VHI,PC_ENT,EU27_2020,2018,0.39,,
ESTAT:ISOC_E_DII(1.0),27/02/26 11:00:00,A,10-249,C10-S951_X_K,E_DI2_VHI,PC_ENT,EU27_2020,2020,0.67,,
ESTAT:ISOC_E_DII(1.0),27/02/26 11:00:00,A,10-249,C10-S951_X_K,E_DI2_VHI,PC_ENT,EU28,2018,0.34,,
ESTAT:ISOC_E_DII(1.0),27/02/26 11:00:00,A,10-249,C10-S951_X_K,E_DI2_VHI,PC_ENT,FI,2018,3.71,,
ESTAT:ISOC_E_DII(1.0),27/02/26 11:00:00,A,10-249,C10-S951_X_K,E_DI2_VHI,PC_ENT,FI,2020,4.28,,
ESTAT:ISOC_E_DII(1.0),27/02/26 11:00:00,A,10-249,C10-S951_X_K,E_DI2_VHI,PC_ENT,FR,2018,0.39,,
ESTAT:ISOC_E_DII(1.0),27/02/26 11:00:00,A,10-249,C10-S951_X_K,E_DI2_VHI,PC_ENT,FR,2020,0.62,,
ESTAT:ISOC_E_DII(1.0),27/02/26 11:00:00,A,10-249,C10-S951_X_K,E_DI2_VHI,PC_ENT,HR,2018,0.15,,
ESTAT:ISOC_E_DII(1.0),27/02/26 11:00:00,A,10-249,C10-S951_X_K,E_DI2_VHI,PC_ENT,HR,2020,1.09,,
ESTAT:ISOC_E_DII(1.0),27/02/26 11:00:00,A,10-249,C10-S951_X_K,E_DI2_VHI,PC_ENT,HU,2018,0.44,,
ESTAT:ISOC_E_DII(1.0),27/02/26 11:00:00,A,10-249,C10-S951_X_K,E_DI2_VHI,PC_ENT,HU,2020,0.19,,
ESTAT:ISOC_E_DII(1.0),27/02/26 11:00:00,A,10-249,C10-S951_X_K,E_DI2_VHI,PC_ENT,IE,2018,0.28,,
ESTAT:ISOC_E_DII(1.0),27/02/26 11:00:00,A,10-249,C10-S951_X_K,E_DI2_VHI,PC_ENT,IE,2020,1.17,,
ESTAT:ISOC_E_DII(1.0),27/02/26 11:00:00,A,10-249,C10-S951_X_K,E_DI2_VHI,PC_ENT,IT,2018,0.17,,
ESTAT:ISOC_E_DII(1.0),27/02/26 11:00:00,A,10-249,C10-S951_X_K,E_DI2_VHI,PC_ENT,IT,2020,0.70,b,
ESTAT:ISOC_E_DII(1.0),27/02/26 11:00:00,A,10-249,C10-S951_X_K,E_DI2_VHI,PC_ENT,LT,2018,0.87,,
ESTAT:ISOC_E_DII(1.0),27/02/26 11:00:00,A,10-249,C10-S951_X_K,E_DI2_VHI,PC_ENT,LT,2020,0.17,,
ESTAT:ISOC_E_DII(1.0),27/02/26 11:00:00,A,10-249,C10-S951_X_K,E_DI2_VHI,PC_ENT,LU,2018,0.25,,
ESTAT:ISOC_E_DII(1.0),27/02/26 11:00:00,A,10-249,C10-S951_X_K,E_DI2_VHI,PC_ENT,LU,2020,0.19,,
ESTAT:ISOC_E_DII(1.0),27/02/26 11:00:00,A,10-249,C10-S951_X_K,E_DI2_VHI,PC_ENT,LV,2018,0,,
ESTAT:ISOC_E_DII(1.0),27/02/26 11:00:00,A,10-249,C10-S951_X_K,E_DI2_VHI,PC_ENT,LV,2020,0.08,,
ESTAT:ISOC_E_DII(1.0),27/02/26 11:00:00,A,10-249,C10-S951_X_K,E_DI2_VHI,PC_ENT,ME,2018,0,,
ESTAT:ISOC_E_DII(1.0),27/02/26 11:00:00,A,10-249,C10-S951_X_K,E_DI2_VHI,PC_ENT,ME,2020,0,,
ESTAT:ISOC_E_DII(1.0),27/02/26 11:00:00,A,10-249,C10-S951_X_K,E_DI2_VHI,PC_ENT,MK,2020,0.16,,
ESTAT:ISOC_E_DII(1.0),27/02/26 11:00:00,A,10-249,C10-S951_X_K,E_DI2_VHI,PC_ENT,MT,2018,0.89,,
ESTAT:ISOC_E_DII(1.0),27/02/26 11:00:00,A,10-249,C10-S951_X_K,E_DI2_VHI,PC_ENT,MT,2020,1.91,,
ESTAT:ISOC_E_DII(1.0),27/02/26 11:00:00,A,10-249,C10-S951_X_K,E_DI2_VHI,PC_ENT,NL,2018,1.05,,
ESTAT:ISOC_E_DII(1.0),27/02/26 11:00:00,A,10-249,C10-S951_X_K,E_DI2_VHI,PC_ENT,NL,2020,1.63,,
ESTAT:ISOC_E_DII(1.0),27/02/26 11:00:00,A,10-249,C10-S951_X_K,E_DI2_VHI,PC_ENT,NO,2018,1.41,,
ESTAT:ISOC_E_DII(1.0),27/02/26 11:00:00,A,10-249,C10-S951_X_K,E_DI2_VHI,PC_ENT,NO,2020,2.13,,
ESTAT:ISOC_E_DII(1.0),27/02/26 11:00:00,A,10-249,C10-S951_X_K,E_DI2_VHI,PC_ENT,PL,2018,0.08,,
ESTAT:ISOC_E_DII(1.0),27/02/26 11:00:00,A,10-249,C10-S951_X_K,E_DI2_VHI,PC_ENT,PL,2020,0.31,,
ESTAT:ISOC_E_DII(1.0),27/02/26 11:00:00,A,10-249,C10-S951_X_K,E_DI2_VHI,PC_ENT,PT,2018,0.26,,
ESTAT:ISOC_E_DII(1.0),27/02/26 11:00:00,A,10-249,C10-S951_X_K,E_DI2_VHI,PC_ENT,PT,2020,0.49,,
ESTAT:ISOC_E_DII(1.0),27/02/26 11:00:00,A,10-249,C10-S951_X_K,E_DI2_VHI,PC_ENT,RO,2018,0.34,,
ESTAT:ISOC_E_DII(1.0),27/02/26 11:00:00,A,10-249,C10-S951_X_K,E_DI2_VHI,PC_ENT,RO,2020,0.07,,
ESTAT:ISOC_E_DII(1.0),27/02/26 11:00:00,A,10-249,C10-S951_X_K,E_DI2_VHI,PC_ENT,RS,2020,0.24,,
ESTAT:ISOC_E_DII(1.0),27/02/26 11:00:00,A,10-249,C10-S951_X_K,E_DI2_VHI,PC_ENT,SE,2018,1.58,,
ESTAT:ISOC_E_DII(1.0),27/02/26 11:00:00,A,10-249,C10-S951_X_K,E_DI2_VHI,PC_ENT,SE,2020,0.42,,
ESTAT:ISOC_E_DII(1.0),27/02/26 11:00:00,A,10-249,C10-S951_X_K,E_DI2_VHI,PC_ENT,SI,2018,0.55,,
ESTAT:ISOC_E_DII(1.0),27/02/26 11:00:00,A,10-249,C10-S951_X_K,E_DI2_VHI,PC_ENT,SI,2020,0.97,,
ESTAT:ISOC_E_DII(1.0),27/02/26 11:00:00,A,10-249,C10-S951_X_K,E_DI2_VHI,PC_ENT,SK,2018,0.14,,
ESTAT:ISOC_E_DII(1.0),27/02/26 11:00:00,A,10-249,C10-S951_X_K,E_DI2_VHI,PC_ENT,SK,2020,0.61,,
ESTAT:ISOC_E_DII(1.0),27/02/26 11:00:00,A,10-249,C10-S951_X_K,E_DI2_VHI,PC_ENT,UK,2018,0.02,,
ESTAT:ISOC_E_DII(1.0),27/02/26 11:00:00,A,10-249,C10-S951_X_K,E_DI2_VHI,PC_ENT,UK,2020,0.14,,
ESTAT:ISOC_E_DII(1.0),27/02/26 11:00:00,A,10-249,C10-S951_X_K,E_DI2_VLO,PC_ENT,AT,2018,55.11,,
ESTAT:ISOC_E_DII(1.0),27/02/26 11:00:00,A,10-249,C10-S951_X_K,E_DI2_VLO,PC_ENT,AT,2020,36.53,,
ESTAT:ISOC_E_DII(1.0),27/02/26 11:00:00,A,10-249,C10-S951_X_K,E_DI2_VLO,PC_ENT,BA,2020,59.18,,
ESTAT:ISOC_E_DII(1.0),27/02/26 11:00:00,A,10-249,C10-S951_X_K,E_DI2_VLO,PC_ENT,BE,2018,40.99,,
ESTAT:ISOC_E_DII(1.0),27/02/26 11:00:00,A,10-249,C10-S951_X_K,E_DI2_VLO,PC_ENT,BE,2020,24.99,,
ESTAT:ISOC_E_DII(1.0),27/02/26 11:00:00,A,10-249,C10-S951_X_K,E_DI2_VLO,PC_ENT,BG,2018,73.03,,
ESTAT:ISOC_E_DII(1.0),27/02/26 11:00:00,A,10-249,C10-S951_X_K,E_DI2_VLO,PC_ENT,BG,2020,67.41,,
ESTAT:ISOC_E_DII(1.0),27/02/26 11:00:00,A,10-249,C10-S951_X_K,E_DI2_VLO,PC_ENT,CY,2018,59.98,,
ESTAT:ISOC_E_DII(1.0),27/02/26 11:00:00,A,10-249,C10-S951_X_K,E_DI2_VLO,PC_ENT,CY,2020,50.62,,
ESTAT:ISOC_E_DII(1.0),27/02/26 11:00:00,A,10-249,C10-S951_X_K,E_DI2_VLO,PC_ENT,CZ,2018,56.19,,
ESTAT:ISOC_E_DII(1.0),27/02/26 11:00:00,A,10-249,C10-S951_X_K,E_DI2_VLO,PC_ENT,CZ,2020,40.65,,
ESTAT:ISOC_E_DII(1.0),27/02/26 11:00:00,A,10-249,C10-S951_X_K,E_DI2_VLO,PC_ENT,DE,2018,49.64,,
ESTAT:ISOC_E_DII(1.0),27/02/26 11:00:00,A,10-249,C10-S951_X_K,E_DI2_VLO,PC_ENT,DE,2020,37.83,,
ESTAT:ISOC_E_DII(1.0),27/02/26 11:00:00,A,10-249,C10-S951_X_K,E_DI2_VLO,PC_ENT,DK,2018,19.53,,
ESTAT:ISOC_E_DII(1.0),27/02/26 11:00:00,A,10-249,C10-S951_X_K,E_DI2_VLO,PC_ENT,DK,2020,11.58,,
ESTAT:ISOC_E_DII(1.0),27/02/26 11:00:00,A,10-249,C10-S951_X_K,E_DI2_VLO,PC_ENT,EA,2018,52.13,,
ESTAT:ISOC_E_DII(1.0),27/02/26 11:00:00,A,10-249,C10-S951_X_K,E_DI2_VLO,PC_ENT,EA,2020,37.77,,
ESTAT:ISOC_E_DII(1.0),27/02/26 11:00:00,A,10-249,C10-S951_X_K,E_DI2_VLO,PC_ENT,EE,2018,49.61,,
ESTAT:ISOC_E_DII(1.0),27/02/26 11:00:00,A,10-249,C10-S951_X_K,E_DI2_VLO,PC_ENT,EE,2020,26.35,,
ESTAT:ISOC_E_DII(1.0),27/02/26 11:00:00,A,10-249,C10-S951_X_K,E_DI2_VLO,PC_ENT,EL,2018,70.70,,
ESTAT:ISOC_E_DII(1.0),27/02/26 11:00:00,A,10-249,C10-S951_X_K,E_DI2_VLO,PC_ENT,EL,2020,60.79,,
ESTAT:ISOC_E_DII(1.0),27/02/26 11:00:00,A,10-249,C10-S951_X_K,E_DI2_VLO,PC_ENT,ES,2018,49.13,,
ESTAT:ISOC_E_DII(1.0),27/02/26 11:00:00,A,10-249,C10-S951_X_K,E_DI2_VLO,PC_ENT,ES,2020,37.64,,
ESTAT:ISOC_E_DII(1.0),27/02/26 11:00:00,A,10-249,C10-S951_X_K,E_DI2_VLO,PC_ENT,EU15,2018,50.82,,
ESTAT:ISOC_E_DII(1.0),27/02/26 11:00:00,A,10-249,C10-S951_X_K,E_DI2_VLO,PC_ENT,EU27_2007,2018,52.75,,
ESTAT:ISOC_E_DII(1.0),27/02/26 11:00:00,A,10-249,C10-S951_X_K,E_DI2_VLO,PC_ENT,EU27_2020,2018,53.13,,
ESTAT:ISOC_E_DII(1.0),27/02/26 11:00:00,A,10-249,C10-S951_X_K,E_DI2_VLO,PC_ENT,EU27_2020,2020,39.80,,
ESTAT:ISOC_E_DII(1.0),27/02/26 11:00:00,A,10-249,C10-S951_X_K,E_DI2_VLO,PC_ENT,EU28,2018,52.79,,
ESTAT:ISOC_E_DII(1.0),27/02/26 11:00:00,A,10-249,C10-S951_X_K,E_DI2_VLO,PC_ENT,FI,2018,13.48,,
ESTAT:ISOC_E_DII(1.0),27/02/26 11:00:00,A,10-249,C10-S951_X_K,E_DI2_VLO,PC_ENT,FI,2020,12.40,,
ESTAT:ISOC_E_DII(1.0),27/02/26 11:00:00,A,10-249,C10-S951_X_K,E_DI2_VLO,PC_ENT,FR,2018,56.53,,
ESTAT:ISOC_E_DII(1.0),27/02/26 11:00:00,A,10-249,C10-S951_X_K,E_DI2_VLO,PC_ENT,FR,2020,45.15,b,
ESTAT:ISOC_E_DII(1.0),27/02/26 11:00:00,A,10-249,C10-S951_X_K,E_DI2_VLO,PC_ENT,HR,2018,57.25,,
ESTAT:ISOC_E_DII(1.0),27/02/26 11:00:00,A,10-249,C10-S951_X_K,E_DI2_VLO,PC_ENT,HR,2020,37.85,,
ESTAT:ISOC_E_DII(1.0),27/02/26 11:00:00,A,10-249,C10-S951_X_K,E_DI2_VLO,PC_ENT,HU,2018,57.50,,
ESTAT:ISOC_E_DII(1.0),27/02/26 11:00:00,A,10-249,C10-S951_X_K,E_DI2_VLO,PC_ENT,HU,2020,54.36,,
ESTAT:ISOC_E_DII(1.0),27/02/26 11:00:00,A,10-249,C10-S951_X_K,E_DI2_VLO,PC_ENT,IE,2018,43.25,,
ESTAT:ISOC_E_DII(1.0),27/02/26 11:00:00,A,10-249,C10-S951_X_K,E_DI2_VLO,PC_ENT,IE,2020,30.94,,
ESTAT:ISOC_E_DII(1.0),27/02/26 11:00:00,A,10-249,C10-S951_X_K,E_DI2_VLO,PC_ENT,IT,2018,62.12,,
ESTAT:ISOC_E_DII(1.0),27/02/26 11:00:00,A,10-249,C10-S951_X_K,E_DI2_VLO,PC_ENT,IT,2020,31.44,b,
ESTAT:ISOC_E_DII(1.0),27/02/26 11:00:00,A,10-249,C10-S951_X_K,E_DI2_VLO,PC_ENT,LT,2018,43.85,,
ESTAT:ISOC_E_DII(1.0),27/02/26 11:00:00,A,10-249,C10-S951_X_K,E_DI2_VLO,PC_ENT,LT,2020,46.48,,
ESTAT:ISOC_E_DII(1.0),27/02/26 11:00:00,A,10-249,C10-S951_X_K,E_DI2_VLO,PC_ENT,LU,2018,48.83,,
ESTAT:ISOC_E_DII(1.0),27/02/26 11:00:00,A,10-249,C10-S951_X_K,E_DI2_VLO,PC_ENT,LU,2020,35.56,,
ESTAT:ISOC_E_DII(1.0),27/02/26 11:00:00,A,10-249,C10-S951_X_K,E_DI2_VLO,PC_ENT,LV,2018,68.33,,
ESTAT:ISOC_E_DII(1.0),27/02/26 11:00:00,A,10-249,C10-S951_X_K,E_DI2_VLO,PC_ENT,LV,2020,58.10,,
ESTAT:ISOC_E_DII(1.0),27/02/26 11:00:00,A,10-249,C10-S951_X_K,E_DI2_VLO,PC_ENT,ME,2018,56.72,,
ESTAT:ISOC_E_DII(1.0),27/02/26 11:00:00,A,10-249,C10-S951_X_K,E_DI2_VLO,PC_ENT,ME,2020,39.70,,
ESTAT:ISOC_E_DII(1.0),27/02/26 11:00:00,A,10-249,C10-S951_X_K,E_DI2_VLO,PC_ENT,MK,2020,70.19,,
ESTAT:ISOC_E_DII(1.0),27/02/26 11:00:00,A,10-249,C10-S951_X_K,E_DI2_VLO,PC_ENT,MT,2018,38.28,,
ESTAT:ISOC_E_DII(1.0),27/02/26 11:00:00,A,10-249,C10-S951_X_K,E_DI2_VLO,PC_ENT,MT,2020,29.94,,
ESTAT:ISOC_E_DII(1.0),27/02/26 11:00:00,A,10-249,C10-S951_X_K,E_DI2_VLO,PC_ENT,NL,2018,28.99,,
ESTAT:ISOC_E_DII(1.0),27/02/26 11:00:00,A,10-249,C10-S951_X_K,E_DI2_VLO,PC_ENT,NL,2020,24.97,,
ESTAT:ISOC_E_DII(1.0),27/02/26 11:00:00,A,10-249,C10-S951_X_K,E_DI2_VLO,PC_ENT,NO,2018,36.06,,
ESTAT:ISOC_E_DII(1.0),27/02/26 11:00:00,A,10-249,C10-S951_X_K,E_DI2_VLO,PC_ENT,NO,2020,17.86,,
ESTAT:ISOC_E_DII(1.0),27/02/26 11:00:00,A,10-249,C10-S951_X_K,E_DI2_VLO,PC_ENT,PL,2018,63.88,,
ESTAT:ISOC_E_DII(1.0),27/02/26 11:00:00,A,10-249,C10-S951_X_K,E_DI2_VLO,PC_ENT,PL,2020,48.47,,
ESTAT:ISOC_E_DII(1.0),27/02/26 11:00:00,A,10-249,C10-S951_X_K,E_DI2_VLO,PC_ENT,PT,2018,55.53,,
ESTAT:ISOC_E_DII(1.0),27/02/26 11:00:00,A,10-249,C10-S951_X_K,E_DI2_VLO,PC_ENT,PT,2020,49.26,,
ESTAT:ISOC_E_DII(1.0),27/02/26 11:00:00,A,10-249,C10-S951_X_K,E_DI2_VLO,PC_ENT,RO,2018,64.95,,
ESTAT:ISOC_E_DII(1.0),27/02/26 11:00:00,A,10-249,C10-S951_X_K,E_DI2_VLO,PC_ENT,RO,2020,67.39,,
ESTAT:ISOC_E_DII(1.0),27/02/26 11:00:00,A,10-249,C10-S951_X_K,E_DI2_VLO,PC_ENT,RS,2020,39.43,,
ESTAT:ISOC_E_DII(1.0),27/02/26 11:00:00,A,10-249,C10-S951_X_K,E_DI2_VLO,PC_ENT,SE,2018,28.85,,
ESTAT:ISOC_E_DII(1.0),27/02/26 11:00:00,A,10-249,C10-S951_X_K,E_DI2_VLO,PC_ENT,SE,2020,18.34,,
ESTAT:ISOC_E_DII(1.0),27/02/26 11:00:00,A,10-249,C10-S951_X_K,E_DI2_VLO,PC_ENT,SI,2018,36.06,,
ESTAT:ISOC_E_DII(1.0),27/02/26 11:00:00,A,10-249,C10-S951_X_K,E_DI2_VLO,PC_ENT,SI,2020,32.50,,
ESTAT:ISOC_E_DII(1.0),27/02/26 11:00:00,A,10-249,C10-S951_X_K,E_DI2_VLO,PC_ENT,SK,2018,58.43,,
ESTAT:ISOC_E_DII(1.0),27/02/26 11:00:00,A,10-249,C10-S951_X_K,E_DI2_VLO,PC_ENT,SK,2020,47.81,,
ESTAT:ISOC_E_DII(1.0),27/02/26 11:00:00,A,10-249,C10-S951_X_K,E_DI2_VLO,PC_ENT,UK,2018,50.40,,
ESTAT:ISOC_E_DII(1.0),27/02/26 11:00:00,A,10-249,C10-S951_X_K,E_DI2_VLO,PC_ENT,UK,2020,33.45,,
ESTAT:ISOC_E_DII(1.0),27/02/26 11:00:00,A,10-249,C10-S951_X_K,E_DI3_GELO,PC_ENT,AT,2021,64.43,,
ESTAT:ISOC_E_DII(1.0),27/02/26 11:00:00,A,10-249,C10-S951_X_K,E_DI3_GELO,PC_ENT,AT,2023,57.93,,
ESTAT:ISOC_E_DII(1.0),27/02/26 11:00:00,A,10-249,C10-S951_X_K,E_DI3_GELO,PC_ENT,AT,2025,72.99,,
ESTAT:ISOC_E_DII(1.0),27/02/26 11:00:00,A,10-249,C10-S951_X_K,E_DI3_GELO,PC_ENT,BA,2021,32.53,,
ESTAT:ISOC_E_DII(1.0),27/02/26 11:00:00,A,10-249,C10-S951_X_K,E_DI3_GELO,PC_ENT,BA,2023,43.24,,
ESTAT:ISOC_E_DII(1.0),27/02/26 11:00:00,A,10-249,C10-S951_X_K,E_DI3_GELO,PC_ENT,BA,2025,63.23,,
ESTAT:ISOC_E_DII(1.0),27/02/26 11:00:00,A,10-249,C10-S951_X_K,E_DI3_GELO,PC_ENT,BE,2021,65.35,,
ESTAT:ISOC_E_DII(1.0),27/02/26 11:00:00,A,10-249,C10-S951_X_K,E_DI3_GELO,PC_ENT,BE,2023,74.46,,
ESTAT:ISOC_E_DII(1.0),27/02/26 11:00:00,A,10-249,C10-S951_X_K,E_DI3_GELO,PC_ENT,BE,2025,84.35,,
ESTAT:ISOC_E_DII(1.0),27/02/26 11:00:00,A,10-249,C10-S951_X_K,E_DI3_GELO,PC_ENT,BG,2021,25.24,,
ESTAT:ISOC_E_DII(1.0),27/02/26 11:00:00,A,10-249,C10-S951_X_K,E_DI3_GELO,PC_ENT,BG,2023,28.41,,
ESTAT:ISOC_E_DII(1.0),27/02/26 11:00:00,A,10-249,C10-S951_X_K,E_DI3_GELO,PC_ENT,BG,2025,38.33,,
ESTAT:ISOC_E_DII(1.0),27/02/26 11:00:00,A,10-249,C10-S951_X_K,E_DI3_GELO,PC_ENT,CY,2021,66.22,,
ESTAT:ISOC_E_DII(1.0),27/02/26 11:00:00,A,10-249,C10-S951_X_K,E_DI3_GELO,PC_ENT,CY,2023,67.28,,
ESTAT:ISOC_E_DII(1.0),27/02/26 11:00:00,A,10-249,C10-S951_X_K,E_DI3_GELO,PC_ENT,CY,2025,74.35,,
ESTAT:ISOC_E_DII(1.0),27/02/26 11:00:00,A,10-249,C10-S951_X_K,E_DI3_GELO,PC_ENT,CZ,2021,52.54,,
ESTAT:ISOC_E_DII(1.0),27/02/26 11:00:00,A,10-249,C10-S951_X_K,E_DI3_GELO,PC_ENT,CZ,2023,49.30,,
ESTAT:ISOC_E_DII(1.0),27/02/26 11:00:00,A,10-249,C10-S951_X_K,E_DI3_GELO,PC_ENT,CZ,2025,70.46,,
ESTAT:ISOC_E_DII(1.0),27/02/26 11:00:00,A,10-249,C10-S951_X_K,E_DI3_GELO,PC_ENT,DE,2021,58.89,,
ESTAT:ISOC_E_DII(1.0),27/02/26 11:00:00,A,10-249,C10-S951_X_K,E_DI3_GELO,PC_ENT,DE,2023,61.38,,
ESTAT:ISOC_E_DII(1.0),27/02/26 11:00:00,A,10-249,C10-S951_X_K,E_DI3_GELO,PC_ENT,DE,2025,73.55,,
ESTAT:ISOC_E_DII(1.0),27/02/26 11:00:00,A,10-249,C10-S951_X_K,E_DI3_GELO,PC_ENT,DK,2021,79.38,,
ESTAT:ISOC_E_DII(1.0),27/02/26 11:00:00,A,10-249,C10-S951_X_K,E_DI3_GELO,PC_ENT,DK,2023,75.33,,
ESTAT:ISOC_E_DII(1.0),27/02/26 11:00:00,A,10-249,C10-S951_X_K,E_DI3_GELO,PC_ENT,DK,2025,92.45,,
ESTAT:ISOC_E_DII(1.0),27/02/26 11:00:00,A,10-249,C10-S951_X_K,E_DI3_GELO,PC_ENT,EA,2021,57.51,,
ESTAT:ISOC_E_DII(1.0),27/02/26 11:00:00,A,10-249,C10-S951_X_K,E_DI3_GELO,PC_ENT,EA,2023,60.02,,
ESTAT:ISOC_E_DII(1.0),27/02/26 11:00:00,A,10-249,C10-S951_X_K,E_DI3_GELO,PC_ENT,EA,2025,73.90,,
ESTAT:ISOC_E_DII(1.0),27/02/26 11:00:00,A,10-249,C10-S951_X_K,E_DI3_GELO,PC_ENT,EE,2021,54.00,,
ESTAT:ISOC_E_DII(1.0),27/02/26 11:00:00,A,10-249,C10-S951_X_K,E_DI3_GELO,PC_ENT,EE,2023,55.93,,
ESTAT:ISOC_E_DII(1.0),27/02/26 11:00:00,A,10-249,C10-S951_X_K,E_DI3_GELO,PC_ENT,EE,2025,72.12,d,
ESTAT:ISOC_E_DII(1.0),27/02/26 11:00:00,A,10-249,C10-S951_X_K,E_DI3_GELO,PC_ENT,EL,2021,37.66,,
ESTAT:ISOC_E_DII(1.0),27/02/26 11:00:00,A,10-249,C10-S951_X_K,E_DI3_GELO,PC_ENT,EL,2023,43.26,,
ESTAT:ISOC_E_DII(1.0),27/02/26 11:00:00,A,10-249,C10-S951_X_K,E_DI3_GELO,PC_ENT,EL,2025,55.95,,
ESTAT:ISOC_E_DII(1.0),27/02/26 11:00:00,A,10-249,C10-S951_X_K,E_DI3_GELO,PC_ENT,ES,2021,59.68,,
ESTAT:ISOC_E_DII(1.0),27/02/26 11:00:00,A,10-249,C10-S951_X_K,E_DI3_GELO,PC_ENT,ES,2023,60.53,,
ESTAT:ISOC_E_DII(1.0),27/02/26 11:00:00,A,10-249,C10-S951_X_K,E_DI3_GELO,PC_ENT,ES,2025,75.35,,
ESTAT:ISOC_E_DII(1.0),27/02/26 11:00:00,A,10-249,C10-S951_X_K,E_DI3_GELO,PC_ENT,EU27_2020,2021,54.82,,
ESTAT:ISOC_E_DII(1.0),27/02/26 11:00:00,A,10-249,C10-S951_X_K,E_DI3_GELO,PC_ENT,EU27_2020,2023,57.90,,
ESTAT:ISOC_E_DII(1.0),27/02/26 11:00:00,A,10-249,C10-S951_X_K,E_DI3_GELO,PC_ENT,EU27_2020,2025,71.39,,
ESTAT:ISOC_E_DII(1.0),27/02/26 11:00:00,A,10-249,C10-S951_X_K,E_DI3_GELO,PC_ENT,FI,2021,81.64,,
ESTAT:ISOC_E_DII(1.0),27/02/26 11:00:00,A,10-249,C10-S951_X_K,E_DI3_GELO,PC_ENT,FI,2023,85.59,,
ESTAT:ISOC_E_DII(1.0),27/02/26 11:00:00,A,10-249,C10-S951_X_K,E_DI3_GELO,PC_ENT,FI,2025,94.04,,
ESTAT:ISOC_E_DII(1.0),27/02/26 11:00:00,A,10-249,C10-S951_X_K,E_DI3_GELO,PC_ENT,FR,2021,46.99,,
ESTAT:ISOC_E_DII(1.0),27/02/26 11:00:00,A,10-249,C10-S951_X_K,E_DI3_GELO,PC_ENT,FR,2023,51.97,b,
ESTAT:ISOC_E_DII(1.0),27/02/26 11:00:00,A,10-249,C10-S951_X_K,E_DI3_GELO,PC_ENT,FR,2025,69.44,,
ESTAT:ISOC_E_DII(1.0),27/02/26 11:00:00,A,10-249,C10-S951_X_K,E_DI3_GELO,PC_ENT,HR,2021,49.66,,
ESTAT:ISOC_E_DII(1.0),27/02/26 11:00:00,A,10-249,C10-S951_X_K,E_DI3_GELO,PC_ENT,HR,2023,55.97,,
ESTAT:ISOC_E_DII(1.0),27/02/26 11:00:00,A,10-249,C10-S951_X_K,E_DI3_GELO,PC_ENT,HR,2025,57.09,,
ESTAT:ISOC_E_DII(1.0),27/02/26 11:00:00,A,10-249,C10-S951_X_K,E_DI3_GELO,PC_ENT,HU,2021,34.47,,
ESTAT:ISOC_E_DII(1.0),27/02/26 11:00:00,A,10-249,C10-S951_X_K,E_DI3_GELO,PC_ENT,HU,2023,53.16,,
ESTAT:ISOC_E_DII(1.0),27/02/26 11:00:00,A,10-249,C10-S951_X_K,E_DI3_GELO,PC_ENT,HU,2025,59.81,,
ESTAT:ISOC_E_DII(1.0),27/02/26 11:00:00,A,10-249,C10-S951_X_K,E_DI3_GELO,PC_ENT,IE,2021,64.19,,
ESTAT:ISOC_E_DII(1.0),27/02/26 11:00:00,A,10-249,C10-S951_X_K,E_DI3_GELO,PC_ENT,IE,2023,66.11,,
ESTAT:ISOC_E_DII(1.0),27/02/26 11:00:00,A,10-249,C10-S951_X_K,E_DI3_GELO,PC_ENT,IE,2025,79.30,,
ESTAT:ISOC_E_DII(1.0),27/02/26 11:00:00,A,10-249,C10-S951_X_K,E_DI3_GELO,PC_ENT,IT,2021,60.31,,
ESTAT:ISOC_E_DII(1.0),27/02/26 11:00:00,A,10-249,C10-S951_X_K,E_DI3_GELO,PC_ENT,IT,2023,60.69,,
ESTAT:ISOC_E_DII(1.0),27/02/26 11:00:00,A,10-249,C10-S951_X_K,E_DI3_GELO,PC_ENT,IT,2025,79.49,,
ESTAT:ISOC_E_DII(1.0),27/02/26 11:00:00,A,10-249,C10-S951_X_K,E_DI3_GELO,PC_ENT,LT,2021,56.70,,
ESTAT:ISOC_E_DII(1.0),27/02/26 11:00:00,A,10-249,C10-S951_X_K,E_DI3_GELO,PC_ENT,LT,2023,59.99,,
ESTAT:ISOC_E_DII(1.0),27/02/26 11:00:00,A,10-249,C10-S951_X_K,E_DI3_GELO,PC_ENT,LT,2025,73.51,,
ESTAT:ISOC_E_DII(1.0),27/02/26 11:00:00,A,10-249,C10-S951_X_K,E_DI3_GELO,PC_ENT,LU,2021,53.91,,
ESTAT:ISOC_E_DII(1.0),27/02/26 11:00:00,A,10-249,C10-S951_X_K,E_DI3_GELO,PC_ENT,LU,2023,57.85,,
ESTAT:ISOC_E_DII(1.0),27/02/26 11:00:00,A,10-249,C10-S951_X_K,E_DI3_GELO,PC_ENT,LU,2025,76.68,,
ESTAT:ISOC_E_DII(1.0),27/02/26 11:00:00,A,10-249,C10-S951_X_K,E_DI3_GELO,PC_ENT,LV,2021,38.14,,
ESTAT:ISOC_E_DII(1.0),27/02/26 11:00:00,A,10-249,C10-S951_X_K,E_DI3_GELO,PC_ENT,LV,2023,48.19,,
ESTAT:ISOC_E_DII(1.0),27/02/26 11:00:00,A,10-249,C10-S951_X_K,E_DI3_GELO,PC_ENT,LV,2025,58.54,,
ESTAT:ISOC_E_DII(1.0),27/02/26 11:00:00,A,10-249,C10-S951_X_K,E_DI3_GELO,PC_ENT,ME,2021,48.19,,
ESTAT:ISOC_E_DII(1.0),27/02/26 11:00:00,A,10-249,C10-S951_X_K,E_DI3_GELO,PC_ENT,ME,2023,63.85,,
ESTAT:ISOC_E_DII(1.0),27/02/26 11:00:00,A,10-249,C10-S951_X_K,E_DI3_GELO,PC_ENT,ME,2025,81.87,,
ESTAT:ISOC_E_DII(1.0),27/02/26 11:00:00,A,10-249,C10-S951_X_K,E_DI3_GELO,PC_ENT,MK,2021,26.90,,
ESTAT:ISOC_E_DII(1.0),27/02/26 11:00:00,A,10-249,C10-S951_X_K,E_DI3_GELO,PC_ENT,MT,2021,72.83,,
ESTAT:ISOC_E_DII(1.0),27/02/26 11:00:00,A,10-249,C10-S951_X_K,E_DI3_GELO,PC_ENT,MT,2023,76.49,,
ESTAT:ISOC_E_DII(1.0),27/02/26 11:00:00,A,10-249,C10-S951_X_K,E_DI3_GELO,PC_ENT,MT,2025,83.50,,
ESTAT:ISOC_E_DII(1.0),27/02/26 11:00:00,A,10-249,C10-S951_X_K,E_DI3_GELO,PC_ENT,NL,2021,75.33,,
ESTAT:ISOC_E_DII(1.0),27/02/26 11:00:00,A,10-249,C10-S951_X_K,E_DI3_GELO,PC_ENT,NL,2023,82.72,,
ESTAT:ISOC_E_DII(1.0),27/02/26 11:00:00,A,10-249,C10-S951_X_K,E_DI3_GELO,PC_ENT,NL,2025,88.76,,
ESTAT:ISOC_E_DII(1.0),27/02/26 11:00:00,A,10-249,C10-S951_X_K,E_DI3_GELO,PC_ENT,NO,2021,77.21,,
ESTAT:ISOC_E_DII(1.0),27/02/26 11:00:00,A,10-249,C10-S951_X_K,E_DI3_GELO,PC_ENT,NO,2023,80.40,,
ESTAT:ISOC_E_DII(1.0),27/02/26 11:00:00,A,10-249,C10-S951_X_K,E_DI3_GELO,PC_ENT,NO,2025,83.27,,
ESTAT:ISOC_E_DII(1.0),27/02/26 11:00:00,A,10-249,C10-S951_X_K,E_DI3_GELO,PC_ENT,PL,2021,39.83,,
ESTAT:ISOC_E_DII(1.0),27/02/26 11:00:00,A,10-249,C10-S951_X_K,E_DI3_GELO,PC_ENT,PL,2023,50.04,,
ESTAT:ISOC_E_DII(1.0),27/02/26 11:00:00,A,10-249,C10-S951_X_K,E_DI3_GELO,PC_ENT,PL,2025,58.98,,
ESTAT:ISOC_E_DII(1.0),27/02/26 11:00:00,A,10-249,C10-S951_X_K,E_DI3_GELO,PC_ENT,PT,2021,48.60,,
ESTAT:ISOC_E_DII(1.0),27/02/26 11:00:00,A,10-249,C10-S951_X_K,E_DI3_GELO,PC_ENT,PT,2023,53.61,,
ESTAT:ISOC_E_DII(1.0),27/02/26 11:00:00,A,10-249,C10-S951_X_K,E_DI3_GELO,PC_ENT,PT,2025,63.94,,
ESTAT:ISOC_E_DII(1.0),27/02/26 11:00:00,A,10-249,C10-S951_X_K,E_DI3_GELO,PC_ENT,RO,2021,22.23,,
ESTAT:ISOC_E_DII(1.0),27/02/26 11:00:00,A,10-249,C10-S951_X_K,E_DI3_GELO,PC_ENT,RO,2023,26.78,,
ESTAT:ISOC_E_DII(1.0),27/02/26 11:00:00,A,10-249,C10-S951_X_K,E_DI3_GELO,PC_ENT,RO,2025,44.34,,
ESTAT:ISOC_E_DII(1.0),27/02/26 11:00:00,A,10-249,C10-S951_X_K,E_DI3_GELO,PC_ENT,RS,2021,41.88,,
ESTAT:ISOC_E_DII(1.0),27/02/26 11:00:00,A,10-249,C10-S951_X_K,E_DI3_GELO,PC_ENT,RS,2023,49.19,,
ESTAT:ISOC_E_DII(1.0),27/02/26 11:00:00,A,10-249,C10-S951_X_K,E_DI3_GELO,PC_ENT,RS,2025,50.05,,
ESTAT:ISOC_E_DII(1.0),27/02/26 11:00:00,A,10-249,C10-S951_X_K,E_DI3_GELO,PC_ENT,SE,2021,86.06,,
ESTAT:ISOC_E_DII(1.0),27/02/26 11:00:00,A,10-249,C10-S951_X_K,E_DI3_GELO,PC_ENT,SE,2023,79.91,b,
ESTAT:ISOC_E_DII(1.0),27/02/26 11:00:00,A,10-249,C10-S951_X_K,E_DI3_GELO,PC_ENT,SE,2025,86.47,,
ESTAT:ISOC_E_DII(1.0),27/02/26 11:00:00,A,10-249,C10-S951_X_K,E_DI3_GELO,PC_ENT,SI,2021,55.15,,
ESTAT:ISOC_E_DII(1.0),27/02/26 11:00:00,A,10-249,C10-S951_X_K,E_DI3_GELO,PC_ENT,SI,2023,50.36,,
ESTAT:ISOC_E_DII(1.0),27/02/26 11:00:00,A,10-249,C10-S951_X_K,E_DI3_GELO,PC_ENT,SI,2025,65.67,,
ESTAT:ISOC_E_DII(1.0),27/02/26 11:00:00,A,10-249,C10-S951_X_K,E_DI3_GELO,PC_ENT,SK,2021,43.00,,
ESTAT:ISOC_E_DII(1.0),27/02/26 11:00:00,A,10-249,C10-S951_X_K,E_DI3_GELO,PC_ENT,SK,2023,42.19,,
ESTAT:ISOC_E_DII(1.0),27/02/26 11:00:00,A,10-249,C10-S951_X_K,E_DI3_GELO,PC_ENT,SK,2025,57.09,,
ESTAT:ISOC_E_DII(1.0),27/02/26 11:00:00,A,10-249,C10-S951_X_K,E_DI3_GELO,PC_ENT,TR,2025,42.70,,
ESTAT:ISOC_E_DII(1.0),27/02/26 11:00:00,A,10-249,C10-S951_X_K,E_DI3_HI,PC_ENT,AT,2021,21.76,,
ESTAT:ISOC_E_DII(1.0),27/02/26 11:00:00,A,10-249,C10-S951_X_K,E_DI3_HI,PC_ENT,AT,2023,19.60,,
ESTAT:ISOC_E_DII(1.0),27/02/26 11:00:00,A,10-249,C10-S951_X_K,E_DI3_HI,PC_ENT,AT,2025,26.44,,
ESTAT:ISOC_E_DII(1.0),27/02/26 11:00:00,A,10-249,C10-S951_X_K,E_DI3_HI,PC_ENT,BA,2021,6.14,,
ESTAT:ISOC_E_DII(1.0),27/02/26 11:00:00,A,10-249,C10-S951_X_K,E_DI3_HI,PC_ENT,BA,2023,10.98,,
ESTAT:ISOC_E_DII(1.0),27/02/26 11:00:00,A,10-249,C10-S951_X_K,E_DI3_HI,PC_ENT,BA,2025,19.92,,
ESTAT:ISOC_E_DII(1.0),27/02/26 11:00:00,A,10-249,C10-S951_X_K,E_DI3_HI,PC_ENT,BE,2021,25.00,,
ESTAT:ISOC_E_DII(1.0),27/02/26 11:00:00,A,10-249,C10-S951_X_K,E_DI3_HI,PC_ENT,BE,2023,32.56,,
ESTAT:ISOC_E_DII(1.0),27/02/26 11:00:00,A,10-249,C10-S951_X_K,E_DI3_HI,PC_ENT,BE,2025,36.83,,
ESTAT:ISOC_E_DII(1.0),27/02/26 11:00:00,A,10-249,C10-S951_X_K,E_DI3_HI,PC_ENT,BG,2021,7.27,,
ESTAT:ISOC_E_DII(1.0),27/02/26 11:00:00,A,10-249,C10-S951_X_K,E_DI3_HI,PC_ENT,BG,2023,7.63,,
ESTAT:ISOC_E_DII(1.0),27/02/26 11:00:00,A,10-249,C10-S951_X_K,E_DI3_HI,PC_ENT,BG,2025,10.87,,
ESTAT:ISOC_E_DII(1.0),27/02/26 11:00:00,A,10-249,C10-S951_X_K,E_DI3_HI,PC_ENT,CY,2021,22.18,,
ESTAT:ISOC_E_DII(1.0),27/02/26 11:00:00,A,10-249,C10-S951_X_K,E_DI3_HI,PC_ENT,CY,2023,25.23,,
ESTAT:ISOC_E_DII(1.0),27/02/26 11:00:00,A,10-249,C10-S951_X_K,E_DI3_HI,PC_ENT,CY,2025,29.92,,
ESTAT:ISOC_E_DII(1.0),27/02/26 11:00:00,A,10-249,C10-S951_X_K,E_DI3_HI,PC_ENT,CZ,2021,16.01,,
ESTAT:ISOC_E_DII(1.0),27/02/26 11:00:00,A,10-249,C10-S951_X_K,E_DI3_HI,PC_ENT,CZ,2023,15.16,,
ESTAT:ISOC_E_DII(1.0),27/02/26 11:00:00,A,10-249,C10-S951_X_K,E_DI3_HI,PC_ENT,CZ,2025,28.16,,
ESTAT:ISOC_E_DII(1.0),27/02/26 11:00:00,A,10-249,C10-S951_X_K,E_DI3_HI,PC_ENT,DE,2021,20.18,,
ESTAT:ISOC_E_DII(1.0),27/02/26 11:00:00,A,10-249,C10-S951_X_K,E_DI3_HI,PC_ENT,DE,2023,20.92,,
ESTAT:ISOC_E_DII(1.0),27/02/26 11:00:00,A,10-249,C10-S951_X_K,E_DI3_HI,PC_ENT,DE,2025,27.38,,
ESTAT:ISOC_E_DII(1.0),27/02/26 11:00:00,A,10-249,C10-S951_X_K,E_DI3_HI,PC_ENT,DK,2021,33.07,,
ESTAT:ISOC_E_DII(1.0),27/02/26 11:00:00,A,10-249,C10-S951_X_K,E_DI3_HI,PC_ENT,DK,2023,31.09,,
ESTAT:ISOC_E_DII(1.0),27/02/26 11:00:00,A,10-249,C10-S951_X_K,E_DI3_HI,PC_ENT,DK,2025,39.30,,
ESTAT:ISOC_E_DII(1.0),27/02/26 11:00:00,A,10-249,C10-S951_X_K,E_DI3_HI,PC_ENT,EA,2021,19.10,,
ESTAT:ISOC_E_DII(1.0),27/02/26 11:00:00,A,10-249,C10-S951_X_K,E_DI3_HI,PC_ENT,EA,2023,20.39,,
ESTAT:ISOC_E_DII(1.0),27/02/26 11:00:00,A,10-249,C10-S951_X_K,E_DI3_HI,PC_ENT,EA,2025,28.31,,
ESTAT:ISOC_E_DII(1.0),27/02/26 11:00:00,A,10-249,C10-S951_X_K,E_DI3_HI,PC_ENT,EE,2021,15.98,,
ESTAT:ISOC_E_DII(1.0),27/02/26 11:00:00,A,10-249,C10-S951_X_K,E_DI3_HI,PC_ENT,EE,2023,17.61,,
ESTAT:ISOC_E_DII(1.0),27/02/26 11:00:00,A,10-249,C10-S951_X_K,E_DI3_HI,PC_ENT,EE,2025,28.32,d,
ESTAT:ISOC_E_DII(1.0),27/02/26 11:00:00,A,10-249,C10-S951_X_K,E_DI3_HI,PC_ENT,EL,2021,14.77,,
ESTAT:ISOC_E_DII(1.0),27/02/26 11:00:00,A,10-249,C10-S951_X_K,E_DI3_HI,PC_ENT,EL,2023,12.87,,
ESTAT:ISOC_E_DII(1.0),27/02/26 11:00:00,A,10-249,C10-S951_X_K,E_DI3_HI,PC_ENT,EL,2025,18.98,,
ESTAT:ISOC_E_DII(1.0),27/02/26 11:00:00,A,10-249,C10-S951_X_K,E_DI3_HI,PC_ENT,ES,2021,21.38,,
ESTAT:ISOC_E_DII(1.0),27/02/26 11:00:00,A,10-249,C10-S951_X_K,E_DI3_HI,PC_ENT,ES,2023,21.01,,
ESTAT:ISOC_E_DII(1.0),27/02/26 11:00:00,A,10-249,C10-S951_X_K,E_DI3_HI,PC_ENT,ES,2025,30.11,,
ESTAT:ISOC_E_DII(1.0),27/02/26 11:00:00,A,10-249,C10-S951_X_K,E_DI3_HI,PC_ENT,EU27_2020,2021,18.19,,
ESTAT:ISOC_E_DII(1.0),27/02/26 11:00:00,A,10-249,C10-S951_X_K,E_DI3_HI,PC_ENT,EU27_2020,2023,19.66,,
ESTAT:ISOC_E_DII(1.0),27/02/26 11:00:00,A,10-249,C10-S951_X_K,E_DI3_HI,PC_ENT,EU27_2020,2025,27.17,,
ESTAT:ISOC_E_DII(1.0),27/02/26 11:00:00,A,10-249,C10-S951_X_K,E_DI3_HI,PC_ENT,FI,2021,36.03,,
ESTAT:ISOC_E_DII(1.0),27/02/26 11:00:00,A,10-249,C10-S951_X_K,E_DI3_HI,PC_ENT,FI,2023,38.85,,
ESTAT:ISOC_E_DII(1.0),27/02/26 11:00:00,A,10-249,C10-S951_X_K,E_DI3_HI,PC_ENT,FI,2025,43.07,,
ESTAT:ISOC_E_DII(1.0),27/02/26 11:00:00,A,10-249,C10-S951_X_K,E_DI3_HI,PC_ENT,FR,2021,12.17,,
ESTAT:ISOC_E_DII(1.0),27/02/26 11:00:00,A,10-249,C10-S951_X_K,E_DI3_HI,PC_ENT,FR,2023,14.95,b,
ESTAT:ISOC_E_DII(1.0),27/02/26 11:00:00,A,10-249,C10-S951_X_K,E_DI3_HI,PC_ENT,FR,2025,26.09,,
ESTAT:ISOC_E_DII(1.0),27/02/26 11:00:00,A,10-249,C10-S951_X_K,E_DI3_HI,PC_ENT,HR,2021,16.12,,
ESTAT:ISOC_E_DII(1.0),27/02/26 11:00:00,A,10-249,C10-S951_X_K,E_DI3_HI,PC_ENT,HR,2023,19.46,,
ESTAT:ISOC_E_DII(1.0),27/02/26 11:00:00,A,10-249,C10-S951_X_K,E_DI3_HI,PC_ENT,HR,2025,21.31,,
ESTAT:ISOC_E_DII(1.0),27/02/26 11:00:00,A,10-249,C10-S951_X_K,E_DI3_HI,PC_ENT,HU,2021,9.41,,
ESTAT:ISOC_E_DII(1.0),27/02/26 11:00:00,A,10-249,C10-S951_X_K,E_DI3_HI,PC_ENT,HU,2023,17.26,,
ESTAT:ISOC_E_DII(1.0),27/02/26 11:00:00,A,10-249,C10-S951_X_K,E_DI3_HI,PC_ENT,HU,2025,21.12,,
ESTAT:ISOC_E_DII(1.0),27/02/26 11:00:00,A,10-249,C10-S951_X_K,E_DI3_HI,PC_ENT,IE,2021,23.00,,
ESTAT:ISOC_E_DII(1.0),27/02/26 11:00:00,A,10-249,C10-S951_X_K,E_DI3_HI,PC_ENT,IE,2023,24.21,,
ESTAT:ISOC_E_DII(1.0),27/02/26 11:00:00,A,10-249,C10-S951_X_K,E_DI3_HI,PC_ENT,IE,2025,29.40,,
ESTAT:ISOC_E_DII(1.0),27/02/26 11:00:00,A,10-249,C10-S951_X_K,E_DI3_HI,PC_ENT,IT,2021,17.29,,
ESTAT:ISOC_E_DII(1.0),27/02/26 11:00:00,A,10-249,C10-S951_X_K,E_DI3_HI,PC_ENT,IT,2023,18.53,,
ESTAT:ISOC_E_DII(1.0),27/02/26 11:00:00,A,10-249,C10-S951_X_K,E_DI3_HI,PC_ENT,IT,2025,29.98,,
ESTAT:ISOC_E_DII(1.0),27/02/26 11:00:00,A,10-249,C10-S951_X_K,E_DI3_HI,PC_ENT,LT,2021,16.78,,
ESTAT:ISOC_E_DII(1.0),27/02/26 11:00:00,A,10-249,C10-S951_X_K,E_DI3_HI,PC_ENT,LT,2023,17.76,,
ESTAT:ISOC_E_DII(1.0),27/02/26 11:00:00,A,10-249,C10-S951_X_K,E_DI3_HI,PC_ENT,LT,2025,28.80,,
ESTAT:ISOC_E_DII(1.0),27/02/26 11:00:00,A,10-249,C10-S951_X_K,E_DI3_HI,PC_ENT,LU,2021,18.51,,
ESTAT:ISOC_E_DII(1.0),27/02/26 11:00:00,A,10-249,C10-S951_X_K,E_DI3_HI,PC_ENT,LU,2023,19.94,,
ESTAT:ISOC_E_DII(1.0),27/02/26 11:00:00,A,10-249,C10-S951_X_K,E_DI3_HI,PC_ENT,LU,2025,29.46,,
ESTAT:ISOC_E_DII(1.0),27/02/26 11:00:00,A,10-249,C10-S951_X_K,E_DI3_HI,PC_ENT,LV,2021,11.08,,
ESTAT:ISOC_E_DII(1.0),27/02/26 11:00:00,A,10-249,C10-S951_X_K,E_DI3_HI,PC_ENT,LV,2023,15.98,,
ESTAT:ISOC_E_DII(1.0),27/02/26 11:00:00,A,10-249,C10-S951_X_K,E_DI3_HI,PC_ENT,LV,2025,20.01,,
ESTAT:ISOC_E_DII(1.0),27/02/26 11:00:00,A,10-249,C10-S951_X_K,E_DI3_HI,PC_ENT,ME,2021,15.85,,
ESTAT:ISOC_E_DII(1.0),27/02/26 11:00:00,A,10-249,C10-S951_X_K,E_DI3_HI,PC_ENT,ME,2023,21.36,,
ESTAT:ISOC_E_DII(1.0),27/02/26 11:00:00,A,10-249,C10-S951_X_K,E_DI3_HI,PC_ENT,ME,2025,24.69,,
ESTAT:ISOC_E_DII(1.0),27/02/26 11:00:00,A,10-249,C10-S951_X_K,E_DI3_HI,PC_ENT,MK,2021,7.11,,
ESTAT:ISOC_E_DII(1.0),27/02/26 11:00:00,A,10-249,C10-S951_X_K,E_DI3_HI,PC_ENT,MT,2021,29.62,,
ESTAT:ISOC_E_DII(1.0),27/02/26 11:00:00,A,10-249,C10-S951_X_K,E_DI3_HI,PC_ENT,MT,2023,33.60,,
ESTAT:ISOC_E_DII(1.0),27/02/26 11:00:00,A,10-249,C10-S951_X_K,E_DI3_HI,PC_ENT,MT,2025,36.68,,
ESTAT:ISOC_E_DII(1.0),27/02/26 11:00:00,A,10-249,C10-S951_X_K,E_DI3_HI,PC_ENT,NL,2021,33.49,,
ESTAT:ISOC_E_DII(1.0),27/02/26 11:00:00,A,10-249,C10-S951_X_K,E_DI3_HI,PC_ENT,NL,2023,38.43,,
ESTAT:ISOC_E_DII(1.0),27/02/26 11:00:00,A,10-249,C10-S951_X_K,E_DI3_HI,PC_ENT,NL,2025,41.95,,
ESTAT:ISOC_E_DII(1.0),27/02/26 11:00:00,A,10-249,C10-S951_X_K,E_DI3_HI,PC_ENT,NO,2021,30.98,,
ESTAT:ISOC_E_DII(1.0),27/02/26 11:00:00,A,10-249,C10-S951_X_K,E_DI3_HI,PC_ENT,NO,2023,33.17,,
ESTAT:ISOC_E_DII(1.0),27/02/26 11:00:00,A,10-249,C10-S951_X_K,E_DI3_HI,PC_ENT,NO,2025,35.05,,
ESTAT:ISOC_E_DII(1.0),27/02/26 11:00:00,A,10-249,C10-S951_X_K,E_DI3_HI,PC_ENT,PL,2021,11.06,,
ESTAT:ISOC_E_DII(1.0),27/02/26 11:00:00,A,10-249,C10-S951_X_K,E_DI3_HI,PC_ENT,PL,2023,16.08,,
ESTAT:ISOC_E_DII(1.0),27/02/26 11:00:00,A,10-249,C10-S951_X_K,E_DI3_HI,PC_ENT,PL,2025,21.33,,
ESTAT:ISOC_E_DII(1.0),27/02/26 11:00:00,A,10-249,C10-S951_X_K,E_DI3_HI,PC_ENT,PT,2021,15.36,,
ESTAT:ISOC_E_DII(1.0),27/02/26 11:00:00,A,10-249,C10-S951_X_K,E_DI3_HI,PC_ENT,PT,2023,16.55,,
ESTAT:ISOC_E_DII(1.0),27/02/26 11:00:00,A,10-249,C10-S951_X_K,E_DI3_HI,PC_ENT,PT,2025,21.35,,
ESTAT:ISOC_E_DII(1.0),27/02/26 11:00:00,A,10-249,C10-S951_X_K,E_DI3_HI,PC_ENT,RO,2021,5.05,,
ESTAT:ISOC_E_DII(1.0),27/02/26 11:00:00,A,10-249,C10-S951_X_K,E_DI3_HI,PC_ENT,RO,2023,7.41,,
ESTAT:ISOC_E_DII(1.0),27/02/26 11:00:00,A,10-249,C10-S951_X_K,E_DI3_HI,PC_ENT,RO,2025,13.81,,
ESTAT:ISOC_E_DII(1.0),27/02/26 11:00:00,A,10-249,C10-S951_X_K,E_DI3_HI,PC_ENT,RS,2021,10.21,,
ESTAT:ISOC_E_DII(1.0),27/02/26 11:00:00,A,10-249,C10-S951_X_K,E_DI3_HI,PC_ENT,RS,2023,12.53,,
ESTAT:ISOC_E_DII(1.0),27/02/26 11:00:00,A,10-249,C10-S951_X_K,E_DI3_HI,PC_ENT,RS,2025,15.31,,
ESTAT:ISOC_E_DII(1.0),27/02/26 11:00:00,A,10-249,C10-S951_X_K,E_DI3_HI,PC_ENT,SE,2021,37.83,,
ESTAT:ISOC_E_DII(1.0),27/02/26 11:00:00,A,10-249,C10-S951_X_K,E_DI3_HI,PC_ENT,SE,2023,32.86,b,
ESTAT:ISOC_E_DII(1.0),27/02/26 11:00:00,A,10-249,C10-S951_X_K,E_DI3_HI,PC_ENT,SE,2025,35.31,,
ESTAT:ISOC_E_DII(1.0),27/02/26 11:00:00,A,10-249,C10-S951_X_K,E_DI3_HI,PC_ENT,SI,2021,19.42,,
ESTAT:ISOC_E_DII(1.0),27/02/26 11:00:00,A,10-249,C10-S951_X_K,E_DI3_HI,PC_ENT,SI,2023,17.33,,
ESTAT:ISOC_E_DII(1.0),27/02/26 11:00:00,A,10-249,C10-S951_X_K,E_DI3_HI,PC_ENT,SI,2025,22.99,,
ESTAT:ISOC_E_DII(1.0),27/02/26 11:00:00,A,10-249,C10-S951_X_K,E_DI3_HI,PC_ENT,SK,2021,13.31,,
ESTAT:ISOC_E_DII(1.0),27/02/26 11:00:00,A,10-249,C10-S951_X_K,E_DI3_HI,PC_ENT,SK,2023,13.11,,
ESTAT:ISOC_E_DII(1.0),27/02/26 11:00:00,A,10-249,C10-S951_X_K,E_DI3_HI,PC_ENT,SK,2025,19.63,,
ESTAT:ISOC_E_DII(1.0),27/02/26 11:00:00,A,10-249,C10-S951_X_K,E_DI3_HI,PC_ENT,TR,2025,10.23,,
ESTAT:ISOC_E_DII(1.0),27/02/26 11:00:00,A,10-249,C10-S951_X_K,E_DI3_LO,PC_ENT,AT,2021,37.27,,
ESTAT:ISOC_E_DII(1.0),27/02/26 11:00:00,A,10-249,C10-S951_X_K,E_DI3_LO,PC_ENT,AT,2023,33.46,,
ESTAT:ISOC_E_DII(1.0),27/02/26 11:00:00,A,10-249,C10-S951_X_K,E_DI3_LO,PC_ENT,AT,2025,37.54,,
ESTAT:ISOC_E_DII(1.0),27/02/26 11:00:00,A,10-249,C10-S951_X_K,E_DI3_LO,PC_ENT,BA,2021,25.09,,
ESTAT:ISOC_E_DII(1.0),27/02/26 11:00:00,A,10-249,C10-S951_X_K,E_DI3_LO,PC_ENT,BA,2023,30.71,,
ESTAT:ISOC_E_DII(1.0),27/02/26 11:00:00,A,10-249,C10-S951_X_K,E_DI3_LO,PC_ENT,BA,2025,40.58,,
ESTAT:ISOC_E_DII(1.0),27/02/26 11:00:00,A,10-249,C10-S951_X_K,E_DI3_LO,PC_ENT,BE,2021,38.61,,
ESTAT:ISOC_E_DII(1.0),27/02/26 11:00:00,A,10-249,C10-S951_X_K,E_DI3_LO,PC_ENT,BE,2023,33.59,,
ESTAT:ISOC_E_DII(1.0),27/02/26 11:00:00,A,10-249,C10-S951_X_K,E_DI3_LO,PC_ENT,BE,2025,29.09,,
ESTAT:ISOC_E_DII(1.0),27/02/26 11:00:00,A,10-249,C10-S951_X_K,E_DI3_LO,PC_ENT,BG,2021,17.23,,
ESTAT:ISOC_E_DII(1.0),27/02/26 11:00:00,A,10-249,C10-S951_X_K,E_DI3_LO,PC_ENT,BG,2023,19.31,,
ESTAT:ISOC_E_DII(1.0),27/02/26 11:00:00,A,10-249,C10-S951_X_K,E_DI3_LO,PC_ENT,BG,2025,25.66,,
ESTAT:ISOC_E_DII(1.0),27/02/26 11:00:00,A,10-249,C10-S951_X_K,E_DI3_LO,PC_ENT,CY,2021,41.36,,
ESTAT:ISOC_E_DII(1.0),27/02/26 11:00:00,A,10-249,C10-S951_X_K,E_DI3_LO,PC_ENT,CY,2023,37.58,,
ESTAT:ISOC_E_DII(1.0),27/02/26 11:00:00,A,10-249,C10-S951_X_K,E_DI3_LO,PC_ENT,CY,2025,37.56,,
ESTAT:ISOC_E_DII(1.0),27/02/26 11:00:00,A,10-249,C10-S951_X_K,E_DI3_LO,PC_ENT,CZ,2021,33.50,,
ESTAT:ISOC_E_DII(1.0),27/02/26 11:00:00,A,10-249,C10-S951_X_K,E_DI3_LO,PC_ENT,CZ,2023,30.01,,
ESTAT:ISOC_E_DII(1.0),27/02/26 11:00:00,A,10-249,C10-S951_X_K,E_DI3_LO,PC_ENT,CZ,2025,31.26,,
ESTAT:ISOC_E_DII(1.0),27/02/26 11:00:00,A,10-249,C10-S951_X_K,E_DI3_LO,PC_ENT,DE,2021,34.96,,
ESTAT:ISOC_E_DII(1.0),27/02/26 11:00:00,A,10-249,C10-S951_X_K,E_DI3_LO,PC_ENT,DE,2023,35.64,,
ESTAT:ISOC_E_DII(1.0),27/02/26 11:00:00,A,10-249,C10-S951_X_K,E_DI3_LO,PC_ENT,DE,2025,36.69,,
ESTAT:ISOC_E_DII(1.0),27/02/26 11:00:00,A,10-249,C10-S951_X_K,E_DI3_LO,PC_ENT,DK,2021,37.42,,
ESTAT:ISOC_E_DII(1.0),27/02/26 11:00:00,A,10-249,C10-S951_X_K,E_DI3_LO,PC_ENT,DK,2023,38.38,,
ESTAT:ISOC_E_DII(1.0),27/02/26 11:00:00,A,10-249,C10-S951_X_K,E_DI3_LO,PC_ENT,DK,2025,27.36,,
ESTAT:ISOC_E_DII(1.0),27/02/26 11:00:00,A,10-249,C10-S951_X_K,E_DI3_LO,PC_ENT,EA,2021,35.69,,
ESTAT:ISOC_E_DII(1.0),27/02/26 11:00:00,A,10-249,C10-S951_X_K,E_DI3_LO,PC_ENT,EA,2023,35.02,,
ESTAT:ISOC_E_DII(1.0),27/02/26 11:00:00,A,10-249,C10-S951_X_K,E_DI3_LO,PC_ENT,EA,2025,36.16,,
ESTAT:ISOC_E_DII(1.0),27/02/26 11:00:00,A,10-249,C10-S951_X_K,E_DI3_LO,PC_ENT,EE,2021,36.07,,
ESTAT:ISOC_E_DII(1.0),27/02/26 11:00:00,A,10-249,C10-S951_X_K,E_DI3_LO,PC_ENT,EE,2023,34.55,,
ESTAT:ISOC_E_DII(1.0),27/02/26 11:00:00,A,10-249,C10-S951_X_K,E_DI3_LO,PC_ENT,EE,2025,35.93,d,
ESTAT:ISOC_E_DII(1.0),27/02/26 11:00:00,A,10-249,C10-S951_X_K,E_DI3_LO,PC_ENT,EL,2021,21.55,,
ESTAT:ISOC_E_DII(1.0),27/02/26 11:00:00,A,10-249,C10-S951_X_K,E_DI3_LO,PC_ENT,EL,2023,27.74,,
ESTAT:ISOC_E_DII(1.0),27/02/26 11:00:00,A,10-249,C10-S951_X_K,E_DI3_LO,PC_ENT,EL,2025,31.06,,
ESTAT:ISOC_E_DII(1.0),27/02/26 11:00:00,A,10-249,C10-S951_X_K,E_DI3_LO,PC_ENT,ES,2021,35.24,,
ESTAT:ISOC_E_DII(1.0),27/02/26 11:00:00,A,10-249,C10-S951_X_K,E_DI3_LO,PC_ENT,ES,2023,33.60,,
ESTAT:ISOC_E_DII(1.0),27/02/26 11:00:00,A,10-249,C10-S951_X_K,E_DI3_LO,PC_ENT,ES,2025,34.30,,
ESTAT:ISOC_E_DII(1.0),27/02/26 11:00:00,A,10-249,C10-S951_X_K,E_DI3_LO,PC_ENT,EU27_2020,2021,33.87,,
ESTAT:ISOC_E_DII(1.0),27/02/26 11:00:00,A,10-249,C10-S951_X_K,E_DI3_LO,PC_ENT,EU27_2020,2023,33.86,,
ESTAT:ISOC_E_DII(1.0),27/02/26 11:00:00,A,10-249,C10-S951_X_K,E_DI3_LO,PC_ENT,EU27_2020,2025,35.14,,
ESTAT:ISOC_E_DII(1.0),27/02/26 11:00:00,A,10-249,C10-S951_X_K,E_DI3_LO,PC_ENT,FI,2021,36.36,,
ESTAT:ISOC_E_DII(1.0),27/02/26 11:00:00,A,10-249,C10-S951_X_K,E_DI3_LO,PC_ENT,FI,2023,35.16,,
ESTAT:ISOC_E_DII(1.0),27/02/26 11:00:00,A,10-249,C10-S951_X_K,E_DI3_LO,PC_ENT,FI,2025,27.29,,
ESTAT:ISOC_E_DII(1.0),27/02/26 11:00:00,A,10-249,C10-S951_X_K,E_DI3_LO,PC_ENT,FR,2021,34.27,,
ESTAT:ISOC_E_DII(1.0),27/02/26 11:00:00,A,10-249,C10-S951_X_K,E_DI3_LO,PC_ENT,FR,2023,34.28,b,
ESTAT:ISOC_E_DII(1.0),27/02/26 11:00:00,A,10-249,C10-S951_X_K,E_DI3_LO,PC_ENT,FR,2025,36.47,,
ESTAT:ISOC_E_DII(1.0),27/02/26 11:00:00,A,10-249,C10-S951_X_K,E_DI3_LO,PC_ENT,HR,2021,30.17,,
ESTAT:ISOC_E_DII(1.0),27/02/26 11:00:00,A,10-249,C10-S951_X_K,E_DI3_LO,PC_ENT,HR,2023,31.90,,
ESTAT:ISOC_E_DII(1.0),27/02/26 11:00:00,A,10-249,C10-S951_X_K,E_DI3_LO,PC_ENT,HR,2025,29.04,,
ESTAT:ISOC_E_DII(1.0),27/02/26 11:00:00,A,10-249,C10-S951_X_K,E_DI3_LO,PC_ENT,HU,2021,23.75,,
ESTAT:ISOC_E_DII(1.0),27/02/26 11:00:00,A,10-249,C10-S951_X_K,E_DI3_LO,PC_ENT,HU,2023,32.31,,
ESTAT:ISOC_E_DII(1.0),27/02/26 11:00:00,A,10-249,C10-S951_X_K,E_DI3_LO,PC_ENT,HU,2025,33.16,,
ESTAT:ISOC_E_DII(1.0),27/02/26 11:00:00,A,10-249,C10-S951_X_K,E_DI3_LO,PC_ENT,IE,2021,36.86,,
ESTAT:ISOC_E_DII(1.0),27/02/26 11:00:00,A,10-249,C10-S951_X_K,E_DI3_LO,PC_ENT,IE,2023,35.60,,
ESTAT:ISOC_E_DII(1.0),27/02/26 11:00:00,A,10-249,C10-S951_X_K,E_DI3_LO,PC_ENT,IE,2025,39.21,,
ESTAT:ISOC_E_DII(1.0),27/02/26 11:00:00,A,10-249,C10-S951_X_K,E_DI3_LO,PC_ENT,IT,2021,41.04,,
ESTAT:ISOC_E_DII(1.0),27/02/26 11:00:00,A,10-249,C10-S951_X_K,E_DI3_LO,PC_ENT,IT,2023,39.34,,
ESTAT:ISOC_E_DII(1.0),27/02/26 11:00:00,A,10-249,C10-S951_X_K,E_DI3_LO,PC_ENT,IT,2025,42.17,,
ESTAT:ISOC_E_DII(1.0),27/02/26 11:00:00,A,10-249,C10-S951_X_K,E_DI3_LO,PC_ENT,LT,2021,36.52,,
ESTAT:ISOC_E_DII(1.0),27/02/26 11:00:00,A,10-249,C10-S951_X_K,E_DI3_LO,PC_ENT,LT,2023,38.49,,
ESTAT:ISOC_E_DII(1.0),27/02/26 11:00:00,A,10-249,C10-S951_X_K,E_DI3_LO,PC_ENT,LT,2025,31.77,,
ESTAT:ISOC_E_DII(1.0),27/02/26 11:00:00,A,10-249,C10-S951_X_K,E_DI3_LO,PC_ENT,LU,2021,33.60,,
ESTAT:ISOC_E_DII(1.0),27/02/26 11:00:00,A,10-249,C10-S951_X_K,E_DI3_LO,PC_ENT,LU,2023,34.47,,
ESTAT:ISOC_E_DII(1.0),27/02/26 11:00:00,A,10-249,C10-S951_X_K,E_DI3_LO,PC_ENT,LU,2025,38.40,,
ESTAT:ISOC_E_DII(1.0),27/02/26 11:00:00,A,10-249,C10-S951_X_K,E_DI3_LO,PC_ENT,LV,2021,25.38,,
ESTAT:ISOC_E_DII(1.0),27/02/26 11:00:00,A,10-249,C10-S951_X_K,E_DI3_LO,PC_ENT,LV,2023,28.12,,
ESTAT:ISOC_E_DII(1.0),27/02/26 11:00:00,A,10-249,C10-S951_X_K,E_DI3_LO,PC_ENT,LV,2025,31.40,,
ESTAT:ISOC_E_DII(1.0),27/02/26 11:00:00,A,10-249,C10-S951_X_K,E_DI3_LO,PC_ENT,ME,2021,27.20,,
ESTAT:ISOC_E_DII(1.0),27/02/26 11:00:00,A,10-249,C10-S951_X_K,E_DI3_LO,PC_ENT,ME,2023,38.09,,
ESTAT:ISOC_E_DII(1.0),27/02/26 11:00:00,A,10-249,C10-S951_X_K,E_DI3_LO,PC_ENT,ME,2025,51.31,,
ESTAT:ISOC_E_DII(1.0),27/02/26 11:00:00,A,10-249,C10-S951_X_K,E_DI3_LO,PC_ENT,MK,2021,19.46,,
ESTAT:ISOC_E_DII(1.0),27/02/26 11:00:00,A,10-249,C10-S951_X_K,E_DI3_LO,PC_ENT,MT,2021,33.78,,
ESTAT:ISOC_E_DII(1.0),27/02/26 11:00:00,A,10-249,C10-S951_X_K,E_DI3_LO,PC_ENT,MT,2023,32.15,,
ESTAT:ISOC_E_DII(1.0),27/02/26 11:00:00,A,10-249,C10-S951_X_K,E_DI3_LO,PC_ENT,MT,2025,30.77,,
ESTAT:ISOC_E_DII(1.0),27/02/26 11:00:00,A,10-249,C10-S951_X_K,E_DI3_LO,PC_ENT,NL,2021,40.07,,
ESTAT:ISOC_E_DII(1.0),27/02/26 11:00:00,A,10-249,C10-S951_X_K,E_DI3_LO,PC_ENT,NL,2023,33.87,,
ESTAT:ISOC_E_DII(1.0),27/02/26 11:00:00,A,10-249,C10-S951_X_K,E_DI3_LO,PC_ENT,NL,2025,26.58,,
ESTAT:ISOC_E_DII(1.0),27/02/26 11:00:00,A,10-249,C10-S951_X_K,E_DI3_LO,PC_ENT,NO,2021,39.93,,
ESTAT:ISOC_E_DII(1.0),27/02/26 11:00:00,A,10-249,C10-S951_X_K,E_DI3_LO,PC_ENT,NO,2023,40.63,,
ESTAT:ISOC_E_DII(1.0),27/02/26 11:00:00,A,10-249,C10-S951_X_K,E_DI3_LO,PC_ENT,NO,2025,35.06,,
ESTAT:ISOC_E_DII(1.0),27/02/26 11:00:00,A,10-249,C10-S951_X_K,E_DI3_LO,PC_ENT,PL,2021,26.89,,
ESTAT:ISOC_E_DII(1.0),27/02/26 11:00:00,A,10-249,C10-S951_X_K,E_DI3_LO,PC_ENT,PL,2023,30.66,,
ESTAT:ISOC_E_DII(1.0),27/02/26 11:00:00,A,10-249,C10-S951_X_K,E_DI3_LO,PC_ENT,PL,2025,32.47,,
ESTAT:ISOC_E_DII(1.0),27/02/26 11:00:00,A,10-249,C10-S951_X_K,E_DI3_LO,PC_ENT,PT,2021,30.51,,
ESTAT:ISOC_E_DII(1.0),27/02/26 11:00:00,A,10-249,C10-S951_X_K,E_DI3_LO,PC_ENT,PT,2023,33.07,,
ESTAT:ISOC_E_DII(1.0),27/02/26 11:00:00,A,10-249,C10-S951_X_K,E_DI3_LO,PC_ENT,PT,2025,35.60,,
ESTAT:ISOC_E_DII(1.0),27/02/26 11:00:00,A,10-249,C10-S951_X_K,E_DI3_LO,PC_ENT,RO,2021,16.65,,
ESTAT:ISOC_E_DII(1.0),27/02/26 11:00:00,A,10-249,C10-S951_X_K,E_DI3_LO,PC_ENT,RO,2023,18.19,,
ESTAT:ISOC_E_DII(1.0),27/02/26 11:00:00,A,10-249,C10-S951_X_K,E_DI3_LO,PC_ENT,RO,2025,28.10,,
ESTAT:ISOC_E_DII(1.0),27/02/26 11:00:00,A,10-249,C10-S951_X_K,E_DI3_LO,PC_ENT,RS,2021,30.99,,
ESTAT:ISOC_E_DII(1.0),27/02/26 11:00:00,A,10-249,C10-S951_X_K,E_DI3_LO,PC_ENT,RS,2023,33.88,,
ESTAT:ISOC_E_DII(1.0),27/02/26 11:00:00,A,10-249,C10-S951_X_K,E_DI3_LO,PC_ENT,RS,2025,31.87,,
ESTAT:ISOC_E_DII(1.0),27/02/26 11:00:00,A,10-249,C10-S951_X_K,E_DI3_LO,PC_ENT,SE,2021,39.72,,
ESTAT:ISOC_E_DII(1.0),27/02/26 11:00:00,A,10-249,C10-S951_X_K,E_DI3_LO,PC_ENT,SE,2023,40.29,b,
ESTAT:ISOC_E_DII(1.0),27/02/26 11:00:00,A,10-249,C10-S951_X_K,E_DI3_LO,PC_ENT,SE,2025,35.71,,
ESTAT:ISOC_E_DII(1.0),27/02/26 11:00:00,A,10-249,C10-S951_X_K,E_DI3_LO,PC_ENT,SI,2021,31.64,,
ESTAT:ISOC_E_DII(1.0),27/02/26 11:00:00,A,10-249,C10-S951_X_K,E_DI3_LO,PC_ENT,SI,2023,29.18,,
ESTAT:ISOC_E_DII(1.0),27/02/26 11:00:00,A,10-249,C10-S951_X_K,E_DI3_LO,PC_ENT,SI,2025,35.68,,
ESTAT:ISOC_E_DII(1.0),27/02/26 11:00:00,A,10-249,C10-S951_X_K,E_DI3_LO,PC_ENT,SK,2021,27.39,,
ESTAT:ISOC_E_DII(1.0),27/02/26 11:00:00,A,10-249,C10-S951_X_K,E_DI3_LO,PC_ENT,SK,2023,26.40,,
ESTAT:ISOC_E_DII(1.0),27/02/26 11:00:00,A,10-249,C10-S951_X_K,E_DI3_LO,PC_ENT,SK,2025,32.09,,
ESTAT:ISOC_E_DII(1.0),27/02/26 11:00:00,A,10-249,C10-S951_X_K,E_DI3_LO,PC_ENT,TR,2025,30.62,,
ESTAT:ISOC_E_DII(1.0),27/02/26 11:00:00,A,10-249,C10-S951_X_K,E_DI3_VHI,PC_ENT,AT,2021,5.41,,
ESTAT:ISOC_E_DII(1.0),27/02/26 11:00:00,A,10-249,C10-S951_X_K,E_DI3_VHI,PC_ENT,AT,2023,4.87,,
ESTAT:ISOC_E_DII(1.0),27/02/26 11:00:00,A,10-249,C10-S951_X_K,E_DI3_VHI,PC_ENT,AT,2025,9.01,,
ESTAT:ISOC_E_DII(1.0),27/02/26 11:00:00,A,10-249,C10-S951_X_K,E_DI3_VHI,PC_ENT,BA,2021,1.30,,
ESTAT:ISOC_E_DII(1.0),27/02/26 11:00:00,A,10-249,C10-S951_X_K,E_DI3_VHI,PC_ENT,BA,2023,,u,
ESTAT:ISOC_E_DII(1.0),27/02/26 11:00:00,A,10-249,C10-S951_X_K,E_DI3_VHI,PC_ENT,BA,2025,2.73,,
ESTAT:ISOC_E_DII(1.0),27/02/26 11:00:00,A,10-249,C10-S951_X_K,E_DI3_VHI,PC_ENT,BE,2021,1.74,,
ESTAT:ISOC_E_DII(1.0),27/02/26 11:00:00,A,10-249,C10-S951_X_K,E_DI3_VHI,PC_ENT,BE,2023,8.31,,
ESTAT:ISOC_E_DII(1.0),27/02/26 11:00:00,A,10-249,C10-S951_X_K,E_DI3_VHI,PC_ENT,BE,2025,18.43,,
ESTAT:ISOC_E_DII(1.0),27/02/26 11:00:00,A,10-249,C10-S951_X_K,E_DI3_VHI,PC_ENT,BG,2021,0.74,,
ESTAT:ISOC_E_DII(1.0),27/02/26 11:00:00,A,10-249,C10-S951_X_K,E_DI3_VHI,PC_ENT,BG,2023,1.47,,
ESTAT:ISOC_E_DII(1.0),27/02/26 11:00:00,A,10-249,C10-S951_X_K,E_DI3_VHI,PC_ENT,BG,2025,1.80,,
ESTAT:ISOC_E_DII(1.0),27/02/26 11:00:00,A,10-249,C10-S951_X_K,E_DI3_VHI,PC_ENT,CY,2021,2.69,,
ESTAT:ISOC_E_DII(1.0),27/02/26 11:00:00,A,10-249,C10-S951_X_K,E_DI3_VHI,PC_ENT,CY,2023,4.47,,
ESTAT:ISOC_E_DII(1.0),27/02/26 11:00:00,A,10-249,C10-S951_X_K,E_DI3_VHI,PC_ENT,CY,2025,6.87,,
ESTAT:ISOC_E_DII(1.0),27/02/26 11:00:00,A,10-249,C10-S951_X_K,E_DI3_VHI,PC_ENT,CZ,2021,3.02,,
ESTAT:ISOC_E_DII(1.0),27/02/26 11:00:00,A,10-249,C10-S951_X_K,E_DI3_VHI,PC_ENT,CZ,2023,4.13,,
ESTAT:ISOC_E_DII(1.0),27/02/26 11:00:00,A,10-249,C10-S951_X_K,E_DI3_VHI,PC_ENT,CZ,2025,11.04,,
ESTAT:ISOC_E_DII(1.0),27/02/26 11:00:00,A,10-249,C10-S951_X_K,E_DI3_VHI,PC_ENT,DE,2021,3.75,,
ESTAT:ISOC_E_DII(1.0),27/02/26 11:00:00,A,10-249,C10-S951_X_K,E_DI3_VHI,PC_ENT,DE,2023,4.82,,
ESTAT:ISOC_E_DII(1.0),27/02/26 11:00:00,A,10-249,C10-S951_X_K,E_DI3_VHI,PC_ENT,DE,2025,9.49,,
ESTAT:ISOC_E_DII(1.0),27/02/26 11:00:00,A,10-249,C10-S951_X_K,E_DI3_VHI,PC_ENT,DK,2021,8.89,,
ESTAT:ISOC_E_DII(1.0),27/02/26 11:00:00,A,10-249,C10-S951_X_K,E_DI3_VHI,PC_ENT,DK,2023,5.86,,
ESTAT:ISOC_E_DII(1.0),27/02/26 11:00:00,A,10-249,C10-S951_X_K,E_DI3_VHI,PC_ENT,DK,2025,25.79,,
ESTAT:ISOC_E_DII(1.0),27/02/26 11:00:00,A,10-249,C10-S951_X_K,E_DI3_VHI,PC_ENT,EA,2021,2.72,,
ESTAT:ISOC_E_DII(1.0),27/02/26 11:00:00,A,10-249,C10-S951_X_K,E_DI3_VHI,PC_ENT,EA,2023,4.61,,
ESTAT:ISOC_E_DII(1.0),27/02/26 11:00:00,A,10-249,C10-S951_X_K,E_DI3_VHI,PC_ENT,EA,2025,9.44,,
ESTAT:ISOC_E_DII(1.0),27/02/26 11:00:00,A,10-249,C10-S951_X_K,E_DI3_VHI,PC_ENT,EE,2021,1.95,,
ESTAT:ISOC_E_DII(1.0),27/02/26 11:00:00,A,10-249,C10-S951_X_K,E_DI3_VHI,PC_ENT,EE,2023,3.77,,
ESTAT:ISOC_E_DII(1.0),27/02/26 11:00:00,A,10-249,C10-S951_X_K,E_DI3_VHI,PC_ENT,EE,2025,7.87,d,
ESTAT:ISOC_E_DII(1.0),27/02/26 11:00:00,A,10-249,C10-S951_X_K,E_DI3_VHI,PC_ENT,EL,2021,1.34,,
ESTAT:ISOC_E_DII(1.0),27/02/26 11:00:00,A,10-249,C10-S951_X_K,E_DI3_VHI,PC_ENT,EL,2023,2.65,,
ESTAT:ISOC_E_DII(1.0),27/02/26 11:00:00,A,10-249,C10-S951_X_K,E_DI3_VHI,PC_ENT,EL,2025,5.91,,
ESTAT:ISOC_E_DII(1.0),27/02/26 11:00:00,A,10-249,C10-S951_X_K,E_DI3_VHI,PC_ENT,ES,2021,3.06,,
ESTAT:ISOC_E_DII(1.0),27/02/26 11:00:00,A,10-249,C10-S951_X_K,E_DI3_VHI,PC_ENT,ES,2023,5.91,,
ESTAT:ISOC_E_DII(1.0),27/02/26 11:00:00,A,10-249,C10-S951_X_K,E_DI3_VHI,PC_ENT,ES,2025,10.95,,
ESTAT:ISOC_E_DII(1.0),27/02/26 11:00:00,A,10-249,C10-S951_X_K,E_DI3_VHI,PC_ENT,EU27_2020,2021,2.75,,
ESTAT:ISOC_E_DII(1.0),27/02/26 11:00:00,A,10-249,C10-S951_X_K,E_DI3_VHI,PC_ENT,EU27_2020,2023,4.38,,
ESTAT:ISOC_E_DII(1.0),27/02/26 11:00:00,A,10-249,C10-S951_X_K,E_DI3_VHI,PC_ENT,EU27_2020,2025,9.07,,
ESTAT:ISOC_E_DII(1.0),27/02/26 11:00:00,A,10-249,C10-S951_X_K,E_DI3_VHI,PC_ENT,FI,2021,9.24,,
ESTAT:ISOC_E_DII(1.0),27/02/26 11:00:00,A,10-249,C10-S951_X_K,E_DI3_VHI,PC_ENT,FI,2023,11.57,,
ESTAT:ISOC_E_DII(1.0),27/02/26 11:00:00,A,10-249,C10-S951_X_K,E_DI3_VHI,PC_ENT,FI,2025,23.69,,
ESTAT:ISOC_E_DII(1.0),27/02/26 11:00:00,A,10-249,C10-S951_X_K,E_DI3_VHI,PC_ENT,FR,2021,0.55,,
ESTAT:ISOC_E_DII(1.0),27/02/26 11:00:00,A,10-249,C10-S951_X_K,E_DI3_VHI,PC_ENT,FR,2023,2.74,b,
ESTAT:ISOC_E_DII(1.0),27/02/26 11:00:00,A,10-249,C10-S951_X_K,E_DI3_VHI,PC_ENT,FR,2025,6.88,,
ESTAT:ISOC_E_DII(1.0),27/02/26 11:00:00,A,10-249,C10-S951_X_K,E_DI3_VHI,PC_ENT,HR,2021,3.37,,
ESTAT:ISOC_E_DII(1.0),27/02/26 11:00:00,A,10-249,C10-S951_X_K,E_DI3_VHI,PC_ENT,HR,2023,4.61,,
ESTAT:ISOC_E_DII(1.0),27/02/26 11:00:00,A,10-249,C10-S951_X_K,E_DI3_VHI,PC_ENT,HR,2025,6.74,,
ESTAT:ISOC_E_DII(1.0),27/02/26 11:00:00,A,10-249,C10-S951_X_K,E_DI3_VHI,PC_ENT,HU,2021,1.32,,
ESTAT:ISOC_E_DII(1.0),27/02/26 11:00:00,A,10-249,C10-S951_X_K,E_DI3_VHI,PC_ENT,HU,2023,3.59,,
ESTAT:ISOC_E_DII(1.0),27/02/26 11:00:00,A,10-249,C10-S951_X_K,E_DI3_VHI,PC_ENT,HU,2025,5.54,,
ESTAT:ISOC_E_DII(1.0),27/02/26 11:00:00,A,10-249,C10-S951_X_K,E_DI3_VHI,PC_ENT,IE,2021,4.33,,
ESTAT:ISOC_E_DII(1.0),27/02/26 11:00:00,A,10-249,C10-S951_X_K,E_DI3_VHI,PC_ENT,IE,2023,6.31,,
ESTAT:ISOC_E_DII(1.0),27/02/26 11:00:00,A,10-249,C10-S951_X_K,E_DI3_VHI,PC_ENT,IE,2025,10.69,,
ESTAT:ISOC_E_DII(1.0),27/02/26 11:00:00,A,10-249,C10-S951_X_K,E_DI3_VHI,PC_ENT,IT,2021,1.98,,
ESTAT:ISOC_E_DII(1.0),27/02/26 11:00:00,A,10-249,C10-S951_X_K,E_DI3_VHI,PC_ENT,IT,2023,2.82,,
ESTAT:ISOC_E_DII(1.0),27/02/26 11:00:00,A,10-249,C10-S951_X_K,E_DI3_VHI,PC_ENT,IT,2025,7.34,,
ESTAT:ISOC_E_DII(1.0),27/02/26 11:00:00,A,10-249,C10-S951_X_K,E_DI3_VHI,PC_ENT,LT,2021,3.40,,
ESTAT:ISOC_E_DII(1.0),27/02/26 11:00:00,A,10-249,C10-S951_X_K,E_DI3_VHI,PC_ENT,LT,2023,3.74,,
ESTAT:ISOC_E_DII(1.0),27/02/26 11:00:00,A,10-249,C10-S951_X_K,E_DI3_VHI,PC_ENT,LT,2025,12.94,,
ESTAT:ISOC_E_DII(1.0),27/02/26 11:00:00,A,10-249,C10-S951_X_K,E_DI3_VHI,PC_ENT,LU,2021,1.81,,
ESTAT:ISOC_E_DII(1.0),27/02/26 11:00:00,A,10-249,C10-S951_X_K,E_DI3_VHI,PC_ENT,LU,2023,3.43,,
ESTAT:ISOC_E_DII(1.0),27/02/26 11:00:00,A,10-249,C10-S951_X_K,E_DI3_VHI,PC_ENT,LU,2025,8.82,,
ESTAT:ISOC_E_DII(1.0),27/02/26 11:00:00,A,10-249,C10-S951_X_K,E_DI3_VHI,PC_ENT,LV,2021,1.68,,
ESTAT:ISOC_E_DII(1.0),27/02/26 11:00:00,A,10-249,C10-S951_X_K,E_DI3_VHI,PC_ENT,LV,2023,4.09,,
ESTAT:ISOC_E_DII(1.0),27/02/26 11:00:00,A,10-249,C10-S951_X_K,E_DI3_VHI,PC_ENT,LV,2025,7.13,,
ESTAT:ISOC_E_DII(1.0),27/02/26 11:00:00,A,10-249,C10-S951_X_K,E_DI3_VHI,PC_ENT,ME,2021,5.14,,
ESTAT:ISOC_E_DII(1.0),27/02/26 11:00:00,A,10-249,C10-S951_X_K,E_DI3_VHI,PC_ENT,ME,2023,4.40,,
ESTAT:ISOC_E_DII(1.0),27/02/26 11:00:00,A,10-249,C10-S951_X_K,E_DI3_VHI,PC_ENT,ME,2025,5.87,,
ESTAT:ISOC_E_DII(1.0),27/02/26 11:00:00,A,10-249,C10-S951_X_K,E_DI3_VHI,PC_ENT,MK,2021,0.33,,
ESTAT:ISOC_E_DII(1.0),27/02/26 11:00:00,A,10-249,C10-S951_X_K,E_DI3_VHI,PC_ENT,MT,2021,9.42,,
ESTAT:ISOC_E_DII(1.0),27/02/26 11:00:00,A,10-249,C10-S951_X_K,E_DI3_VHI,PC_ENT,MT,2023,10.74,,
ESTAT:ISOC_E_DII(1.0),27/02/26 11:00:00,A,10-249,C10-S951_X_K,E_DI3_VHI,PC_ENT,MT,2025,16.05,,
ESTAT:ISOC_E_DII(1.0),27/02/26 11:00:00,A,10-249,C10-S951_X_K,E_DI3_VHI,PC_ENT,NL,2021,1.77,,
ESTAT:ISOC_E_DII(1.0),27/02/26 11:00:00,A,10-249,C10-S951_X_K,E_DI3_VHI,PC_ENT,NL,2023,10.42,,
ESTAT:ISOC_E_DII(1.0),27/02/26 11:00:00,A,10-249,C10-S951_X_K,E_DI3_VHI,PC_ENT,NL,2025,20.24,,
ESTAT:ISOC_E_DII(1.0),27/02/26 11:00:00,A,10-249,C10-S951_X_K,E_DI3_VHI,PC_ENT,NO,2021,6.30,,
ESTAT:ISOC_E_DII(1.0),27/02/26 11:00:00,A,10-249,C10-S951_X_K,E_DI3_VHI,PC_ENT,NO,2023,6.60,,
ESTAT:ISOC_E_DII(1.0),27/02/26 11:00:00,A,10-249,C10-S951_X_K,E_DI3_VHI,PC_ENT,NO,2025,13.15,,
ESTAT:ISOC_E_DII(1.0),27/02/26 11:00:00,A,10-249,C10-S951_X_K,E_DI3_VHI,PC_ENT,PL,2021,1.88,,
ESTAT:ISOC_E_DII(1.0),27/02/26 11:00:00,A,10-249,C10-S951_X_K,E_DI3_VHI,PC_ENT,PL,2023,3.30,,
ESTAT:ISOC_E_DII(1.0),27/02/26 11:00:00,A,10-249,C10-S951_X_K,E_DI3_VHI,PC_ENT,PL,2025,5.18,,
ESTAT:ISOC_E_DII(1.0),27/02/26 11:00:00,A,10-249,C10-S951_X_K,E_DI3_VHI,PC_ENT,PT,2021,2.73,,
ESTAT:ISOC_E_DII(1.0),27/02/26 11:00:00,A,10-249,C10-S951_X_K,E_DI3_VHI,PC_ENT,PT,2023,3.99,,
ESTAT:ISOC_E_DII(1.0),27/02/26 11:00:00,A,10-249,C10-S951_X_K,E_DI3_VHI,PC_ENT,PT,2025,7.00,,
ESTAT:ISOC_E_DII(1.0),27/02/26 11:00:00,A,10-249,C10-S951_X_K,E_DI3_VHI,PC_ENT,RO,2021,0.53,,
ESTAT:ISOC_E_DII(1.0),27/02/26 11:00:00,A,10-249,C10-S951_X_K,E_DI3_VHI,PC_ENT,RO,2023,1.18,,
ESTAT:ISOC_E_DII(1.0),27/02/26 11:00:00,A,10-249,C10-S951_X_K,E_DI3_VHI,PC_ENT,RO,2025,2.42,,
ESTAT:ISOC_E_DII(1.0),27/02/26 11:00:00,A,10-249,C10-S951_X_K,E_DI3_VHI,PC_ENT,RS,2021,0.68,,
ESTAT:ISOC_E_DII(1.0),27/02/26 11:00:00,A,10-249,C10-S951_X_K,E_DI3_VHI,PC_ENT,RS,2023,2.77,,
ESTAT:ISOC_E_DII(1.0),27/02/26 11:00:00,A,10-249,C10-S951_X_K,E_DI3_VHI,PC_ENT,RS,2025,2.87,,
ESTAT:ISOC_E_DII(1.0),27/02/26 11:00:00,A,10-249,C10-S951_X_K,E_DI3_VHI,PC_ENT,SE,2021,8.51,,
ESTAT:ISOC_E_DII(1.0),27/02/26 11:00:00,A,10-249,C10-S951_X_K,E_DI3_VHI,PC_ENT,SE,2023,6.76,b,
ESTAT:ISOC_E_DII(1.0),27/02/26 11:00:00,A,10-249,C10-S951_X_K,E_DI3_VHI,PC_ENT,SE,2025,15.45,,
ESTAT:ISOC_E_DII(1.0),27/02/26 11:00:00,A,10-249,C10-S951_X_K,E_DI3_VHI,PC_ENT,SI,2021,4.10,,
ESTAT:ISOC_E_DII(1.0),27/02/26 11:00:00,A,10-249,C10-S951_X_K,E_DI3_VHI,PC_ENT,SI,2023,3.85,,
ESTAT:ISOC_E_DII(1.0),27/02/26 11:00:00,A,10-249,C10-S951_X_K,E_DI3_VHI,PC_ENT,SI,2025,6.99,,
ESTAT:ISOC_E_DII(1.0),27/02/26 11:00:00,A,10-249,C10-S951_X_K,E_DI3_VHI,PC_ENT,SK,2021,2.30,,
ESTAT:ISOC_E_DII(1.0),27/02/26 11:00:00,A,10-249,C10-S951_X_K,E_DI3_VHI,PC_ENT,SK,2023,2.68,,
ESTAT:ISOC_E_DII(1.0),27/02/26 11:00:00,A,10-249,C10-S951_X_K,E_DI3_VHI,PC_ENT,SK,2025,5.37,,
ESTAT:ISOC_E_DII(1.0),27/02/26 11:00:00,A,10-249,C10-S951_X_K,E_DI3_VHI,PC_ENT,TR,2025,1.85,,
ESTAT:ISOC_E_DII(1.0),27/02/26 11:00:00,A,10-249,C10-S951_X_K,E_DI3_VLO,PC_ENT,AT,2021,35.57,,
ESTAT:ISOC_E_DII(1.0),27/02/26 11:00:00,A,10-249,C10-S951_X_K,E_DI3_VLO,PC_ENT,AT,2023,42.07,,
ESTAT:ISOC_E_DII(1.0),27/02/26 11:00:00,A,10-249,C10-S951_X_K,E_DI3_VLO,PC_ENT,AT,2025,27.01,,
ESTAT:ISOC_E_DII(1.0),27/02/26 11:00:00,A,10-249,C10-S951_X_K,E_DI3_VLO,PC_ENT,BA,2021,67.47,,
ESTAT:ISOC_E_DII(1.0),27/02/26 11:00:00,A,10-249,C10-S951_X_K,E_DI3_VLO,PC_ENT,BA,2023,56.76,,
ESTAT:ISOC_E_DII(1.0),27/02/26 11:00:00,A,10-249,C10-S951_X_K,E_DI3_VLO,PC_ENT,BA,2025,36.77,,
ESTAT:ISOC_E_DII(1.0),27/02/26 11:00:00,A,10-249,C10-S951_X_K,E_DI3_VLO,PC_ENT,BE,2021,34.65,,
ESTAT:ISOC_E_DII(1.0),27/02/26 11:00:00,A,10-249,C10-S951_X_K,E_DI3_VLO,PC_ENT,BE,2023,25.54,,
ESTAT:ISOC_E_DII(1.0),27/02/26 11:00:00,A,10-249,C10-S951_X_K,E_DI3_VLO,PC_ENT,BE,2025,15.65,,
ESTAT:ISOC_E_DII(1.0),27/02/26 11:00:00,A,10-249,C10-S951_X_K,E_DI3_VLO,PC_ENT,BG,2021,74.76,,
ESTAT:ISOC_E_DII(1.0),27/02/26 11:00:00,A,10-249,C10-S951_X_K,E_DI3_VLO,PC_ENT,BG,2023,71.59,,
ESTAT:ISOC_E_DII(1.0),27/02/26 11:00:00,A,10-249,C10-S951_X_K,E_DI3_VLO,PC_ENT,BG,2025,61.67,,
ESTAT:ISOC_E_DII(1.0),27/02/26 11:00:00,A,10-249,C10-S951_X_K,E_DI3_VLO,PC_ENT,CY,2021,33.78,,
ESTAT:ISOC_E_DII(1.0),27/02/26 11:00:00,A,10-249,C10-S951_X_K,E_DI3_VLO,PC_ENT,CY,2023,32.72,,
ESTAT:ISOC_E_DII(1.0),27/02/26 11:00:00,A,10-249,C10-S951_X_K,E_DI3_VLO,PC_ENT,CY,2025,25.65,,
ESTAT:ISOC_E_DII(1.0),27/02/26 11:00:00,A,10-249,C10-S951_X_K,E_DI3_VLO,PC_ENT,CZ,2021,47.46,,
ESTAT:ISOC_E_DII(1.0),27/02/26 11:00:00,A,10-249,C10-S951_X_K,E_DI3_VLO,PC_ENT,CZ,2023,50.70,,
ESTAT:ISOC_E_DII(1.0),27/02/26 11:00:00,A,10-249,C10-S951_X_K,E_DI3_VLO,PC_ENT,CZ,2025,29.54,,
ESTAT:ISOC_E_DII(1.0),27/02/26 11:00:00,A,10-249,C10-S951_X_K,E_DI3_VLO,PC_ENT,DE,2021,41.11,,
ESTAT:ISOC_E_DII(1.0),27/02/26 11:00:00,A,10-249,C10-S951_X_K,E_DI3_VLO,PC_ENT,DE,2023,38.62,,
ESTAT:ISOC_E_DII(1.0),27/02/26 11:00:00,A,10-249,C10-S951_X_K,E_DI3_VLO,PC_ENT,DE,2025,26.45,,
ESTAT:ISOC_E_DII(1.0),27/02/26 11:00:00,A,10-249,C10-S951_X_K,E_DI3_VLO,PC_ENT,DK,2021,20.62,,
ESTAT:ISOC_E_DII(1.0),27/02/26 11:00:00,A,10-249,C10-S951_X_K,E_DI3_VLO,PC_ENT,DK,2023,24.67,,
ESTAT:ISOC_E_DII(1.0),27/02/26 11:00:00,A,10-249,C10-S951_X_K,E_DI3_VLO,PC_ENT,DK,2025,7.55,,
ESTAT:ISOC_E_DII(1.0),27/02/26 11:00:00,A,10-249,C10-S951_X_K,E_DI3_VLO,PC_ENT,EA,2021,42.49,,
ESTAT:ISOC_E_DII(1.0),27/02/26 11:00:00,A,10-249,C10-S951_X_K,E_DI3_VLO,PC_ENT,EA,2023,39.98,,
ESTAT:ISOC_E_DII(1.0),27/02/26 11:00:00,A,10-249,C10-S951_X_K,E_DI3_VLO,PC_ENT,EA,2025,26.10,,
ESTAT:ISOC_E_DII(1.0),27/02/26 11:00:00,A,10-249,C10-S951_X_K,E_DI3_VLO,PC_ENT,EE,2021,46.00,,
ESTAT:ISOC_E_DII(1.0),27/02/26 11:00:00,A,10-249,C10-S951_X_K,E_DI3_VLO,PC_ENT,EE,2023,44.07,,
ESTAT:ISOC_E_DII(1.0),27/02/26 11:00:00,A,10-249,C10-S951_X_K,E_DI3_VLO,PC_ENT,EE,2025,27.88,d,
ESTAT:ISOC_E_DII(1.0),27/02/26 11:00:00,A,10-249,C10-S951_X_K,E_DI3_VLO,PC_ENT,EL,2021,62.34,,
ESTAT:ISOC_E_DII(1.0),27/02/26 11:00:00,A,10-249,C10-S951_X_K,E_DI3_VLO,PC_ENT,EL,2023,56.74,,
ESTAT:ISOC_E_DII(1.0),27/02/26 11:00:00,A,10-249,C10-S951_X_K,E_DI3_VLO,PC_ENT,EL,2025,44.05,,
ESTAT:ISOC_E_DII(1.0),27/02/26 11:00:00,A,10-249,C10-S951_X_K,E_DI3_VLO,PC_ENT,ES,2021,40.32,,
ESTAT:ISOC_E_DII(1.0),27/02/26 11:00:00,A,10-249,C10-S951_X_K,E_DI3_VLO,PC_ENT,ES,2023,39.48,,
ESTAT:ISOC_E_DII(1.0),27/02/26 11:00:00,A,10-249,C10-S951_X_K,E_DI3_VLO,PC_ENT,ES,2025,24.65,,
ESTAT:ISOC_E_DII(1.0),27/02/26 11:00:00,A,10-249,C10-S951_X_K,E_DI3_VLO,PC_ENT,EU27_2020,2021,45.18,,
ESTAT:ISOC_E_DII(1.0),27/02/26 11:00:00,A,10-249,C10-S951_X_K,E_DI3_VLO,PC_ENT,EU27_2020,2023,42.10,,
ESTAT:ISOC_E_DII(1.0),27/02/26 11:00:00,A,10-249,C10-S951_X_K,E_DI3_VLO,PC_ENT,EU27_2020,2025,28.61,,
ESTAT:ISOC_E_DII(1.0),27/02/26 11:00:00,A,10-249,C10-S951_X_K,E_DI3_VLO,PC_ENT,FI,2021,18.36,,
ESTAT:ISOC_E_DII(1.0),27/02/26 11:00:00,A,10-249,C10-S951_X_K,E_DI3_VLO,PC_ENT,FI,2023,14.41,,
ESTAT:ISOC_E_DII(1.0),27/02/26 11:00:00,A,10-249,C10-S951_X_K,E_DI3_VLO,PC_ENT,FI,2025,5.96,,
ESTAT:ISOC_E_DII(1.0),27/02/26 11:00:00,A,10-249,C10-S951_X_K,E_DI3_VLO,PC_ENT,FR,2021,53.01,,
ESTAT:ISOC_E_DII(1.0),27/02/26 11:00:00,A,10-249,C10-S951_X_K,E_DI3_VLO,PC_ENT,FR,2023,48.03,b,
ESTAT:ISOC_E_DII(1.0),27/02/26 11:00:00,A,10-249,C10-S951_X_K,E_DI3_VLO,PC_ENT,FR,2025,30.56,,
ESTAT:ISOC_E_DII(1.0),27/02/26 11:00:00,A,10-249,C10-S951_X_K,E_DI3_VLO,PC_ENT,HR,2021,50.34,,
ESTAT:ISOC_E_DII(1.0),27/02/26 11:00:00,A,10-249,C10-S951_X_K,E_DI3_VLO,PC_ENT,HR,2023,44.03,,
ESTAT:ISOC_E_DII(1.0),27/02/26 11:00:00,A,10-249,C10-S951_X_K,E_DI3_VLO,PC_ENT,HR,2025,42.91,,
ESTAT:ISOC_E_DII(1.0),27/02/26 11:00:00,A,10-249,C10-S951_X_K,E_DI3_VLO,PC_ENT,HU,2021,65.50,,
ESTAT:ISOC_E_DII(1.0),27/02/26 11:00:00,A,10-249,C10-S951_X_K,E_DI3_VLO,PC_ENT,HU,2023,46.84,,
ESTAT:ISOC_E_DII(1.0),27/02/26 11:00:00,A,10-249,C10-S951_X_K,E_DI3_VLO,PC_ENT,HU,2025,40.19,,
ESTAT:ISOC_E_DII(1.0),27/02/26 11:00:00,A,10-249,C10-S951_X_K,E_DI3_VLO,PC_ENT,IE,2021,35.81,,
ESTAT:ISOC_E_DII(1.0),27/02/26 11:00:00,A,10-249,C10-S951_X_K,E_DI3_VLO,PC_ENT,IE,2023,33.89,,
ESTAT:ISOC_E_DII(1.0),27/02/26 11:00:00,A,10-249,C10-S951_X_K,E_DI3_VLO,PC_ENT,IE,2025,20.70,,
ESTAT:ISOC_E_DII(1.0),27/02/26 11:00:00,A,10-249,C10-S951_X_K,E_DI3_VLO,PC_ENT,IT,2021,39.69,,
ESTAT:ISOC_E_DII(1.0),27/02/26 11:00:00,A,10-249,C10-S951_X_K,E_DI3_VLO,PC_ENT,IT,2023,39.31,,
ESTAT:ISOC_E_DII(1.0),27/02/26 11:00:00,A,10-249,C10-S951_X_K,E_DI3_VLO,PC_ENT,IT,2025,20.51,,
ESTAT:ISOC_E_DII(1.0),27/02/26 11:00:00,A,10-249,C10-S951_X_K,E_DI3_VLO,PC_ENT,LT,2021,43.31,,
ESTAT:ISOC_E_DII(1.0),27/02/26 11:00:00,A,10-249,C10-S951_X_K,E_DI3_VLO,PC_ENT,LT,2023,40.02,,
ESTAT:ISOC_E_DII(1.0),27/02/26 11:00:00,A,10-249,C10-S951_X_K,E_DI3_VLO,PC_ENT,LT,2025,26.49,,
ESTAT:ISOC_E_DII(1.0),27/02/26 11:00:00,A,10-249,C10-S951_X_K,E_DI3_VLO,PC_ENT,LU,2021,46.09,,
ESTAT:ISOC_E_DII(1.0),27/02/26 11:00:00,A,10-249,C10-S951_X_K,E_DI3_VLO,PC_ENT,LU,2023,42.15,,
ESTAT:ISOC_E_DII(1.0),27/02/26 11:00:00,A,10-249,C10-S951_X_K,E_DI3_VLO,PC_ENT,LU,2025,23.32,,
ESTAT:ISOC_E_DII(1.0),27/02/26 11:00:00,A,10-249,C10-S951_X_K,E_DI3_VLO,PC_ENT,LV,2021,61.86,,
ESTAT:ISOC_E_DII(1.0),27/02/26 11:00:00,A,10-249,C10-S951_X_K,E_DI3_VLO,PC_ENT,LV,2023,51.81,,
ESTAT:ISOC_E_DII(1.0),27/02/26 11:00:00,A,10-249,C10-S951_X_K,E_DI3_VLO,PC_ENT,LV,2025,41.46,,
ESTAT:ISOC_E_DII(1.0),27/02/26 11:00:00,A,10-249,C10-S951_X_K,E_DI3_VLO,PC_ENT,ME,2021,51.81,,
ESTAT:ISOC_E_DII(1.0),27/02/26 11:00:00,A,10-249,C10-S951_X_K,E_DI3_VLO,PC_ENT,ME,2023,36.15,,
ESTAT:ISOC_E_DII(1.0),27/02/26 11:00:00,A,10-249,C10-S951_X_K,E_DI3_VLO,PC_ENT,ME,2025,18.13,,
ESTAT:ISOC_E_DII(1.0),27/02/26 11:00:00,A,10-249,C10-S951_X_K,E_DI3_VLO,PC_ENT,MK,2021,73.10,,
ESTAT:ISOC_E_DII(1.0),27/02/26 11:00:00,A,10-249,C10-S951_X_K,E_DI3_VLO,PC_ENT,MT,2021,27.17,,
ESTAT:ISOC_E_DII(1.0),27/02/26 11:00:00,A,10-249,C10-S951_X_K,E_DI3_VLO,PC_ENT,MT,2023,23.51,,
ESTAT:ISOC_E_DII(1.0),27/02/26 11:00:00,A,10-249,C10-S951_X_K,E_DI3_VLO,PC_ENT,MT,2025,16.50,,
ESTAT:ISOC_E_DII(1.0),27/02/26 11:00:00,A,10-249,C10-S951_X_K,E_DI3_VLO,PC_ENT,NL,2021,24.67,,
ESTAT:ISOC_E_DII(1.0),27/02/26 11:00:00,A,10-249,C10-S951_X_K,E_DI3_VLO,PC_ENT,NL,2023,17.28,,
ESTAT:ISOC_E_DII(1.0),27/02/26 11:00:00,A,10-249,C10-S951_X_K,E_DI3_VLO,PC_ENT,NL,2025,11.24,,
ESTAT:ISOC_E_DII(1.0),27/02/26 11:00:00,A,10-249,C10-S951_X_K,E_DI3_VLO,PC_ENT,NO,2021,22.79,,
ESTAT:ISOC_E_DII(1.0),27/02/26 11:00:00,A,10-249,C10-S951_X_K,E_DI3_VLO,PC_ENT,NO,2023,19.60,,
ESTAT:ISOC_E_DII(1.0),27/02/26 11:00:00,A,10-249,C10-S951_X_K,E_DI3_VLO,PC_ENT,NO,2025,16.73,,
ESTAT:ISOC_E_DII(1.0),27/02/26 11:00:00,A,10-249,C10-S951_X_K,E_DI3_VLO,PC_ENT,PL,2021,60.17,,
ESTAT:ISOC_E_DII(1.0),27/02/26 11:00:00,A,10-249,C10-S951_X_K,E_DI3_VLO,PC_ENT,PL,2023,49.96,,
ESTAT:ISOC_E_DII(1.0),27/02/26 11:00:00,A,10-249,C10-S951_X_K,E_DI3_VLO,PC_ENT,PL,2025,41.02,,
ESTAT:ISOC_E_DII(1.0),27/02/26 11:00:00,A,10-249,C10-S951_X_K,E_DI3_VLO,PC_ENT,PT,2021,51.40,,
ESTAT:ISOC_E_DII(1.0),27/02/26 11:00:00,A,10-249,C10-S951_X_K,E_DI3_VLO,PC_ENT,PT,2023,46.39,,
ESTAT:ISOC_E_DII(1.0),27/02/26 11:00:00,A,10-249,C10-S951_X_K,E_DI3_VLO,PC_ENT,PT,2025,36.06,,
ESTAT:ISOC_E_DII(1.0),27/02/26 11:00:00,A,10-249,C10-S951_X_K,E_DI3_VLO,PC_ENT,RO,2021,77.77,,
ESTAT:ISOC_E_DII(1.0),27/02/26 11:00:00,A,10-249,C10-S951_X_K,E_DI3_VLO,PC_ENT,RO,2023,73.22,,
ESTAT:ISOC_E_DII(1.0),27/02/26 11:00:00,A,10-249,C10-S951_X_K,E_DI3_VLO,PC_ENT,RO,2025,55.66,,
ESTAT:ISOC_E_DII(1.0),27/02/26 11:00:00,A,10-249,C10-S951_X_K,E_DI3_VLO,PC_ENT,RS,2021,58.12,,
ESTAT:ISOC_E_DII(1.0),27/02/26 11:00:00,A,10-249,C10-S951_X_K,E_DI3_VLO,PC_ENT,RS,2023,50.81,,
ESTAT:ISOC_E_DII(1.0),27/02/26 11:00:00,A,10-249,C10-S951_X_K,E_DI3_VLO,PC_ENT,RS,2025,49.95,,
ESTAT:ISOC_E_DII(1.0),27/02/26 11:00:00,A,10-249,C10-S951_X_K,E_DI3_VLO,PC_ENT,SE,2021,13.94,,
ESTAT:ISOC_E_DII(1.0),27/02/26 11:00:00,A,10-249,C10-S951_X_K,E_DI3_VLO,PC_ENT,SE,2023,20.09,b,
ESTAT:ISOC_E_DII(1.0),27/02/26 11:00:00,A,10-249,C10-S951_X_K,E_DI3_VLO,PC_ENT,SE,2025,13.53,,
ESTAT:ISOC_E_DII(1.0),27/02/26 11:00:00,A,10-249,C10-S951_X_K,E_DI3_VLO,PC_ENT,SI,2021,44.85,,
ESTAT:ISOC_E_DII(1.0),27/02/26 11:00:00,A,10-249,C10-S951_X_K,E_DI3_VLO,PC_ENT,SI,2023,49.64,,
ESTAT:ISOC_E_DII(1.0),27/02/26 11:00:00,A,10-249,C10-S951_X_K,E_DI3_VLO,PC_ENT,SI,2025,34.33,,
ESTAT:ISOC_E_DII(1.0),27/02/26 11:00:00,A,10-249,C10-S951_X_K,E_DI3_VLO,PC_ENT,SK,2021,57.00,,
ESTAT:ISOC_E_DII(1.0),27/02/26 11:00:00,A,10-249,C10-S951_X_K,E_DI3_VLO,PC_ENT,SK,2023,57.81,,
ESTAT:ISOC_E_DII(1.0),27/02/26 11:00:00,A,10-249,C10-S951_X_K,E_DI3_VLO,PC_ENT,SK,2025,42.91,,
ESTAT:ISOC_E_DII(1.0),27/02/26 11:00:00,A,10-249,C10-S951_X_K,E_DI3_VLO,PC_ENT,TR,2025,57.30,,
ESTAT:ISOC_E_DII(1.0),27/02/26 11:00:00,A,10-249,C10-S951_X_K,E_DI4_GELO,PC_ENT,AT,2022,67.32,,
ESTAT:ISOC_E_DII(1.0),27/02/26 11:00:00,A,10-249,C10-S951_X_K,E_DI4_GELO,PC_ENT,AT,2024,72.22,,
ESTAT:ISOC_E_DII(1.0),27/02/26 11:00:00,A,10-249,C10-S951_X_K,E_DI4_GELO,PC_ENT,BA,2022,53.93,,
ESTAT:ISOC_E_DII(1.0),27/02/26 11:00:00,A,10-249,C10-S951_X_K,E_DI4_GELO,PC_ENT,BA,2024,50.07,,
ESTAT:ISOC_E_DII(1.0),27/02/26 11:00:00,A,10-249,C10-S951_X_K,E_DI4_GELO,PC_ENT,BE,2022,77.23,,
ESTAT:ISOC_E_DII(1.0),27/02/26 11:00:00,A,10-249,C10-S951_X_K,E_DI4_GELO,PC_ENT,BE,2024,83.70,,
ESTAT:ISOC_E_DII(1.0),27/02/26 11:00:00,A,10-249,C10-S951_X_K,E_DI4_GELO,PC_ENT,BG,2022,47.18,,
ESTAT:ISOC_E_DII(1.0),27/02/26 11:00:00,A,10-249,C10-S951_X_K,E_DI4_GELO,PC_ENT,BG,2024,49.93,,
ESTAT:ISOC_E_DII(1.0),27/02/26 11:00:00,A,10-249,C10-S951_X_K,E_DI4_GELO,PC_ENT,CY,2022,70.05,,
ESTAT:ISOC_E_DII(1.0),27/02/26 11:00:00,A,10-249,C10-S951_X_K,E_DI4_GELO,PC_ENT,CY,2024,74.29,,
ESTAT:ISOC_E_DII(1.0),27/02/26 11:00:00,A,10-249,C10-S951_X_K,E_DI4_GELO,PC_ENT,CZ,2022,68.02,,
ESTAT:ISOC_E_DII(1.0),27/02/26 11:00:00,A,10-249,C10-S951_X_K,E_DI4_GELO,PC_ENT,CZ,2024,70.81,,
ESTAT:ISOC_E_DII(1.0),27/02/26 11:00:00,A,10-249,C10-S951_X_K,E_DI4_GELO,PC_ENT,DE,2022,77.35,,
ESTAT:ISOC_E_DII(1.0),27/02/26 11:00:00,A,10-249,C10-S951_X_K,E_DI4_GELO,PC_ENT,DE,2024,79.87,,
ESTAT:ISOC_E_DII(1.0),27/02/26 11:00:00,A,10-249,C10-S951_X_K,E_DI4_GELO,PC_ENT,DK,2022,88.80,,
ESTAT:ISOC_E_DII(1.0),27/02/26 11:00:00,A,10-249,C10-S951_X_K,E_DI4_GELO,PC_ENT,DK,2024,90.47,,
ESTAT:ISOC_E_DII(1.0),27/02/26 11:00:00,A,10-249,C10-S951_X_K,E_DI4_GELO,PC_ENT,EA,2022,70.67,,
ESTAT:ISOC_E_DII(1.0),27/02/26 11:00:00,A,10-249,C10-S951_X_K,E_DI4_GELO,PC_ENT,EA,2024,73.77,,
ESTAT:ISOC_E_DII(1.0),27/02/26 11:00:00,A,10-249,C10-S951_X_K,E_DI4_GELO,PC_ENT,EE,2022,66.95,,
ESTAT:ISOC_E_DII(1.0),27/02/26 11:00:00,A,10-249,C10-S951_X_K,E_DI4_GELO,PC_ENT,EE,2024,71.20,,
ESTAT:ISOC_E_DII(1.0),27/02/26 11:00:00,A,10-249,C10-S951_X_K,E_DI4_GELO,PC_ENT,EL,2022,41.21,,
ESTAT:ISOC_E_DII(1.0),27/02/26 11:00:00,A,10-249,C10-S951_X_K,E_DI4_GELO,PC_ENT,EL,2024,53.42,,
ESTAT:ISOC_E_DII(1.0),27/02/26 11:00:00,A,10-249,C10-S951_X_K,E_DI4_GELO,PC_ENT,ES,2022,67.52,,
ESTAT:ISOC_E_DII(1.0),27/02/26 11:00:00,A,10-249,C10-S951_X_K,E_DI4_GELO,PC_ENT,ES,2024,74.15,,
ESTAT:ISOC_E_DII(1.0),27/02/26 11:00:00,A,10-249,C10-S951_X_K,E_DI4_GELO,PC_ENT,EU27_2020,2022,69.00,,
ESTAT:ISOC_E_DII(1.0),27/02/26 11:00:00,A,10-249,C10-S951_X_K,E_DI4_GELO,PC_ENT,EU27_2020,2024,72.91,,
ESTAT:ISOC_E_DII(1.0),27/02/26 11:00:00,A,10-249,C10-S951_X_K,E_DI4_GELO,PC_ENT,FI,2022,89.49,,
ESTAT:ISOC_E_DII(1.0),27/02/26 11:00:00,A,10-249,C10-S951_X_K,E_DI4_GELO,PC_ENT,FI,2024,92.51,,
ESTAT:ISOC_E_DII(1.0),27/02/26 11:00:00,A,10-249,C10-S951_X_K,E_DI4_GELO,PC_ENT,FR,2022,63.53,b,
ESTAT:ISOC_E_DII(1.0),27/02/26 11:00:00,A,10-249,C10-S951_X_K,E_DI4_GELO,PC_ENT,FR,2024,68.45,,
ESTAT:ISOC_E_DII(1.0),27/02/26 11:00:00,A,10-249,C10-S951_X_K,E_DI4_GELO,PC_ENT,HR,2022,57.79,,
ESTAT:ISOC_E_DII(1.0),27/02/26 11:00:00,A,10-249,C10-S951_X_K,E_DI4_GELO,PC_ENT,HR,2024,63.45,,
ESTAT:ISOC_E_DII(1.0),27/02/26 11:00:00,A,10-249,C10-S951_X_K,E_DI4_GELO,PC_ENT,HU,2022,51.73,,
ESTAT:ISOC_E_DII(1.0),27/02/26 11:00:00,A,10-249,C10-S951_X_K,E_DI4_GELO,PC_ENT,HU,2024,57.44,,
ESTAT:ISOC_E_DII(1.0),27/02/26 11:00:00,A,10-249,C10-S951_X_K,E_DI4_GELO,PC_ENT,IE,2022,74.05,,
ESTAT:ISOC_E_DII(1.0),27/02/26 11:00:00,A,10-249,C10-S951_X_K,E_DI4_GELO,PC_ENT,IE,2024,73.38,,
ESTAT:ISOC_E_DII(1.0),27/02/26 11:00:00,A,10-249,C10-S951_X_K,E_DI4_GELO,PC_ENT,IT,2022,69.90,,
ESTAT:ISOC_E_DII(1.0),27/02/26 11:00:00,A,10-249,C10-S951_X_K,E_DI4_GELO,PC_ENT,IT,2024,70.21,,
ESTAT:ISOC_E_DII(1.0),27/02/26 11:00:00,A,10-249,C10-S951_X_K,E_DI4_GELO,PC_ENT,LT,2022,63.70,,
ESTAT:ISOC_E_DII(1.0),27/02/26 11:00:00,A,10-249,C10-S951_X_K,E_DI4_GELO,PC_ENT,LT,2024,66.27,,
ESTAT:ISOC_E_DII(1.0),27/02/26 11:00:00,A,10-249,C10-S951_X_K,E_DI4_GELO,PC_ENT,LU,2022,66.25,,
ESTAT:ISOC_E_DII(1.0),27/02/26 11:00:00,A,10-249,C10-S951_X_K,E_DI4_GELO,PC_ENT,LU,2024,70.27,,
ESTAT:ISOC_E_DII(1.0),27/02/26 11:00:00,A,10-249,C10-S951_X_K,E_DI4_GELO,PC_ENT,LV,2022,52.27,,
ESTAT:ISOC_E_DII(1.0),27/02/26 11:00:00,A,10-249,C10-S951_X_K,E_DI4_GELO,PC_ENT,LV,2024,59.18,,
ESTAT:ISOC_E_DII(1.0),27/02/26 11:00:00,A,10-249,C10-S951_X_K,E_DI4_GELO,PC_ENT,ME,2022,55.29,,
ESTAT:ISOC_E_DII(1.0),27/02/26 11:00:00,A,10-249,C10-S951_X_K,E_DI4_GELO,PC_ENT,ME,2024,64.83,,
ESTAT:ISOC_E_DII(1.0),27/02/26 11:00:00,A,10-249,C10-S951_X_K,E_DI4_GELO,PC_ENT,MK,2022,,u,
ESTAT:ISOC_E_DII(1.0),27/02/26 11:00:00,A,10-249,C10-S951_X_K,E_DI4_GELO,PC_ENT,MT,2022,77.89,,
ESTAT:ISOC_E_DII(1.0),27/02/26 11:00:00,A,10-249,C10-S951_X_K,E_DI4_GELO,PC_ENT,MT,2024,81.28,,
ESTAT:ISOC_E_DII(1.0),27/02/26 11:00:00,A,10-249,C10-S951_X_K,E_DI4_GELO,PC_ENT,NL,2022,80.06,,
ESTAT:ISOC_E_DII(1.0),27/02/26 11:00:00,A,10-249,C10-S951_X_K,E_DI4_GELO,PC_ENT,NL,2024,80.83,,
ESTAT:ISOC_E_DII(1.0),27/02/26 11:00:00,A,10-249,C10-S951_X_K,E_DI4_GELO,PC_ENT,NO,2022,85.21,,
ESTAT:ISOC_E_DII(1.0),27/02/26 11:00:00,A,10-249,C10-S951_X_K,E_DI4_GELO,PC_ENT,NO,2024,83.06,,
ESTAT:ISOC_E_DII(1.0),27/02/26 11:00:00,A,10-249,C10-S951_X_K,E_DI4_GELO,PC_ENT,PL,2022,60.95,,
ESTAT:ISOC_E_DII(1.0),27/02/26 11:00:00,A,10-249,C10-S951_X_K,E_DI4_GELO,PC_ENT,PL,2024,68.95,,
ESTAT:ISOC_E_DII(1.0),27/02/26 11:00:00,A,10-249,C10-S951_X_K,E_DI4_GELO,PC_ENT,PT,2022,70.37,,
ESTAT:ISOC_E_DII(1.0),27/02/26 11:00:00,A,10-249,C10-S951_X_K,E_DI4_GELO,PC_ENT,PT,2024,74.26,,
ESTAT:ISOC_E_DII(1.0),27/02/26 11:00:00,A,10-249,C10-S951_X_K,E_DI4_GELO,PC_ENT,RO,2022,52.49,,
ESTAT:ISOC_E_DII(1.0),27/02/26 11:00:00,A,10-249,C10-S951_X_K,E_DI4_GELO,PC_ENT,RO,2024,69.10,,
ESTAT:ISOC_E_DII(1.0),27/02/26 11:00:00,A,10-249,C10-S951_X_K,E_DI4_GELO,PC_ENT,RS,2022,77.48,,
ESTAT:ISOC_E_DII(1.0),27/02/26 11:00:00,A,10-249,C10-S951_X_K,E_DI4_GELO,PC_ENT,RS,2024,85.61,,
ESTAT:ISOC_E_DII(1.0),27/02/26 11:00:00,A,10-249,C10-S951_X_K,E_DI4_GELO,PC_ENT,SE,2022,86.86,,
ESTAT:ISOC_E_DII(1.0),27/02/26 11:00:00,A,10-249,C10-S951_X_K,E_DI4_GELO,PC_ENT,SE,2024,86.56,b,
ESTAT:ISOC_E_DII(1.0),27/02/26 11:00:00,A,10-249,C10-S951_X_K,E_DI4_GELO,PC_ENT,SI,2022,67.14,,
ESTAT:ISOC_E_DII(1.0),27/02/26 11:00:00,A,10-249,C10-S951_X_K,E_DI4_GELO,PC_ENT,SI,2024,67.63,,
ESTAT:ISOC_E_DII(1.0),27/02/26 11:00:00,A,10-249,C10-S951_X_K,E_DI4_GELO,PC_ENT,SK,2022,60.24,,
ESTAT:ISOC_E_DII(1.0),27/02/26 11:00:00,A,10-249,C10-S951_X_K,E_DI4_GELO,PC_ENT,SK,2024,62.90,,
ESTAT:ISOC_E_DII(1.0),27/02/26 11:00:00,A,10-249,C10-S951_X_K,E_DI4_HI,PC_ENT,AT,2022,27.97,,
ESTAT:ISOC_E_DII(1.0),27/02/26 11:00:00,A,10-249,C10-S951_X_K,E_DI4_HI,PC_ENT,AT,2024,27.77,,
ESTAT:ISOC_E_DII(1.0),27/02/26 11:00:00,A,10-249,C10-S951_X_K,E_DI4_HI,PC_ENT,BA,2022,16.99,,
ESTAT:ISOC_E_DII(1.0),27/02/26 11:00:00,A,10-249,C10-S951_X_K,E_DI4_HI,PC_ENT,BA,2024,15.33,,
ESTAT:ISOC_E_DII(1.0),27/02/26 11:00:00,A,10-249,C10-S951_X_K,E_DI4_HI,PC_ENT,BE,2022,32.94,,
ESTAT:ISOC_E_DII(1.0),27/02/26 11:00:00,A,10-249,C10-S951_X_K,E_DI4_HI,PC_ENT,BE,2024,34.50,,
ESTAT:ISOC_E_DII(1.0),27/02/26 11:00:00,A,10-249,C10-S951_X_K,E_DI4_HI,PC_ENT,BG,2022,15.62,,
ESTAT:ISOC_E_DII(1.0),27/02/26 11:00:00,A,10-249,C10-S951_X_K,E_DI4_HI,PC_ENT,BG,2024,14.01,,
ESTAT:ISOC_E_DII(1.0),27/02/26 11:00:00,A,10-249,C10-S951_X_K,E_DI4_HI,PC_ENT,CY,2022,29.84,,
ESTAT:ISOC_E_DII(1.0),27/02/26 11:00:00,A,10-249,C10-S951_X_K,E_DI4_HI,PC_ENT,CY,2024,30.25,,
ESTAT:ISOC_E_DII(1.0),27/02/26 11:00:00,A,10-249,C10-S951_X_K,E_DI4_HI,PC_ENT,CZ,2022,26.05,,
ESTAT:ISOC_E_DII(1.0),27/02/26 11:00:00,A,10-249,C10-S951_X_K,E_DI4_HI,PC_ENT,CZ,2024,26.58,,
ESTAT:ISOC_E_DII(1.0),27/02/26 11:00:00,A,10-249,C10-S951_X_K,E_DI4_HI,PC_ENT,DE,2022,32.68,,
ESTAT:ISOC_E_DII(1.0),27/02/26 11:00:00,A,10-249,C10-S951_X_K,E_DI4_HI,PC_ENT,DE,2024,31.47,,
ESTAT:ISOC_E_DII(1.0),27/02/26 11:00:00,A,10-249,C10-S951_X_K,E_DI4_HI,PC_ENT,DK,2022,44.74,,
ESTAT:ISOC_E_DII(1.0),27/02/26 11:00:00,A,10-249,C10-S951_X_K,E_DI4_HI,PC_ENT,DK,2024,41.51,,
ESTAT:ISOC_E_DII(1.0),27/02/26 11:00:00,A,10-249,C10-S951_X_K,E_DI4_HI,PC_ENT,EA,2022,27.33,,
ESTAT:ISOC_E_DII(1.0),27/02/26 11:00:00,A,10-249,C10-S951_X_K,E_DI4_HI,PC_ENT,EA,2024,26.62,,
ESTAT:ISOC_E_DII(1.0),27/02/26 11:00:00,A,10-249,C10-S951_X_K,E_DI4_HI,PC_ENT,EE,2022,26.66,,
ESTAT:ISOC_E_DII(1.0),27/02/26 11:00:00,A,10-249,C10-S951_X_K,E_DI4_HI,PC_ENT,EE,2024,28.31,,
ESTAT:ISOC_E_DII(1.0),27/02/26 11:00:00,A,10-249,C10-S951_X_K,E_DI4_HI,PC_ENT,EL,2022,16.32,,
ESTAT:ISOC_E_DII(1.0),27/02/26 11:00:00,A,10-249,C10-S951_X_K,E_DI4_HI,PC_ENT,EL,2024,15.87,,
ESTAT:ISOC_E_DII(1.0),27/02/26 11:00:00,A,10-249,C10-S951_X_K,E_DI4_HI,PC_ENT,ES,2022,23.79,,
ESTAT:ISOC_E_DII(1.0),27/02/26 11:00:00,A,10-249,C10-S951_X_K,E_DI4_HI,PC_ENT,ES,2024,26.19,,
ESTAT:ISOC_E_DII(1.0),27/02/26 11:00:00,A,10-249,C10-S951_X_K,E_DI4_HI,PC_ENT,EU27_2020,2022,27.11,,
ESTAT:ISOC_E_DII(1.0),27/02/26 11:00:00,A,10-249,C10-S951_X_K,E_DI4_HI,PC_ENT,EU27_2020,2024,26.51,,
ESTAT:ISOC_E_DII(1.0),27/02/26 11:00:00,A,10-249,C10-S951_X_K,E_DI4_HI,PC_ENT,FI,2022,47.09,,
ESTAT:ISOC_E_DII(1.0),27/02/26 11:00:00,A,10-249,C10-S951_X_K,E_DI4_HI,PC_ENT,FI,2024,43.19,,
ESTAT:ISOC_E_DII(1.0),27/02/26 11:00:00,A,10-249,C10-S951_X_K,E_DI4_HI,PC_ENT,FR,2022,18.24,b,
ESTAT:ISOC_E_DII(1.0),27/02/26 11:00:00,A,10-249,C10-S951_X_K,E_DI4_HI,PC_ENT,FR,2024,19.03,,
ESTAT:ISOC_E_DII(1.0),27/02/26 11:00:00,A,10-249,C10-S951_X_K,E_DI4_HI,PC_ENT,HR,2022,22.62,,
ESTAT:ISOC_E_DII(1.0),27/02/26 11:00:00,A,10-249,C10-S951_X_K,E_DI4_HI,PC_ENT,HR,2024,20.60,,
ESTAT:ISOC_E_DII(1.0),27/02/26 11:00:00,A,10-249,C10-S951_X_K,E_DI4_HI,PC_ENT,HU,2022,20.98,,
ESTAT:ISOC_E_DII(1.0),27/02/26 11:00:00,A,10-249,C10-S951_X_K,E_DI4_HI,PC_ENT,HU,2024,18.68,,
ESTAT:ISOC_E_DII(1.0),27/02/26 11:00:00,A,10-249,C10-S951_X_K,E_DI4_HI,PC_ENT,IE,2022,29.38,,
ESTAT:ISOC_E_DII(1.0),27/02/26 11:00:00,A,10-249,C10-S951_X_K,E_DI4_HI,PC_ENT,IE,2024,29.55,,
ESTAT:ISOC_E_DII(1.0),27/02/26 11:00:00,A,10-249,C10-S951_X_K,E_DI4_HI,PC_ENT,IT,2022,24.55,,
ESTAT:ISOC_E_DII(1.0),27/02/26 11:00:00,A,10-249,C10-S951_X_K,E_DI4_HI,PC_ENT,IT,2024,22.91,,
ESTAT:ISOC_E_DII(1.0),27/02/26 11:00:00,A,10-249,C10-S951_X_K,E_DI4_HI,PC_ENT,LT,2022,25.35,,
ESTAT:ISOC_E_DII(1.0),27/02/26 11:00:00,A,10-249,C10-S951_X_K,E_DI4_HI,PC_ENT,LT,2024,22.85,,
ESTAT:ISOC_E_DII(1.0),27/02/26 11:00:00,A,10-249,C10-S951_X_K,E_DI4_HI,PC_ENT,LU,2022,26.51,,
ESTAT:ISOC_E_DII(1.0),27/02/26 11:00:00,A,10-249,C10-S951_X_K,E_DI4_HI,PC_ENT,LU,2024,27.57,,
ESTAT:ISOC_E_DII(1.0),27/02/26 11:00:00,A,10-249,C10-S951_X_K,E_DI4_HI,PC_ENT,LV,2022,17.97,,
ESTAT:ISOC_E_DII(1.0),27/02/26 11:00:00,A,10-249,C10-S951_X_K,E_DI4_HI,PC_ENT,LV,2024,21.37,,
ESTAT:ISOC_E_DII(1.0),27/02/26 11:00:00,A,10-249,C10-S951_X_K,E_DI4_HI,PC_ENT,ME,2022,20.54,,
ESTAT:ISOC_E_DII(1.0),27/02/26 11:00:00,A,10-249,C10-S951_X_K,E_DI4_HI,PC_ENT,ME,2024,23.18,,
ESTAT:ISOC_E_DII(1.0),27/02/26 11:00:00,A,10-249,C10-S951_X_K,E_DI4_HI,PC_ENT,MK,2022,9.49,,
ESTAT:ISOC_E_DII(1.0),27/02/26 11:00:00,A,10-249,C10-S951_X_K,E_DI4_HI,PC_ENT,MT,2022,37.10,,
ESTAT:ISOC_E_DII(1.0),27/02/26 11:00:00,A,10-249,C10-S951_X_K,E_DI4_HI,PC_ENT,MT,2024,34.39,,
ESTAT:ISOC_E_DII(1.0),27/02/26 11:00:00,A,10-249,C10-S951_X_K,E_DI4_HI,PC_ENT,NL,2022,35.52,,
ESTAT:ISOC_E_DII(1.0),27/02/26 11:00:00,A,10-249,C10-S951_X_K,E_DI4_HI,PC_ENT,NL,2024,33.50,,
ESTAT:ISOC_E_DII(1.0),27/02/26 11:00:00,A,10-249,C10-S951_X_K,E_DI4_HI,PC_ENT,NO,2022,37.42,,
ESTAT:ISOC_E_DII(1.0),27/02/26 11:00:00,A,10-249,C10-S951_X_K,E_DI4_HI,PC_ENT,NO,2024,33.61,,
ESTAT:ISOC_E_DII(1.0),27/02/26 11:00:00,A,10-249,C10-S951_X_K,E_DI4_HI,PC_ENT,PL,2022,23.86,,
ESTAT:ISOC_E_DII(1.0),27/02/26 11:00:00,A,10-249,C10-S951_X_K,E_DI4_HI,PC_ENT,PL,2024,26.28,,
ESTAT:ISOC_E_DII(1.0),27/02/26 11:00:00,A,10-249,C10-S951_X_K,E_DI4_HI,PC_ENT,PT,2022,30.30,,
ESTAT:ISOC_E_DII(1.0),27/02/26 11:00:00,A,10-249,C10-S951_X_K,E_DI4_HI,PC_ENT,PT,2024,29.87,,
ESTAT:ISOC_E_DII(1.0),27/02/26 11:00:00,A,10-249,C10-S951_X_K,E_DI4_HI,PC_ENT,RO,2022,17.48,,
ESTAT:ISOC_E_DII(1.0),27/02/26 11:00:00,A,10-249,C10-S951_X_K,E_DI4_HI,PC_ENT,RO,2024,19.48,,
ESTAT:ISOC_E_DII(1.0),27/02/26 11:00:00,A,10-249,C10-S951_X_K,E_DI4_HI,PC_ENT,RS,2022,31.77,,
ESTAT:ISOC_E_DII(1.0),27/02/26 11:00:00,A,10-249,C10-S951_X_K,E_DI4_HI,PC_ENT,RS,2024,31.09,,
ESTAT:ISOC_E_DII(1.0),27/02/26 11:00:00,A,10-249,C10-S951_X_K,E_DI4_HI,PC_ENT,SE,2022,48.74,,
ESTAT:ISOC_E_DII(1.0),27/02/26 11:00:00,A,10-249,C10-S951_X_K,E_DI4_HI,PC_ENT,SE,2024,41.79,b,
ESTAT:ISOC_E_DII(1.0),27/02/26 11:00:00,A,10-249,C10-S951_X_K,E_DI4_HI,PC_ENT,SI,2022,27.46,,
ESTAT:ISOC_E_DII(1.0),27/02/26 11:00:00,A,10-249,C10-S951_X_K,E_DI4_HI,PC_ENT,SI,2024,25.24,,
ESTAT:ISOC_E_DII(1.0),27/02/26 11:00:00,A,10-249,C10-S951_X_K,E_DI4_HI,PC_ENT,SK,2022,20.56,,
ESTAT:ISOC_E_DII(1.0),27/02/26 11:00:00,A,10-249,C10-S951_X_K,E_DI4_HI,PC_ENT,SK,2024,22.50,,
ESTAT:ISOC_E_DII(1.0),27/02/26 11:00:00,A,10-249,C10-S951_X_K,E_DI4_LO,PC_ENT,AT,2022,35.76,,
ESTAT:ISOC_E_DII(1.0),27/02/26 11:00:00,A,10-249,C10-S951_X_K,E_DI4_LO,PC_ENT,AT,2024,37.75,,
ESTAT:ISOC_E_DII(1.0),27/02/26 11:00:00,A,10-249,C10-S951_X_K,E_DI4_LO,PC_ENT,BA,2022,34.66,,
ESTAT:ISOC_E_DII(1.0),27/02/26 11:00:00,A,10-249,C10-S951_X_K,E_DI4_LO,PC_ENT,BA,2024,31.70,,
ESTAT:ISOC_E_DII(1.0),27/02/26 11:00:00,A,10-249,C10-S951_X_K,E_DI4_LO,PC_ENT,BE,2022,36.33,,
ESTAT:ISOC_E_DII(1.0),27/02/26 11:00:00,A,10-249,C10-S951_X_K,E_DI4_LO,PC_ENT,BE,2024,36.35,,
ESTAT:ISOC_E_DII(1.0),27/02/26 11:00:00,A,10-249,C10-S951_X_K,E_DI4_LO,PC_ENT,BG,2022,30.16,,
ESTAT:ISOC_E_DII(1.0),27/02/26 11:00:00,A,10-249,C10-S951_X_K,E_DI4_LO,PC_ENT,BG,2024,33.47,,
ESTAT:ISOC_E_DII(1.0),27/02/26 11:00:00,A,10-249,C10-S951_X_K,E_DI4_LO,PC_ENT,CY,2022,37.06,,
ESTAT:ISOC_E_DII(1.0),27/02/26 11:00:00,A,10-249,C10-S951_X_K,E_DI4_LO,PC_ENT,CY,2024,37.08,,
ESTAT:ISOC_E_DII(1.0),27/02/26 11:00:00,A,10-249,C10-S951_X_K,E_DI4_LO,PC_ENT,CZ,2022,39.06,,
ESTAT:ISOC_E_DII(1.0),27/02/26 11:00:00,A,10-249,C10-S951_X_K,E_DI4_LO,PC_ENT,CZ,2024,38.20,,
ESTAT:ISOC_E_DII(1.0),27/02/26 11:00:00,A,10-249,C10-S951_X_K,E_DI4_LO,PC_ENT,DE,2022,40.82,,
ESTAT:ISOC_E_DII(1.0),27/02/26 11:00:00,A,10-249,C10-S951_X_K,E_DI4_LO,PC_ENT,DE,2024,39.95,,
ESTAT:ISOC_E_DII(1.0),27/02/26 11:00:00,A,10-249,C10-S951_X_K,E_DI4_LO,PC_ENT,DK,2022,32.41,,
ESTAT:ISOC_E_DII(1.0),27/02/26 11:00:00,A,10-249,C10-S951_X_K,E_DI4_LO,PC_ENT,DK,2024,32.54,,
ESTAT:ISOC_E_DII(1.0),27/02/26 11:00:00,A,10-249,C10-S951_X_K,E_DI4_LO,PC_ENT,EA,2022,40.00,,
ESTAT:ISOC_E_DII(1.0),27/02/26 11:00:00,A,10-249,C10-S951_X_K,E_DI4_LO,PC_ENT,EA,2024,40.89,,
ESTAT:ISOC_E_DII(1.0),27/02/26 11:00:00,A,10-249,C10-S951_X_K,E_DI4_LO,PC_ENT,EE,2022,36.71,,
ESTAT:ISOC_E_DII(1.0),27/02/26 11:00:00,A,10-249,C10-S951_X_K,E_DI4_LO,PC_ENT,EE,2024,35.78,,
ESTAT:ISOC_E_DII(1.0),27/02/26 11:00:00,A,10-249,C10-S951_X_K,E_DI4_LO,PC_ENT,EL,2022,23.33,,
ESTAT:ISOC_E_DII(1.0),27/02/26 11:00:00,A,10-249,C10-S951_X_K,E_DI4_LO,PC_ENT,EL,2024,34.66,,
ESTAT:ISOC_E_DII(1.0),27/02/26 11:00:00,A,10-249,C10-S951_X_K,E_DI4_LO,PC_ENT,ES,2022,40.77,,
ESTAT:ISOC_E_DII(1.0),27/02/26 11:00:00,A,10-249,C10-S951_X_K,E_DI4_LO,PC_ENT,ES,2024,42.38,,
ESTAT:ISOC_E_DII(1.0),27/02/26 11:00:00,A,10-249,C10-S951_X_K,E_DI4_LO,PC_ENT,EU27_2020,2022,38.46,,
ESTAT:ISOC_E_DII(1.0),27/02/26 11:00:00,A,10-249,C10-S951_X_K,E_DI4_LO,PC_ENT,EU27_2020,2024,40.24,,
ESTAT:ISOC_E_DII(1.0),27/02/26 11:00:00,A,10-249,C10-S951_X_K,E_DI4_LO,PC_ENT,FI,2022,33.72,,
ESTAT:ISOC_E_DII(1.0),27/02/26 11:00:00,A,10-249,C10-S951_X_K,E_DI4_LO,PC_ENT,FI,2024,31.51,,
ESTAT:ISOC_E_DII(1.0),27/02/26 11:00:00,A,10-249,C10-S951_X_K,E_DI4_LO,PC_ENT,FR,2022,43.34,b,
ESTAT:ISOC_E_DII(1.0),27/02/26 11:00:00,A,10-249,C10-S951_X_K,E_DI4_LO,PC_ENT,FR,2024,46.86,,
ESTAT:ISOC_E_DII(1.0),27/02/26 11:00:00,A,10-249,C10-S951_X_K,E_DI4_LO,PC_ENT,HR,2022,30.62,,
ESTAT:ISOC_E_DII(1.0),27/02/26 11:00:00,A,10-249,C10-S951_X_K,E_DI4_LO,PC_ENT,HR,2024,35.83,,
ESTAT:ISOC_E_DII(1.0),27/02/26 11:00:00,A,10-249,C10-S951_X_K,E_DI4_LO,PC_ENT,HU,2022,28.18,,
ESTAT:ISOC_E_DII(1.0),27/02/26 11:00:00,A,10-249,C10-S951_X_K,E_DI4_LO,PC_ENT,HU,2024,35.19,,
ESTAT:ISOC_E_DII(1.0),27/02/26 11:00:00,A,10-249,C10-S951_X_K,E_DI4_LO,PC_ENT,IE,2022,42.42,,
ESTAT:ISOC_E_DII(1.0),27/02/26 11:00:00,A,10-249,C10-S951_X_K,E_DI4_LO,PC_ENT,IE,2024,33.82,,
ESTAT:ISOC_E_DII(1.0),27/02/26 11:00:00,A,10-249,C10-S951_X_K,E_DI4_LO,PC_ENT,IT,2022,43.15,,
ESTAT:ISOC_E_DII(1.0),27/02/26 11:00:00,A,10-249,C10-S951_X_K,E_DI4_LO,PC_ENT,IT,2024,44.02,,
ESTAT:ISOC_E_DII(1.0),27/02/26 11:00:00,A,10-249,C10-S951_X_K,E_DI4_LO,PC_ENT,LT,2022,34.90,,
ESTAT:ISOC_E_DII(1.0),27/02/26 11:00:00,A,10-249,C10-S951_X_K,E_DI4_LO,PC_ENT,LT,2024,38.68,,
ESTAT:ISOC_E_DII(1.0),27/02/26 11:00:00,A,10-249,C10-S951_X_K,E_DI4_LO,PC_ENT,LU,2022,37.41,,
ESTAT:ISOC_E_DII(1.0),27/02/26 11:00:00,A,10-249,C10-S951_X_K,E_DI4_LO,PC_ENT,LU,2024,36.24,,
ESTAT:ISOC_E_DII(1.0),27/02/26 11:00:00,A,10-249,C10-S951_X_K,E_DI4_LO,PC_ENT,LV,2022,32.04,,
ESTAT:ISOC_E_DII(1.0),27/02/26 11:00:00,A,10-249,C10-S951_X_K,E_DI4_LO,PC_ENT,LV,2024,33.24,,
ESTAT:ISOC_E_DII(1.0),27/02/26 11:00:00,A,10-249,C10-S951_X_K,E_DI4_LO,PC_ENT,ME,2022,30.36,,
ESTAT:ISOC_E_DII(1.0),27/02/26 11:00:00,A,10-249,C10-S951_X_K,E_DI4_LO,PC_ENT,ME,2024,38.65,,
ESTAT:ISOC_E_DII(1.0),27/02/26 11:00:00,A,10-249,C10-S951_X_K,E_DI4_LO,PC_ENT,MK,2022,30.72,,
ESTAT:ISOC_E_DII(1.0),27/02/26 11:00:00,A,10-249,C10-S951_X_K,E_DI4_LO,PC_ENT,MT,2022,33.78,,
ESTAT:ISOC_E_DII(1.0),27/02/26 11:00:00,A,10-249,C10-S951_X_K,E_DI4_LO,PC_ENT,MT,2024,34.35,,
ESTAT:ISOC_E_DII(1.0),27/02/26 11:00:00,A,10-249,C10-S951_X_K,E_DI4_LO,PC_ENT,NL,2022,38.62,,
ESTAT:ISOC_E_DII(1.0),27/02/26 11:00:00,A,10-249,C10-S951_X_K,E_DI4_LO,PC_ENT,NL,2024,36.62,,
ESTAT:ISOC_E_DII(1.0),27/02/26 11:00:00,A,10-249,C10-S951_X_K,E_DI4_LO,PC_ENT,NO,2022,42.26,,
ESTAT:ISOC_E_DII(1.0),27/02/26 11:00:00,A,10-249,C10-S951_X_K,E_DI4_LO,PC_ENT,NO,2024,38.89,,
ESTAT:ISOC_E_DII(1.0),27/02/26 11:00:00,A,10-249,C10-S951_X_K,E_DI4_LO,PC_ENT,PL,2022,34.25,,
ESTAT:ISOC_E_DII(1.0),27/02/26 11:00:00,A,10-249,C10-S951_X_K,E_DI4_LO,PC_ENT,PL,2024,37.89,,
ESTAT:ISOC_E_DII(1.0),27/02/26 11:00:00,A,10-249,C10-S951_X_K,E_DI4_LO,PC_ENT,PT,2022,35.95,,
ESTAT:ISOC_E_DII(1.0),27/02/26 11:00:00,A,10-249,C10-S951_X_K,E_DI4_LO,PC_ENT,PT,2024,37.28,,
ESTAT:ISOC_E_DII(1.0),27/02/26 11:00:00,A,10-249,C10-S951_X_K,E_DI4_LO,PC_ENT,RO,2022,34.35,,
ESTAT:ISOC_E_DII(1.0),27/02/26 11:00:00,A,10-249,C10-S951_X_K,E_DI4_LO,PC_ENT,RO,2024,47.41,,
ESTAT:ISOC_E_DII(1.0),27/02/26 11:00:00,A,10-249,C10-S951_X_K,E_DI4_LO,PC_ENT,RS,2022,41.45,,
ESTAT:ISOC_E_DII(1.0),27/02/26 11:00:00,A,10-249,C10-S951_X_K,E_DI4_LO,PC_ENT,RS,2024,46.21,,
ESTAT:ISOC_E_DII(1.0),27/02/26 11:00:00,A,10-249,C10-S951_X_K,E_DI4_LO,PC_ENT,SE,2022,28.86,,
ESTAT:ISOC_E_DII(1.0),27/02/26 11:00:00,A,10-249,C10-S951_X_K,E_DI4_LO,PC_ENT,SE,2024,32.68,b,
ESTAT:ISOC_E_DII(1.0),27/02/26 11:00:00,A,10-249,C10-S951_X_K,E_DI4_LO,PC_ENT,SI,2022,35.48,,
ESTAT:ISOC_E_DII(1.0),27/02/26 11:00:00,A,10-249,C10-S951_X_K,E_DI4_LO,PC_ENT,SI,2024,35.85,,
ESTAT:ISOC_E_DII(1.0),27/02/26 11:00:00,A,10-249,C10-S951_X_K,E_DI4_LO,PC_ENT,SK,2022,37.66,,
ESTAT:ISOC_E_DII(1.0),27/02/26 11:00:00,A,10-249,C10-S951_X_K,E_DI4_LO,PC_ENT,SK,2024,36.39,,
ESTAT:ISOC_E_DII(1.0),27/02/26 11:00:00,A,10-249,C10-S951_X_K,E_DI4_VHI,PC_ENT,AT,2022,3.59,,
ESTAT:ISOC_E_DII(1.0),27/02/26 11:00:00,A,10-249,C10-S951_X_K,E_DI4_VHI,PC_ENT,AT,2024,6.70,,
ESTAT:ISOC_E_DII(1.0),27/02/26 11:00:00,A,10-249,C10-S951_X_K,E_DI4_VHI,PC_ENT,BA,2022,2.28,,
ESTAT:ISOC_E_DII(1.0),27/02/26 11:00:00,A,10-249,C10-S951_X_K,E_DI4_VHI,PC_ENT,BA,2024,3.03,,
ESTAT:ISOC_E_DII(1.0),27/02/26 11:00:00,A,10-249,C10-S951_X_K,E_DI4_VHI,PC_ENT,BE,2022,7.97,,
ESTAT:ISOC_E_DII(1.0),27/02/26 11:00:00,A,10-249,C10-S951_X_K,E_DI4_VHI,PC_ENT,BE,2024,12.85,,
ESTAT:ISOC_E_DII(1.0),27/02/26 11:00:00,A,10-249,C10-S951_X_K,E_DI4_VHI,PC_ENT,BG,2022,1.39,,
ESTAT:ISOC_E_DII(1.0),27/02/26 11:00:00,A,10-249,C10-S951_X_K,E_DI4_VHI,PC_ENT,BG,2024,2.45,,
ESTAT:ISOC_E_DII(1.0),27/02/26 11:00:00,A,10-249,C10-S951_X_K,E_DI4_VHI,PC_ENT,CY,2022,3.15,,
ESTAT:ISOC_E_DII(1.0),27/02/26 11:00:00,A,10-249,C10-S951_X_K,E_DI4_VHI,PC_ENT,CY,2024,6.96,,
ESTAT:ISOC_E_DII(1.0),27/02/26 11:00:00,A,10-249,C10-S951_X_K,E_DI4_VHI,PC_ENT,CZ,2022,2.92,,
ESTAT:ISOC_E_DII(1.0),27/02/26 11:00:00,A,10-249,C10-S951_X_K,E_DI4_VHI,PC_ENT,CZ,2024,6.03,,
ESTAT:ISOC_E_DII(1.0),27/02/26 11:00:00,A,10-249,C10-S951_X_K,E_DI4_VHI,PC_ENT,DE,2022,3.85,,
ESTAT:ISOC_E_DII(1.0),27/02/26 11:00:00,A,10-249,C10-S951_X_K,E_DI4_VHI,PC_ENT,DE,2024,8.46,,
ESTAT:ISOC_E_DII(1.0),27/02/26 11:00:00,A,10-249,C10-S951_X_K,E_DI4_VHI,PC_ENT,DK,2022,11.66,,
ESTAT:ISOC_E_DII(1.0),27/02/26 11:00:00,A,10-249,C10-S951_X_K,E_DI4_VHI,PC_ENT,DK,2024,16.42,,
ESTAT:ISOC_E_DII(1.0),27/02/26 11:00:00,A,10-249,C10-S951_X_K,E_DI4_VHI,PC_ENT,EA,2022,3.34,,
ESTAT:ISOC_E_DII(1.0),27/02/26 11:00:00,A,10-249,C10-S951_X_K,E_DI4_VHI,PC_ENT,EA,2024,6.26,,
ESTAT:ISOC_E_DII(1.0),27/02/26 11:00:00,A,10-249,C10-S951_X_K,E_DI4_VHI,PC_ENT,EE,2022,3.58,,
ESTAT:ISOC_E_DII(1.0),27/02/26 11:00:00,A,10-249,C10-S951_X_K,E_DI4_VHI,PC_ENT,EE,2024,7.11,,
ESTAT:ISOC_E_DII(1.0),27/02/26 11:00:00,A,10-249,C10-S951_X_K,E_DI4_VHI,PC_ENT,EL,2022,1.55,,
ESTAT:ISOC_E_DII(1.0),27/02/26 11:00:00,A,10-249,C10-S951_X_K,E_DI4_VHI,PC_ENT,EL,2024,2.88,,
ESTAT:ISOC_E_DII(1.0),27/02/26 11:00:00,A,10-249,C10-S951_X_K,E_DI4_VHI,PC_ENT,ES,2022,2.96,,
ESTAT:ISOC_E_DII(1.0),27/02/26 11:00:00,A,10-249,C10-S951_X_K,E_DI4_VHI,PC_ENT,ES,2024,5.58,,
ESTAT:ISOC_E_DII(1.0),27/02/26 11:00:00,A,10-249,C10-S951_X_K,E_DI4_VHI,PC_ENT,EU27_2020,2022,3.42,,
ESTAT:ISOC_E_DII(1.0),27/02/26 11:00:00,A,10-249,C10-S951_X_K,E_DI4_VHI,PC_ENT,EU27_2020,2024,6.15,,
ESTAT:ISOC_E_DII(1.0),27/02/26 11:00:00,A,10-249,C10-S951_X_K,E_DI4_VHI,PC_ENT,FI,2022,8.68,,
ESTAT:ISOC_E_DII(1.0),27/02/26 11:00:00,A,10-249,C10-S951_X_K,E_DI4_VHI,PC_ENT,FI,2024,17.82,,
ESTAT:ISOC_E_DII(1.0),27/02/26 11:00:00,A,10-249,C10-S951_X_K,E_DI4_VHI,PC_ENT,FR,2022,1.95,b,
ESTAT:ISOC_E_DII(1.0),27/02/26 11:00:00,A,10-249,C10-S951_X_K,E_DI4_VHI,PC_ENT,FR,2024,2.56,,
ESTAT:ISOC_E_DII(1.0),27/02/26 11:00:00,A,10-249,C10-S951_X_K,E_DI4_VHI,PC_ENT,HR,2022,4.56,,
ESTAT:ISOC_E_DII(1.0),27/02/26 11:00:00,A,10-249,C10-S951_X_K,E_DI4_VHI,PC_ENT,HR,2024,7.02,,
ESTAT:ISOC_E_DII(1.0),27/02/26 11:00:00,A,10-249,C10-S951_X_K,E_DI4_VHI,PC_ENT,HU,2022,2.58,,
ESTAT:ISOC_E_DII(1.0),27/02/26 11:00:00,A,10-249,C10-S951_X_K,E_DI4_VHI,PC_ENT,HU,2024,3.56,,
ESTAT:ISOC_E_DII(1.0),27/02/26 11:00:00,A,10-249,C10-S951_X_K,E_DI4_VHI,PC_ENT,IE,2022,2.25,,
ESTAT:ISOC_E_DII(1.0),27/02/26 11:00:00,A,10-249,C10-S951_X_K,E_DI4_VHI,PC_ENT,IE,2024,10.01,,
ESTAT:ISOC_E_DII(1.0),27/02/26 11:00:00,A,10-249,C10-S951_X_K,E_DI4_VHI,PC_ENT,IT,2022,2.20,,
ESTAT:ISOC_E_DII(1.0),27/02/26 11:00:00,A,10-249,C10-S951_X_K,E_DI4_VHI,PC_ENT,IT,2024,3.28,,
ESTAT:ISOC_E_DII(1.0),27/02/26 11:00:00,A,10-249,C10-S951_X_K,E_DI4_VHI,PC_ENT,LT,2022,3.45,,
ESTAT:ISOC_E_DII(1.0),27/02/26 11:00:00,A,10-249,C10-S951_X_K,E_DI4_VHI,PC_ENT,LT,2024,4.73,,
ESTAT:ISOC_E_DII(1.0),27/02/26 11:00:00,A,10-249,C10-S951_X_K,E_DI4_VHI,PC_ENT,LU,2022,2.33,,
ESTAT:ISOC_E_DII(1.0),27/02/26 11:00:00,A,10-249,C10-S951_X_K,E_DI4_VHI,PC_ENT,LU,2024,6.45,,
ESTAT:ISOC_E_DII(1.0),27/02/26 11:00:00,A,10-249,C10-S951_X_K,E_DI4_VHI,PC_ENT,LV,2022,2.27,,
ESTAT:ISOC_E_DII(1.0),27/02/26 11:00:00,A,10-249,C10-S951_X_K,E_DI4_VHI,PC_ENT,LV,2024,4.57,,
ESTAT:ISOC_E_DII(1.0),27/02/26 11:00:00,A,10-249,C10-S951_X_K,E_DI4_VHI,PC_ENT,ME,2022,4.40,,
ESTAT:ISOC_E_DII(1.0),27/02/26 11:00:00,A,10-249,C10-S951_X_K,E_DI4_VHI,PC_ENT,ME,2024,3.00,,
ESTAT:ISOC_E_DII(1.0),27/02/26 11:00:00,A,10-249,C10-S951_X_K,E_DI4_VHI,PC_ENT,MK,2022,,u,
ESTAT:ISOC_E_DII(1.0),27/02/26 11:00:00,A,10-249,C10-S951_X_K,E_DI4_VHI,PC_ENT,MT,2022,7.01,,
ESTAT:ISOC_E_DII(1.0),27/02/26 11:00:00,A,10-249,C10-S951_X_K,E_DI4_VHI,PC_ENT,MT,2024,12.54,,
ESTAT:ISOC_E_DII(1.0),27/02/26 11:00:00,A,10-249,C10-S951_X_K,E_DI4_VHI,PC_ENT,NL,2022,5.93,,
ESTAT:ISOC_E_DII(1.0),27/02/26 11:00:00,A,10-249,C10-S951_X_K,E_DI4_VHI,PC_ENT,NL,2024,10.72,,
ESTAT:ISOC_E_DII(1.0),27/02/26 11:00:00,A,10-249,C10-S951_X_K,E_DI4_VHI,PC_ENT,NO,2022,5.53,,
ESTAT:ISOC_E_DII(1.0),27/02/26 11:00:00,A,10-249,C10-S951_X_K,E_DI4_VHI,PC_ENT,NO,2024,10.56,,
ESTAT:ISOC_E_DII(1.0),27/02/26 11:00:00,A,10-249,C10-S951_X_K,E_DI4_VHI,PC_ENT,PL,2022,2.85,,
ESTAT:ISOC_E_DII(1.0),27/02/26 11:00:00,A,10-249,C10-S951_X_K,E_DI4_VHI,PC_ENT,PL,2024,4.78,,
ESTAT:ISOC_E_DII(1.0),27/02/26 11:00:00,A,10-249,C10-S951_X_K,E_DI4_VHI,PC_ENT,PT,2022,4.13,,
ESTAT:ISOC_E_DII(1.0),27/02/26 11:00:00,A,10-249,C10-S951_X_K,E_DI4_VHI,PC_ENT,PT,2024,7.11,,
ESTAT:ISOC_E_DII(1.0),27/02/26 11:00:00,A,10-249,C10-S951_X_K,E_DI4_VHI,PC_ENT,RO,2022,0.67,,
ESTAT:ISOC_E_DII(1.0),27/02/26 11:00:00,A,10-249,C10-S951_X_K,E_DI4_VHI,PC_ENT,RO,2024,2.21,,
ESTAT:ISOC_E_DII(1.0),27/02/26 11:00:00,A,10-249,C10-S951_X_K,E_DI4_VHI,PC_ENT,RS,2022,4.27,,
ESTAT:ISOC_E_DII(1.0),27/02/26 11:00:00,A,10-249,C10-S951_X_K,E_DI4_VHI,PC_ENT,RS,2024,8.30,,
ESTAT:ISOC_E_DII(1.0),27/02/26 11:00:00,A,10-249,C10-S951_X_K,E_DI4_VHI,PC_ENT,SE,2022,9.25,,
ESTAT:ISOC_E_DII(1.0),27/02/26 11:00:00,A,10-249,C10-S951_X_K,E_DI4_VHI,PC_ENT,SE,2024,12.08,b,
ESTAT:ISOC_E_DII(1.0),27/02/26 11:00:00,A,10-249,C10-S951_X_K,E_DI4_VHI,PC_ENT,SI,2022,4.20,,
ESTAT:ISOC_E_DII(1.0),27/02/26 11:00:00,A,10-249,C10-S951_X_K,E_DI4_VHI,PC_ENT,SI,2024,6.54,,
ESTAT:ISOC_E_DII(1.0),27/02/26 11:00:00,A,10-249,C10-S951_X_K,E_DI4_VHI,PC_ENT,SK,2022,2.02,,
ESTAT:ISOC_E_DII(1.0),27/02/26 11:00:00,A,10-249,C10-S951_X_K,E_DI4_VHI,PC_ENT,SK,2024,4.00,,
ESTAT:ISOC_E_DII(1.0),27/02/26 11:00:00,A,10-249,C10-S951_X_K,E_DI4_VLO,PC_ENT,AT,2022,32.68,,
ESTAT:ISOC_E_DII(1.0),27/02/26 11:00:00,A,10-249,C10-S951_X_K,E_DI4_VLO,PC_ENT,AT,2024,27.78,,
ESTAT:ISOC_E_DII(1.0),27/02/26 11:00:00,A,10-249,C10-S951_X_K,E_DI4_VLO,PC_ENT,BA,2022,46.07,,
ESTAT:ISOC_E_DII(1.0),27/02/26 11:00:00,A,10-249,C10-S951_X_K,E_DI4_VLO,PC_ENT,BA,2024,49.93,,
ESTAT:ISOC_E_DII(1.0),27/02/26 11:00:00,A,10-249,C10-S951_X_K,E_DI4_VLO,PC_ENT,BE,2022,22.77,,
ESTAT:ISOC_E_DII(1.0),27/02/26 11:00:00,A,10-249,C10-S951_X_K,E_DI4_VLO,PC_ENT,BE,2024,16.30,,
ESTAT:ISOC_E_DII(1.0),27/02/26 11:00:00,A,10-249,C10-S951_X_K,E_DI4_VLO,PC_ENT,BG,2022,52.82,,
ESTAT:ISOC_E_DII(1.0),27/02/26 11:00:00,A,10-249,C10-S951_X_K,E_DI4_VLO,PC_ENT,BG,2024,50.07,,
ESTAT:ISOC_E_DII(1.0),27/02/26 11:00:00,A,10-249,C10-S951_X_K,E_DI4_VLO,PC_ENT,CY,2022,29.95,,
ESTAT:ISOC_E_DII(1.0),27/02/26 11:00:00,A,10-249,C10-S951_X_K,E_DI4_VLO,PC_ENT,CY,2024,25.71,,
ESTAT:ISOC_E_DII(1.0),27/02/26 11:00:00,A,10-249,C10-S951_X_K,E_DI4_VLO,PC_ENT,CZ,2022,31.98,,
ESTAT:ISOC_E_DII(1.0),27/02/26 11:00:00,A,10-249,C10-S951_X_K,E_DI4_VLO,PC_ENT,CZ,2024,29.19,,
ESTAT:ISOC_E_DII(1.0),27/02/26 11:00:00,A,10-249,C10-S951_X_K,E_DI4_VLO,PC_ENT,DE,2022,22.65,,
ESTAT:ISOC_E_DII(1.0),27/02/26 11:00:00,A,10-249,C10-S951_X_K,E_DI4_VLO,PC_ENT,DE,2024,20.12,,
ESTAT:ISOC_E_DII(1.0),27/02/26 11:00:00,A,10-249,C10-S951_X_K,E_DI4_VLO,PC_ENT,DK,2022,11.20,,
ESTAT:ISOC_E_DII(1.0),27/02/26 11:00:00,A,10-249,C10-S951_X_K,E_DI4_VLO,PC_ENT,DK,2024,9.53,,
ESTAT:ISOC_E_DII(1.0),27/02/26 11:00:00,A,10-249,C10-S951_X_K,E_DI4_VLO,PC_ENT,EA,2022,29.33,,
ESTAT:ISOC_E_DII(1.0),27/02/26 11:00:00,A,10-249,C10-S951_X_K,E_DI4_VLO,PC_ENT,EA,2024,26.23,,
ESTAT:ISOC_E_DII(1.0),27/02/26 11:00:00,A,10-249,C10-S951_X_K,E_DI4_VLO,PC_ENT,EE,2022,33.05,,
ESTAT:ISOC_E_DII(1.0),27/02/26 11:00:00,A,10-249,C10-S951_X_K,E_DI4_VLO,PC_ENT,EE,2024,28.80,,
ESTAT:ISOC_E_DII(1.0),27/02/26 11:00:00,A,10-249,C10-S951_X_K,E_DI4_VLO,PC_ENT,EL,2022,58.79,,
ESTAT:ISOC_E_DII(1.0),27/02/26 11:00:00,A,10-249,C10-S951_X_K,E_DI4_VLO,PC_ENT,EL,2024,46.58,,
ESTAT:ISOC_E_DII(1.0),27/02/26 11:00:00,A,10-249,C10-S951_X_K,E_DI4_VLO,PC_ENT,ES,2022,32.48,,
ESTAT:ISOC_E_DII(1.0),27/02/26 11:00:00,A,10-249,C10-S951_X_K,E_DI4_VLO,PC_ENT,ES,2024,25.85,,
ESTAT:ISOC_E_DII(1.0),27/02/26 11:00:00,A,10-249,C10-S951_X_K,E_DI4_VLO,PC_ENT,EU27_2020,2022,31.00,,
ESTAT:ISOC_E_DII(1.0),27/02/26 11:00:00,A,10-249,C10-S951_X_K,E_DI4_VLO,PC_ENT,EU27_2020,2024,27.09,,
ESTAT:ISOC_E_DII(1.0),27/02/26 11:00:00,A,10-249,C10-S951_X_K,E_DI4_VLO,PC_ENT,FI,2022,10.51,,
ESTAT:ISOC_E_DII(1.0),27/02/26 11:00:00,A,10-249,C10-S951_X_K,E_DI4_VLO,PC_ENT,FI,2024,7.49,,
ESTAT:ISOC_E_DII(1.0),27/02/26 11:00:00,A,10-249,C10-S951_X_K,E_DI4_VLO,PC_ENT,FR,2022,36.47,b,
ESTAT:ISOC_E_DII(1.0),27/02/26 11:00:00,A,10-249,C10-S951_X_K,E_DI4_VLO,PC_ENT,FR,2024,31.55,,
ESTAT:ISOC_E_DII(1.0),27/02/26 11:00:00,A,10-249,C10-S951_X_K,E_DI4_VLO,PC_ENT,HR,2022,42.21,,
ESTAT:ISOC_E_DII(1.0),27/02/26 11:00:00,A,10-249,C10-S951_X_K,E_DI4_VLO,PC_ENT,HR,2024,36.55,,
ESTAT:ISOC_E_DII(1.0),27/02/26 11:00:00,A,10-249,C10-S951_X_K,E_DI4_VLO,PC_ENT,HU,2022,48.27,,
ESTAT:ISOC_E_DII(1.0),27/02/26 11:00:00,A,10-249,C10-S951_X_K,E_DI4_VLO,PC_ENT,HU,2024,42.56,,
ESTAT:ISOC_E_DII(1.0),27/02/26 11:00:00,A,10-249,C10-S951_X_K,E_DI4_VLO,PC_ENT,IE,2022,25.95,,
ESTAT:ISOC_E_DII(1.0),27/02/26 11:00:00,A,10-249,C10-S951_X_K,E_DI4_VLO,PC_ENT,IE,2024,26.62,,
ESTAT:ISOC_E_DII(1.0),27/02/26 11:00:00,A,10-249,C10-S951_X_K,E_DI4_VLO,PC_ENT,IT,2022,30.10,,
ESTAT:ISOC_E_DII(1.0),27/02/26 11:00:00,A,10-249,C10-S951_X_K,E_DI4_VLO,PC_ENT,IT,2024,29.79,,
ESTAT:ISOC_E_DII(1.0),27/02/26 11:00:00,A,10-249,C10-S951_X_K,E_DI4_VLO,PC_ENT,LT,2022,36.30,,
ESTAT:ISOC_E_DII(1.0),27/02/26 11:00:00,A,10-249,C10-S951_X_K,E_DI4_VLO,PC_ENT,LT,2024,33.74,,
ESTAT:ISOC_E_DII(1.0),27/02/26 11:00:00,A,10-249,C10-S951_X_K,E_DI4_VLO,PC_ENT,LU,2022,33.75,,
ESTAT:ISOC_E_DII(1.0),27/02/26 11:00:00,A,10-249,C10-S951_X_K,E_DI4_VLO,PC_ENT,LU,2024,29.73,,
ESTAT:ISOC_E_DII(1.0),27/02/26 11:00:00,A,10-249,C10-S951_X_K,E_DI4_VLO,PC_ENT,LV,2022,47.73,,
ESTAT:ISOC_E_DII(1.0),27/02/26 11:00:00,A,10-249,C10-S951_X_K,E_DI4_VLO,PC_ENT,LV,2024,40.82,,
ESTAT:ISOC_E_DII(1.0),27/02/26 11:00:00,A,10-249,C10-S951_X_K,E_DI4_VLO,PC_ENT,ME,2022,44.71,,
ESTAT:ISOC_E_DII(1.0),27/02/26 11:00:00,A,10-249,C10-S951_X_K,E_DI4_VLO,PC_ENT,ME,2024,35.17,,
ESTAT:ISOC_E_DII(1.0),27/02/26 11:00:00,A,10-249,C10-S951_X_K,E_DI4_VLO,PC_ENT,MK,2022,59.13,,
ESTAT:ISOC_E_DII(1.0),27/02/26 11:00:00,A,10-249,C10-S951_X_K,E_DI4_VLO,PC_ENT,MT,2022,22.11,,
ESTAT:ISOC_E_DII(1.0),27/02/26 11:00:00,A,10-249,C10-S951_X_K,E_DI4_VLO,PC_ENT,MT,2024,18.72,,
ESTAT:ISOC_E_DII(1.0),27/02/26 11:00:00,A,10-249,C10-S951_X_K,E_DI4_VLO,PC_ENT,NL,2022,19.94,,
ESTAT:ISOC_E_DII(1.0),27/02/26 11:00:00,A,10-249,C10-S951_X_K,E_DI4_VLO,PC_ENT,NL,2024,19.17,,
ESTAT:ISOC_E_DII(1.0),27/02/26 11:00:00,A,10-249,C10-S951_X_K,E_DI4_VLO,PC_ENT,NO,2022,14.79,,
ESTAT:ISOC_E_DII(1.0),27/02/26 11:00:00,A,10-249,C10-S951_X_K,E_DI4_VLO,PC_ENT,NO,2024,16.94,,
ESTAT:ISOC_E_DII(1.0),27/02/26 11:00:00,A,10-249,C10-S951_X_K,E_DI4_VLO,PC_ENT,PL,2022,39.05,,
ESTAT:ISOC_E_DII(1.0),27/02/26 11:00:00,A,10-249,C10-S951_X_K,E_DI4_VLO,PC_ENT,PL,2024,31.05,,
ESTAT:ISOC_E_DII(1.0),27/02/26 11:00:00,A,10-249,C10-S951_X_K,E_DI4_VLO,PC_ENT,PT,2022,29.63,,
ESTAT:ISOC_E_DII(1.0),27/02/26 11:00:00,A,10-249,C10-S951_X_K,E_DI4_VLO,PC_ENT,PT,2024,25.74,,
ESTAT:ISOC_E_DII(1.0),27/02/26 11:00:00,A,10-249,C10-S951_X_K,E_DI4_VLO,PC_ENT,RO,2022,47.51,,
ESTAT:ISOC_E_DII(1.0),27/02/26 11:00:00,A,10-249,C10-S951_X_K,E_DI4_VLO,PC_ENT,RO,2024,30.90,,
ESTAT:ISOC_E_DII(1.0),27/02/26 11:00:00,A,10-249,C10-S951_X_K,E_DI4_VLO,PC_ENT,RS,2022,22.52,,
ESTAT:ISOC_E_DII(1.0),27/02/26 11:00:00,A,10-249,C10-S951_X_K,E_DI4_VLO,PC_ENT,RS,2024,14.39,,
ESTAT:ISOC_E_DII(1.0),27/02/26 11:00:00,A,10-249,C10-S951_X_K,E_DI4_VLO,PC_ENT,SE,2022,13.14,,
ESTAT:ISOC_E_DII(1.0),27/02/26 11:00:00,A,10-249,C10-S951_X_K,E_DI4_VLO,PC_ENT,SE,2024,13.44,b,
ESTAT:ISOC_E_DII(1.0),27/02/26 11:00:00,A,10-249,C10-S951_X_K,E_DI4_VLO,PC_ENT,SI,2022,32.86,,
ESTAT:ISOC_E_DII(1.0),27/02/26 11:00:00,A,10-249,C10-S951_X_K,E_DI4_VLO,PC_ENT,SI,2024,32.37,,
ESTAT:ISOC_E_DII(1.0),27/02/26 11:00:00,A,10-249,C10-S951_X_K,E_DI4_VLO,PC_ENT,SK,2022,39.76,,
ESTAT:ISOC_E_DII(1.0),27/02/26 11:00:00,A,10-249,C10-S951_X_K,E_DI4_VLO,PC_ENT,SK,2024,37.10,,
ESTAT:ISOC_E_DII(1.0),27/02/26 11:00:00,A,10-249,C10-S951_X_K,E_DI_HI,PC_ENT,AT,2015,23.41,,
ESTAT:ISOC_E_DII(1.0),27/02/26 11:00:00,A,10-249,C10-S951_X_K,E_DI_HI,PC_ENT,AT,2016,19.08,b,
ESTAT:ISOC_E_DII(1.0),27/02/26 11:00:00,A,10-249,C10-S951_X_K,E_DI_HI,PC_ENT,AT,2017,21.29,b,
ESTAT:ISOC_E_DII(1.0),27/02/26 11:00:00,A,10-249,C10-S951_X_K,E_DI_HI,PC_ENT,AT,2018,13.70,b,
ESTAT:ISOC_E_DII(1.0),27/02/26 11:00:00,A,10-249,C10-S951_X_K,E_DI_HI,PC_ENT,AT,2019,24.84,b,
ESTAT:ISOC_E_DII(1.0),27/02/26 11:00:00,A,10-249,C10-S951_X_K,E_DI_HI,PC_ENT,BA,2018,11.63,b,
ESTAT:ISOC_E_DII(1.0),27/02/26 11:00:00,A,10-249,C10-S951_X_K,E_DI_HI,PC_ENT,BA,2019,14.15,b,
ESTAT:ISOC_E_DII(1.0),27/02/26 11:00:00,A,10-249,C10-S951_X_K,E_DI_HI,PC_ENT,BE,2015,27.29,,
ESTAT:ISOC_E_DII(1.0),27/02/26 11:00:00,A,10-249,C10-S951_X_K,E_DI_HI,PC_ENT,BE,2016,23.37,b,
ESTAT:ISOC_E_DII(1.0),27/02/26 11:00:00,A,10-249,C10-S951_X_K,E_DI_HI,PC_ENT,BE,2017,28.09,b,
ESTAT:ISOC_E_DII(1.0),27/02/26 11:00:00,A,10-249,C10-S951_X_K,E_DI_HI,PC_ENT,BE,2018,21.38,b,
ESTAT:ISOC_E_DII(1.0),27/02/26 11:00:00,A,10-249,C10-S951_X_K,E_DI_HI,PC_ENT,BE,2019,32.39,b,
ESTAT:ISOC_E_DII(1.0),27/02/26 11:00:00,A,10-249,C10-S951_X_K,E_DI_HI,PC_ENT,BG,2015,10.25,,
ESTAT:ISOC_E_DII(1.0),27/02/26 11:00:00,A,10-249,C10-S951_X_K,E_DI_HI,PC_ENT,BG,2016,8.65,b,
ESTAT:ISOC_E_DII(1.0),27/02/26 11:00:00,A,10-249,C10-S951_X_K,E_DI_HI,PC_ENT,BG,2017,10.54,b,
ESTAT:ISOC_E_DII(1.0),27/02/26 11:00:00,A,10-249,C10-S951_X_K,E_DI_HI,PC_ENT,BG,2018,7.54,b,
ESTAT:ISOC_E_DII(1.0),27/02/26 11:00:00,A,10-249,C10-S951_X_K,E_DI_HI,PC_ENT,BG,2019,10.64,b,
ESTAT:ISOC_E_DII(1.0),27/02/26 11:00:00,A,10-249,C10-S951_X_K,E_DI_HI,PC_ENT,CY,2015,16.24,,
ESTAT:ISOC_E_DII(1.0),27/02/26 11:00:00,A,10-249,C10-S951_X_K,E_DI_HI,PC_ENT,CY,2016,10.93,b,
ESTAT:ISOC_E_DII(1.0),27/02/26 11:00:00,A,10-249,C10-S951_X_K,E_DI_HI,PC_ENT,CY,2017,20.55,b,
ESTAT:ISOC_E_DII(1.0),27/02/26 11:00:00,A,10-249,C10-S951_X_K,E_DI_HI,PC_ENT,CY,2018,12.75,b,
ESTAT:ISOC_E_DII(1.0),27/02/26 11:00:00,A,10-249,C10-S951_X_K,E_DI_HI,PC_ENT,CY,2019,23.36,b,
ESTAT:ISOC_E_DII(1.0),27/02/26 11:00:00,A,10-249,C10-S951_X_K,E_DI_HI,PC_ENT,CZ,2015,15.98,,
ESTAT:ISOC_E_DII(1.0),27/02/26 11:00:00,A,10-249,C10-S951_X_K,E_DI_HI,PC_ENT,CZ,2016,18.45,b,
ESTAT:ISOC_E_DII(1.0),27/02/26 11:00:00,A,10-249,C10-S951_X_K,E_DI_HI,PC_ENT,CZ,2017,13.65,b,
ESTAT:ISOC_E_DII(1.0),27/02/26 11:00:00,A,10-249,C10-S951_X_K,E_DI_HI,PC_ENT,CZ,2018,13.47,b,
ESTAT:ISOC_E_DII(1.0),27/02/26 11:00:00,A,10-249,C10-S951_X_K,E_DI_HI,PC_ENT,CZ,2019,27.04,b,
ESTAT:ISOC_E_DII(1.0),27/02/26 11:00:00,A,10-249,C10-S951_X_K,E_DI_HI,PC_ENT,DE,2015,19.53,,
ESTAT:ISOC_E_DII(1.0),27/02/26 11:00:00,A,10-249,C10-S951_X_K,E_DI_HI,PC_ENT,DE,2016,13.29,b,
ESTAT:ISOC_E_DII(1.0),27/02/26 11:00:00,A,10-249,C10-S951_X_K,E_DI_HI,PC_ENT,DE,2017,22.59,b,
ESTAT:ISOC_E_DII(1.0),27/02/26 11:00:00,A,10-249,C10-S951_X_K,E_DI_HI,PC_ENT,DE,2018,14.49,b,
ESTAT:ISOC_E_DII(1.0),27/02/26 11:00:00,A,10-249,C10-S951_X_K,E_DI_HI,PC_ENT,DE,2019,22.50,b,
ESTAT:ISOC_E_DII(1.0),27/02/26 11:00:00,A,10-249,C10-S951_X_K,E_DI_HI,PC_ENT,DK,2015,36.06,,
ESTAT:ISOC_E_DII(1.0),27/02/26 11:00:00,A,10-249,C10-S951_X_K,E_DI_HI,PC_ENT,DK,2016,41.59,b,
ESTAT:ISOC_E_DII(1.0),27/02/26 11:00:00,A,10-249,C10-S951_X_K,E_DI_HI,PC_ENT,DK,2017,31.81,b,
ESTAT:ISOC_E_DII(1.0),27/02/26 11:00:00,A,10-249,C10-S951_X_K,E_DI_HI,PC_ENT,DK,2018,38.01,b,
ESTAT:ISOC_E_DII(1.0),27/02/26 11:00:00,A,10-249,C10-S951_X_K,E_DI_HI,PC_ENT,DK,2019,40.16,b,
ESTAT:ISOC_E_DII(1.0),27/02/26 11:00:00,A,10-249,C10-S951_X_K,E_DI_HI,PC_ENT,EA,2015,18.45,,
ESTAT:ISOC_E_DII(1.0),27/02/26 11:00:00,A,10-249,C10-S951_X_K,E_DI_HI,PC_ENT,EA,2016,15.62,b,
ESTAT:ISOC_E_DII(1.0),27/02/26 11:00:00,A,10-249,C10-S951_X_K,E_DI_HI,PC_ENT,EA,2017,19.60,,
ESTAT:ISOC_E_DII(1.0),27/02/26 11:00:00,A,10-249,C10-S951_X_K,E_DI_HI,PC_ENT,EA,2018,14.80,,
ESTAT:ISOC_E_DII(1.0),27/02/26 11:00:00,A,10-249,C10-S951_X_K,E_DI_HI,PC_ENT,EA,2019,21.85,,
ESTAT:ISOC_E_DII(1.0),27/02/26 11:00:00,A,10-249,C10-S951_X_K,E_DI_HI,PC_ENT,EE,2015,17.14,,
ESTAT:ISOC_E_DII(1.0),27/02/26 11:00:00,A,10-249,C10-S951_X_K,E_DI_HI,PC_ENT,EE,2016,18.62,b,
ESTAT:ISOC_E_DII(1.0),27/02/26 11:00:00,A,10-249,C10-S951_X_K,E_DI_HI,PC_ENT,EE,2017,18.57,b,
ESTAT:ISOC_E_DII(1.0),27/02/26 11:00:00,A,10-249,C10-S951_X_K,E_DI_HI,PC_ENT,EE,2018,16.83,b,
ESTAT:ISOC_E_DII(1.0),27/02/26 11:00:00,A,10-249,C10-S951_X_K,E_DI_HI,PC_ENT,EE,2019,17.42,b,
ESTAT:ISOC_E_DII(1.0),27/02/26 11:00:00,A,10-249,C10-S951_X_K,E_DI_HI,PC_ENT,EL,2015,8.37,,
ESTAT:ISOC_E_DII(1.0),27/02/26 11:00:00,A,10-249,C10-S951_X_K,E_DI_HI,PC_ENT,EL,2016,16.86,b,
ESTAT:ISOC_E_DII(1.0),27/02/26 11:00:00,A,10-249,C10-S951_X_K,E_DI_HI,PC_ENT,EL,2017,12.14,b,
ESTAT:ISOC_E_DII(1.0),27/02/26 11:00:00,A,10-249,C10-S951_X_K,E_DI_HI,PC_ENT,EL,2018,8.40,b,
ESTAT:ISOC_E_DII(1.0),27/02/26 11:00:00,A,10-249,C10-S951_X_K,E_DI_HI,PC_ENT,EL,2019,5.78,b,
ESTAT:ISOC_E_DII(1.0),27/02/26 11:00:00,A,10-249,C10-S951_X_K,E_DI_HI,PC_ENT,ES,2015,21.32,,
ESTAT:ISOC_E_DII(1.0),27/02/26 11:00:00,A,10-249,C10-S951_X_K,E_DI_HI,PC_ENT,ES,2016,20.64,b,
ESTAT:ISOC_E_DII(1.0),27/02/26 11:00:00,A,10-249,C10-S951_X_K,E_DI_HI,PC_ENT,ES,2017,23.22,b,
ESTAT:ISOC_E_DII(1.0),27/02/26 11:00:00,A,10-249,C10-S951_X_K,E_DI_HI,PC_ENT,ES,2018,11.51,b,
ESTAT:ISOC_E_DII(1.0),27/02/26 11:00:00,A,10-249,C10-S951_X_K,E_DI_HI,PC_ENT,ES,2019,22.07,b,
ESTAT:ISOC_E_DII(1.0),27/02/26 11:00:00,A,10-249,C10-S951_X_K,E_DI_HI,PC_ENT,EU15,2015,19.05,,
ESTAT:ISOC_E_DII(1.0),27/02/26 11:00:00,A,10-249,C10-S951_X_K,E_DI_HI,PC_ENT,EU15,2016,17.14,b,
ESTAT:ISOC_E_DII(1.0),27/02/26 11:00:00,A,10-249,C10-S951_X_K,E_DI_HI,PC_ENT,EU15,2017,19.22,,
ESTAT:ISOC_E_DII(1.0),27/02/26 11:00:00,A,10-249,C10-S951_X_K,E_DI_HI,PC_ENT,EU15,2018,16.13,,
ESTAT:ISOC_E_DII(1.0),27/02/26 11:00:00,A,10-249,C10-S951_X_K,E_DI_HI,PC_ENT,EU27_2007,2015,17.79,,
ESTAT:ISOC_E_DII(1.0),27/02/26 11:00:00,A,10-249,C10-S951_X_K,E_DI_HI,PC_ENT,EU27_2007,2016,16.22,b,
ESTAT:ISOC_E_DII(1.0),27/02/26 11:00:00,A,10-249,C10-S951_X_K,E_DI_HI,PC_ENT,EU27_2007,2017,17.98,,
ESTAT:ISOC_E_DII(1.0),27/02/26 11:00:00,A,10-249,C10-S951_X_K,E_DI_HI,PC_ENT,EU27_2007,2018,15.28,,
ESTAT:ISOC_E_DII(1.0),27/02/26 11:00:00,A,10-249,C10-S951_X_K,E_DI_HI,PC_ENT,EU27_2020,2015,17.63,,
ESTAT:ISOC_E_DII(1.0),27/02/26 11:00:00,A,10-249,C10-S951_X_K,E_DI_HI,PC_ENT,EU27_2020,2016,15.56,,
ESTAT:ISOC_E_DII(1.0),27/02/26 11:00:00,A,10-249,C10-S951_X_K,E_DI_HI,PC_ENT,EU27_2020,2017,18.45,,
ESTAT:ISOC_E_DII(1.0),27/02/26 11:00:00,A,10-249,C10-S951_X_K,E_DI_HI,PC_ENT,EU27_2020,2018,14.78,,
ESTAT:ISOC_E_DII(1.0),27/02/26 11:00:00,A,10-249,C10-S951_X_K,E_DI_HI,PC_ENT,EU27_2020,2019,20.77,,
ESTAT:ISOC_E_DII(1.0),27/02/26 11:00:00,A,10-249,C10-S951_X_K,E_DI_HI,PC_ENT,EU28,2015,17.78,,
ESTAT:ISOC_E_DII(1.0),27/02/26 11:00:00,A,10-249,C10-S951_X_K,E_DI_HI,PC_ENT,EU28,2016,16.21,b,
ESTAT:ISOC_E_DII(1.0),27/02/26 11:00:00,A,10-249,C10-S951_X_K,E_DI_HI,PC_ENT,EU28,2017,17.95,,
ESTAT:ISOC_E_DII(1.0),27/02/26 11:00:00,A,10-249,C10-S951_X_K,E_DI_HI,PC_ENT,EU28,2018,15.27,,
ESTAT:ISOC_E_DII(1.0),27/02/26 11:00:00,A,10-249,C10-S951_X_K,E_DI_HI,PC_ENT,EU28,2019,21.35,,
ESTAT:ISOC_E_DII(1.0),27/02/26 11:00:00,A,10-249,C10-S951_X_K,E_DI_HI,PC_ENT,FI,2015,28.17,,
ESTAT:ISOC_E_DII(1.0),27/02/26 11:00:00,A,10-249,C10-S951_X_K,E_DI_HI,PC_ENT,FI,2016,37.63,b,
ESTAT:ISOC_E_DII(1.0),27/02/26 11:00:00,A,10-249,C10-S951_X_K,E_DI_HI,PC_ENT,FI,2017,32.93,b,
ESTAT:ISOC_E_DII(1.0),27/02/26 11:00:00,A,10-249,C10-S951_X_K,E_DI_HI,PC_ENT,FI,2018,37.43,b,
ESTAT:ISOC_E_DII(1.0),27/02/26 11:00:00,A,10-249,C10-S951_X_K,E_DI_HI,PC_ENT,FI,2019,42.88,b,
ESTAT:ISOC_E_DII(1.0),27/02/26 11:00:00,A,10-249,C10-S951_X_K,E_DI_HI,PC_ENT,FR,2015,16.98,,
ESTAT:ISOC_E_DII(1.0),27/02/26 11:00:00,A,10-249,C10-S951_X_K,E_DI_HI,PC_ENT,FR,2016,12.42,b,
ESTAT:ISOC_E_DII(1.0),27/02/26 11:00:00,A,10-249,C10-S951_X_K,E_DI_HI,PC_ENT,FR,2017,14.86,b,
ESTAT:ISOC_E_DII(1.0),27/02/26 11:00:00,A,10-249,C10-S951_X_K,E_DI_HI,PC_ENT,FR,2018,12.62,b,
ESTAT:ISOC_E_DII(1.0),27/02/26 11:00:00,A,10-249,C10-S951_X_K,E_DI_HI,PC_ENT,FR,2019,20.61,b,
ESTAT:ISOC_E_DII(1.0),27/02/26 11:00:00,A,10-249,C10-S951_X_K,E_DI_HI,PC_ENT,HR,2015,16.46,,
ESTAT:ISOC_E_DII(1.0),27/02/26 11:00:00,A,10-249,C10-S951_X_K,E_DI_HI,PC_ENT,HR,2016,16.07,b,
ESTAT:ISOC_E_DII(1.0),27/02/26 11:00:00,A,10-249,C10-S951_X_K,E_DI_HI,PC_ENT,HR,2017,14.31,b,
ESTAT:ISOC_E_DII(1.0),27/02/26 11:00:00,A,10-249,C10-S951_X_K,E_DI_HI,PC_ENT,HR,2018,13.14,b,
ESTAT:ISOC_E_DII(1.0),27/02/26 11:00:00,A,10-249,C10-S951_X_K,E_DI_HI,PC_ENT,HR,2019,18.65,b,
ESTAT:ISOC_E_DII(1.0),27/02/26 11:00:00,A,10-249,C10-S951_X_K,E_DI_HI,PC_ENT,HU,2015,11.65,,
ESTAT:ISOC_E_DII(1.0),27/02/26 11:00:00,A,10-249,C10-S951_X_K,E_DI_HI,PC_ENT,HU,2016,13.18,b,
ESTAT:ISOC_E_DII(1.0),27/02/26 11:00:00,A,10-249,C10-S951_X_K,E_DI_HI,PC_ENT,HU,2017,12.71,b,
ESTAT:ISOC_E_DII(1.0),27/02/26 11:00:00,A,10-249,C10-S951_X_K,E_DI_HI,PC_ENT,HU,2018,12.60,b,
ESTAT:ISOC_E_DII(1.0),27/02/26 11:00:00,A,10-249,C10-S951_X_K,E_DI_HI,PC_ENT,HU,2019,12.96,b,
ESTAT:ISOC_E_DII(1.0),27/02/26 11:00:00,A,10-249,C10-S951_X_K,E_DI_HI,PC_ENT,IE,2015,19.48,,
ESTAT:ISOC_E_DII(1.0),27/02/26 11:00:00,A,10-249,C10-S951_X_K,E_DI_HI,PC_ENT,IE,2016,18.00,b,
ESTAT:ISOC_E_DII(1.0),27/02/26 11:00:00,A,10-249,C10-S951_X_K,E_DI_HI,PC_ENT,IE,2017,19.74,b,
ESTAT:ISOC_E_DII(1.0),27/02/26 11:00:00,A,10-249,C10-S951_X_K,E_DI_HI,PC_ENT,IE,2018,24.95,b,
ESTAT:ISOC_E_DII(1.0),27/02/26 11:00:00,A,10-249,C10-S951_X_K,E_DI_HI,PC_ENT,IE,2019,27.11,b,
ESTAT:ISOC_E_DII(1.0),27/02/26 11:00:00,A,10-249,C10-S951_X_K,E_DI_HI,PC_ENT,IT,2015,11.30,,
ESTAT:ISOC_E_DII(1.0),27/02/26 11:00:00,A,10-249,C10-S951_X_K,E_DI_HI,PC_ENT,IT,2016,10.70,b,
ESTAT:ISOC_E_DII(1.0),27/02/26 11:00:00,A,10-249,C10-S951_X_K,E_DI_HI,PC_ENT,IT,2017,11.49,b,
ESTAT:ISOC_E_DII(1.0),27/02/26 11:00:00,A,10-249,C10-S951_X_K,E_DI_HI,PC_ENT,IT,2018,12.17,b,
ESTAT:ISOC_E_DII(1.0),27/02/26 11:00:00,A,10-249,C10-S951_X_K,E_DI_HI,PC_ENT,IT,2019,17.57,b,
ESTAT:ISOC_E_DII(1.0),27/02/26 11:00:00,A,10-249,C10-S951_X_K,E_DI_HI,PC_ENT,LT,2015,20.69,,
ESTAT:ISOC_E_DII(1.0),27/02/26 11:00:00,A,10-249,C10-S951_X_K,E_DI_HI,PC_ENT,LT,2016,20.78,b,
ESTAT:ISOC_E_DII(1.0),27/02/26 11:00:00,A,10-249,C10-S951_X_K,E_DI_HI,PC_ENT,LT,2017,23.34,b,
ESTAT:ISOC_E_DII(1.0),27/02/26 11:00:00,A,10-249,C10-S951_X_K,E_DI_HI,PC_ENT,LT,2018,20.71,b,
ESTAT:ISOC_E_DII(1.0),27/02/26 11:00:00,A,10-249,C10-S951_X_K,E_DI_HI,PC_ENT,LT,2019,25.75,b,
ESTAT:ISOC_E_DII(1.0),27/02/26 11:00:00,A,10-249,C10-S951_X_K,E_DI_HI,PC_ENT,LU,2015,21.73,,
ESTAT:ISOC_E_DII(1.0),27/02/26 11:00:00,A,10-249,C10-S951_X_K,E_DI_HI,PC_ENT,LU,2016,19.45,b,
ESTAT:ISOC_E_DII(1.0),27/02/26 11:00:00,A,10-249,C10-S951_X_K,E_DI_HI,PC_ENT,LU,2017,21.60,b,
ESTAT:ISOC_E_DII(1.0),27/02/26 11:00:00,A,10-249,C10-S951_X_K,E_DI_HI,PC_ENT,LU,2018,18.51,b,
ESTAT:ISOC_E_DII(1.0),27/02/26 11:00:00,A,10-249,C10-S951_X_K,E_DI_HI,PC_ENT,LU,2019,27.55,b,
ESTAT:ISOC_E_DII(1.0),27/02/26 11:00:00,A,10-249,C10-S951_X_K,E_DI_HI,PC_ENT,LV,2015,10.60,,
ESTAT:ISOC_E_DII(1.0),27/02/26 11:00:00,A,10-249,C10-S951_X_K,E_DI_HI,PC_ENT,LV,2016,10.02,b,
ESTAT:ISOC_E_DII(1.0),27/02/26 11:00:00,A,10-249,C10-S951_X_K,E_DI_HI,PC_ENT,LV,2017,9.38,b,
ESTAT:ISOC_E_DII(1.0),27/02/26 11:00:00,A,10-249,C10-S951_X_K,E_DI_HI,PC_ENT,LV,2018,8.73,b,
ESTAT:ISOC_E_DII(1.0),27/02/26 11:00:00,A,10-249,C10-S951_X_K,E_DI_HI,PC_ENT,LV,2019,12.31,b,
ESTAT:ISOC_E_DII(1.0),27/02/26 11:00:00,A,10-249,C10-S951_X_K,E_DI_HI,PC_ENT,ME,2017,18.91,b,
ESTAT:ISOC_E_DII(1.0),27/02/26 11:00:00,A,10-249,C10-S951_X_K,E_DI_HI,PC_ENT,ME,2018,14.47,b,
ESTAT:ISOC_E_DII(1.0),27/02/26 11:00:00,A,10-249,C10-S951_X_K,E_DI_HI,PC_ENT,ME,2019,23.41,b,
ESTAT:ISOC_E_DII(1.0),27/02/26 11:00:00,A,10-249,C10-S951_X_K,E_DI_HI,PC_ENT,MK,2015,11.63,,
ESTAT:ISOC_E_DII(1.0),27/02/26 11:00:00,A,10-249,C10-S951_X_K,E_DI_HI,PC_ENT,MK,2016,12.12,b,
ESTAT:ISOC_E_DII(1.0),27/02/26 11:00:00,A,10-249,C10-S951_X_K,E_DI_HI,PC_ENT,MT,2015,23.56,,
ESTAT:ISOC_E_DII(1.0),27/02/26 11:00:00,A,10-249,C10-S951_X_K,E_DI_HI,PC_ENT,MT,2016,28.92,b,
ESTAT:ISOC_E_DII(1.0),27/02/26 11:00:00,A,10-249,C10-S951_X_K,E_DI_HI,PC_ENT,MT,2017,20.96,b,
ESTAT:ISOC_E_DII(1.0),27/02/26 11:00:00,A,10-249,C10-S951_X_K,E_DI_HI,PC_ENT,MT,2018,26.30,b,
ESTAT:ISOC_E_DII(1.0),27/02/26 11:00:00,A,10-249,C10-S951_X_K,E_DI_HI,PC_ENT,MT,2019,34.70,b,
ESTAT:ISOC_E_DII(1.0),27/02/26 11:00:00,A,10-249,C10-S951_X_K,E_DI_HI,PC_ENT,NL,2015,34.84,,
ESTAT:ISOC_E_DII(1.0),27/02/26 11:00:00,A,10-249,C10-S951_X_K,E_DI_HI,PC_ENT,NL,2016,30.84,b,
ESTAT:ISOC_E_DII(1.0),27/02/26 11:00:00,A,10-249,C10-S951_X_K,E_DI_HI,PC_ENT,NL,2017,33.59,b,
ESTAT:ISOC_E_DII(1.0),27/02/26 11:00:00,A,10-249,C10-S951_X_K,E_DI_HI,PC_ENT,NL,2018,31.67,b,
ESTAT:ISOC_E_DII(1.0),27/02/26 11:00:00,A,10-249,C10-S951_X_K,E_DI_HI,PC_ENT,NL,2019,33.50,b,
ESTAT:ISOC_E_DII(1.0),27/02/26 11:00:00,A,10-249,C10-S951_X_K,E_DI_HI,PC_ENT,NO,2015,30.58,,
ESTAT:ISOC_E_DII(1.0),27/02/26 11:00:00,A,10-249,C10-S951_X_K,E_DI_HI,PC_ENT,NO,2016,34.08,b,
ESTAT:ISOC_E_DII(1.0),27/02/26 11:00:00,A,10-249,C10-S951_X_K,E_DI_HI,PC_ENT,NO,2017,26.46,b,
ESTAT:ISOC_E_DII(1.0),27/02/26 11:00:00,A,10-249,C10-S951_X_K,E_DI_HI,PC_ENT,NO,2018,32.49,b,
ESTAT:ISOC_E_DII(1.0),27/02/26 11:00:00,A,10-249,C10-S951_X_K,E_DI_HI,PC_ENT,NO,2019,27.09,b,
ESTAT:ISOC_E_DII(1.0),27/02/26 11:00:00,A,10-249,C10-S951_X_K,E_DI_HI,PC_ENT,PL,2015,11.90,,
ESTAT:ISOC_E_DII(1.0),27/02/26 11:00:00,A,10-249,C10-S951_X_K,E_DI_HI,PC_ENT,PL,2016,11.01,b,
ESTAT:ISOC_E_DII(1.0),27/02/26 11:00:00,A,10-249,C10-S951_X_K,E_DI_HI,PC_ENT,PL,2017,11.99,b,
ESTAT:ISOC_E_DII(1.0),27/02/26 11:00:00,A,10-249,C10-S951_X_K,E_DI_HI,PC_ENT,PL,2018,10.20,b,
ESTAT:ISOC_E_DII(1.0),27/02/26 11:00:00,A,10-249,C10-S951_X_K,E_DI_HI,PC_ENT,PL,2019,8.54,b,
ESTAT:ISOC_E_DII(1.0),27/02/26 11:00:00,A,10-249,C10-S951_X_K,E_DI_HI,PC_ENT,PT,2015,15.50,,
ESTAT:ISOC_E_DII(1.0),27/02/26 11:00:00,A,10-249,C10-S951_X_K,E_DI_HI,PC_ENT,PT,2016,17.52,b,
ESTAT:ISOC_E_DII(1.0),27/02/26 11:00:00,A,10-249,C10-S951_X_K,E_DI_HI,PC_ENT,PT,2017,20.46,b,
ESTAT:ISOC_E_DII(1.0),27/02/26 11:00:00,A,10-249,C10-S951_X_K,E_DI_HI,PC_ENT,PT,2018,13.88,b,
ESTAT:ISOC_E_DII(1.0),27/02/26 11:00:00,A,10-249,C10-S951_X_K,E_DI_HI,PC_ENT,PT,2019,20.38,b,
ESTAT:ISOC_E_DII(1.0),27/02/26 11:00:00,A,10-249,C10-S951_X_K,E_DI_HI,PC_ENT,RO,2015,9.66,,
ESTAT:ISOC_E_DII(1.0),27/02/26 11:00:00,A,10-249,C10-S951_X_K,E_DI_HI,PC_ENT,RO,2016,6.94,b,
ESTAT:ISOC_E_DII(1.0),27/02/26 11:00:00,A,10-249,C10-S951_X_K,E_DI_HI,PC_ENT,RO,2017,9.14,b,
ESTAT:ISOC_E_DII(1.0),27/02/26 11:00:00,A,10-249,C10-S951_X_K,E_DI_HI,PC_ENT,RO,2018,9.88,b,
ESTAT:ISOC_E_DII(1.0),27/02/26 11:00:00,A,10-249,C10-S951_X_K,E_DI_HI,PC_ENT,RO,2019,9.01,b,
ESTAT:ISOC_E_DII(1.0),27/02/26 11:00:00,A,10-249,C10-S951_X_K,E_DI_HI,PC_ENT,RS,2017,19.41,b,
ESTAT:ISOC_E_DII(1.0),27/02/26 11:00:00,A,10-249,C10-S951_X_K,E_DI_HI,PC_ENT,RS,2018,18.33,b,
ESTAT:ISOC_E_DII(1.0),27/02/26 11:00:00,A,10-249,C10-S951_X_K,E_DI_HI,PC_ENT,RS,2019,19.78,b,
ESTAT:ISOC_E_DII(1.0),27/02/26 11:00:00,A,10-249,C10-S951_X_K,E_DI_HI,PC_ENT,SE,2015,26.75,,
ESTAT:ISOC_E_DII(1.0),27/02/26 11:00:00,A,10-249,C10-S951_X_K,E_DI_HI,PC_ENT,SE,2016,32.68,b,
ESTAT:ISOC_E_DII(1.0),27/02/26 11:00:00,A,10-249,C10-S951_X_K,E_DI_HI,PC_ENT,SE,2017,26.30,b,
ESTAT:ISOC_E_DII(1.0),27/02/26 11:00:00,A,10-249,C10-S951_X_K,E_DI_HI,PC_ENT,SE,2018,32.72,b,
ESTAT:ISOC_E_DII(1.0),27/02/26 11:00:00,A,10-249,C10-S951_X_K,E_DI_HI,PC_ENT,SE,2019,38.45,b,
ESTAT:ISOC_E_DII(1.0),27/02/26 11:00:00,A,10-249,C10-S951_X_K,E_DI_HI,PC_ENT,SI,2015,15.58,,
ESTAT:ISOC_E_DII(1.0),27/02/26 11:00:00,A,10-249,C10-S951_X_K,E_DI_HI,PC_ENT,SI,2016,16.47,b,
ESTAT:ISOC_E_DII(1.0),27/02/26 11:00:00,A,10-249,C10-S951_X_K,E_DI_HI,PC_ENT,SI,2017,17.57,b,
ESTAT:ISOC_E_DII(1.0),27/02/26 11:00:00,A,10-249,C10-S951_X_K,E_DI_HI,PC_ENT,SI,2018,22.60,b,
ESTAT:ISOC_E_DII(1.0),27/02/26 11:00:00,A,10-249,C10-S951_X_K,E_DI_HI,PC_ENT,SI,2019,17.66,b,
ESTAT:ISOC_E_DII(1.0),27/02/26 11:00:00,A,10-249,C10-S951_X_K,E_DI_HI,PC_ENT,SK,2015,16.52,,
ESTAT:ISOC_E_DII(1.0),27/02/26 11:00:00,A,10-249,C10-S951_X_K,E_DI_HI,PC_ENT,SK,2016,15.66,b,
ESTAT:ISOC_E_DII(1.0),27/02/26 11:00:00,A,10-249,C10-S951_X_K,E_DI_HI,PC_ENT,SK,2017,15.53,b,
ESTAT:ISOC_E_DII(1.0),27/02/26 11:00:00,A,10-249,C10-S951_X_K,E_DI_HI,PC_ENT,SK,2018,11.30,b,
ESTAT:ISOC_E_DII(1.0),27/02/26 11:00:00,A,10-249,C10-S951_X_K,E_DI_HI,PC_ENT,SK,2019,15.06,b,
ESTAT:ISOC_E_DII(1.0),27/02/26 11:00:00,A,10-249,C10-S951_X_K,E_DI_HI,PC_ENT,TR,2017,6.28,b,
ESTAT:ISOC_E_DII(1.0),27/02/26 11:00:00,A,10-249,C10-S951_X_K,E_DI_HI,PC_ENT,TR,2018,0.98,b,
ESTAT:ISOC_E_DII(1.0),27/02/26 11:00:00,A,10-249,C10-S951_X_K,E_DI_HI,PC_ENT,UK,2015,18.79,,
ESTAT:ISOC_E_DII(1.0),27/02/26 11:00:00,A,10-249,C10-S951_X_K,E_DI_HI,PC_ENT,UK,2016,20.64,b,
ESTAT:ISOC_E_DII(1.0),27/02/26 11:00:00,A,10-249,C10-S951_X_K,E_DI_HI,PC_ENT,UK,2017,14.60,b,
ESTAT:ISOC_E_DII(1.0),27/02/26 11:00:00,A,10-249,C10-S951_X_K,E_DI_HI,PC_ENT,UK,2018,18.62,b,
ESTAT:ISOC_E_DII(1.0),27/02/26 11:00:00,A,10-249,C10-S951_X_K,E_DI_HI,PC_ENT,UK,2019,25.39,b,
ESTAT:ISOC_E_DII(1.0),27/02/26 11:00:00,A,10-249,C10-S951_X_K,E_DI_LO,PC_ENT,AT,2015,45.52,,
ESTAT:ISOC_E_DII(1.0),27/02/26 11:00:00,A,10-249,C10-S951_X_K,E_DI_LO,PC_ENT,AT,2016,46.11,b,
ESTAT:ISOC_E_DII(1.0),27/02/26 11:00:00,A,10-249,C10-S951_X_K,E_DI_LO,PC_ENT,AT,2017,37.10,b,
ESTAT:ISOC_E_DII(1.0),27/02/26 11:00:00,A,10-249,C10-S951_X_K,E_DI_LO,PC_ENT,AT,2018,42.78,b,
ESTAT:ISOC_E_DII(1.0),27/02/26 11:00:00,A,10-249,C10-S951_X_K,E_DI_LO,PC_ENT,AT,2019,37.03,b,
ESTAT:ISOC_E_DII(1.0),27/02/26 11:00:00,A,10-249,C10-S951_X_K,E_DI_LO,PC_ENT,BA,2018,31.09,b,
ESTAT:ISOC_E_DII(1.0),27/02/26 11:00:00,A,10-249,C10-S951_X_K,E_DI_LO,PC_ENT,BA,2019,28.64,b,
ESTAT:ISOC_E_DII(1.0),27/02/26 11:00:00,A,10-249,C10-S951_X_K,E_DI_LO,PC_ENT,BE,2015,40.08,,
ESTAT:ISOC_E_DII(1.0),27/02/26 11:00:00,A,10-249,C10-S951_X_K,E_DI_LO,PC_ENT,BE,2016,44.38,b,
ESTAT:ISOC_E_DII(1.0),27/02/26 11:00:00,A,10-249,C10-S951_X_K,E_DI_LO,PC_ENT,BE,2017,37.00,b,
ESTAT:ISOC_E_DII(1.0),27/02/26 11:00:00,A,10-249,C10-S951_X_K,E_DI_LO,PC_ENT,BE,2018,40.16,b,
ESTAT:ISOC_E_DII(1.0),27/02/26 11:00:00,A,10-249,C10-S951_X_K,E_DI_LO,PC_ENT,BE,2019,33.34,b,
ESTAT:ISOC_E_DII(1.0),27/02/26 11:00:00,A,10-249,C10-S951_X_K,E_DI_LO,PC_ENT,BG,2015,28.09,,
ESTAT:ISOC_E_DII(1.0),27/02/26 11:00:00,A,10-249,C10-S951_X_K,E_DI_LO,PC_ENT,BG,2016,27.48,b,
ESTAT:ISOC_E_DII(1.0),27/02/26 11:00:00,A,10-249,C10-S951_X_K,E_DI_LO,PC_ENT,BG,2017,24.32,b,
ESTAT:ISOC_E_DII(1.0),27/02/26 11:00:00,A,10-249,C10-S951_X_K,E_DI_LO,PC_ENT,BG,2018,24.32,b,
ESTAT:ISOC_E_DII(1.0),27/02/26 11:00:00,A,10-249,C10-S951_X_K,E_DI_LO,PC_ENT,BG,2019,26.55,b,
ESTAT:ISOC_E_DII(1.0),27/02/26 11:00:00,A,10-249,C10-S951_X_K,E_DI_LO,PC_ENT,CY,2015,36.96,,
ESTAT:ISOC_E_DII(1.0),27/02/26 11:00:00,A,10-249,C10-S951_X_K,E_DI_LO,PC_ENT,CY,2016,40.96,b,
ESTAT:ISOC_E_DII(1.0),27/02/26 11:00:00,A,10-249,C10-S951_X_K,E_DI_LO,PC_ENT,CY,2017,37.10,b,
ESTAT:ISOC_E_DII(1.0),27/02/26 11:00:00,A,10-249,C10-S951_X_K,E_DI_LO,PC_ENT,CY,2018,40.75,b,
ESTAT:ISOC_E_DII(1.0),27/02/26 11:00:00,A,10-249,C10-S951_X_K,E_DI_LO,PC_ENT,CY,2019,36.61,b,
ESTAT:ISOC_E_DII(1.0),27/02/26 11:00:00,A,10-249,C10-S951_X_K,E_DI_LO,PC_ENT,CZ,2015,37.12,,
ESTAT:ISOC_E_DII(1.0),27/02/26 11:00:00,A,10-249,C10-S951_X_K,E_DI_LO,PC_ENT,CZ,2016,40.40,b,
ESTAT:ISOC_E_DII(1.0),27/02/26 11:00:00,A,10-249,C10-S951_X_K,E_DI_LO,PC_ENT,CZ,2017,34.56,b,
ESTAT:ISOC_E_DII(1.0),27/02/26 11:00:00,A,10-249,C10-S951_X_K,E_DI_LO,PC_ENT,CZ,2018,34.65,b,
ESTAT:ISOC_E_DII(1.0),27/02/26 11:00:00,A,10-249,C10-S951_X_K,E_DI_LO,PC_ENT,CZ,2019,40.16,b,
ESTAT:ISOC_E_DII(1.0),27/02/26 11:00:00,A,10-249,C10-S951_X_K,E_DI_LO,PC_ENT,DE,2015,42.71,,
ESTAT:ISOC_E_DII(1.0),27/02/26 11:00:00,A,10-249,C10-S951_X_K,E_DI_LO,PC_ENT,DE,2016,44.11,b,
ESTAT:ISOC_E_DII(1.0),27/02/26 11:00:00,A,10-249,C10-S951_X_K,E_DI_LO,PC_ENT,DE,2017,39.12,b,
ESTAT:ISOC_E_DII(1.0),27/02/26 11:00:00,A,10-249,C10-S951_X_K,E_DI_LO,PC_ENT,DE,2018,42.25,b,
ESTAT:ISOC_E_DII(1.0),27/02/26 11:00:00,A,10-249,C10-S951_X_K,E_DI_LO,PC_ENT,DE,2019,39.99,b,
ESTAT:ISOC_E_DII(1.0),27/02/26 11:00:00,A,10-249,C10-S951_X_K,E_DI_LO,PC_ENT,DK,2015,36.11,,
ESTAT:ISOC_E_DII(1.0),27/02/26 11:00:00,A,10-249,C10-S951_X_K,E_DI_LO,PC_ENT,DK,2016,35.63,b,
ESTAT:ISOC_E_DII(1.0),27/02/26 11:00:00,A,10-249,C10-S951_X_K,E_DI_LO,PC_ENT,DK,2017,39.52,b,
ESTAT:ISOC_E_DII(1.0),27/02/26 11:00:00,A,10-249,C10-S951_X_K,E_DI_LO,PC_ENT,DK,2018,37.75,b,
ESTAT:ISOC_E_DII(1.0),27/02/26 11:00:00,A,10-249,C10-S951_X_K,E_DI_LO,PC_ENT,DK,2019,32.98,b,
ESTAT:ISOC_E_DII(1.0),27/02/26 11:00:00,A,10-249,C10-S951_X_K,E_DI_LO,PC_ENT,EA,2015,38.86,,
ESTAT:ISOC_E_DII(1.0),27/02/26 11:00:00,A,10-249,C10-S951_X_K,E_DI_LO,PC_ENT,EA,2016,40.19,b,
ESTAT:ISOC_E_DII(1.0),27/02/26 11:00:00,A,10-249,C10-S951_X_K,E_DI_LO,PC_ENT,EA,2017,35.90,,
ESTAT:ISOC_E_DII(1.0),27/02/26 11:00:00,A,10-249,C10-S951_X_K,E_DI_LO,PC_ENT,EA,2018,36.77,,
ESTAT:ISOC_E_DII(1.0),27/02/26 11:00:00,A,10-249,C10-S951_X_K,E_DI_LO,PC_ENT,EA,2019,37.34,,
ESTAT:ISOC_E_DII(1.0),27/02/26 11:00:00,A,10-249,C10-S951_X_K,E_DI_LO,PC_ENT,EE,2015,40.31,,
ESTAT:ISOC_E_DII(1.0),27/02/26 11:00:00,A,10-249,C10-S951_X_K,E_DI_LO,PC_ENT,EE,2016,40.77,b,
ESTAT:ISOC_E_DII(1.0),27/02/26 11:00:00,A,10-249,C10-S951_X_K,E_DI_LO,PC_ENT,EE,2017,35.00,b,
ESTAT:ISOC_E_DII(1.0),27/02/26 11:00:00,A,10-249,C10-S951_X_K,E_DI_LO,PC_ENT,EE,2018,37.65,b,
ESTAT:ISOC_E_DII(1.0),27/02/26 11:00:00,A,10-249,C10-S951_X_K,E_DI_LO,PC_ENT,EE,2019,33.86,b,
ESTAT:ISOC_E_DII(1.0),27/02/26 11:00:00,A,10-249,C10-S951_X_K,E_DI_LO,PC_ENT,EL,2015,37.44,,
ESTAT:ISOC_E_DII(1.0),27/02/26 11:00:00,A,10-249,C10-S951_X_K,E_DI_LO,PC_ENT,EL,2016,37.85,b,
ESTAT:ISOC_E_DII(1.0),27/02/26 11:00:00,A,10-249,C10-S951_X_K,E_DI_LO,PC_ENT,EL,2017,32.60,b,
ESTAT:ISOC_E_DII(1.0),27/02/26 11:00:00,A,10-249,C10-S951_X_K,E_DI_LO,PC_ENT,EL,2018,30.32,b,
ESTAT:ISOC_E_DII(1.0),27/02/26 11:00:00,A,10-249,C10-S951_X_K,E_DI_LO,PC_ENT,EL,2019,26.59,b,
ESTAT:ISOC_E_DII(1.0),27/02/26 11:00:00,A,10-249,C10-S951_X_K,E_DI_LO,PC_ENT,ES,2015,36.75,,
ESTAT:ISOC_E_DII(1.0),27/02/26 11:00:00,A,10-249,C10-S951_X_K,E_DI_LO,PC_ENT,ES,2016,39.59,b,
ESTAT:ISOC_E_DII(1.0),27/02/26 11:00:00,A,10-249,C10-S951_X_K,E_DI_LO,PC_ENT,ES,2017,36.44,b,
ESTAT:ISOC_E_DII(1.0),27/02/26 11:00:00,A,10-249,C10-S951_X_K,E_DI_LO,PC_ENT,ES,2018,29.80,b,
ESTAT:ISOC_E_DII(1.0),27/02/26 11:00:00,A,10-249,C10-S951_X_K,E_DI_LO,PC_ENT,ES,2019,39.25,b,
ESTAT:ISOC_E_DII(1.0),27/02/26 11:00:00,A,10-249,C10-S951_X_K,E_DI_LO,PC_ENT,EU15,2015,39.38,,
ESTAT:ISOC_E_DII(1.0),27/02/26 11:00:00,A,10-249,C10-S951_X_K,E_DI_LO,PC_ENT,EU15,2016,40.63,b,
ESTAT:ISOC_E_DII(1.0),27/02/26 11:00:00,A,10-249,C10-S951_X_K,E_DI_LO,PC_ENT,EU15,2017,37.15,,
ESTAT:ISOC_E_DII(1.0),27/02/26 11:00:00,A,10-249,C10-S951_X_K,E_DI_LO,PC_ENT,EU15,2018,37.30,,
ESTAT:ISOC_E_DII(1.0),27/02/26 11:00:00,A,10-249,C10-S951_X_K,E_DI_LO,PC_ENT,EU27_2007,2015,37.90,,
ESTAT:ISOC_E_DII(1.0),27/02/26 11:00:00,A,10-249,C10-S951_X_K,E_DI_LO,PC_ENT,EU27_2007,2016,39.41,b,
ESTAT:ISOC_E_DII(1.0),27/02/26 11:00:00,A,10-249,C10-S951_X_K,E_DI_LO,PC_ENT,EU27_2007,2017,36.30,,
ESTAT:ISOC_E_DII(1.0),27/02/26 11:00:00,A,10-249,C10-S951_X_K,E_DI_LO,PC_ENT,EU27_2007,2018,36.17,,
ESTAT:ISOC_E_DII(1.0),27/02/26 11:00:00,A,10-249,C10-S951_X_K,E_DI_LO,PC_ENT,EU27_2020,2015,37.37,,
ESTAT:ISOC_E_DII(1.0),27/02/26 11:00:00,A,10-249,C10-S951_X_K,E_DI_LO,PC_ENT,EU27_2020,2016,38.78,,
ESTAT:ISOC_E_DII(1.0),27/02/26 11:00:00,A,10-249,C10-S951_X_K,E_DI_LO,PC_ENT,EU27_2020,2017,35.38,,
ESTAT:ISOC_E_DII(1.0),27/02/26 11:00:00,A,10-249,C10-S951_X_K,E_DI_LO,PC_ENT,EU27_2020,2018,35.57,,
ESTAT:ISOC_E_DII(1.0),27/02/26 11:00:00,A,10-249,C10-S951_X_K,E_DI_LO,PC_ENT,EU27_2020,2019,35.59,,
ESTAT:ISOC_E_DII(1.0),27/02/26 11:00:00,A,10-249,C10-S951_X_K,E_DI_LO,PC_ENT,EU28,2015,37.91,,
ESTAT:ISOC_E_DII(1.0),27/02/26 11:00:00,A,10-249,C10-S951_X_K,E_DI_LO,PC_ENT,EU28,2016,39.41,b,
ESTAT:ISOC_E_DII(1.0),27/02/26 11:00:00,A,10-249,C10-S951_X_K,E_DI_LO,PC_ENT,EU28,2017,36.28,,
ESTAT:ISOC_E_DII(1.0),27/02/26 11:00:00,A,10-249,C10-S951_X_K,E_DI_LO,PC_ENT,EU28,2018,36.15,,
ESTAT:ISOC_E_DII(1.0),27/02/26 11:00:00,A,10-249,C10-S951_X_K,E_DI_LO,PC_ENT,EU28,2019,35.89,,
ESTAT:ISOC_E_DII(1.0),27/02/26 11:00:00,A,10-249,C10-S951_X_K,E_DI_LO,PC_ENT,FI,2015,42.82,,
ESTAT:ISOC_E_DII(1.0),27/02/26 11:00:00,A,10-249,C10-S951_X_K,E_DI_LO,PC_ENT,FI,2016,40.66,b,
ESTAT:ISOC_E_DII(1.0),27/02/26 11:00:00,A,10-249,C10-S951_X_K,E_DI_LO,PC_ENT,FI,2017,49.21,b,
ESTAT:ISOC_E_DII(1.0),27/02/26 11:00:00,A,10-249,C10-S951_X_K,E_DI_LO,PC_ENT,FI,2018,40.41,b,
ESTAT:ISOC_E_DII(1.0),27/02/26 11:00:00,A,10-249,C10-S951_X_K,E_DI_LO,PC_ENT,FI,2019,33.50,b,
ESTAT:ISOC_E_DII(1.0),27/02/26 11:00:00,A,10-249,C10-S951_X_K,E_DI_LO,PC_ENT,FR,2015,34.84,,
ESTAT:ISOC_E_DII(1.0),27/02/26 11:00:00,A,10-249,C10-S951_X_K,E_DI_LO,PC_ENT,FR,2016,36.85,b,
ESTAT:ISOC_E_DII(1.0),27/02/26 11:00:00,A,10-249,C10-S951_X_K,E_DI_LO,PC_ENT,FR,2017,32.11,b,
ESTAT:ISOC_E_DII(1.0),27/02/26 11:00:00,A,10-249,C10-S951_X_K,E_DI_LO,PC_ENT,FR,2018,34.89,b,
ESTAT:ISOC_E_DII(1.0),27/02/26 11:00:00,A,10-249,C10-S951_X_K,E_DI_LO,PC_ENT,FR,2019,34.29,b,
ESTAT:ISOC_E_DII(1.0),27/02/26 11:00:00,A,10-249,C10-S951_X_K,E_DI_LO,PC_ENT,HR,2015,39.10,,
ESTAT:ISOC_E_DII(1.0),27/02/26 11:00:00,A,10-249,C10-S951_X_K,E_DI_LO,PC_ENT,HR,2016,39.06,b,
ESTAT:ISOC_E_DII(1.0),27/02/26 11:00:00,A,10-249,C10-S951_X_K,E_DI_LO,PC_ENT,HR,2017,34.03,b,
ESTAT:ISOC_E_DII(1.0),27/02/26 11:00:00,A,10-249,C10-S951_X_K,E_DI_LO,PC_ENT,HR,2018,33.03,b,
ESTAT:ISOC_E_DII(1.0),27/02/26 11:00:00,A,10-249,C10-S951_X_K,E_DI_LO,PC_ENT,HR,2019,31.28,b,
ESTAT:ISOC_E_DII(1.0),27/02/26 11:00:00,A,10-249,C10-S951_X_K,E_DI_LO,PC_ENT,HU,2015,31.77,,
ESTAT:ISOC_E_DII(1.0),27/02/26 11:00:00,A,10-249,C10-S951_X_K,E_DI_LO,PC_ENT,HU,2016,34.20,b,
ESTAT:ISOC_E_DII(1.0),27/02/26 11:00:00,A,10-249,C10-S951_X_K,E_DI_LO,PC_ENT,HU,2017,31.71,b,
ESTAT:ISOC_E_DII(1.0),27/02/26 11:00:00,A,10-249,C10-S951_X_K,E_DI_LO,PC_ENT,HU,2018,29.80,b,
ESTAT:ISOC_E_DII(1.0),27/02/26 11:00:00,A,10-249,C10-S951_X_K,E_DI_LO,PC_ENT,HU,2019,27.06,b,
ESTAT:ISOC_E_DII(1.0),27/02/26 11:00:00,A,10-249,C10-S951_X_K,E_DI_LO,PC_ENT,IE,2015,36.23,,
ESTAT:ISOC_E_DII(1.0),27/02/26 11:00:00,A,10-249,C10-S951_X_K,E_DI_LO,PC_ENT,IE,2016,38.90,b,
ESTAT:ISOC_E_DII(1.0),27/02/26 11:00:00,A,10-249,C10-S951_X_K,E_DI_LO,PC_ENT,IE,2017,37.21,b,
ESTAT:ISOC_E_DII(1.0),27/02/26 11:00:00,A,10-249,C10-S951_X_K,E_DI_LO,PC_ENT,IE,2018,37.61,b,
ESTAT:ISOC_E_DII(1.0),27/02/26 11:00:00,A,10-249,C10-S951_X_K,E_DI_LO,PC_ENT,IE,2019,38.14,b,
ESTAT:ISOC_E_DII(1.0),27/02/26 11:00:00,A,10-249,C10-S951_X_K,E_DI_LO,PC_ENT,IT,2015,37.49,,
ESTAT:ISOC_E_DII(1.0),27/02/26 11:00:00,A,10-249,C10-S951_X_K,E_DI_LO,PC_ENT,IT,2016,34.95,b,
ESTAT:ISOC_E_DII(1.0),27/02/26 11:00:00,A,10-249,C10-S951_X_K,E_DI_LO,PC_ENT,IT,2017,31.72,b,
ESTAT:ISOC_E_DII(1.0),27/02/26 11:00:00,A,10-249,C10-S951_X_K,E_DI_LO,PC_ENT,IT,2018,31.42,b,
ESTAT:ISOC_E_DII(1.0),27/02/26 11:00:00,A,10-249,C10-S951_X_K,E_DI_LO,PC_ENT,IT,2019,37.95,b,
ESTAT:ISOC_E_DII(1.0),27/02/26 11:00:00,A,10-249,C10-S951_X_K,E_DI_LO,PC_ENT,LT,2015,39.21,,
ESTAT:ISOC_E_DII(1.0),27/02/26 11:00:00,A,10-249,C10-S951_X_K,E_DI_LO,PC_ENT,LT,2016,39.70,b,
ESTAT:ISOC_E_DII(1.0),27/02/26 11:00:00,A,10-249,C10-S951_X_K,E_DI_LO,PC_ENT,LT,2017,37.95,b,
ESTAT:ISOC_E_DII(1.0),27/02/26 11:00:00,A,10-249,C10-S951_X_K,E_DI_LO,PC_ENT,LT,2018,40.74,b,
ESTAT:ISOC_E_DII(1.0),27/02/26 11:00:00,A,10-249,C10-S951_X_K,E_DI_LO,PC_ENT,LT,2019,37.93,b,
ESTAT:ISOC_E_DII(1.0),27/02/26 11:00:00,A,10-249,C10-S951_X_K,E_DI_LO,PC_ENT,LU,2015,39.93,,
ESTAT:ISOC_E_DII(1.0),27/02/26 11:00:00,A,10-249,C10-S951_X_K,E_DI_LO,PC_ENT,LU,2016,43.60,b,
ESTAT:ISOC_E_DII(1.0),27/02/26 11:00:00,A,10-249,C10-S951_X_K,E_DI_LO,PC_ENT,LU,2017,39.52,b,
ESTAT:ISOC_E_DII(1.0),27/02/26 11:00:00,A,10-249,C10-S951_X_K,E_DI_LO,PC_ENT,LU,2018,41.43,b,
ESTAT:ISOC_E_DII(1.0),27/02/26 11:00:00,A,10-249,C10-S951_X_K,E_DI_LO,PC_ENT,LU,2019,35.65,b,
ESTAT:ISOC_E_DII(1.0),27/02/26 11:00:00,A,10-249,C10-S951_X_K,E_DI_LO,PC_ENT,LV,2015,31.34,,
ESTAT:ISOC_E_DII(1.0),27/02/26 11:00:00,A,10-249,C10-S951_X_K,E_DI_LO,PC_ENT,LV,2016,34.95,b,
ESTAT:ISOC_E_DII(1.0),27/02/26 11:00:00,A,10-249,C10-S951_X_K,E_DI_LO,PC_ENT,LV,2017,28.62,b,
ESTAT:ISOC_E_DII(1.0),27/02/26 11:00:00,A,10-249,C10-S951_X_K,E_DI_LO,PC_ENT,LV,2018,31.89,b,
ESTAT:ISOC_E_DII(1.0),27/02/26 11:00:00,A,10-249,C10-S951_X_K,E_DI_LO,PC_ENT,LV,2019,32.56,b,
ESTAT:ISOC_E_DII(1.0),27/02/26 11:00:00,A,10-249,C10-S951_X_K,E_DI_LO,PC_ENT,ME,2017,39.22,b,
ESTAT:ISOC_E_DII(1.0),27/02/26 11:00:00,A,10-249,C10-S951_X_K,E_DI_LO,PC_ENT,ME,2018,42.08,b,
ESTAT:ISOC_E_DII(1.0),27/02/26 11:00:00,A,10-249,C10-S951_X_K,E_DI_LO,PC_ENT,ME,2019,33.17,b,
ESTAT:ISOC_E_DII(1.0),27/02/26 11:00:00,A,10-249,C10-S951_X_K,E_DI_LO,PC_ENT,MK,2015,32.47,,
ESTAT:ISOC_E_DII(1.0),27/02/26 11:00:00,A,10-249,C10-S951_X_K,E_DI_LO,PC_ENT,MK,2016,36.32,b,
ESTAT:ISOC_E_DII(1.0),27/02/26 11:00:00,A,10-249,C10-S951_X_K,E_DI_LO,PC_ENT,MT,2015,49.44,,
ESTAT:ISOC_E_DII(1.0),27/02/26 11:00:00,A,10-249,C10-S951_X_K,E_DI_LO,PC_ENT,MT,2016,44.86,b,
ESTAT:ISOC_E_DII(1.0),27/02/26 11:00:00,A,10-249,C10-S951_X_K,E_DI_LO,PC_ENT,MT,2017,42.57,b,
ESTAT:ISOC_E_DII(1.0),27/02/26 11:00:00,A,10-249,C10-S951_X_K,E_DI_LO,PC_ENT,MT,2018,39.50,b,
ESTAT:ISOC_E_DII(1.0),27/02/26 11:00:00,A,10-249,C10-S951_X_K,E_DI_LO,PC_ENT,MT,2019,37.61,b,
ESTAT:ISOC_E_DII(1.0),27/02/26 11:00:00,A,10-249,C10-S951_X_K,E_DI_LO,PC_ENT,NL,2015,39.95,,
ESTAT:ISOC_E_DII(1.0),27/02/26 11:00:00,A,10-249,C10-S951_X_K,E_DI_LO,PC_ENT,NL,2016,44.29,b,
ESTAT:ISOC_E_DII(1.0),27/02/26 11:00:00,A,10-249,C10-S951_X_K,E_DI_LO,PC_ENT,NL,2017,36.89,b,
ESTAT:ISOC_E_DII(1.0),27/02/26 11:00:00,A,10-249,C10-S951_X_K,E_DI_LO,PC_ENT,NL,2018,42.36,b,
ESTAT:ISOC_E_DII(1.0),27/02/26 11:00:00,A,10-249,C10-S951_X_K,E_DI_LO,PC_ENT,NL,2019,37.41,b,
ESTAT:ISOC_E_DII(1.0),27/02/26 11:00:00,A,10-249,C10-S951_X_K,E_DI_LO,PC_ENT,NO,2015,38.15,,
ESTAT:ISOC_E_DII(1.0),27/02/26 11:00:00,A,10-249,C10-S951_X_K,E_DI_LO,PC_ENT,NO,2016,36.99,b,
ESTAT:ISOC_E_DII(1.0),27/02/26 11:00:00,A,10-249,C10-S951_X_K,E_DI_LO,PC_ENT,NO,2017,40.13,b,
ESTAT:ISOC_E_DII(1.0),27/02/26 11:00:00,A,10-249,C10-S951_X_K,E_DI_LO,PC_ENT,NO,2018,32.17,b,
ESTAT:ISOC_E_DII(1.0),27/02/26 11:00:00,A,10-249,C10-S951_X_K,E_DI_LO,PC_ENT,NO,2019,43.19,b,
ESTAT:ISOC_E_DII(1.0),27/02/26 11:00:00,A,10-249,C10-S951_X_K,E_DI_LO,PC_ENT,PL,2015,30.56,,
ESTAT:ISOC_E_DII(1.0),27/02/26 11:00:00,A,10-249,C10-S951_X_K,E_DI_LO,PC_ENT,PL,2016,34.74,b,
ESTAT:ISOC_E_DII(1.0),27/02/26 11:00:00,A,10-249,C10-S951_X_K,E_DI_LO,PC_ENT,PL,2017,36.13,b,
ESTAT:ISOC_E_DII(1.0),27/02/26 11:00:00,A,10-249,C10-S951_X_K,E_DI_LO,PC_ENT,PL,2018,30.97,b,
ESTAT:ISOC_E_DII(1.0),27/02/26 11:00:00,A,10-249,C10-S951_X_K,E_DI_LO,PC_ENT,PL,2019,28.59,b,
ESTAT:ISOC_E_DII(1.0),27/02/26 11:00:00,A,10-249,C10-S951_X_K,E_DI_LO,PC_ENT,PT,2015,35.92,,
ESTAT:ISOC_E_DII(1.0),27/02/26 11:00:00,A,10-249,C10-S951_X_K,E_DI_LO,PC_ENT,PT,2016,36.09,b,
ESTAT:ISOC_E_DII(1.0),27/02/26 11:00:00,A,10-249,C10-S951_X_K,E_DI_LO,PC_ENT,PT,2017,37.00,b,
ESTAT:ISOC_E_DII(1.0),27/02/26 11:00:00,A,10-249,C10-S951_X_K,E_DI_LO,PC_ENT,PT,2018,32.95,b,
ESTAT:ISOC_E_DII(1.0),27/02/26 11:00:00,A,10-249,C10-S951_X_K,E_DI_LO,PC_ENT,PT,2019,35.91,b,
ESTAT:ISOC_E_DII(1.0),27/02/26 11:00:00,A,10-249,C10-S951_X_K,E_DI_LO,PC_ENT,RO,2015,25.58,,
ESTAT:ISOC_E_DII(1.0),27/02/26 11:00:00,A,10-249,C10-S951_X_K,E_DI_LO,PC_ENT,RO,2016,25.24,b,
ESTAT:ISOC_E_DII(1.0),27/02/26 11:00:00,A,10-249,C10-S951_X_K,E_DI_LO,PC_ENT,RO,2017,26.12,b,
ESTAT:ISOC_E_DII(1.0),27/02/26 11:00:00,A,10-249,C10-S951_X_K,E_DI_LO,PC_ENT,RO,2018,27.25,b,
ESTAT:ISOC_E_DII(1.0),27/02/26 11:00:00,A,10-249,C10-S951_X_K,E_DI_LO,PC_ENT,RO,2019,21.54,b,
ESTAT:ISOC_E_DII(1.0),27/02/26 11:00:00,A,10-249,C10-S951_X_K,E_DI_LO,PC_ENT,RS,2017,40.65,b,
ESTAT:ISOC_E_DII(1.0),27/02/26 11:00:00,A,10-249,C10-S951_X_K,E_DI_LO,PC_ENT,RS,2018,36.78,b,
ESTAT:ISOC_E_DII(1.0),27/02/26 11:00:00,A,10-249,C10-S951_X_K,E_DI_LO,PC_ENT,RS,2019,38.54,b,
ESTAT:ISOC_E_DII(1.0),27/02/26 11:00:00,A,10-249,C10-S951_X_K,E_DI_LO,PC_ENT,SE,2015,43.19,,
ESTAT:ISOC_E_DII(1.0),27/02/26 11:00:00,A,10-249,C10-S951_X_K,E_DI_LO,PC_ENT,SE,2016,38.75,b,
ESTAT:ISOC_E_DII(1.0),27/02/26 11:00:00,A,10-249,C10-S951_X_K,E_DI_LO,PC_ENT,SE,2017,41.53,b,
ESTAT:ISOC_E_DII(1.0),27/02/26 11:00:00,A,10-249,C10-S951_X_K,E_DI_LO,PC_ENT,SE,2018,37.73,b,
ESTAT:ISOC_E_DII(1.0),27/02/26 11:00:00,A,10-249,C10-S951_X_K,E_DI_LO,PC_ENT,SE,2019,33.59,b,
ESTAT:ISOC_E_DII(1.0),27/02/26 11:00:00,A,10-249,C10-S951_X_K,E_DI_LO,PC_ENT,SI,2015,36.63,,
ESTAT:ISOC_E_DII(1.0),27/02/26 11:00:00,A,10-249,C10-S951_X_K,E_DI_LO,PC_ENT,SI,2016,44.13,b,
ESTAT:ISOC_E_DII(1.0),27/02/26 11:00:00,A,10-249,C10-S951_X_K,E_DI_LO,PC_ENT,SI,2017,36.13,b,
ESTAT:ISOC_E_DII(1.0),27/02/26 11:00:00,A,10-249,C10-S951_X_K,E_DI_LO,PC_ENT,SI,2018,41.95,b,
ESTAT:ISOC_E_DII(1.0),27/02/26 11:00:00,A,10-249,C10-S951_X_K,E_DI_LO,PC_ENT,SI,2019,33.08,b,
ESTAT:ISOC_E_DII(1.0),27/02/26 11:00:00,A,10-249,C10-S951_X_K,E_DI_LO,PC_ENT,SK,2015,43.77,,
ESTAT:ISOC_E_DII(1.0),27/02/26 11:00:00,A,10-249,C10-S951_X_K,E_DI_LO,PC_ENT,SK,2016,43.71,b,
ESTAT:ISOC_E_DII(1.0),27/02/26 11:00:00,A,10-249,C10-S951_X_K,E_DI_LO,PC_ENT,SK,2017,36.82,b,
ESTAT:ISOC_E_DII(1.0),27/02/26 11:00:00,A,10-249,C10-S951_X_K,E_DI_LO,PC_ENT,SK,2018,34.92,b,
ESTAT:ISOC_E_DII(1.0),27/02/26 11:00:00,A,10-249,C10-S951_X_K,E_DI_LO,PC_ENT,SK,2019,33.58,b,
ESTAT:ISOC_E_DII(1.0),27/02/26 11:00:00,A,10-249,C10-S951_X_K,E_DI_LO,PC_ENT,TR,2017,22.67,b,
ESTAT:ISOC_E_DII(1.0),27/02/26 11:00:00,A,10-249,C10-S951_X_K,E_DI_LO,PC_ENT,TR,2018,13.16,b,
ESTAT:ISOC_E_DII(1.0),27/02/26 11:00:00,A,10-249,C10-S951_X_K,E_DI_LO,PC_ENT,UK,2015,41.49,,
ESTAT:ISOC_E_DII(1.0),27/02/26 11:00:00,A,10-249,C10-S951_X_K,E_DI_LO,PC_ENT,UK,2016,43.65,b,
ESTAT:ISOC_E_DII(1.0),27/02/26 11:00:00,A,10-249,C10-S951_X_K,E_DI_LO,PC_ENT,UK,2017,42.45,b,
ESTAT:ISOC_E_DII(1.0),27/02/26 11:00:00,A,10-249,C10-S951_X_K,E_DI_LO,PC_ENT,UK,2018,40.11,b,
ESTAT:ISOC_E_DII(1.0),27/02/26 11:00:00,A,10-249,C10-S951_X_K,E_DI_LO,PC_ENT,UK,2019,37.93,b,
ESTAT:ISOC_E_DII(1.0),27/02/26 11:00:00,A,10-249,C10-S951_X_K,E_DI_VHI,PC_ENT,AT,2015,2.51,,
ESTAT:ISOC_E_DII(1.0),27/02/26 11:00:00,A,10-249,C10-S951_X_K,E_DI_VHI,PC_ENT,AT,2016,1.56,b,
ESTAT:ISOC_E_DII(1.0),27/02/26 11:00:00,A,10-249,C10-S951_X_K,E_DI_VHI,PC_ENT,AT,2017,3.06,b,
ESTAT:ISOC_E_DII(1.0),27/02/26 11:00:00,A,10-249,C10-S951_X_K,E_DI_VHI,PC_ENT,AT,2018,1.84,b,
ESTAT:ISOC_E_DII(1.0),27/02/26 11:00:00,A,10-249,C10-S951_X_K,E_DI_VHI,PC_ENT,AT,2019,7.11,b,
ESTAT:ISOC_E_DII(1.0),27/02/26 11:00:00,A,10-249,C10-S951_X_K,E_DI_VHI,PC_ENT,BA,2018,1.87,b,
ESTAT:ISOC_E_DII(1.0),27/02/26 11:00:00,A,10-249,C10-S951_X_K,E_DI_VHI,PC_ENT,BA,2019,2.16,b,
ESTAT:ISOC_E_DII(1.0),27/02/26 11:00:00,A,10-249,C10-S951_X_K,E_DI_VHI,PC_ENT,BE,2015,5.24,,
ESTAT:ISOC_E_DII(1.0),27/02/26 11:00:00,A,10-249,C10-S951_X_K,E_DI_VHI,PC_ENT,BE,2016,2.96,b,
ESTAT:ISOC_E_DII(1.0),27/02/26 11:00:00,A,10-249,C10-S951_X_K,E_DI_VHI,PC_ENT,BE,2017,5.55,b,
ESTAT:ISOC_E_DII(1.0),27/02/26 11:00:00,A,10-249,C10-S951_X_K,E_DI_VHI,PC_ENT,BE,2018,4.71,b,
ESTAT:ISOC_E_DII(1.0),27/02/26 11:00:00,A,10-249,C10-S951_X_K,E_DI_VHI,PC_ENT,BE,2019,7.79,b,
ESTAT:ISOC_E_DII(1.0),27/02/26 11:00:00,A,10-249,C10-S951_X_K,E_DI_VHI,PC_ENT,BG,2015,1.17,,
ESTAT:ISOC_E_DII(1.0),27/02/26 11:00:00,A,10-249,C10-S951_X_K,E_DI_VHI,PC_ENT,BG,2016,0.68,b,
ESTAT:ISOC_E_DII(1.0),27/02/26 11:00:00,A,10-249,C10-S951_X_K,E_DI_VHI,PC_ENT,BG,2017,1.12,b,
ESTAT:ISOC_E_DII(1.0),27/02/26 11:00:00,A,10-249,C10-S951_X_K,E_DI_VHI,PC_ENT,BG,2018,0.70,b,
ESTAT:ISOC_E_DII(1.0),27/02/26 11:00:00,A,10-249,C10-S951_X_K,E_DI_VHI,PC_ENT,BG,2019,1.17,b,
ESTAT:ISOC_E_DII(1.0),27/02/26 11:00:00,A,10-249,C10-S951_X_K,E_DI_VHI,PC_ENT,CY,2015,1.29,,
ESTAT:ISOC_E_DII(1.0),27/02/26 11:00:00,A,10-249,C10-S951_X_K,E_DI_VHI,PC_ENT,CY,2016,0.59,b,
ESTAT:ISOC_E_DII(1.0),27/02/26 11:00:00,A,10-249,C10-S951_X_K,E_DI_VHI,PC_ENT,CY,2017,1.57,b,
ESTAT:ISOC_E_DII(1.0),27/02/26 11:00:00,A,10-249,C10-S951_X_K,E_DI_VHI,PC_ENT,CY,2018,1.30,b,
ESTAT:ISOC_E_DII(1.0),27/02/26 11:00:00,A,10-249,C10-S951_X_K,E_DI_VHI,PC_ENT,CY,2019,2.60,b,
ESTAT:ISOC_E_DII(1.0),27/02/26 11:00:00,A,10-249,C10-S951_X_K,E_DI_VHI,PC_ENT,CZ,2015,2.87,,
ESTAT:ISOC_E_DII(1.0),27/02/26 11:00:00,A,10-249,C10-S951_X_K,E_DI_VHI,PC_ENT,CZ,2016,2.53,b,
ESTAT:ISOC_E_DII(1.0),27/02/26 11:00:00,A,10-249,C10-S951_X_K,E_DI_VHI,PC_ENT,CZ,2017,3.23,b,
ESTAT:ISOC_E_DII(1.0),27/02/26 11:00:00,A,10-249,C10-S951_X_K,E_DI_VHI,PC_ENT,CZ,2018,2.50,b,
ESTAT:ISOC_E_DII(1.0),27/02/26 11:00:00,A,10-249,C10-S951_X_K,E_DI_VHI,PC_ENT,CZ,2019,6.30,b,
ESTAT:ISOC_E_DII(1.0),27/02/26 11:00:00,A,10-249,C10-S951_X_K,E_DI_VHI,PC_ENT,DE,2015,1.61,,
ESTAT:ISOC_E_DII(1.0),27/02/26 11:00:00,A,10-249,C10-S951_X_K,E_DI_VHI,PC_ENT,DE,2016,0.38,b,
ESTAT:ISOC_E_DII(1.0),27/02/26 11:00:00,A,10-249,C10-S951_X_K,E_DI_VHI,PC_ENT,DE,2017,3.70,b,
ESTAT:ISOC_E_DII(1.0),27/02/26 11:00:00,A,10-249,C10-S951_X_K,E_DI_VHI,PC_ENT,DE,2018,1.01,b,
ESTAT:ISOC_E_DII(1.0),27/02/26 11:00:00,A,10-249,C10-S951_X_K,E_DI_VHI,PC_ENT,DE,2019,4.43,b,
ESTAT:ISOC_E_DII(1.0),27/02/26 11:00:00,A,10-249,C10-S951_X_K,E_DI_VHI,PC_ENT,DK,2015,9.92,,
ESTAT:ISOC_E_DII(1.0),27/02/26 11:00:00,A,10-249,C10-S951_X_K,E_DI_VHI,PC_ENT,DK,2016,11.30,b,
ESTAT:ISOC_E_DII(1.0),27/02/26 11:00:00,A,10-249,C10-S951_X_K,E_DI_VHI,PC_ENT,DK,2017,8.79,b,
ESTAT:ISOC_E_DII(1.0),27/02/26 11:00:00,A,10-249,C10-S951_X_K,E_DI_VHI,PC_ENT,DK,2018,10.38,b,
ESTAT:ISOC_E_DII(1.0),27/02/26 11:00:00,A,10-249,C10-S951_X_K,E_DI_VHI,PC_ENT,DK,2019,11.81,b,
ESTAT:ISOC_E_DII(1.0),27/02/26 11:00:00,A,10-249,C10-S951_X_K,E_DI_VHI,PC_ENT,EA,2015,2.09,,
ESTAT:ISOC_E_DII(1.0),27/02/26 11:00:00,A,10-249,C10-S951_X_K,E_DI_VHI,PC_ENT,EA,2016,1.30,b,
ESTAT:ISOC_E_DII(1.0),27/02/26 11:00:00,A,10-249,C10-S951_X_K,E_DI_VHI,PC_ENT,EA,2017,2.85,,
ESTAT:ISOC_E_DII(1.0),27/02/26 11:00:00,A,10-249,C10-S951_X_K,E_DI_VHI,PC_ENT,EA,2018,1.60,,
ESTAT:ISOC_E_DII(1.0),27/02/26 11:00:00,A,10-249,C10-S951_X_K,E_DI_VHI,PC_ENT,EA,2019,3.53,,
ESTAT:ISOC_E_DII(1.0),27/02/26 11:00:00,A,10-249,C10-S951_X_K,E_DI_VHI,PC_ENT,EE,2015,2.96,,
ESTAT:ISOC_E_DII(1.0),27/02/26 11:00:00,A,10-249,C10-S951_X_K,E_DI_VHI,PC_ENT,EE,2016,2.22,b,
ESTAT:ISOC_E_DII(1.0),27/02/26 11:00:00,A,10-249,C10-S951_X_K,E_DI_VHI,PC_ENT,EE,2017,2.38,b,
ESTAT:ISOC_E_DII(1.0),27/02/26 11:00:00,A,10-249,C10-S951_X_K,E_DI_VHI,PC_ENT,EE,2018,2.95,b,
ESTAT:ISOC_E_DII(1.0),27/02/26 11:00:00,A,10-249,C10-S951_X_K,E_DI_VHI,PC_ENT,EE,2019,3.59,b,
ESTAT:ISOC_E_DII(1.0),27/02/26 11:00:00,A,10-249,C10-S951_X_K,E_DI_VHI,PC_ENT,EL,2015,0,,
ESTAT:ISOC_E_DII(1.0),27/02/26 11:00:00,A,10-249,C10-S951_X_K,E_DI_VHI,PC_ENT,EL,2016,1.59,b,
ESTAT:ISOC_E_DII(1.0),27/02/26 11:00:00,A,10-249,C10-S951_X_K,E_DI_VHI,PC_ENT,EL,2017,1.19,b,
ESTAT:ISOC_E_DII(1.0),27/02/26 11:00:00,A,10-249,C10-S951_X_K,E_DI_VHI,PC_ENT,EL,2018,0.84,b,
ESTAT:ISOC_E_DII(1.0),27/02/26 11:00:00,A,10-249,C10-S951_X_K,E_DI_VHI,PC_ENT,EL,2019,0.04,b,
ESTAT:ISOC_E_DII(1.0),27/02/26 11:00:00,A,10-249,C10-S951_X_K,E_DI_VHI,PC_ENT,ES,2015,3.34,,
ESTAT:ISOC_E_DII(1.0),27/02/26 11:00:00,A,10-249,C10-S951_X_K,E_DI_VHI,PC_ENT,ES,2016,2.52,b,
ESTAT:ISOC_E_DII(1.0),27/02/26 11:00:00,A,10-249,C10-S951_X_K,E_DI_VHI,PC_ENT,ES,2017,3.73,b,
ESTAT:ISOC_E_DII(1.0),27/02/26 11:00:00,A,10-249,C10-S951_X_K,E_DI_VHI,PC_ENT,ES,2018,1.04,b,
ESTAT:ISOC_E_DII(1.0),27/02/26 11:00:00,A,10-249,C10-S951_X_K,E_DI_VHI,PC_ENT,ES,2019,2.34,b,
ESTAT:ISOC_E_DII(1.0),27/02/26 11:00:00,A,10-249,C10-S951_X_K,E_DI_VHI,PC_ENT,EU15,2015,2.01,,
ESTAT:ISOC_E_DII(1.0),27/02/26 11:00:00,A,10-249,C10-S951_X_K,E_DI_VHI,PC_ENT,EU15,2016,1.52,b,
ESTAT:ISOC_E_DII(1.0),27/02/26 11:00:00,A,10-249,C10-S951_X_K,E_DI_VHI,PC_ENT,EU15,2017,2.61,,
ESTAT:ISOC_E_DII(1.0),27/02/26 11:00:00,A,10-249,C10-S951_X_K,E_DI_VHI,PC_ENT,EU15,2018,1.90,,
ESTAT:ISOC_E_DII(1.0),27/02/26 11:00:00,A,10-249,C10-S951_X_K,E_DI_VHI,PC_ENT,EU27_2007,2015,2.00,,
ESTAT:ISOC_E_DII(1.0),27/02/26 11:00:00,A,10-249,C10-S951_X_K,E_DI_VHI,PC_ENT,EU27_2007,2016,1.50,b,
ESTAT:ISOC_E_DII(1.0),27/02/26 11:00:00,A,10-249,C10-S951_X_K,E_DI_VHI,PC_ENT,EU27_2007,2017,2.48,,
ESTAT:ISOC_E_DII(1.0),27/02/26 11:00:00,A,10-249,C10-S951_X_K,E_DI_VHI,PC_ENT,EU27_2007,2018,1.84,,
ESTAT:ISOC_E_DII(1.0),27/02/26 11:00:00,A,10-249,C10-S951_X_K,E_DI_VHI,PC_ENT,EU27_2020,2015,2.10,,
ESTAT:ISOC_E_DII(1.0),27/02/26 11:00:00,A,10-249,C10-S951_X_K,E_DI_VHI,PC_ENT,EU27_2020,2016,1.57,,
ESTAT:ISOC_E_DII(1.0),27/02/26 11:00:00,A,10-249,C10-S951_X_K,E_DI_VHI,PC_ENT,EU27_2020,2017,2.75,,
ESTAT:ISOC_E_DII(1.0),27/02/26 11:00:00,A,10-249,C10-S951_X_K,E_DI_VHI,PC_ENT,EU27_2020,2018,1.81,,
ESTAT:ISOC_E_DII(1.0),27/02/26 11:00:00,A,10-249,C10-S951_X_K,E_DI_VHI,PC_ENT,EU27_2020,2019,3.48,,
ESTAT:ISOC_E_DII(1.0),27/02/26 11:00:00,A,10-249,C10-S951_X_K,E_DI_VHI,PC_ENT,EU28,2015,2.00,,
ESTAT:ISOC_E_DII(1.0),27/02/26 11:00:00,A,10-249,C10-S951_X_K,E_DI_VHI,PC_ENT,EU28,2016,1.51,b,
ESTAT:ISOC_E_DII(1.0),27/02/26 11:00:00,A,10-249,C10-S951_X_K,E_DI_VHI,PC_ENT,EU28,2017,2.47,,
ESTAT:ISOC_E_DII(1.0),27/02/26 11:00:00,A,10-249,C10-S951_X_K,E_DI_VHI,PC_ENT,EU28,2018,1.84,,
ESTAT:ISOC_E_DII(1.0),27/02/26 11:00:00,A,10-249,C10-S951_X_K,E_DI_VHI,PC_ENT,EU28,2019,3.46,,
ESTAT:ISOC_E_DII(1.0),27/02/26 11:00:00,A,10-249,C10-S951_X_K,E_DI_VHI,PC_ENT,FI,2015,6.02,,
ESTAT:ISOC_E_DII(1.0),27/02/26 11:00:00,A,10-249,C10-S951_X_K,E_DI_VHI,PC_ENT,FI,2016,9.51,b,
ESTAT:ISOC_E_DII(1.0),27/02/26 11:00:00,A,10-249,C10-S951_X_K,E_DI_VHI,PC_ENT,FI,2017,1.24,b,
ESTAT:ISOC_E_DII(1.0),27/02/26 11:00:00,A,10-249,C10-S951_X_K,E_DI_VHI,PC_ENT,FI,2018,10.72,b,
ESTAT:ISOC_E_DII(1.0),27/02/26 11:00:00,A,10-249,C10-S951_X_K,E_DI_VHI,PC_ENT,FI,2019,8.21,b,
ESTAT:ISOC_E_DII(1.0),27/02/26 11:00:00,A,10-249,C10-S951_X_K,E_DI_VHI,PC_ENT,FR,2015,1.53,,
ESTAT:ISOC_E_DII(1.0),27/02/26 11:00:00,A,10-249,C10-S951_X_K,E_DI_VHI,PC_ENT,FR,2016,0.79,b,
ESTAT:ISOC_E_DII(1.0),27/02/26 11:00:00,A,10-249,C10-S951_X_K,E_DI_VHI,PC_ENT,FR,2017,1.68,b,
ESTAT:ISOC_E_DII(1.0),27/02/26 11:00:00,A,10-249,C10-S951_X_K,E_DI_VHI,PC_ENT,FR,2018,1.09,b,
ESTAT:ISOC_E_DII(1.0),27/02/26 11:00:00,A,10-249,C10-S951_X_K,E_DI_VHI,PC_ENT,FR,2019,2.34,b,
ESTAT:ISOC_E_DII(1.0),27/02/26 11:00:00,A,10-249,C10-S951_X_K,E_DI_VHI,PC_ENT,HR,2015,1.92,,
ESTAT:ISOC_E_DII(1.0),27/02/26 11:00:00,A,10-249,C10-S951_X_K,E_DI_VHI,PC_ENT,HR,2016,2.33,b,
ESTAT:ISOC_E_DII(1.0),27/02/26 11:00:00,A,10-249,C10-S951_X_K,E_DI_VHI,PC_ENT,HR,2017,1.76,b,
ESTAT:ISOC_E_DII(1.0),27/02/26 11:00:00,A,10-249,C10-S951_X_K,E_DI_VHI,PC_ENT,HR,2018,1.77,b,
ESTAT:ISOC_E_DII(1.0),27/02/26 11:00:00,A,10-249,C10-S951_X_K,E_DI_VHI,PC_ENT,HR,2019,3.68,b,
ESTAT:ISOC_E_DII(1.0),27/02/26 11:00:00,A,10-249,C10-S951_X_K,E_DI_VHI,PC_ENT,HU,2015,1.25,,
ESTAT:ISOC_E_DII(1.0),27/02/26 11:00:00,A,10-249,C10-S951_X_K,E_DI_VHI,PC_ENT,HU,2016,1.57,b,
ESTAT:ISOC_E_DII(1.0),27/02/26 11:00:00,A,10-249,C10-S951_X_K,E_DI_VHI,PC_ENT,HU,2017,1.47,b,
ESTAT:ISOC_E_DII(1.0),27/02/26 11:00:00,A,10-249,C10-S951_X_K,E_DI_VHI,PC_ENT,HU,2018,1.83,b,
ESTAT:ISOC_E_DII(1.0),27/02/26 11:00:00,A,10-249,C10-S951_X_K,E_DI_VHI,PC_ENT,HU,2019,1.65,b,
ESTAT:ISOC_E_DII(1.0),27/02/26 11:00:00,A,10-249,C10-S951_X_K,E_DI_VHI,PC_ENT,IE,2015,2.95,,
ESTAT:ISOC_E_DII(1.0),27/02/26 11:00:00,A,10-249,C10-S951_X_K,E_DI_VHI,PC_ENT,IE,2016,1.25,b,
ESTAT:ISOC_E_DII(1.0),27/02/26 11:00:00,A,10-249,C10-S951_X_K,E_DI_VHI,PC_ENT,IE,2017,2.19,b,
ESTAT:ISOC_E_DII(1.0),27/02/26 11:00:00,A,10-249,C10-S951_X_K,E_DI_VHI,PC_ENT,IE,2018,2.89,b,
ESTAT:ISOC_E_DII(1.0),27/02/26 11:00:00,A,10-249,C10-S951_X_K,E_DI_VHI,PC_ENT,IE,2019,4.04,b,
ESTAT:ISOC_E_DII(1.0),27/02/26 11:00:00,A,10-249,C10-S951_X_K,E_DI_VHI,PC_ENT,IT,2015,0.66,,
ESTAT:ISOC_E_DII(1.0),27/02/26 11:00:00,A,10-249,C10-S951_X_K,E_DI_VHI,PC_ENT,IT,2016,0.64,b,
ESTAT:ISOC_E_DII(1.0),27/02/26 11:00:00,A,10-249,C10-S951_X_K,E_DI_VHI,PC_ENT,IT,2017,0.99,b,
ESTAT:ISOC_E_DII(1.0),27/02/26 11:00:00,A,10-249,C10-S951_X_K,E_DI_VHI,PC_ENT,IT,2018,1.23,b,
ESTAT:ISOC_E_DII(1.0),27/02/26 11:00:00,A,10-249,C10-S951_X_K,E_DI_VHI,PC_ENT,IT,2019,2.23,b,
ESTAT:ISOC_E_DII(1.0),27/02/26 11:00:00,A,10-249,C10-S951_X_K,E_DI_VHI,PC_ENT,LT,2015,6.00,,
ESTAT:ISOC_E_DII(1.0),27/02/26 11:00:00,A,10-249,C10-S951_X_K,E_DI_VHI,PC_ENT,LT,2016,4.00,b,
ESTAT:ISOC_E_DII(1.0),27/02/26 11:00:00,A,10-249,C10-S951_X_K,E_DI_VHI,PC_ENT,LT,2017,6.59,b,
ESTAT:ISOC_E_DII(1.0),27/02/26 11:00:00,A,10-249,C10-S951_X_K,E_DI_VHI,PC_ENT,LT,2018,5.22,b,
ESTAT:ISOC_E_DII(1.0),27/02/26 11:00:00,A,10-249,C10-S951_X_K,E_DI_VHI,PC_ENT,LT,2019,7.58,b,
ESTAT:ISOC_E_DII(1.0),27/02/26 11:00:00,A,10-249,C10-S951_X_K,E_DI_VHI,PC_ENT,LU,2015,1.83,,
ESTAT:ISOC_E_DII(1.0),27/02/26 11:00:00,A,10-249,C10-S951_X_K,E_DI_VHI,PC_ENT,LU,2016,0.87,b,
ESTAT:ISOC_E_DII(1.0),27/02/26 11:00:00,A,10-249,C10-S951_X_K,E_DI_VHI,PC_ENT,LU,2017,2.28,b,
ESTAT:ISOC_E_DII(1.0),27/02/26 11:00:00,A,10-249,C10-S951_X_K,E_DI_VHI,PC_ENT,LU,2018,1.17,b,
ESTAT:ISOC_E_DII(1.0),27/02/26 11:00:00,A,10-249,C10-S951_X_K,E_DI_VHI,PC_ENT,LU,2019,2.63,b,
ESTAT:ISOC_E_DII(1.0),27/02/26 11:00:00,A,10-249,C10-S951_X_K,E_DI_VHI,PC_ENT,LV,2015,1.63,,
ESTAT:ISOC_E_DII(1.0),27/02/26 11:00:00,A,10-249,C10-S951_X_K,E_DI_VHI,PC_ENT,LV,2016,0.87,b,
ESTAT:ISOC_E_DII(1.0),27/02/26 11:00:00,A,10-249,C10-S951_X_K,E_DI_VHI,PC_ENT,LV,2017,1.46,b,
ESTAT:ISOC_E_DII(1.0),27/02/26 11:00:00,A,10-249,C10-S951_X_K,E_DI_VHI,PC_ENT,LV,2018,0.16,b,
ESTAT:ISOC_E_DII(1.0),27/02/26 11:00:00,A,10-249,C10-S951_X_K,E_DI_VHI,PC_ENT,LV,2019,0.77,b,
ESTAT:ISOC_E_DII(1.0),27/02/26 11:00:00,A,10-249,C10-S951_X_K,E_DI_VHI,PC_ENT,ME,2017,0.99,b,
ESTAT:ISOC_E_DII(1.0),27/02/26 11:00:00,A,10-249,C10-S951_X_K,E_DI_VHI,PC_ENT,ME,2018,0.80,b,
ESTAT:ISOC_E_DII(1.0),27/02/26 11:00:00,A,10-249,C10-S951_X_K,E_DI_VHI,PC_ENT,ME,2019,,bu,
ESTAT:ISOC_E_DII(1.0),27/02/26 11:00:00,A,10-249,C10-S951_X_K,E_DI_VHI,PC_ENT,MK,2015,0.80,,
ESTAT:ISOC_E_DII(1.0),27/02/26 11:00:00,A,10-249,C10-S951_X_K,E_DI_VHI,PC_ENT,MK,2016,0.28,b,
ESTAT:ISOC_E_DII(1.0),27/02/26 11:00:00,A,10-249,C10-S951_X_K,E_DI_VHI,PC_ENT,MT,2015,4.07,,
ESTAT:ISOC_E_DII(1.0),27/02/26 11:00:00,A,10-249,C10-S951_X_K,E_DI_VHI,PC_ENT,MT,2016,2.44,b,
ESTAT:ISOC_E_DII(1.0),27/02/26 11:00:00,A,10-249,C10-S951_X_K,E_DI_VHI,PC_ENT,MT,2017,3.40,b,
ESTAT:ISOC_E_DII(1.0),27/02/26 11:00:00,A,10-249,C10-S951_X_K,E_DI_VHI,PC_ENT,MT,2018,5.01,b,
ESTAT:ISOC_E_DII(1.0),27/02/26 11:00:00,A,10-249,C10-S951_X_K,E_DI_VHI,PC_ENT,MT,2019,5.90,b,
ESTAT:ISOC_E_DII(1.0),27/02/26 11:00:00,A,10-249,C10-S951_X_K,E_DI_VHI,PC_ENT,NL,2015,5.75,,
ESTAT:ISOC_E_DII(1.0),27/02/26 11:00:00,A,10-249,C10-S951_X_K,E_DI_VHI,PC_ENT,NL,2016,3.60,b,
ESTAT:ISOC_E_DII(1.0),27/02/26 11:00:00,A,10-249,C10-S951_X_K,E_DI_VHI,PC_ENT,NL,2017,5.61,b,
ESTAT:ISOC_E_DII(1.0),27/02/26 11:00:00,A,10-249,C10-S951_X_K,E_DI_VHI,PC_ENT,NL,2018,4.23,b,
ESTAT:ISOC_E_DII(1.0),27/02/26 11:00:00,A,10-249,C10-S951_X_K,E_DI_VHI,PC_ENT,NL,2019,4.87,b,
ESTAT:ISOC_E_DII(1.0),27/02/26 11:00:00,A,10-249,C10-S951_X_K,E_DI_VHI,PC_ENT,NO,2015,6.78,,
ESTAT:ISOC_E_DII(1.0),27/02/26 11:00:00,A,10-249,C10-S951_X_K,E_DI_VHI,PC_ENT,NO,2016,9.57,b,
ESTAT:ISOC_E_DII(1.0),27/02/26 11:00:00,A,10-249,C10-S951_X_K,E_DI_VHI,PC_ENT,NO,2017,5.08,b,
ESTAT:ISOC_E_DII(1.0),27/02/26 11:00:00,A,10-249,C10-S951_X_K,E_DI_VHI,PC_ENT,NO,2018,6.75,b,
ESTAT:ISOC_E_DII(1.0),27/02/26 11:00:00,A,10-249,C10-S951_X_K,E_DI_VHI,PC_ENT,NO,2019,4.56,b,
ESTAT:ISOC_E_DII(1.0),27/02/26 11:00:00,A,10-249,C10-S951_X_K,E_DI_VHI,PC_ENT,PL,2015,1.66,,
ESTAT:ISOC_E_DII(1.0),27/02/26 11:00:00,A,10-249,C10-S951_X_K,E_DI_VHI,PC_ENT,PL,2016,1.18,b,
ESTAT:ISOC_E_DII(1.0),27/02/26 11:00:00,A,10-249,C10-S951_X_K,E_DI_VHI,PC_ENT,PL,2017,1.21,b,
ESTAT:ISOC_E_DII(1.0),27/02/26 11:00:00,A,10-249,C10-S951_X_K,E_DI_VHI,PC_ENT,PL,2018,1.16,b,
ESTAT:ISOC_E_DII(1.0),27/02/26 11:00:00,A,10-249,C10-S951_X_K,E_DI_VHI,PC_ENT,PL,2019,0.69,b,
ESTAT:ISOC_E_DII(1.0),27/02/26 11:00:00,A,10-249,C10-S951_X_K,E_DI_VHI,PC_ENT,PT,2015,1.54,,
ESTAT:ISOC_E_DII(1.0),27/02/26 11:00:00,A,10-249,C10-S951_X_K,E_DI_VHI,PC_ENT,PT,2016,1.82,b,
ESTAT:ISOC_E_DII(1.0),27/02/26 11:00:00,A,10-249,C10-S951_X_K,E_DI_VHI,PC_ENT,PT,2017,3.78,b,
ESTAT:ISOC_E_DII(1.0),27/02/26 11:00:00,A,10-249,C10-S951_X_K,E_DI_VHI,PC_ENT,PT,2018,1.20,b,
ESTAT:ISOC_E_DII(1.0),27/02/26 11:00:00,A,10-249,C10-S951_X_K,E_DI_VHI,PC_ENT,PT,2019,3.19,b,
ESTAT:ISOC_E_DII(1.0),27/02/26 11:00:00,A,10-249,C10-S951_X_K,E_DI_VHI,PC_ENT,RO,2015,1.74,,
ESTAT:ISOC_E_DII(1.0),27/02/26 11:00:00,A,10-249,C10-S951_X_K,E_DI_VHI,PC_ENT,RO,2016,0.88,b,
ESTAT:ISOC_E_DII(1.0),27/02/26 11:00:00,A,10-249,C10-S951_X_K,E_DI_VHI,PC_ENT,RO,2017,1.79,b,
ESTAT:ISOC_E_DII(1.0),27/02/26 11:00:00,A,10-249,C10-S951_X_K,E_DI_VHI,PC_ENT,RO,2018,1.07,b,
ESTAT:ISOC_E_DII(1.0),27/02/26 11:00:00,A,10-249,C10-S951_X_K,E_DI_VHI,PC_ENT,RO,2019,0.83,b,
ESTAT:ISOC_E_DII(1.0),27/02/26 11:00:00,A,10-249,C10-S951_X_K,E_DI_VHI,PC_ENT,RS,2017,2.35,b,
ESTAT:ISOC_E_DII(1.0),27/02/26 11:00:00,A,10-249,C10-S951_X_K,E_DI_VHI,PC_ENT,RS,2018,2.27,b,
ESTAT:ISOC_E_DII(1.0),27/02/26 11:00:00,A,10-249,C10-S951_X_K,E_DI_VHI,PC_ENT,RS,2019,3.55,b,
ESTAT:ISOC_E_DII(1.0),27/02/26 11:00:00,A,10-249,C10-S951_X_K,E_DI_VHI,PC_ENT,SE,2015,1.66,,
ESTAT:ISOC_E_DII(1.0),27/02/26 11:00:00,A,10-249,C10-S951_X_K,E_DI_VHI,PC_ENT,SE,2016,7.45,b,
ESTAT:ISOC_E_DII(1.0),27/02/26 11:00:00,A,10-249,C10-S951_X_K,E_DI_VHI,PC_ENT,SE,2017,4.82,b,
ESTAT:ISOC_E_DII(1.0),27/02/26 11:00:00,A,10-249,C10-S951_X_K,E_DI_VHI,PC_ENT,SE,2018,7.23,b,
ESTAT:ISOC_E_DII(1.0),27/02/26 11:00:00,A,10-249,C10-S951_X_K,E_DI_VHI,PC_ENT,SE,2019,10.17,b,
ESTAT:ISOC_E_DII(1.0),27/02/26 11:00:00,A,10-249,C10-S951_X_K,E_DI_VHI,PC_ENT,SI,2015,1.52,,
ESTAT:ISOC_E_DII(1.0),27/02/26 11:00:00,A,10-249,C10-S951_X_K,E_DI_VHI,PC_ENT,SI,2016,0.88,b,
ESTAT:ISOC_E_DII(1.0),27/02/26 11:00:00,A,10-249,C10-S951_X_K,E_DI_VHI,PC_ENT,SI,2017,3.33,b,
ESTAT:ISOC_E_DII(1.0),27/02/26 11:00:00,A,10-249,C10-S951_X_K,E_DI_VHI,PC_ENT,SI,2018,2.96,b,
ESTAT:ISOC_E_DII(1.0),27/02/26 11:00:00,A,10-249,C10-S951_X_K,E_DI_VHI,PC_ENT,SI,2019,2.94,b,
ESTAT:ISOC_E_DII(1.0),27/02/26 11:00:00,A,10-249,C10-S951_X_K,E_DI_VHI,PC_ENT,SK,2015,1.88,,
ESTAT:ISOC_E_DII(1.0),27/02/26 11:00:00,A,10-249,C10-S951_X_K,E_DI_VHI,PC_ENT,SK,2016,1.11,b,
ESTAT:ISOC_E_DII(1.0),27/02/26 11:00:00,A,10-249,C10-S951_X_K,E_DI_VHI,PC_ENT,SK,2017,1.62,b,
ESTAT:ISOC_E_DII(1.0),27/02/26 11:00:00,A,10-249,C10-S951_X_K,E_DI_VHI,PC_ENT,SK,2018,1.02,b,
ESTAT:ISOC_E_DII(1.0),27/02/26 11:00:00,A,10-249,C10-S951_X_K,E_DI_VHI,PC_ENT,SK,2019,2.31,b,
ESTAT:ISOC_E_DII(1.0),27/02/26 11:00:00,A,10-249,C10-S951_X_K,E_DI_VHI,PC_ENT,TR,2017,0.54,b,
ESTAT:ISOC_E_DII(1.0),27/02/26 11:00:00,A,10-249,C10-S951_X_K,E_DI_VHI,PC_ENT,UK,2015,1.33,,
ESTAT:ISOC_E_DII(1.0),27/02/26 11:00:00,A,10-249,C10-S951_X_K,E_DI_VHI,PC_ENT,UK,2016,1.12,b,
ESTAT:ISOC_E_DII(1.0),27/02/26 11:00:00,A,10-249,C10-S951_X_K,E_DI_VHI,PC_ENT,UK,2017,0.58,b,
ESTAT:ISOC_E_DII(1.0),27/02/26 11:00:00,A,10-249,C10-S951_X_K,E_DI_VHI,PC_ENT,UK,2018,2.06,b,
ESTAT:ISOC_E_DII(1.0),27/02/26 11:00:00,A,10-249,C10-S951_X_K,E_DI_VHI,PC_ENT,UK,2019,3.30,b,
ESTAT:ISOC_E_DII(1.0),27/02/26 11:00:00,A,10-249,C10-S951_X_K,E_DI_VLO,PC_ENT,AT,2015,28.57,,
ESTAT:ISOC_E_DII(1.0),27/02/26 11:00:00,A,10-249,C10-S951_X_K,E_DI_VLO,PC_ENT,AT,2016,33.25,b,
ESTAT:ISOC_E_DII(1.0),27/02/26 11:00:00,A,10-249,C10-S951_X_K,E_DI_VLO,PC_ENT,AT,2017,38.55,b,
ESTAT:ISOC_E_DII(1.0),27/02/26 11:00:00,A,10-249,C10-S951_X_K,E_DI_VLO,PC_ENT,AT,2018,41.68,b,
ESTAT:ISOC_E_DII(1.0),27/02/26 11:00:00,A,10-249,C10-S951_X_K,E_DI_VLO,PC_ENT,AT,2019,31.02,b,
ESTAT:ISOC_E_DII(1.0),27/02/26 11:00:00,A,10-249,C10-S951_X_K,E_DI_VLO,PC_ENT,BA,2018,55.41,b,
ESTAT:ISOC_E_DII(1.0),27/02/26 11:00:00,A,10-249,C10-S951_X_K,E_DI_VLO,PC_ENT,BA,2019,55.05,b,
ESTAT:ISOC_E_DII(1.0),27/02/26 11:00:00,A,10-249,C10-S951_X_K,E_DI_VLO,PC_ENT,BE,2015,27.40,,
ESTAT:ISOC_E_DII(1.0),27/02/26 11:00:00,A,10-249,C10-S951_X_K,E_DI_VLO,PC_ENT,BE,2016,29.29,b,
ESTAT:ISOC_E_DII(1.0),27/02/26 11:00:00,A,10-249,C10-S951_X_K,E_DI_VLO,PC_ENT,BE,2017,29.36,b,
ESTAT:ISOC_E_DII(1.0),27/02/26 11:00:00,A,10-249,C10-S951_X_K,E_DI_VLO,PC_ENT,BE,2018,33.75,b,
ESTAT:ISOC_E_DII(1.0),27/02/26 11:00:00,A,10-249,C10-S951_X_K,E_DI_VLO,PC_ENT,BE,2019,26.48,b,
ESTAT:ISOC_E_DII(1.0),27/02/26 11:00:00,A,10-249,C10-S951_X_K,E_DI_VLO,PC_ENT,BG,2015,60.49,,
ESTAT:ISOC_E_DII(1.0),27/02/26 11:00:00,A,10-249,C10-S951_X_K,E_DI_VLO,PC_ENT,BG,2016,63.19,b,
ESTAT:ISOC_E_DII(1.0),27/02/26 11:00:00,A,10-249,C10-S951_X_K,E_DI_VLO,PC_ENT,BG,2017,64.02,b,
ESTAT:ISOC_E_DII(1.0),27/02/26 11:00:00,A,10-249,C10-S951_X_K,E_DI_VLO,PC_ENT,BG,2018,67.43,b,
ESTAT:ISOC_E_DII(1.0),27/02/26 11:00:00,A,10-249,C10-S951_X_K,E_DI_VLO,PC_ENT,BG,2019,61.63,b,
ESTAT:ISOC_E_DII(1.0),27/02/26 11:00:00,A,10-249,C10-S951_X_K,E_DI_VLO,PC_ENT,CY,2015,45.51,,
ESTAT:ISOC_E_DII(1.0),27/02/26 11:00:00,A,10-249,C10-S951_X_K,E_DI_VLO,PC_ENT,CY,2016,47.52,b,
ESTAT:ISOC_E_DII(1.0),27/02/26 11:00:00,A,10-249,C10-S951_X_K,E_DI_VLO,PC_ENT,CY,2017,40.78,b,
ESTAT:ISOC_E_DII(1.0),27/02/26 11:00:00,A,10-249,C10-S951_X_K,E_DI_VLO,PC_ENT,CY,2018,45.20,b,
ESTAT:ISOC_E_DII(1.0),27/02/26 11:00:00,A,10-249,C10-S951_X_K,E_DI_VLO,PC_ENT,CY,2019,37.43,b,
ESTAT:ISOC_E_DII(1.0),27/02/26 11:00:00,A,10-249,C10-S951_X_K,E_DI_VLO,PC_ENT,CZ,2015,44.03,,
ESTAT:ISOC_E_DII(1.0),27/02/26 11:00:00,A,10-249,C10-S951_X_K,E_DI_VLO,PC_ENT,CZ,2016,38.61,b,
ESTAT:ISOC_E_DII(1.0),27/02/26 11:00:00,A,10-249,C10-S951_X_K,E_DI_VLO,PC_ENT,CZ,2017,48.56,b,
ESTAT:ISOC_E_DII(1.0),27/02/26 11:00:00,A,10-249,C10-S951_X_K,E_DI_VLO,PC_ENT,CZ,2018,49.38,b,
ESTAT:ISOC_E_DII(1.0),27/02/26 11:00:00,A,10-249,C10-S951_X_K,E_DI_VLO,PC_ENT,CZ,2019,26.50,b,
ESTAT:ISOC_E_DII(1.0),27/02/26 11:00:00,A,10-249,C10-S951_X_K,E_DI_VLO,PC_ENT,DE,2015,36.15,,
ESTAT:ISOC_E_DII(1.0),27/02/26 11:00:00,A,10-249,C10-S951_X_K,E_DI_VLO,PC_ENT,DE,2016,42.22,b,
ESTAT:ISOC_E_DII(1.0),27/02/26 11:00:00,A,10-249,C10-S951_X_K,E_DI_VLO,PC_ENT,DE,2017,34.59,b,
ESTAT:ISOC_E_DII(1.0),27/02/26 11:00:00,A,10-249,C10-S951_X_K,E_DI_VLO,PC_ENT,DE,2018,42.25,b,
ESTAT:ISOC_E_DII(1.0),27/02/26 11:00:00,A,10-249,C10-S951_X_K,E_DI_VLO,PC_ENT,DE,2019,33.08,b,
ESTAT:ISOC_E_DII(1.0),27/02/26 11:00:00,A,10-249,C10-S951_X_K,E_DI_VLO,PC_ENT,DK,2015,17.91,,
ESTAT:ISOC_E_DII(1.0),27/02/26 11:00:00,A,10-249,C10-S951_X_K,E_DI_VLO,PC_ENT,DK,2016,11.48,b,
ESTAT:ISOC_E_DII(1.0),27/02/26 11:00:00,A,10-249,C10-S951_X_K,E_DI_VLO,PC_ENT,DK,2017,19.88,b,
ESTAT:ISOC_E_DII(1.0),27/02/26 11:00:00,A,10-249,C10-S951_X_K,E_DI_VLO,PC_ENT,DK,2018,13.86,b,
ESTAT:ISOC_E_DII(1.0),27/02/26 11:00:00,A,10-249,C10-S951_X_K,E_DI_VLO,PC_ENT,DK,2019,15.06,b,
ESTAT:ISOC_E_DII(1.0),27/02/26 11:00:00,A,10-249,C10-S951_X_K,E_DI_VLO,PC_ENT,EA,2015,40.61,,
ESTAT:ISOC_E_DII(1.0),27/02/26 11:00:00,A,10-249,C10-S951_X_K,E_DI_VLO,PC_ENT,EA,2016,42.87,b,
ESTAT:ISOC_E_DII(1.0),27/02/26 11:00:00,A,10-249,C10-S951_X_K,E_DI_VLO,PC_ENT,EA,2017,41.63,,
ESTAT:ISOC_E_DII(1.0),27/02/26 11:00:00,A,10-249,C10-S951_X_K,E_DI_VLO,PC_ENT,EA,2018,46.83,,
ESTAT:ISOC_E_DII(1.0),27/02/26 11:00:00,A,10-249,C10-S951_X_K,E_DI_VLO,PC_ENT,EA,2019,37.27,,
ESTAT:ISOC_E_DII(1.0),27/02/26 11:00:00,A,10-249,C10-S951_X_K,E_DI_VLO,PC_ENT,EE,2015,39.59,,
ESTAT:ISOC_E_DII(1.0),27/02/26 11:00:00,A,10-249,C10-S951_X_K,E_DI_VLO,PC_ENT,EE,2016,38.40,b,
ESTAT:ISOC_E_DII(1.0),27/02/26 11:00:00,A,10-249,C10-S951_X_K,E_DI_VLO,PC_ENT,EE,2017,44.05,b,
ESTAT:ISOC_E_DII(1.0),27/02/26 11:00:00,A,10-249,C10-S951_X_K,E_DI_VLO,PC_ENT,EE,2018,42.56,b,
ESTAT:ISOC_E_DII(1.0),27/02/26 11:00:00,A,10-249,C10-S951_X_K,E_DI_VLO,PC_ENT,EE,2019,45.13,b,
ESTAT:ISOC_E_DII(1.0),27/02/26 11:00:00,A,10-249,C10-S951_X_K,E_DI_VLO,PC_ENT,EL,2015,54.19,,
ESTAT:ISOC_E_DII(1.0),27/02/26 11:00:00,A,10-249,C10-S951_X_K,E_DI_VLO,PC_ENT,EL,2016,43.70,b,
ESTAT:ISOC_E_DII(1.0),27/02/26 11:00:00,A,10-249,C10-S951_X_K,E_DI_VLO,PC_ENT,EL,2017,54.07,b,
ESTAT:ISOC_E_DII(1.0),27/02/26 11:00:00,A,10-249,C10-S951_X_K,E_DI_VLO,PC_ENT,EL,2018,60.44,b,
ESTAT:ISOC_E_DII(1.0),27/02/26 11:00:00,A,10-249,C10-S951_X_K,E_DI_VLO,PC_ENT,EL,2019,67.59,b,
ESTAT:ISOC_E_DII(1.0),27/02/26 11:00:00,A,10-249,C10-S951_X_K,E_DI_VLO,PC_ENT,ES,2015,38.59,,
ESTAT:ISOC_E_DII(1.0),27/02/26 11:00:00,A,10-249,C10-S951_X_K,E_DI_VLO,PC_ENT,ES,2016,37.24,b,
ESTAT:ISOC_E_DII(1.0),27/02/26 11:00:00,A,10-249,C10-S951_X_K,E_DI_VLO,PC_ENT,ES,2017,36.62,b,
ESTAT:ISOC_E_DII(1.0),27/02/26 11:00:00,A,10-249,C10-S951_X_K,E_DI_VLO,PC_ENT,ES,2018,57.65,b,
ESTAT:ISOC_E_DII(1.0),27/02/26 11:00:00,A,10-249,C10-S951_X_K,E_DI_VLO,PC_ENT,ES,2019,36.34,b,
ESTAT:ISOC_E_DII(1.0),27/02/26 11:00:00,A,10-249,C10-S951_X_K,E_DI_VLO,PC_ENT,EU15,2015,39.56,,
ESTAT:ISOC_E_DII(1.0),27/02/26 11:00:00,A,10-249,C10-S951_X_K,E_DI_VLO,PC_ENT,EU15,2016,40.69,b,
ESTAT:ISOC_E_DII(1.0),27/02/26 11:00:00,A,10-249,C10-S951_X_K,E_DI_VLO,PC_ENT,EU15,2017,41.01,,
ESTAT:ISOC_E_DII(1.0),27/02/26 11:00:00,A,10-249,C10-S951_X_K,E_DI_VLO,PC_ENT,EU15,2018,44.67,,
ESTAT:ISOC_E_DII(1.0),27/02/26 11:00:00,A,10-249,C10-S951_X_K,E_DI_VLO,PC_ENT,EU27_2007,2015,42.31,,
ESTAT:ISOC_E_DII(1.0),27/02/26 11:00:00,A,10-249,C10-S951_X_K,E_DI_VLO,PC_ENT,EU27_2007,2016,42.86,b,
ESTAT:ISOC_E_DII(1.0),27/02/26 11:00:00,A,10-249,C10-S951_X_K,E_DI_VLO,PC_ENT,EU27_2007,2017,43.23,,
ESTAT:ISOC_E_DII(1.0),27/02/26 11:00:00,A,10-249,C10-S951_X_K,E_DI_VLO,PC_ENT,EU27_2007,2018,46.71,,
ESTAT:ISOC_E_DII(1.0),27/02/26 11:00:00,A,10-249,C10-S951_X_K,E_DI_VLO,PC_ENT,EU27_2020,2015,42.90,,
ESTAT:ISOC_E_DII(1.0),27/02/26 11:00:00,A,10-249,C10-S951_X_K,E_DI_VLO,PC_ENT,EU27_2020,2016,44.08,,
ESTAT:ISOC_E_DII(1.0),27/02/26 11:00:00,A,10-249,C10-S951_X_K,E_DI_VLO,PC_ENT,EU27_2020,2017,43.41,,
ESTAT:ISOC_E_DII(1.0),27/02/26 11:00:00,A,10-249,C10-S951_X_K,E_DI_VLO,PC_ENT,EU27_2020,2018,47.84,,
ESTAT:ISOC_E_DII(1.0),27/02/26 11:00:00,A,10-249,C10-S951_X_K,E_DI_VLO,PC_ENT,EU27_2020,2019,40.15,,
ESTAT:ISOC_E_DII(1.0),27/02/26 11:00:00,A,10-249,C10-S951_X_K,E_DI_VLO,PC_ENT,EU28,2015,42.31,,
ESTAT:ISOC_E_DII(1.0),27/02/26 11:00:00,A,10-249,C10-S951_X_K,E_DI_VLO,PC_ENT,EU28,2016,42.85,b,
ESTAT:ISOC_E_DII(1.0),27/02/26 11:00:00,A,10-249,C10-S951_X_K,E_DI_VLO,PC_ENT,EU28,2017,43.28,,
ESTAT:ISOC_E_DII(1.0),27/02/26 11:00:00,A,10-249,C10-S951_X_K,E_DI_VLO,PC_ENT,EU28,2018,46.75,,
ESTAT:ISOC_E_DII(1.0),27/02/26 11:00:00,A,10-249,C10-S951_X_K,E_DI_VLO,PC_ENT,EU28,2019,39.30,,
ESTAT:ISOC_E_DII(1.0),27/02/26 11:00:00,A,10-249,C10-S951_X_K,E_DI_VLO,PC_ENT,FI,2015,23.00,,
ESTAT:ISOC_E_DII(1.0),27/02/26 11:00:00,A,10-249,C10-S951_X_K,E_DI_VLO,PC_ENT,FI,2016,12.19,b,
ESTAT:ISOC_E_DII(1.0),27/02/26 11:00:00,A,10-249,C10-S951_X_K,E_DI_VLO,PC_ENT,FI,2017,16.61,b,
ESTAT:ISOC_E_DII(1.0),27/02/26 11:00:00,A,10-249,C10-S951_X_K,E_DI_VLO,PC_ENT,FI,2018,11.45,b,
ESTAT:ISOC_E_DII(1.0),27/02/26 11:00:00,A,10-249,C10-S951_X_K,E_DI_VLO,PC_ENT,FI,2019,15.40,b,
ESTAT:ISOC_E_DII(1.0),27/02/26 11:00:00,A,10-249,C10-S951_X_K,E_DI_VLO,PC_ENT,FR,2015,46.65,,
ESTAT:ISOC_E_DII(1.0),27/02/26 11:00:00,A,10-249,C10-S951_X_K,E_DI_VLO,PC_ENT,FR,2016,49.93,b,
ESTAT:ISOC_E_DII(1.0),27/02/26 11:00:00,A,10-249,C10-S951_X_K,E_DI_VLO,PC_ENT,FR,2017,51.35,b,
ESTAT:ISOC_E_DII(1.0),27/02/26 11:00:00,A,10-249,C10-S951_X_K,E_DI_VLO,PC_ENT,FR,2018,51.39,b,
ESTAT:ISOC_E_DII(1.0),27/02/26 11:00:00,A,10-249,C10-S951_X_K,E_DI_VLO,PC_ENT,FR,2019,42.76,b,
ESTAT:ISOC_E_DII(1.0),27/02/26 11:00:00,A,10-249,C10-S951_X_K,E_DI_VLO,PC_ENT,HR,2015,42.52,,
ESTAT:ISOC_E_DII(1.0),27/02/26 11:00:00,A,10-249,C10-S951_X_K,E_DI_VLO,PC_ENT,HR,2016,42.54,b,
ESTAT:ISOC_E_DII(1.0),27/02/26 11:00:00,A,10-249,C10-S951_X_K,E_DI_VLO,PC_ENT,HR,2017,49.89,b,
ESTAT:ISOC_E_DII(1.0),27/02/26 11:00:00,A,10-249,C10-S951_X_K,E_DI_VLO,PC_ENT,HR,2018,52.06,b,
ESTAT:ISOC_E_DII(1.0),27/02/26 11:00:00,A,10-249,C10-S951_X_K,E_DI_VLO,PC_ENT,HR,2019,46.39,b,
ESTAT:ISOC_E_DII(1.0),27/02/26 11:00:00,A,10-249,C10-S951_X_K,E_DI_VLO,PC_ENT,HU,2015,55.32,,
ESTAT:ISOC_E_DII(1.0),27/02/26 11:00:00,A,10-249,C10-S951_X_K,E_DI_VLO,PC_ENT,HU,2016,51.05,b,
ESTAT:ISOC_E_DII(1.0),27/02/26 11:00:00,A,10-249,C10-S951_X_K,E_DI_VLO,PC_ENT,HU,2017,54.11,b,
ESTAT:ISOC_E_DII(1.0),27/02/26 11:00:00,A,10-249,C10-S951_X_K,E_DI_VLO,PC_ENT,HU,2018,55.77,b,
ESTAT:ISOC_E_DII(1.0),27/02/26 11:00:00,A,10-249,C10-S951_X_K,E_DI_VLO,PC_ENT,HU,2019,58.26,b,
ESTAT:ISOC_E_DII(1.0),27/02/26 11:00:00,A,10-249,C10-S951_X_K,E_DI_VLO,PC_ENT,IE,2015,41.33,,
ESTAT:ISOC_E_DII(1.0),27/02/26 11:00:00,A,10-249,C10-S951_X_K,E_DI_VLO,PC_ENT,IE,2016,40.77,b,
ESTAT:ISOC_E_DII(1.0),27/02/26 11:00:00,A,10-249,C10-S951_X_K,E_DI_VLO,PC_ENT,IE,2017,39.86,b,
ESTAT:ISOC_E_DII(1.0),27/02/26 11:00:00,A,10-249,C10-S951_X_K,E_DI_VLO,PC_ENT,IE,2018,34.55,b,
ESTAT:ISOC_E_DII(1.0),27/02/26 11:00:00,A,10-249,C10-S951_X_K,E_DI_VLO,PC_ENT,IE,2019,30.71,b,
ESTAT:ISOC_E_DII(1.0),27/02/26 11:00:00,A,10-249,C10-S951_X_K,E_DI_VLO,PC_ENT,IT,2015,50.55,,
ESTAT:ISOC_E_DII(1.0),27/02/26 11:00:00,A,10-249,C10-S951_X_K,E_DI_VLO,PC_ENT,IT,2016,53.71,b,
ESTAT:ISOC_E_DII(1.0),27/02/26 11:00:00,A,10-249,C10-S951_X_K,E_DI_VLO,PC_ENT,IT,2017,55.80,b,
ESTAT:ISOC_E_DII(1.0),27/02/26 11:00:00,A,10-249,C10-S951_X_K,E_DI_VLO,PC_ENT,IT,2018,55.18,b,
ESTAT:ISOC_E_DII(1.0),27/02/26 11:00:00,A,10-249,C10-S951_X_K,E_DI_VLO,PC_ENT,IT,2019,42.25,b,
ESTAT:ISOC_E_DII(1.0),27/02/26 11:00:00,A,10-249,C10-S951_X_K,E_DI_VLO,PC_ENT,LT,2015,34.09,,
ESTAT:ISOC_E_DII(1.0),27/02/26 11:00:00,A,10-249,C10-S951_X_K,E_DI_VLO,PC_ENT,LT,2016,35.50,b,
ESTAT:ISOC_E_DII(1.0),27/02/26 11:00:00,A,10-249,C10-S951_X_K,E_DI_VLO,PC_ENT,LT,2017,32.13,b,
ESTAT:ISOC_E_DII(1.0),27/02/26 11:00:00,A,10-249,C10-S951_X_K,E_DI_VLO,PC_ENT,LT,2018,33.32,b,
ESTAT:ISOC_E_DII(1.0),27/02/26 11:00:00,A,10-249,C10-S951_X_K,E_DI_VLO,PC_ENT,LT,2019,28.75,b,
ESTAT:ISOC_E_DII(1.0),27/02/26 11:00:00,A,10-249,C10-S951_X_K,E_DI_VLO,PC_ENT,LU,2015,36.52,,
ESTAT:ISOC_E_DII(1.0),27/02/26 11:00:00,A,10-249,C10-S951_X_K,E_DI_VLO,PC_ENT,LU,2016,36.08,b,
ESTAT:ISOC_E_DII(1.0),27/02/26 11:00:00,A,10-249,C10-S951_X_K,E_DI_VLO,PC_ENT,LU,2017,36.59,b,
ESTAT:ISOC_E_DII(1.0),27/02/26 11:00:00,A,10-249,C10-S951_X_K,E_DI_VLO,PC_ENT,LU,2018,38.89,b,
ESTAT:ISOC_E_DII(1.0),27/02/26 11:00:00,A,10-249,C10-S951_X_K,E_DI_VLO,PC_ENT,LU,2019,34.16,b,
ESTAT:ISOC_E_DII(1.0),27/02/26 11:00:00,A,10-249,C10-S951_X_K,E_DI_VLO,PC_ENT,LV,2015,56.44,,
ESTAT:ISOC_E_DII(1.0),27/02/26 11:00:00,A,10-249,C10-S951_X_K,E_DI_VLO,PC_ENT,LV,2016,54.16,b,
ESTAT:ISOC_E_DII(1.0),27/02/26 11:00:00,A,10-249,C10-S951_X_K,E_DI_VLO,PC_ENT,LV,2017,60.55,b,
ESTAT:ISOC_E_DII(1.0),27/02/26 11:00:00,A,10-249,C10-S951_X_K,E_DI_VLO,PC_ENT,LV,2018,59.22,b,
ESTAT:ISOC_E_DII(1.0),27/02/26 11:00:00,A,10-249,C10-S951_X_K,E_DI_VLO,PC_ENT,LV,2019,54.37,b,
ESTAT:ISOC_E_DII(1.0),27/02/26 11:00:00,A,10-249,C10-S951_X_K,E_DI_VLO,PC_ENT,ME,2017,40.87,b,
ESTAT:ISOC_E_DII(1.0),27/02/26 11:00:00,A,10-249,C10-S951_X_K,E_DI_VLO,PC_ENT,ME,2018,42.64,b,
ESTAT:ISOC_E_DII(1.0),27/02/26 11:00:00,A,10-249,C10-S951_X_K,E_DI_VLO,PC_ENT,ME,2019,40.56,b,
ESTAT:ISOC_E_DII(1.0),27/02/26 11:00:00,A,10-249,C10-S951_X_K,E_DI_VLO,PC_ENT,MK,2015,55.10,,
ESTAT:ISOC_E_DII(1.0),27/02/26 11:00:00,A,10-249,C10-S951_X_K,E_DI_VLO,PC_ENT,MK,2016,51.28,b,
ESTAT:ISOC_E_DII(1.0),27/02/26 11:00:00,A,10-249,C10-S951_X_K,E_DI_VLO,PC_ENT,MT,2015,22.93,,
ESTAT:ISOC_E_DII(1.0),27/02/26 11:00:00,A,10-249,C10-S951_X_K,E_DI_VLO,PC_ENT,MT,2016,23.78,b,
ESTAT:ISOC_E_DII(1.0),27/02/26 11:00:00,A,10-249,C10-S951_X_K,E_DI_VLO,PC_ENT,MT,2017,33.06,b,
ESTAT:ISOC_E_DII(1.0),27/02/26 11:00:00,A,10-249,C10-S951_X_K,E_DI_VLO,PC_ENT,MT,2018,29.18,b,
ESTAT:ISOC_E_DII(1.0),27/02/26 11:00:00,A,10-249,C10-S951_X_K,E_DI_VLO,PC_ENT,MT,2019,21.79,b,
ESTAT:ISOC_E_DII(1.0),27/02/26 11:00:00,A,10-249,C10-S951_X_K,E_DI_VLO,PC_ENT,NL,2015,19.46,,
ESTAT:ISOC_E_DII(1.0),27/02/26 11:00:00,A,10-249,C10-S951_X_K,E_DI_VLO,PC_ENT,NL,2016,21.27,b,
ESTAT:ISOC_E_DII(1.0),27/02/26 11:00:00,A,10-249,C10-S951_X_K,E_DI_VLO,PC_ENT,NL,2017,23.92,b,
ESTAT:ISOC_E_DII(1.0),27/02/26 11:00:00,A,10-249,C10-S951_X_K,E_DI_VLO,PC_ENT,NL,2018,21.74,b,
ESTAT:ISOC_E_DII(1.0),27/02/26 11:00:00,A,10-249,C10-S951_X_K,E_DI_VLO,PC_ENT,NL,2019,24.22,b,
ESTAT:ISOC_E_DII(1.0),27/02/26 11:00:00,A,10-249,C10-S951_X_K,E_DI_VLO,PC_ENT,NO,2015,24.49,,
ESTAT:ISOC_E_DII(1.0),27/02/26 11:00:00,A,10-249,C10-S951_X_K,E_DI_VLO,PC_ENT,NO,2016,19.36,b,
ESTAT:ISOC_E_DII(1.0),27/02/26 11:00:00,A,10-249,C10-S951_X_K,E_DI_VLO,PC_ENT,NO,2017,28.33,b,
ESTAT:ISOC_E_DII(1.0),27/02/26 11:00:00,A,10-249,C10-S951_X_K,E_DI_VLO,PC_ENT,NO,2018,28.58,b,
ESTAT:ISOC_E_DII(1.0),27/02/26 11:00:00,A,10-249,C10-S951_X_K,E_DI_VLO,PC_ENT,NO,2019,25.16,b,
ESTAT:ISOC_E_DII(1.0),27/02/26 11:00:00,A,10-249,C10-S951_X_K,E_DI_VLO,PC_ENT,PL,2015,55.87,,
ESTAT:ISOC_E_DII(1.0),27/02/26 11:00:00,A,10-249,C10-S951_X_K,E_DI_VLO,PC_ENT,PL,2016,53.07,b,
ESTAT:ISOC_E_DII(1.0),27/02/26 11:00:00,A,10-249,C10-S951_X_K,E_DI_VLO,PC_ENT,PL,2017,50.67,b,
ESTAT:ISOC_E_DII(1.0),27/02/26 11:00:00,A,10-249,C10-S951_X_K,E_DI_VLO,PC_ENT,PL,2018,57.67,b,
ESTAT:ISOC_E_DII(1.0),27/02/26 11:00:00,A,10-249,C10-S951_X_K,E_DI_VLO,PC_ENT,PL,2019,62.18,b,
ESTAT:ISOC_E_DII(1.0),27/02/26 11:00:00,A,10-249,C10-S951_X_K,E_DI_VLO,PC_ENT,PT,2015,47.03,,
ESTAT:ISOC_E_DII(1.0),27/02/26 11:00:00,A,10-249,C10-S951_X_K,E_DI_VLO,PC_ENT,PT,2016,44.57,b,
ESTAT:ISOC_E_DII(1.0),27/02/26 11:00:00,A,10-249,C10-S951_X_K,E_DI_VLO,PC_ENT,PT,2017,38.76,b,
ESTAT:ISOC_E_DII(1.0),27/02/26 11:00:00,A,10-249,C10-S951_X_K,E_DI_VLO,PC_ENT,PT,2018,51.98,b,
ESTAT:ISOC_E_DII(1.0),27/02/26 11:00:00,A,10-249,C10-S951_X_K,E_DI_VLO,PC_ENT,PT,2019,40.52,b,
ESTAT:ISOC_E_DII(1.0),27/02/26 11:00:00,A,10-249,C10-S951_X_K,E_DI_VLO,PC_ENT,RO,2015,63.01,,
ESTAT:ISOC_E_DII(1.0),27/02/26 11:00:00,A,10-249,C10-S951_X_K,E_DI_VLO,PC_ENT,RO,2016,66.94,b,
ESTAT:ISOC_E_DII(1.0),27/02/26 11:00:00,A,10-249,C10-S951_X_K,E_DI_VLO,PC_ENT,RO,2017,62.94,b,
ESTAT:ISOC_E_DII(1.0),27/02/26 11:00:00,A,10-249,C10-S951_X_K,E_DI_VLO,PC_ENT,RO,2018,61.80,b,
ESTAT:ISOC_E_DII(1.0),27/02/26 11:00:00,A,10-249,C10-S951_X_K,E_DI_VLO,PC_ENT,RO,2019,68.62,b,
ESTAT:ISOC_E_DII(1.0),27/02/26 11:00:00,A,10-249,C10-S951_X_K,E_DI_VLO,PC_ENT,RS,2017,37.59,b,
ESTAT:ISOC_E_DII(1.0),27/02/26 11:00:00,A,10-249,C10-S951_X_K,E_DI_VLO,PC_ENT,RS,2018,42.62,b,
ESTAT:ISOC_E_DII(1.0),27/02/26 11:00:00,A,10-249,C10-S951_X_K,E_DI_VLO,PC_ENT,RS,2019,38.13,b,
ESTAT:ISOC_E_DII(1.0),27/02/26 11:00:00,A,10-249,C10-S951_X_K,E_DI_VLO,PC_ENT,SE,2015,28.40,,
ESTAT:ISOC_E_DII(1.0),27/02/26 11:00:00,A,10-249,C10-S951_X_K,E_DI_VLO,PC_ENT,SE,2016,21.11,b,
ESTAT:ISOC_E_DII(1.0),27/02/26 11:00:00,A,10-249,C10-S951_X_K,E_DI_VLO,PC_ENT,SE,2017,27.36,b,
ESTAT:ISOC_E_DII(1.0),27/02/26 11:00:00,A,10-249,C10-S951_X_K,E_DI_VLO,PC_ENT,SE,2018,22.31,b,
ESTAT:ISOC_E_DII(1.0),27/02/26 11:00:00,A,10-249,C10-S951_X_K,E_DI_VLO,PC_ENT,SE,2019,17.79,b,
ESTAT:ISOC_E_DII(1.0),27/02/26 11:00:00,A,10-249,C10-S951_X_K,E_DI_VLO,PC_ENT,SI,2015,46.29,,
ESTAT:ISOC_E_DII(1.0),27/02/26 11:00:00,A,10-249,C10-S951_X_K,E_DI_VLO,PC_ENT,SI,2016,38.53,b,
ESTAT:ISOC_E_DII(1.0),27/02/26 11:00:00,A,10-249,C10-S951_X_K,E_DI_VLO,PC_ENT,SI,2017,42.97,b,
ESTAT:ISOC_E_DII(1.0),27/02/26 11:00:00,A,10-249,C10-S951_X_K,E_DI_VLO,PC_ENT,SI,2018,32.50,b,
ESTAT:ISOC_E_DII(1.0),27/02/26 11:00:00,A,10-249,C10-S951_X_K,E_DI_VLO,PC_ENT,SI,2019,46.32,b,
ESTAT:ISOC_E_DII(1.0),27/02/26 11:00:00,A,10-249,C10-S951_X_K,E_DI_VLO,PC_ENT,SK,2015,37.83,,
ESTAT:ISOC_E_DII(1.0),27/02/26 11:00:00,A,10-249,C10-S951_X_K,E_DI_VLO,PC_ENT,SK,2016,39.52,b,
ESTAT:ISOC_E_DII(1.0),27/02/26 11:00:00,A,10-249,C10-S951_X_K,E_DI_VLO,PC_ENT,SK,2017,46.04,b,
ESTAT:ISOC_E_DII(1.0),27/02/26 11:00:00,A,10-249,C10-S951_X_K,E_DI_VLO,PC_ENT,SK,2018,52.77,b,
ESTAT:ISOC_E_DII(1.0),27/02/26 11:00:00,A,10-249,C10-S951_X_K,E_DI_VLO,PC_ENT,SK,2019,49.06,b,
ESTAT:ISOC_E_DII(1.0),27/02/26 11:00:00,A,10-249,C10-S951_X_K,E_DI_VLO,PC_ENT,TR,2017,70.51,b,
ESTAT:ISOC_E_DII(1.0),27/02/26 11:00:00,A,10-249,C10-S951_X_K,E_DI_VLO,PC_ENT,TR,2018,85.85,b,
ESTAT:ISOC_E_DII(1.0),27/02/26 11:00:00,A,10-249,C10-S951_X_K,E_DI_VLO,PC_ENT,UK,2015,38.39,,
ESTAT:ISOC_E_DII(1.0),27/02/26 11:00:00,A,10-249,C10-S951_X_K,E_DI_VLO,PC_ENT,UK,2016,34.59,b,
ESTAT:ISOC_E_DII(1.0),27/02/26 11:00:00,A,10-249,C10-S951_X_K,E_DI_VLO,PC_ENT,UK,2017,42.37,b,
ESTAT:ISOC_E_DII(1.0),27/02/26 11:00:00,A,10-249,C10-S951_X_K,E_DI_VLO,PC_ENT,UK,2018,39.22,b,
ESTAT:ISOC_E_DII(1.0),27/02/26 11:00:00,A,10-249,C10-S951_X_K,E_DI_VLO,PC_ENT,UK,2019,33.39,b,
ESTAT:ISOC_E_DII(1.0),27/02/26 11:00:00,A,10-49,C10-S951_X_K,E_DI2_HI,PC_ENT,AT,2018,5.55,,
ESTAT:ISOC_E_DII(1.0),27/02/26 11:00:00,A,10-49,C10-S951_X_K,E_DI2_HI,PC_ENT,AT,2020,10.09,,
ESTAT:ISOC_E_DII(1.0),27/02/26 11:00:00,A,10-49,C10-S951_X_K,E_DI2_HI,PC_ENT,BA,2020,4.24,,
ESTAT:ISOC_E_DII(1.0),27/02/26 11:00:00,A,10-49,C10-S951_X_K,E_DI2_HI,PC_ENT,BE,2018,12.87,,
ESTAT:ISOC_E_DII(1.0),27/02/26 11:00:00,A,10-49,C10-S951_X_K,E_DI2_HI,PC_ENT,BE,2020,21.90,,
ESTAT:ISOC_E_DII(1.0),27/02/26 11:00:00,A,10-49,C10-S951_X_K,E_DI2_HI,PC_ENT,BG,2018,3.32,,
ESTAT:ISOC_E_DII(1.0),27/02/26 11:00:00,A,10-49,C10-S951_X_K,E_DI2_HI,PC_ENT,BG,2020,3.55,,
ESTAT:ISOC_E_DII(1.0),27/02/26 11:00:00,A,10-49,C10-S951_X_K,E_DI2_HI,PC_ENT,CY,2018,4.16,,
ESTAT:ISOC_E_DII(1.0),27/02/26 11:00:00,A,10-49,C10-S951_X_K,E_DI2_HI,PC_ENT,CY,2020,9.34,,
ESTAT:ISOC_E_DII(1.0),27/02/26 11:00:00,A,10-49,C10-S951_X_K,E_DI2_HI,PC_ENT,CZ,2018,5.84,,
ESTAT:ISOC_E_DII(1.0),27/02/26 11:00:00,A,10-49,C10-S951_X_K,E_DI2_HI,PC_ENT,CZ,2020,10.38,,
ESTAT:ISOC_E_DII(1.0),27/02/26 11:00:00,A,10-49,C10-S951_X_K,E_DI2_HI,PC_ENT,DE,2018,4.84,,
ESTAT:ISOC_E_DII(1.0),27/02/26 11:00:00,A,10-49,C10-S951_X_K,E_DI2_HI,PC_ENT,DE,2020,9.75,,
ESTAT:ISOC_E_DII(1.0),27/02/26 11:00:00,A,10-49,C10-S951_X_K,E_DI2_HI,PC_ENT,DK,2018,27.27,,
ESTAT:ISOC_E_DII(1.0),27/02/26 11:00:00,A,10-49,C10-S951_X_K,E_DI2_HI,PC_ENT,DK,2020,36.84,,
ESTAT:ISOC_E_DII(1.0),27/02/26 11:00:00,A,10-49,C10-S951_X_K,E_DI2_HI,PC_ENT,EA,2018,7.12,,
ESTAT:ISOC_E_DII(1.0),27/02/26 11:00:00,A,10-49,C10-S951_X_K,E_DI2_HI,PC_ENT,EA,2020,12.26,,
ESTAT:ISOC_E_DII(1.0),27/02/26 11:00:00,A,10-49,C10-S951_X_K,E_DI2_HI,PC_ENT,EE,2018,8.16,,
ESTAT:ISOC_E_DII(1.0),27/02/26 11:00:00,A,10-49,C10-S951_X_K,E_DI2_HI,PC_ENT,EE,2020,21.83,,
ESTAT:ISOC_E_DII(1.0),27/02/26 11:00:00,A,10-49,C10-S951_X_K,E_DI2_HI,PC_ENT,EL,2018,2.74,,
ESTAT:ISOC_E_DII(1.0),27/02/26 11:00:00,A,10-49,C10-S951_X_K,E_DI2_HI,PC_ENT,EL,2020,,u,
ESTAT:ISOC_E_DII(1.0),27/02/26 11:00:00,A,10-49,C10-S951_X_K,E_DI2_HI,PC_ENT,ES,2018,9.82,,
ESTAT:ISOC_E_DII(1.0),27/02/26 11:00:00,A,10-49,C10-S951_X_K,E_DI2_HI,PC_ENT,ES,2020,12.37,,
ESTAT:ISOC_E_DII(1.0),27/02/26 11:00:00,A,10-49,C10-S951_X_K,E_DI2_HI,PC_ENT,EU15,2018,7.69,,
ESTAT:ISOC_E_DII(1.0),27/02/26 11:00:00,A,10-49,C10-S951_X_K,E_DI2_HI,PC_ENT,EU27_2007,2018,7.31,,
ESTAT:ISOC_E_DII(1.0),27/02/26 11:00:00,A,10-49,C10-S951_X_K,E_DI2_HI,PC_ENT,EU27_2020,2018,7.31,,
ESTAT:ISOC_E_DII(1.0),27/02/26 11:00:00,A,10-49,C10-S951_X_K,E_DI2_HI,PC_ENT,EU27_2020,2020,11.89,,
ESTAT:ISOC_E_DII(1.0),27/02/26 11:00:00,A,10-49,C10-S951_X_K,E_DI2_HI,PC_ENT,EU28,2018,7.30,,
ESTAT:ISOC_E_DII(1.0),27/02/26 11:00:00,A,10-49,C10-S951_X_K,E_DI2_HI,PC_ENT,FI,2018,32.35,,
ESTAT:ISOC_E_DII(1.0),27/02/26 11:00:00,A,10-49,C10-S951_X_K,E_DI2_HI,PC_ENT,FI,2020,38.01,,
ESTAT:ISOC_E_DII(1.0),27/02/26 11:00:00,A,10-49,C10-S951_X_K,E_DI2_HI,PC_ENT,FR,2018,5.92,,
ESTAT:ISOC_E_DII(1.0),27/02/26 11:00:00,A,10-49,C10-S951_X_K,E_DI2_HI,PC_ENT,FR,2020,9.33,,
ESTAT:ISOC_E_DII(1.0),27/02/26 11:00:00,A,10-49,C10-S951_X_K,E_DI2_HI,PC_ENT,HR,2018,5.97,,
ESTAT:ISOC_E_DII(1.0),27/02/26 11:00:00,A,10-49,C10-S951_X_K,E_DI2_HI,PC_ENT,HR,2020,17.36,,
ESTAT:ISOC_E_DII(1.0),27/02/26 11:00:00,A,10-49,C10-S951_X_K,E_DI2_HI,PC_ENT,HU,2018,9.30,,
ESTAT:ISOC_E_DII(1.0),27/02/26 11:00:00,A,10-49,C10-S951_X_K,E_DI2_HI,PC_ENT,HU,2020,8.48,,
ESTAT:ISOC_E_DII(1.0),27/02/26 11:00:00,A,10-49,C10-S951_X_K,E_DI2_HI,PC_ENT,IE,2018,12.09,,
ESTAT:ISOC_E_DII(1.0),27/02/26 11:00:00,A,10-49,C10-S951_X_K,E_DI2_HI,PC_ENT,IE,2020,23.10,,
ESTAT:ISOC_E_DII(1.0),27/02/26 11:00:00,A,10-49,C10-S951_X_K,E_DI2_HI,PC_ENT,IT,2018,5.27,,
ESTAT:ISOC_E_DII(1.0),27/02/26 11:00:00,A,10-49,C10-S951_X_K,E_DI2_HI,PC_ENT,IT,2020,14.82,b,
ESTAT:ISOC_E_DII(1.0),27/02/26 11:00:00,A,10-49,C10-S951_X_K,E_DI2_HI,PC_ENT,LT,2018,11.74,,
ESTAT:ISOC_E_DII(1.0),27/02/26 11:00:00,A,10-49,C10-S951_X_K,E_DI2_HI,PC_ENT,LT,2020,5.78,,
ESTAT:ISOC_E_DII(1.0),27/02/26 11:00:00,A,10-49,C10-S951_X_K,E_DI2_HI,PC_ENT,LU,2018,8.00,,
ESTAT:ISOC_E_DII(1.0),27/02/26 11:00:00,A,10-49,C10-S951_X_K,E_DI2_HI,PC_ENT,LU,2020,11.94,,
ESTAT:ISOC_E_DII(1.0),27/02/26 11:00:00,A,10-49,C10-S951_X_K,E_DI2_HI,PC_ENT,LV,2018,2.87,,
ESTAT:ISOC_E_DII(1.0),27/02/26 11:00:00,A,10-49,C10-S951_X_K,E_DI2_HI,PC_ENT,LV,2020,4.60,,
ESTAT:ISOC_E_DII(1.0),27/02/26 11:00:00,A,10-49,C10-S951_X_K,E_DI2_HI,PC_ENT,ME,2018,6.67,,
ESTAT:ISOC_E_DII(1.0),27/02/26 11:00:00,A,10-49,C10-S951_X_K,E_DI2_HI,PC_ENT,ME,2020,11.29,,
ESTAT:ISOC_E_DII(1.0),27/02/26 11:00:00,A,10-49,C10-S951_X_K,E_DI2_HI,PC_ENT,MK,2020,,,C
ESTAT:ISOC_E_DII(1.0),27/02/26 11:00:00,A,10-49,C10-S951_X_K,E_DI2_HI,PC_ENT,MT,2018,11.73,,
ESTAT:ISOC_E_DII(1.0),27/02/26 11:00:00,A,10-49,C10-S951_X_K,E_DI2_HI,PC_ENT,MT,2020,22.34,,
ESTAT:ISOC_E_DII(1.0),27/02/26 11:00:00,A,10-49,C10-S951_X_K,E_DI2_HI,PC_ENT,NL,2018,16.86,,
ESTAT:ISOC_E_DII(1.0),27/02/26 11:00:00,A,10-49,C10-S951_X_K,E_DI2_HI,PC_ENT,NL,2020,21.54,,
ESTAT:ISOC_E_DII(1.0),27/02/26 11:00:00,A,10-49,C10-S951_X_K,E_DI2_HI,PC_ENT,NO,2018,18.34,,
ESTAT:ISOC_E_DII(1.0),27/02/26 11:00:00,A,10-49,C10-S951_X_K,E_DI2_HI,PC_ENT,NO,2020,34.57,,
ESTAT:ISOC_E_DII(1.0),27/02/26 11:00:00,A,10-49,C10-S951_X_K,E_DI2_HI,PC_ENT,PL,2018,3.80,,
ESTAT:ISOC_E_DII(1.0),27/02/26 11:00:00,A,10-49,C10-S951_X_K,E_DI2_HI,PC_ENT,PL,2020,8.50,,
ESTAT:ISOC_E_DII(1.0),27/02/26 11:00:00,A,10-49,C10-S951_X_K,E_DI2_HI,PC_ENT,PT,2018,6.65,,
ESTAT:ISOC_E_DII(1.0),27/02/26 11:00:00,A,10-49,C10-S951_X_K,E_DI2_HI,PC_ENT,PT,2020,9.02,,
ESTAT:ISOC_E_DII(1.0),27/02/26 11:00:00,A,10-49,C10-S951_X_K,E_DI2_HI,PC_ENT,RO,2018,5.77,,
ESTAT:ISOC_E_DII(1.0),27/02/26 11:00:00,A,10-49,C10-S951_X_K,E_DI2_HI,PC_ENT,RO,2020,3.22,,
ESTAT:ISOC_E_DII(1.0),27/02/26 11:00:00,A,10-49,C10-S951_X_K,E_DI2_HI,PC_ENT,RS,2020,9.50,,
ESTAT:ISOC_E_DII(1.0),27/02/26 11:00:00,A,10-49,C10-S951_X_K,E_DI2_HI,PC_ENT,SE,2018,19.24,,
ESTAT:ISOC_E_DII(1.0),27/02/26 11:00:00,A,10-49,C10-S951_X_K,E_DI2_HI,PC_ENT,SE,2020,20.11,,
ESTAT:ISOC_E_DII(1.0),27/02/26 11:00:00,A,10-49,C10-S951_X_K,E_DI2_HI,PC_ENT,SI,2018,14.67,,
ESTAT:ISOC_E_DII(1.0),27/02/26 11:00:00,A,10-49,C10-S951_X_K,E_DI2_HI,PC_ENT,SI,2020,18.72,,
ESTAT:ISOC_E_DII(1.0),27/02/26 11:00:00,A,10-49,C10-S951_X_K,E_DI2_HI,PC_ENT,SK,2018,4.49,,
ESTAT:ISOC_E_DII(1.0),27/02/26 11:00:00,A,10-49,C10-S951_X_K,E_DI2_HI,PC_ENT,SK,2020,8.22,,
ESTAT:ISOC_E_DII(1.0),27/02/26 11:00:00,A,10-49,C10-S951_X_K,E_DI2_HI,PC_ENT,UK,2018,7.29,,
ESTAT:ISOC_E_DII(1.0),27/02/26 11:00:00,A,10-49,C10-S951_X_K,E_DI2_HI,PC_ENT,UK,2020,15.81,,
ESTAT:ISOC_E_DII(1.0),27/02/26 11:00:00,A,10-49,C10-S951_X_K,E_DI2_LO,PC_ENT,AT,2018,36.44,,
ESTAT:ISOC_E_DII(1.0),27/02/26 11:00:00,A,10-49,C10-S951_X_K,E_DI2_LO,PC_ENT,AT,2020,49.96,,
ESTAT:ISOC_E_DII(1.0),27/02/26 11:00:00,A,10-49,C10-S951_X_K,E_DI2_LO,PC_ENT,BA,2020,33.16,,
ESTAT:ISOC_E_DII(1.0),27/02/26 11:00:00,A,10-49,C10-S951_X_K,E_DI2_LO,PC_ENT,BE,2018,42.88,,
ESTAT:ISOC_E_DII(1.0),27/02/26 11:00:00,A,10-49,C10-S951_X_K,E_DI2_LO,PC_ENT,BE,2020,50.10,,
ESTAT:ISOC_E_DII(1.0),27/02/26 11:00:00,A,10-49,C10-S951_X_K,E_DI2_LO,PC_ENT,BG,2018,21.42,,
ESTAT:ISOC_E_DII(1.0),27/02/26 11:00:00,A,10-49,C10-S951_X_K,E_DI2_LO,PC_ENT,BG,2020,26.17,,
ESTAT:ISOC_E_DII(1.0),27/02/26 11:00:00,A,10-49,C10-S951_X_K,E_DI2_LO,PC_ENT,CY,2018,32.04,,
ESTAT:ISOC_E_DII(1.0),27/02/26 11:00:00,A,10-49,C10-S951_X_K,E_DI2_LO,PC_ENT,CY,2020,35.90,,
ESTAT:ISOC_E_DII(1.0),27/02/26 11:00:00,A,10-49,C10-S951_X_K,E_DI2_LO,PC_ENT,CZ,2018,34.42,,
ESTAT:ISOC_E_DII(1.0),27/02/26 11:00:00,A,10-49,C10-S951_X_K,E_DI2_LO,PC_ENT,CZ,2020,46.98,,
ESTAT:ISOC_E_DII(1.0),27/02/26 11:00:00,A,10-49,C10-S951_X_K,E_DI2_LO,PC_ENT,DE,2018,42.94,,
ESTAT:ISOC_E_DII(1.0),27/02/26 11:00:00,A,10-49,C10-S951_X_K,E_DI2_LO,PC_ENT,DE,2020,49.88,,
ESTAT:ISOC_E_DII(1.0),27/02/26 11:00:00,A,10-49,C10-S951_X_K,E_DI2_LO,PC_ENT,DK,2018,49.86,,
ESTAT:ISOC_E_DII(1.0),27/02/26 11:00:00,A,10-49,C10-S951_X_K,E_DI2_LO,PC_ENT,DK,2020,47.08,,
ESTAT:ISOC_E_DII(1.0),27/02/26 11:00:00,A,10-49,C10-S951_X_K,E_DI2_LO,PC_ENT,EA,2018,37.62,,
ESTAT:ISOC_E_DII(1.0),27/02/26 11:00:00,A,10-49,C10-S951_X_K,E_DI2_LO,PC_ENT,EA,2020,47.16,,
ESTAT:ISOC_E_DII(1.0),27/02/26 11:00:00,A,10-49,C10-S951_X_K,E_DI2_LO,PC_ENT,EE,2018,38.45,,
ESTAT:ISOC_E_DII(1.0),27/02/26 11:00:00,A,10-49,C10-S951_X_K,E_DI2_LO,PC_ENT,EE,2020,48.87,,
ESTAT:ISOC_E_DII(1.0),27/02/26 11:00:00,A,10-49,C10-S951_X_K,E_DI2_LO,PC_ENT,EL,2018,23.42,,
ESTAT:ISOC_E_DII(1.0),27/02/26 11:00:00,A,10-49,C10-S951_X_K,E_DI2_LO,PC_ENT,EL,2020,,u,
ESTAT:ISOC_E_DII(1.0),27/02/26 11:00:00,A,10-49,C10-S951_X_K,E_DI2_LO,PC_ENT,ES,2018,37.94,,
ESTAT:ISOC_E_DII(1.0),27/02/26 11:00:00,A,10-49,C10-S951_X_K,E_DI2_LO,PC_ENT,ES,2020,47.69,,
ESTAT:ISOC_E_DII(1.0),27/02/26 11:00:00,A,10-49,C10-S951_X_K,E_DI2_LO,PC_ENT,EU15,2018,38.31,,
ESTAT:ISOC_E_DII(1.0),27/02/26 11:00:00,A,10-49,C10-S951_X_K,E_DI2_LO,PC_ENT,EU27_2007,2018,36.80,,
ESTAT:ISOC_E_DII(1.0),27/02/26 11:00:00,A,10-49,C10-S951_X_K,E_DI2_LO,PC_ENT,EU27_2020,2018,36.46,,
ESTAT:ISOC_E_DII(1.0),27/02/26 11:00:00,A,10-49,C10-S951_X_K,E_DI2_LO,PC_ENT,EU27_2020,2020,45.49,,
ESTAT:ISOC_E_DII(1.0),27/02/26 11:00:00,A,10-49,C10-S951_X_K,E_DI2_LO,PC_ENT,EU28,2018,36.78,,
ESTAT:ISOC_E_DII(1.0),27/02/26 11:00:00,A,10-49,C10-S951_X_K,E_DI2_LO,PC_ENT,FI,2018,50.26,,
ESTAT:ISOC_E_DII(1.0),27/02/26 11:00:00,A,10-49,C10-S951_X_K,E_DI2_LO,PC_ENT,FI,2020,45.09,,
ESTAT:ISOC_E_DII(1.0),27/02/26 11:00:00,A,10-49,C10-S951_X_K,E_DI2_LO,PC_ENT,FR,2018,33.80,,
ESTAT:ISOC_E_DII(1.0),27/02/26 11:00:00,A,10-49,C10-S951_X_K,E_DI2_LO,PC_ENT,FR,2020,41.90,,
ESTAT:ISOC_E_DII(1.0),27/02/26 11:00:00,A,10-49,C10-S951_X_K,E_DI2_LO,PC_ENT,HR,2018,34.66,,
ESTAT:ISOC_E_DII(1.0),27/02/26 11:00:00,A,10-49,C10-S951_X_K,E_DI2_LO,PC_ENT,HR,2020,40.79,,
ESTAT:ISOC_E_DII(1.0),27/02/26 11:00:00,A,10-49,C10-S951_X_K,E_DI2_LO,PC_ENT,HU,2018,30.40,,
ESTAT:ISOC_E_DII(1.0),27/02/26 11:00:00,A,10-49,C10-S951_X_K,E_DI2_LO,PC_ENT,HU,2020,34.74,,
ESTAT:ISOC_E_DII(1.0),27/02/26 11:00:00,A,10-49,C10-S951_X_K,E_DI2_LO,PC_ENT,IE,2018,41.91,,
ESTAT:ISOC_E_DII(1.0),27/02/26 11:00:00,A,10-49,C10-S951_X_K,E_DI2_LO,PC_ENT,IE,2020,42.26,,
ESTAT:ISOC_E_DII(1.0),27/02/26 11:00:00,A,10-49,C10-S951_X_K,E_DI2_LO,PC_ENT,IT,2018,30.22,,
ESTAT:ISOC_E_DII(1.0),27/02/26 11:00:00,A,10-49,C10-S951_X_K,E_DI2_LO,PC_ENT,IT,2020,51.81,b,
ESTAT:ISOC_E_DII(1.0),27/02/26 11:00:00,A,10-49,C10-S951_X_K,E_DI2_LO,PC_ENT,LT,2018,41.49,,
ESTAT:ISOC_E_DII(1.0),27/02/26 11:00:00,A,10-49,C10-S951_X_K,E_DI2_LO,PC_ENT,LT,2020,44.20,,
ESTAT:ISOC_E_DII(1.0),27/02/26 11:00:00,A,10-49,C10-S951_X_K,E_DI2_LO,PC_ENT,LU,2018,40.72,,
ESTAT:ISOC_E_DII(1.0),27/02/26 11:00:00,A,10-49,C10-S951_X_K,E_DI2_LO,PC_ENT,LU,2020,50.21,,
ESTAT:ISOC_E_DII(1.0),27/02/26 11:00:00,A,10-49,C10-S951_X_K,E_DI2_LO,PC_ENT,LV,2018,26.50,,
ESTAT:ISOC_E_DII(1.0),27/02/26 11:00:00,A,10-49,C10-S951_X_K,E_DI2_LO,PC_ENT,LV,2020,34.07,,
ESTAT:ISOC_E_DII(1.0),27/02/26 11:00:00,A,10-49,C10-S951_X_K,E_DI2_LO,PC_ENT,ME,2018,34.60,,
ESTAT:ISOC_E_DII(1.0),27/02/26 11:00:00,A,10-49,C10-S951_X_K,E_DI2_LO,PC_ENT,ME,2020,47.96,,
ESTAT:ISOC_E_DII(1.0),27/02/26 11:00:00,A,10-49,C10-S951_X_K,E_DI2_LO,PC_ENT,MK,2020,26.64,,
ESTAT:ISOC_E_DII(1.0),27/02/26 11:00:00,A,10-49,C10-S951_X_K,E_DI2_LO,PC_ENT,MT,2018,45.26,,
ESTAT:ISOC_E_DII(1.0),27/02/26 11:00:00,A,10-49,C10-S951_X_K,E_DI2_LO,PC_ENT,MT,2020,43.10,,
ESTAT:ISOC_E_DII(1.0),27/02/26 11:00:00,A,10-49,C10-S951_X_K,E_DI2_LO,PC_ENT,NL,2018,50.50,,
ESTAT:ISOC_E_DII(1.0),27/02/26 11:00:00,A,10-49,C10-S951_X_K,E_DI2_LO,PC_ENT,NL,2020,49.73,,
ESTAT:ISOC_E_DII(1.0),27/02/26 11:00:00,A,10-49,C10-S951_X_K,E_DI2_LO,PC_ENT,NO,2018,41.63,,
ESTAT:ISOC_E_DII(1.0),27/02/26 11:00:00,A,10-49,C10-S951_X_K,E_DI2_LO,PC_ENT,NO,2020,44.37,,
ESTAT:ISOC_E_DII(1.0),27/02/26 11:00:00,A,10-49,C10-S951_X_K,E_DI2_LO,PC_ENT,PL,2018,28.85,,
ESTAT:ISOC_E_DII(1.0),27/02/26 11:00:00,A,10-49,C10-S951_X_K,E_DI2_LO,PC_ENT,PL,2020,39.69,,
ESTAT:ISOC_E_DII(1.0),27/02/26 11:00:00,A,10-49,C10-S951_X_K,E_DI2_LO,PC_ENT,PT,2018,34.46,,
ESTAT:ISOC_E_DII(1.0),27/02/26 11:00:00,A,10-49,C10-S951_X_K,E_DI2_LO,PC_ENT,PT,2020,38.12,,
ESTAT:ISOC_E_DII(1.0),27/02/26 11:00:00,A,10-49,C10-S951_X_K,E_DI2_LO,PC_ENT,RO,2018,26.63,,
ESTAT:ISOC_E_DII(1.0),27/02/26 11:00:00,A,10-49,C10-S951_X_K,E_DI2_LO,PC_ENT,RO,2020,26.55,,
ESTAT:ISOC_E_DII(1.0),27/02/26 11:00:00,A,10-49,C10-S951_X_K,E_DI2_LO,PC_ENT,RS,2020,48.39,,
ESTAT:ISOC_E_DII(1.0),27/02/26 11:00:00,A,10-49,C10-S951_X_K,E_DI2_LO,PC_ENT,SE,2018,48.43,,
ESTAT:ISOC_E_DII(1.0),27/02/26 11:00:00,A,10-49,C10-S951_X_K,E_DI2_LO,PC_ENT,SE,2020,59.19,,
ESTAT:ISOC_E_DII(1.0),27/02/26 11:00:00,A,10-49,C10-S951_X_K,E_DI2_LO,PC_ENT,SI,2018,45.85,,
ESTAT:ISOC_E_DII(1.0),27/02/26 11:00:00,A,10-49,C10-S951_X_K,E_DI2_LO,PC_ENT,SI,2020,46.33,,
ESTAT:ISOC_E_DII(1.0),27/02/26 11:00:00,A,10-49,C10-S951_X_K,E_DI2_LO,PC_ENT,SK,2018,34.32,,
ESTAT:ISOC_E_DII(1.0),27/02/26 11:00:00,A,10-49,C10-S951_X_K,E_DI2_LO,PC_ENT,SK,2020,41.46,,
ESTAT:ISOC_E_DII(1.0),27/02/26 11:00:00,A,10-49,C10-S951_X_K,E_DI2_LO,PC_ENT,UK,2018,38.99,,
ESTAT:ISOC_E_DII(1.0),27/02/26 11:00:00,A,10-49,C10-S951_X_K,E_DI2_LO,PC_ENT,UK,2020,48.78,,
ESTAT:ISOC_E_DII(1.0),27/02/26 11:00:00,A,10-49,C10-S951_X_K,E_DI2_VHI,PC_ENT,AT,2018,0.27,,
ESTAT:ISOC_E_DII(1.0),27/02/26 11:00:00,A,10-49,C10-S951_X_K,E_DI2_VHI,PC_ENT,AT,2020,0.86,,
ESTAT:ISOC_E_DII(1.0),27/02/26 11:00:00,A,10-49,C10-S951_X_K,E_DI2_VHI,PC_ENT,BA,2020,0,,
ESTAT:ISOC_E_DII(1.0),27/02/26 11:00:00,A,10-49,C10-S951_X_K,E_DI2_VHI,PC_ENT,BE,2018,0.42,,
ESTAT:ISOC_E_DII(1.0),27/02/26 11:00:00,A,10-49,C10-S951_X_K,E_DI2_VHI,PC_ENT,BE,2020,1.05,,
ESTAT:ISOC_E_DII(1.0),27/02/26 11:00:00,A,10-49,C10-S951_X_K,E_DI2_VHI,PC_ENT,BG,2018,,u,
ESTAT:ISOC_E_DII(1.0),27/02/26 11:00:00,A,10-49,C10-S951_X_K,E_DI2_VHI,PC_ENT,BG,2020,,u,
ESTAT:ISOC_E_DII(1.0),27/02/26 11:00:00,A,10-49,C10-S951_X_K,E_DI2_VHI,PC_ENT,CY,2018,0.46,,
ESTAT:ISOC_E_DII(1.0),27/02/26 11:00:00,A,10-49,C10-S951_X_K,E_DI2_VHI,PC_ENT,CY,2020,0.30,,
ESTAT:ISOC_E_DII(1.0),27/02/26 11:00:00,A,10-49,C10-S951_X_K,E_DI2_VHI,PC_ENT,CZ,2018,0.19,,
ESTAT:ISOC_E_DII(1.0),27/02/26 11:00:00,A,10-49,C10-S951_X_K,E_DI2_VHI,PC_ENT,CZ,2020,0.23,,
ESTAT:ISOC_E_DII(1.0),27/02/26 11:00:00,A,10-49,C10-S951_X_K,E_DI2_VHI,PC_ENT,DE,2018,0.02,,
ESTAT:ISOC_E_DII(1.0),27/02/26 11:00:00,A,10-49,C10-S951_X_K,E_DI2_VHI,PC_ENT,DE,2020,0.25,,
ESTAT:ISOC_E_DII(1.0),27/02/26 11:00:00,A,10-49,C10-S951_X_K,E_DI2_VHI,PC_ENT,DK,2018,1.20,,
ESTAT:ISOC_E_DII(1.0),27/02/26 11:00:00,A,10-49,C10-S951_X_K,E_DI2_VHI,PC_ENT,DK,2020,3.17,,
ESTAT:ISOC_E_DII(1.0),27/02/26 11:00:00,A,10-49,C10-S951_X_K,E_DI2_VHI,PC_ENT,EA,2018,0.23,,
ESTAT:ISOC_E_DII(1.0),27/02/26 11:00:00,A,10-49,C10-S951_X_K,E_DI2_VHI,PC_ENT,EA,2020,0.46,,
ESTAT:ISOC_E_DII(1.0),27/02/26 11:00:00,A,10-49,C10-S951_X_K,E_DI2_VHI,PC_ENT,EE,2018,0.26,,
ESTAT:ISOC_E_DII(1.0),27/02/26 11:00:00,A,10-49,C10-S951_X_K,E_DI2_VHI,PC_ENT,EE,2020,0.70,,
ESTAT:ISOC_E_DII(1.0),27/02/26 11:00:00,A,10-49,C10-S951_X_K,E_DI2_VHI,PC_ENT,EL,2018,0.01,,
ESTAT:ISOC_E_DII(1.0),27/02/26 11:00:00,A,10-49,C10-S951_X_K,E_DI2_VHI,PC_ENT,EL,2020,,u,
ESTAT:ISOC_E_DII(1.0),27/02/26 11:00:00,A,10-49,C10-S951_X_K,E_DI2_VHI,PC_ENT,ES,2018,0.46,,
ESTAT:ISOC_E_DII(1.0),27/02/26 11:00:00,A,10-49,C10-S951_X_K,E_DI2_VHI,PC_ENT,ES,2020,0.40,,
ESTAT:ISOC_E_DII(1.0),27/02/26 11:00:00,A,10-49,C10-S951_X_K,E_DI2_VHI,PC_ENT,EU15,2018,0.21,,
ESTAT:ISOC_E_DII(1.0),27/02/26 11:00:00,A,10-49,C10-S951_X_K,E_DI2_VHI,PC_ENT,EU27_2007,2018,0.21,,
ESTAT:ISOC_E_DII(1.0),27/02/26 11:00:00,A,10-49,C10-S951_X_K,E_DI2_VHI,PC_ENT,EU27_2020,2018,0.24,,
ESTAT:ISOC_E_DII(1.0),27/02/26 11:00:00,A,10-49,C10-S951_X_K,E_DI2_VHI,PC_ENT,EU27_2020,2020,0.43,,
ESTAT:ISOC_E_DII(1.0),27/02/26 11:00:00,A,10-49,C10-S951_X_K,E_DI2_VHI,PC_ENT,EU28,2018,0.21,,
ESTAT:ISOC_E_DII(1.0),27/02/26 11:00:00,A,10-49,C10-S951_X_K,E_DI2_VHI,PC_ENT,FI,2018,2.69,,
ESTAT:ISOC_E_DII(1.0),27/02/26 11:00:00,A,10-49,C10-S951_X_K,E_DI2_VHI,PC_ENT,FI,2020,2.93,,
ESTAT:ISOC_E_DII(1.0),27/02/26 11:00:00,A,10-49,C10-S951_X_K,E_DI2_VHI,PC_ENT,FR,2018,0.19,,
ESTAT:ISOC_E_DII(1.0),27/02/26 11:00:00,A,10-49,C10-S951_X_K,E_DI2_VHI,PC_ENT,FR,2020,0.38,,
ESTAT:ISOC_E_DII(1.0),27/02/26 11:00:00,A,10-49,C10-S951_X_K,E_DI2_VHI,PC_ENT,HR,2018,0.09,,
ESTAT:ISOC_E_DII(1.0),27/02/26 11:00:00,A,10-49,C10-S951_X_K,E_DI2_VHI,PC_ENT,HR,2020,0.85,,
ESTAT:ISOC_E_DII(1.0),27/02/26 11:00:00,A,10-49,C10-S951_X_K,E_DI2_VHI,PC_ENT,HU,2018,0.28,,
ESTAT:ISOC_E_DII(1.0),27/02/26 11:00:00,A,10-49,C10-S951_X_K,E_DI2_VHI,PC_ENT,HU,2020,0.15,,
ESTAT:ISOC_E_DII(1.0),27/02/26 11:00:00,A,10-49,C10-S951_X_K,E_DI2_VHI,PC_ENT,IE,2018,0.27,,
ESTAT:ISOC_E_DII(1.0),27/02/26 11:00:00,A,10-49,C10-S951_X_K,E_DI2_VHI,PC_ENT,IE,2020,0.78,,
ESTAT:ISOC_E_DII(1.0),27/02/26 11:00:00,A,10-49,C10-S951_X_K,E_DI2_VHI,PC_ENT,IT,2018,0.09,,
ESTAT:ISOC_E_DII(1.0),27/02/26 11:00:00,A,10-49,C10-S951_X_K,E_DI2_VHI,PC_ENT,IT,2020,0.46,b,
ESTAT:ISOC_E_DII(1.0),27/02/26 11:00:00,A,10-49,C10-S951_X_K,E_DI2_VHI,PC_ENT,LT,2018,0.77,,
ESTAT:ISOC_E_DII(1.0),27/02/26 11:00:00,A,10-49,C10-S951_X_K,E_DI2_VHI,PC_ENT,LT,2020,0.16,,
ESTAT:ISOC_E_DII(1.0),27/02/26 11:00:00,A,10-49,C10-S951_X_K,E_DI2_VHI,PC_ENT,LU,2018,0.20,,
ESTAT:ISOC_E_DII(1.0),27/02/26 11:00:00,A,10-49,C10-S951_X_K,E_DI2_VHI,PC_ENT,LU,2020,0.08,,
ESTAT:ISOC_E_DII(1.0),27/02/26 11:00:00,A,10-49,C10-S951_X_K,E_DI2_VHI,PC_ENT,LV,2018,0,,
ESTAT:ISOC_E_DII(1.0),27/02/26 11:00:00,A,10-49,C10-S951_X_K,E_DI2_VHI,PC_ENT,LV,2020,0.04,,
ESTAT:ISOC_E_DII(1.0),27/02/26 11:00:00,A,10-49,C10-S951_X_K,E_DI2_VHI,PC_ENT,ME,2018,0,,
ESTAT:ISOC_E_DII(1.0),27/02/26 11:00:00,A,10-49,C10-S951_X_K,E_DI2_VHI,PC_ENT,ME,2020,0,,
ESTAT:ISOC_E_DII(1.0),27/02/26 11:00:00,A,10-49,C10-S951_X_K,E_DI2_VHI,PC_ENT,MK,2020,0.15,,
ESTAT:ISOC_E_DII(1.0),27/02/26 11:00:00,A,10-49,C10-S951_X_K,E_DI2_VHI,PC_ENT,MT,2018,0.86,,
ESTAT:ISOC_E_DII(1.0),27/02/26 11:00:00,A,10-49,C10-S951_X_K,E_DI2_VHI,PC_ENT,MT,2020,1.78,,
ESTAT:ISOC_E_DII(1.0),27/02/26 11:00:00,A,10-49,C10-S951_X_K,E_DI2_VHI,PC_ENT,NL,2018,0.70,,
ESTAT:ISOC_E_DII(1.0),27/02/26 11:00:00,A,10-49,C10-S951_X_K,E_DI2_VHI,PC_ENT,NL,2020,1.12,,
ESTAT:ISOC_E_DII(1.0),27/02/26 11:00:00,A,10-49,C10-S951_X_K,E_DI2_VHI,PC_ENT,NO,2018,0.88,,
ESTAT:ISOC_E_DII(1.0),27/02/26 11:00:00,A,10-49,C10-S951_X_K,E_DI2_VHI,PC_ENT,NO,2020,1.70,,
ESTAT:ISOC_E_DII(1.0),27/02/26 11:00:00,A,10-49,C10-S951_X_K,E_DI2_VHI,PC_ENT,PL,2018,0.03,,
ESTAT:ISOC_E_DII(1.0),27/02/26 11:00:00,A,10-49,C10-S951_X_K,E_DI2_VHI,PC_ENT,PL,2020,0.15,,
ESTAT:ISOC_E_DII(1.0),27/02/26 11:00:00,A,10-49,C10-S951_X_K,E_DI2_VHI,PC_ENT,PT,2018,0.16,,
ESTAT:ISOC_E_DII(1.0),27/02/26 11:00:00,A,10-49,C10-S951_X_K,E_DI2_VHI,PC_ENT,PT,2020,0.10,,
ESTAT:ISOC_E_DII(1.0),27/02/26 11:00:00,A,10-49,C10-S951_X_K,E_DI2_VHI,PC_ENT,RO,2018,0.31,,
ESTAT:ISOC_E_DII(1.0),27/02/26 11:00:00,A,10-49,C10-S951_X_K,E_DI2_VHI,PC_ENT,RO,2020,0.04,,
ESTAT:ISOC_E_DII(1.0),27/02/26 11:00:00,A,10-49,C10-S951_X_K,E_DI2_VHI,PC_ENT,RS,2020,0.09,,
ESTAT:ISOC_E_DII(1.0),27/02/26 11:00:00,A,10-49,C10-S951_X_K,E_DI2_VHI,PC_ENT,SE,2018,0.82,,
ESTAT:ISOC_E_DII(1.0),27/02/26 11:00:00,A,10-49,C10-S951_X_K,E_DI2_VHI,PC_ENT,SE,2020,0.15,,
ESTAT:ISOC_E_DII(1.0),27/02/26 11:00:00,A,10-49,C10-S951_X_K,E_DI2_VHI,PC_ENT,SI,2018,0.27,,
ESTAT:ISOC_E_DII(1.0),27/02/26 11:00:00,A,10-49,C10-S951_X_K,E_DI2_VHI,PC_ENT,SI,2020,0.52,,
ESTAT:ISOC_E_DII(1.0),27/02/26 11:00:00,A,10-49,C10-S951_X_K,E_DI2_VHI,PC_ENT,SK,2018,0.13,,
ESTAT:ISOC_E_DII(1.0),27/02/26 11:00:00,A,10-49,C10-S951_X_K,E_DI2_VHI,PC_ENT,SK,2020,0.44,,
ESTAT:ISOC_E_DII(1.0),27/02/26 11:00:00,A,10-49,C10-S951_X_K,E_DI2_VHI,PC_ENT,UK,2018,0,,
ESTAT:ISOC_E_DII(1.0),27/02/26 11:00:00,A,10-49,C10-S951_X_K,E_DI2_VHI,PC_ENT,UK,2020,0.10,,
ESTAT:ISOC_E_DII(1.0),27/02/26 11:00:00,A,10-49,C10-S951_X_K,E_DI2_VLO,PC_ENT,AT,2018,57.74,,
ESTAT:ISOC_E_DII(1.0),27/02/26 11:00:00,A,10-49,C10-S951_X_K,E_DI2_VLO,PC_ENT,AT,2020,39.10,,
ESTAT:ISOC_E_DII(1.0),27/02/26 11:00:00,A,10-49,C10-S951_X_K,E_DI2_VLO,PC_ENT,BA,2020,62.60,,
ESTAT:ISOC_E_DII(1.0),27/02/26 11:00:00,A,10-49,C10-S951_X_K,E_DI2_VLO,PC_ENT,BE,2018,43.83,,
ESTAT:ISOC_E_DII(1.0),27/02/26 11:00:00,A,10-49,C10-S951_X_K,E_DI2_VLO,PC_ENT,BE,2020,26.94,,
ESTAT:ISOC_E_DII(1.0),27/02/26 11:00:00,A,10-49,C10-S951_X_K,E_DI2_VLO,PC_ENT,BG,2018,75.24,,
ESTAT:ISOC_E_DII(1.0),27/02/26 11:00:00,A,10-49,C10-S951_X_K,E_DI2_VLO,PC_ENT,BG,2020,70.18,,
ESTAT:ISOC_E_DII(1.0),27/02/26 11:00:00,A,10-49,C10-S951_X_K,E_DI2_VLO,PC_ENT,CY,2018,63.34,,
ESTAT:ISOC_E_DII(1.0),27/02/26 11:00:00,A,10-49,C10-S951_X_K,E_DI2_VLO,PC_ENT,CY,2020,54.46,,
ESTAT:ISOC_E_DII(1.0),27/02/26 11:00:00,A,10-49,C10-S951_X_K,E_DI2_VLO,PC_ENT,CZ,2018,59.55,,
ESTAT:ISOC_E_DII(1.0),27/02/26 11:00:00,A,10-49,C10-S951_X_K,E_DI2_VLO,PC_ENT,CZ,2020,42.42,,
ESTAT:ISOC_E_DII(1.0),27/02/26 11:00:00,A,10-49,C10-S951_X_K,E_DI2_VLO,PC_ENT,DE,2018,52.21,,
ESTAT:ISOC_E_DII(1.0),27/02/26 11:00:00,A,10-49,C10-S951_X_K,E_DI2_VLO,PC_ENT,DE,2020,40.12,,
ESTAT:ISOC_E_DII(1.0),27/02/26 11:00:00,A,10-49,C10-S951_X_K,E_DI2_VLO,PC_ENT,DK,2018,21.66,,
ESTAT:ISOC_E_DII(1.0),27/02/26 11:00:00,A,10-49,C10-S951_X_K,E_DI2_VLO,PC_ENT,DK,2020,12.90,,
ESTAT:ISOC_E_DII(1.0),27/02/26 11:00:00,A,10-49,C10-S951_X_K,E_DI2_VLO,PC_ENT,EA,2018,55.04,,
ESTAT:ISOC_E_DII(1.0),27/02/26 11:00:00,A,10-49,C10-S951_X_K,E_DI2_VLO,PC_ENT,EA,2020,40.11,,
ESTAT:ISOC_E_DII(1.0),27/02/26 11:00:00,A,10-49,C10-S951_X_K,E_DI2_VLO,PC_ENT,EE,2018,53.13,,
ESTAT:ISOC_E_DII(1.0),27/02/26 11:00:00,A,10-49,C10-S951_X_K,E_DI2_VLO,PC_ENT,EE,2020,28.59,,
ESTAT:ISOC_E_DII(1.0),27/02/26 11:00:00,A,10-49,C10-S951_X_K,E_DI2_VLO,PC_ENT,EL,2018,73.83,,
ESTAT:ISOC_E_DII(1.0),27/02/26 11:00:00,A,10-49,C10-S951_X_K,E_DI2_VLO,PC_ENT,EL,2020,63.17,,
ESTAT:ISOC_E_DII(1.0),27/02/26 11:00:00,A,10-49,C10-S951_X_K,E_DI2_VLO,PC_ENT,ES,2018,51.77,,
ESTAT:ISOC_E_DII(1.0),27/02/26 11:00:00,A,10-49,C10-S951_X_K,E_DI2_VLO,PC_ENT,ES,2020,39.55,,
ESTAT:ISOC_E_DII(1.0),27/02/26 11:00:00,A,10-49,C10-S951_X_K,E_DI2_VLO,PC_ENT,EU15,2018,53.79,,
ESTAT:ISOC_E_DII(1.0),27/02/26 11:00:00,A,10-49,C10-S951_X_K,E_DI2_VLO,PC_ENT,EU27_2007,2018,55.68,,
ESTAT:ISOC_E_DII(1.0),27/02/26 11:00:00,A,10-49,C10-S951_X_K,E_DI2_VLO,PC_ENT,EU27_2020,2018,56.00,,
ESTAT:ISOC_E_DII(1.0),27/02/26 11:00:00,A,10-49,C10-S951_X_K,E_DI2_VLO,PC_ENT,EU27_2020,2020,42.19,,
ESTAT:ISOC_E_DII(1.0),27/02/26 11:00:00,A,10-49,C10-S951_X_K,E_DI2_VLO,PC_ENT,EU28,2018,55.71,,
ESTAT:ISOC_E_DII(1.0),27/02/26 11:00:00,A,10-49,C10-S951_X_K,E_DI2_VLO,PC_ENT,FI,2018,14.71,,
ESTAT:ISOC_E_DII(1.0),27/02/26 11:00:00,A,10-49,C10-S951_X_K,E_DI2_VLO,PC_ENT,FI,2020,13.98,,
ESTAT:ISOC_E_DII(1.0),27/02/26 11:00:00,A,10-49,C10-S951_X_K,E_DI2_VLO,PC_ENT,FR,2018,60.09,,
ESTAT:ISOC_E_DII(1.0),27/02/26 11:00:00,A,10-49,C10-S951_X_K,E_DI2_VLO,PC_ENT,FR,2020,48.40,b,
ESTAT:ISOC_E_DII(1.0),27/02/26 11:00:00,A,10-49,C10-S951_X_K,E_DI2_VLO,PC_ENT,HR,2018,59.28,,
ESTAT:ISOC_E_DII(1.0),27/02/26 11:00:00,A,10-49,C10-S951_X_K,E_DI2_VLO,PC_ENT,HR,2020,41.00,,
ESTAT:ISOC_E_DII(1.0),27/02/26 11:00:00,A,10-49,C10-S951_X_K,E_DI2_VLO,PC_ENT,HU,2018,60.02,,
ESTAT:ISOC_E_DII(1.0),27/02/26 11:00:00,A,10-49,C10-S951_X_K,E_DI2_VLO,PC_ENT,HU,2020,56.61,,
ESTAT:ISOC_E_DII(1.0),27/02/26 11:00:00,A,10-49,C10-S951_X_K,E_DI2_VLO,PC_ENT,IE,2018,45.73,,
ESTAT:ISOC_E_DII(1.0),27/02/26 11:00:00,A,10-49,C10-S951_X_K,E_DI2_VLO,PC_ENT,IE,2020,33.86,,
ESTAT:ISOC_E_DII(1.0),27/02/26 11:00:00,A,10-49,C10-S951_X_K,E_DI2_VLO,PC_ENT,IT,2018,64.43,,
ESTAT:ISOC_E_DII(1.0),27/02/26 11:00:00,A,10-49,C10-S951_X_K,E_DI2_VLO,PC_ENT,IT,2020,32.91,b,
ESTAT:ISOC_E_DII(1.0),27/02/26 11:00:00,A,10-49,C10-S951_X_K,E_DI2_VLO,PC_ENT,LT,2018,45.99,,
ESTAT:ISOC_E_DII(1.0),27/02/26 11:00:00,A,10-49,C10-S951_X_K,E_DI2_VLO,PC_ENT,LT,2020,49.85,,
ESTAT:ISOC_E_DII(1.0),27/02/26 11:00:00,A,10-49,C10-S951_X_K,E_DI2_VLO,PC_ENT,LU,2018,51.08,,
ESTAT:ISOC_E_DII(1.0),27/02/26 11:00:00,A,10-49,C10-S951_X_K,E_DI2_VLO,PC_ENT,LU,2020,37.76,,
ESTAT:ISOC_E_DII(1.0),27/02/26 11:00:00,A,10-49,C10-S951_X_K,E_DI2_VLO,PC_ENT,LV,2018,70.63,,
ESTAT:ISOC_E_DII(1.0),27/02/26 11:00:00,A,10-49,C10-S951_X_K,E_DI2_VLO,PC_ENT,LV,2020,61.30,,
ESTAT:ISOC_E_DII(1.0),27/02/26 11:00:00,A,10-49,C10-S951_X_K,E_DI2_VLO,PC_ENT,ME,2018,58.73,,
ESTAT:ISOC_E_DII(1.0),27/02/26 11:00:00,A,10-49,C10-S951_X_K,E_DI2_VLO,PC_ENT,ME,2020,40.75,,
ESTAT:ISOC_E_DII(1.0),27/02/26 11:00:00,A,10-49,C10-S951_X_K,E_DI2_VLO,PC_ENT,MK,2020,71.38,,
ESTAT:ISOC_E_DII(1.0),27/02/26 11:00:00,A,10-49,C10-S951_X_K,E_DI2_VLO,PC_ENT,MT,2018,42.15,,
ESTAT:ISOC_E_DII(1.0),27/02/26 11:00:00,A,10-49,C10-S951_X_K,E_DI2_VLO,PC_ENT,MT,2020,32.78,,
ESTAT:ISOC_E_DII(1.0),27/02/26 11:00:00,A,10-49,C10-S951_X_K,E_DI2_VLO,PC_ENT,NL,2018,31.94,,
ESTAT:ISOC_E_DII(1.0),27/02/26 11:00:00,A,10-49,C10-S951_X_K,E_DI2_VLO,PC_ENT,NL,2020,27.61,,
ESTAT:ISOC_E_DII(1.0),27/02/26 11:00:00,A,10-49,C10-S951_X_K,E_DI2_VLO,PC_ENT,NO,2018,39.15,,
ESTAT:ISOC_E_DII(1.0),27/02/26 11:00:00,A,10-49,C10-S951_X_K,E_DI2_VLO,PC_ENT,NO,2020,19.36,,
ESTAT:ISOC_E_DII(1.0),27/02/26 11:00:00,A,10-49,C10-S951_X_K,E_DI2_VLO,PC_ENT,PL,2018,67.31,,
ESTAT:ISOC_E_DII(1.0),27/02/26 11:00:00,A,10-49,C10-S951_X_K,E_DI2_VLO,PC_ENT,PL,2020,51.66,,
ESTAT:ISOC_E_DII(1.0),27/02/26 11:00:00,A,10-49,C10-S951_X_K,E_DI2_VLO,PC_ENT,PT,2018,58.72,,
ESTAT:ISOC_E_DII(1.0),27/02/26 11:00:00,A,10-49,C10-S951_X_K,E_DI2_VLO,PC_ENT,PT,2020,52.76,,
ESTAT:ISOC_E_DII(1.0),27/02/26 11:00:00,A,10-49,C10-S951_X_K,E_DI2_VLO,PC_ENT,RO,2018,67.30,,
ESTAT:ISOC_E_DII(1.0),27/02/26 11:00:00,A,10-49,C10-S951_X_K,E_DI2_VLO,PC_ENT,RO,2020,70.19,,
ESTAT:ISOC_E_DII(1.0),27/02/26 11:00:00,A,10-49,C10-S951_X_K,E_DI2_VLO,PC_ENT,RS,2020,42.01,,
ESTAT:ISOC_E_DII(1.0),27/02/26 11:00:00,A,10-49,C10-S951_X_K,E_DI2_VLO,PC_ENT,SE,2018,31.52,,
ESTAT:ISOC_E_DII(1.0),27/02/26 11:00:00,A,10-49,C10-S951_X_K,E_DI2_VLO,PC_ENT,SE,2020,20.55,,
ESTAT:ISOC_E_DII(1.0),27/02/26 11:00:00,A,10-49,C10-S951_X_K,E_DI2_VLO,PC_ENT,SI,2018,39.21,,
ESTAT:ISOC_E_DII(1.0),27/02/26 11:00:00,A,10-49,C10-S951_X_K,E_DI2_VLO,PC_ENT,SI,2020,34.43,,
ESTAT:ISOC_E_DII(1.0),27/02/26 11:00:00,A,10-49,C10-S951_X_K,E_DI2_VLO,PC_ENT,SK,2018,61.05,,
ESTAT:ISOC_E_DII(1.0),27/02/26 11:00:00,A,10-49,C10-S951_X_K,E_DI2_VLO,PC_ENT,SK,2020,49.88,,
ESTAT:ISOC_E_DII(1.0),27/02/26 11:00:00,A,10-49,C10-S951_X_K,E_DI2_VLO,PC_ENT,UK,2018,53.72,,
ESTAT:ISOC_E_DII(1.0),27/02/26 11:00:00,A,10-49,C10-S951_X_K,E_DI2_VLO,PC_ENT,UK,2020,35.31,,
ESTAT:ISOC_E_DII(1.0),27/02/26 11:00:00,A,10-49,C10-S951_X_K,E_DI3_GELO,PC_ENT,AT,2021,61.35,,
ESTAT:ISOC_E_DII(1.0),27/02/26 11:00:00,A,10-49,C10-S951_X_K,E_DI3_GELO,PC_ENT,AT,2023,54.53,,
ESTAT:ISOC_E_DII(1.0),27/02/26 11:00:00,A,10-49,C10-S951_X_K,E_DI3_GELO,PC_ENT,AT,2025,70.45,,
ESTAT:ISOC_E_DII(1.0),27/02/26 11:00:00,A,10-49,C10-S951_X_K,E_DI3_GELO,PC_ENT,BA,2021,29.34,,
ESTAT:ISOC_E_DII(1.0),27/02/26 11:00:00,A,10-49,C10-S951_X_K,E_DI3_GELO,PC_ENT,BA,2023,39.63,,
ESTAT:ISOC_E_DII(1.0),27/02/26 11:00:00,A,10-49,C10-S951_X_K,E_DI3_GELO,PC_ENT,BA,2025,60.54,,
ESTAT:ISOC_E_DII(1.0),27/02/26 11:00:00,A,10-49,C10-S951_X_K,E_DI3_GELO,PC_ENT,BE,2021,62.90,,
ESTAT:ISOC_E_DII(1.0),27/02/26 11:00:00,A,10-49,C10-S951_X_K,E_DI3_GELO,PC_ENT,BE,2023,71.63,,
ESTAT:ISOC_E_DII(1.0),27/02/26 11:00:00,A,10-49,C10-S951_X_K,E_DI3_GELO,PC_ENT,BE,2025,82.65,,
ESTAT:ISOC_E_DII(1.0),27/02/26 11:00:00,A,10-49,C10-S951_X_K,E_DI3_GELO,PC_ENT,BG,2021,22.52,,
ESTAT:ISOC_E_DII(1.0),27/02/26 11:00:00,A,10-49,C10-S951_X_K,E_DI3_GELO,PC_ENT,BG,2023,25.51,,
ESTAT:ISOC_E_DII(1.0),27/02/26 11:00:00,A,10-49,C10-S951_X_K,E_DI3_GELO,PC_ENT,BG,2025,35.24,,
ESTAT:ISOC_E_DII(1.0),27/02/26 11:00:00,A,10-49,C10-S951_X_K,E_DI3_GELO,PC_ENT,CY,2021,63.65,,
ESTAT:ISOC_E_DII(1.0),27/02/26 11:00:00,A,10-49,C10-S951_X_K,E_DI3_GELO,PC_ENT,CY,2023,64.47,,
ESTAT:ISOC_E_DII(1.0),27/02/26 11:00:00,A,10-49,C10-S951_X_K,E_DI3_GELO,PC_ENT,CY,2025,71.99,,
ESTAT:ISOC_E_DII(1.0),27/02/26 11:00:00,A,10-49,C10-S951_X_K,E_DI3_GELO,PC_ENT,CZ,2021,49.55,,
ESTAT:ISOC_E_DII(1.0),27/02/26 11:00:00,A,10-49,C10-S951_X_K,E_DI3_GELO,PC_ENT,CZ,2023,45.83,,
ESTAT:ISOC_E_DII(1.0),27/02/26 11:00:00,A,10-49,C10-S951_X_K,E_DI3_GELO,PC_ENT,CZ,2025,66.95,,
ESTAT:ISOC_E_DII(1.0),27/02/26 11:00:00,A,10-49,C10-S951_X_K,E_DI3_GELO,PC_ENT,DE,2021,55.26,,
ESTAT:ISOC_E_DII(1.0),27/02/26 11:00:00,A,10-49,C10-S951_X_K,E_DI3_GELO,PC_ENT,DE,2023,57.74,,
ESTAT:ISOC_E_DII(1.0),27/02/26 11:00:00,A,10-49,C10-S951_X_K,E_DI3_GELO,PC_ENT,DE,2025,70.99,,
ESTAT:ISOC_E_DII(1.0),27/02/26 11:00:00,A,10-49,C10-S951_X_K,E_DI3_GELO,PC_ENT,DK,2021,76.84,,
ESTAT:ISOC_E_DII(1.0),27/02/26 11:00:00,A,10-49,C10-S951_X_K,E_DI3_GELO,PC_ENT,DK,2023,72.55,,
ESTAT:ISOC_E_DII(1.0),27/02/26 11:00:00,A,10-49,C10-S951_X_K,E_DI3_GELO,PC_ENT,DK,2025,91.48,,
ESTAT:ISOC_E_DII(1.0),27/02/26 11:00:00,A,10-49,C10-S951_X_K,E_DI3_GELO,PC_ENT,EA,2021,54.39,,
ESTAT:ISOC_E_DII(1.0),27/02/26 11:00:00,A,10-49,C10-S951_X_K,E_DI3_GELO,PC_ENT,EA,2023,56.87,,
ESTAT:ISOC_E_DII(1.0),27/02/26 11:00:00,A,10-49,C10-S951_X_K,E_DI3_GELO,PC_ENT,EA,2025,71.47,,
ESTAT:ISOC_E_DII(1.0),27/02/26 11:00:00,A,10-49,C10-S951_X_K,E_DI3_GELO,PC_ENT,EE,2021,50.97,,
ESTAT:ISOC_E_DII(1.0),27/02/26 11:00:00,A,10-49,C10-S951_X_K,E_DI3_GELO,PC_ENT,EE,2023,52.29,,
ESTAT:ISOC_E_DII(1.0),27/02/26 11:00:00,A,10-49,C10-S951_X_K,E_DI3_GELO,PC_ENT,EE,2025,68.74,d,
ESTAT:ISOC_E_DII(1.0),27/02/26 11:00:00,A,10-49,C10-S951_X_K,E_DI3_GELO,PC_ENT,EL,2021,35.17,,
ESTAT:ISOC_E_DII(1.0),27/02/26 11:00:00,A,10-49,C10-S951_X_K,E_DI3_GELO,PC_ENT,EL,2023,40.80,,
ESTAT:ISOC_E_DII(1.0),27/02/26 11:00:00,A,10-49,C10-S951_X_K,E_DI3_GELO,PC_ENT,EL,2025,53.28,,
ESTAT:ISOC_E_DII(1.0),27/02/26 11:00:00,A,10-49,C10-S951_X_K,E_DI3_GELO,PC_ENT,ES,2021,57.12,,
ESTAT:ISOC_E_DII(1.0),27/02/26 11:00:00,A,10-49,C10-S951_X_K,E_DI3_GELO,PC_ENT,ES,2023,57.44,,
ESTAT:ISOC_E_DII(1.0),27/02/26 11:00:00,A,10-49,C10-S951_X_K,E_DI3_GELO,PC_ENT,ES,2025,72.89,,
ESTAT:ISOC_E_DII(1.0),27/02/26 11:00:00,A,10-49,C10-S951_X_K,E_DI3_GELO,PC_ENT,EU27_2020,2021,51.79,,
ESTAT:ISOC_E_DII(1.0),27/02/26 11:00:00,A,10-49,C10-S951_X_K,E_DI3_GELO,PC_ENT,EU27_2020,2023,54.78,,
ESTAT:ISOC_E_DII(1.0),27/02/26 11:00:00,A,10-49,C10-S951_X_K,E_DI3_GELO,PC_ENT,EU27_2020,2025,68.85,,
ESTAT:ISOC_E_DII(1.0),27/02/26 11:00:00,A,10-49,C10-S951_X_K,E_DI3_GELO,PC_ENT,FI,2021,79.39,,
ESTAT:ISOC_E_DII(1.0),27/02/26 11:00:00,A,10-49,C10-S951_X_K,E_DI3_GELO,PC_ENT,FI,2023,83.48,,
ESTAT:ISOC_E_DII(1.0),27/02/26 11:00:00,A,10-49,C10-S951_X_K,E_DI3_GELO,PC_ENT,FI,2025,93.08,,
ESTAT:ISOC_E_DII(1.0),27/02/26 11:00:00,A,10-49,C10-S951_X_K,E_DI3_GELO,PC_ENT,FR,2021,43.43,,
ESTAT:ISOC_E_DII(1.0),27/02/26 11:00:00,A,10-49,C10-S951_X_K,E_DI3_GELO,PC_ENT,FR,2023,48.52,b,
ESTAT:ISOC_E_DII(1.0),27/02/26 11:00:00,A,10-49,C10-S951_X_K,E_DI3_GELO,PC_ENT,FR,2025,66.37,,
ESTAT:ISOC_E_DII(1.0),27/02/26 11:00:00,A,10-49,C10-S951_X_K,E_DI3_GELO,PC_ENT,HR,2021,47.05,,
ESTAT:ISOC_E_DII(1.0),27/02/26 11:00:00,A,10-49,C10-S951_X_K,E_DI3_GELO,PC_ENT,HR,2023,53.41,,
ESTAT:ISOC_E_DII(1.0),27/02/26 11:00:00,A,10-49,C10-S951_X_K,E_DI3_GELO,PC_ENT,HR,2025,52.93,,
ESTAT:ISOC_E_DII(1.0),27/02/26 11:00:00,A,10-49,C10-S951_X_K,E_DI3_GELO,PC_ENT,HU,2021,31.51,,
ESTAT:ISOC_E_DII(1.0),27/02/26 11:00:00,A,10-49,C10-S951_X_K,E_DI3_GELO,PC_ENT,HU,2023,50.27,,
ESTAT:ISOC_E_DII(1.0),27/02/26 11:00:00,A,10-49,C10-S951_X_K,E_DI3_GELO,PC_ENT,HU,2025,56.78,,
ESTAT:ISOC_E_DII(1.0),27/02/26 11:00:00,A,10-49,C10-S951_X_K,E_DI3_GELO,PC_ENT,IE,2021,60.75,,
ESTAT:ISOC_E_DII(1.0),27/02/26 11:00:00,A,10-49,C10-S951_X_K,E_DI3_GELO,PC_ENT,IE,2023,62.53,,
ESTAT:ISOC_E_DII(1.0),27/02/26 11:00:00,A,10-49,C10-S951_X_K,E_DI3_GELO,PC_ENT,IE,2025,77.27,,
ESTAT:ISOC_E_DII(1.0),27/02/26 11:00:00,A,10-49,C10-S951_X_K,E_DI3_GELO,PC_ENT,IT,2021,58.38,,
ESTAT:ISOC_E_DII(1.0),27/02/26 11:00:00,A,10-49,C10-S951_X_K,E_DI3_GELO,PC_ENT,IT,2023,58.70,,
ESTAT:ISOC_E_DII(1.0),27/02/26 11:00:00,A,10-49,C10-S951_X_K,E_DI3_GELO,PC_ENT,IT,2025,78.00,,
ESTAT:ISOC_E_DII(1.0),27/02/26 11:00:00,A,10-49,C10-S951_X_K,E_DI3_GELO,PC_ENT,LT,2021,53.04,,
ESTAT:ISOC_E_DII(1.0),27/02/26 11:00:00,A,10-49,C10-S951_X_K,E_DI3_GELO,PC_ENT,LT,2023,56.14,,
ESTAT:ISOC_E_DII(1.0),27/02/26 11:00:00,A,10-49,C10-S951_X_K,E_DI3_GELO,PC_ENT,LT,2025,70.06,,
ESTAT:ISOC_E_DII(1.0),27/02/26 11:00:00,A,10-49,C10-S951_X_K,E_DI3_GELO,PC_ENT,LU,2021,49.90,,
ESTAT:ISOC_E_DII(1.0),27/02/26 11:00:00,A,10-49,C10-S951_X_K,E_DI3_GELO,PC_ENT,LU,2023,54.38,,
ESTAT:ISOC_E_DII(1.0),27/02/26 11:00:00,A,10-49,C10-S951_X_K,E_DI3_GELO,PC_ENT,LU,2025,74.22,,
ESTAT:ISOC_E_DII(1.0),27/02/26 11:00:00,A,10-49,C10-S951_X_K,E_DI3_GELO,PC_ENT,LV,2021,34.31,,
ESTAT:ISOC_E_DII(1.0),27/02/26 11:00:00,A,10-49,C10-S951_X_K,E_DI3_GELO,PC_ENT,LV,2023,44.87,,
ESTAT:ISOC_E_DII(1.0),27/02/26 11:00:00,A,10-49,C10-S951_X_K,E_DI3_GELO,PC_ENT,LV,2025,54.95,,
ESTAT:ISOC_E_DII(1.0),27/02/26 11:00:00,A,10-49,C10-S951_X_K,E_DI3_GELO,PC_ENT,ME,2021,45.82,,
ESTAT:ISOC_E_DII(1.0),27/02/26 11:00:00,A,10-49,C10-S951_X_K,E_DI3_GELO,PC_ENT,ME,2023,62.22,,
ESTAT:ISOC_E_DII(1.0),27/02/26 11:00:00,A,10-49,C10-S951_X_K,E_DI3_GELO,PC_ENT,ME,2025,80.82,,
ESTAT:ISOC_E_DII(1.0),27/02/26 11:00:00,A,10-49,C10-S951_X_K,E_DI3_GELO,PC_ENT,MK,2021,26.48,,
ESTAT:ISOC_E_DII(1.0),27/02/26 11:00:00,A,10-49,C10-S951_X_K,E_DI3_GELO,PC_ENT,MT,2021,69.59,,
ESTAT:ISOC_E_DII(1.0),27/02/26 11:00:00,A,10-49,C10-S951_X_K,E_DI3_GELO,PC_ENT,MT,2023,73.35,,
ESTAT:ISOC_E_DII(1.0),27/02/26 11:00:00,A,10-49,C10-S951_X_K,E_DI3_GELO,PC_ENT,MT,2025,81.24,,
ESTAT:ISOC_E_DII(1.0),27/02/26 11:00:00,A,10-49,C10-S951_X_K,E_DI3_GELO,PC_ENT,NL,2021,72.67,,
ESTAT:ISOC_E_DII(1.0),27/02/26 11:00:00,A,10-49,C10-S951_X_K,E_DI3_GELO,PC_ENT,NL,2023,80.80,,
ESTAT:ISOC_E_DII(1.0),27/02/26 11:00:00,A,10-49,C10-S951_X_K,E_DI3_GELO,PC_ENT,NL,2025,87.28,,
ESTAT:ISOC_E_DII(1.0),27/02/26 11:00:00,A,10-49,C10-S951_X_K,E_DI3_GELO,PC_ENT,NO,2021,75.45,,
ESTAT:ISOC_E_DII(1.0),27/02/26 11:00:00,A,10-49,C10-S951_X_K,E_DI3_GELO,PC_ENT,NO,2023,78.62,,
ESTAT:ISOC_E_DII(1.0),27/02/26 11:00:00,A,10-49,C10-S951_X_K,E_DI3_GELO,PC_ENT,NO,2025,81.56,,
ESTAT:ISOC_E_DII(1.0),27/02/26 11:00:00,A,10-49,C10-S951_X_K,E_DI3_GELO,PC_ENT,PL,2021,35.85,,
ESTAT:ISOC_E_DII(1.0),27/02/26 11:00:00,A,10-49,C10-S951_X_K,E_DI3_GELO,PC_ENT,PL,2023,46.05,,
ESTAT:ISOC_E_DII(1.0),27/02/26 11:00:00,A,10-49,C10-S951_X_K,E_DI3_GELO,PC_ENT,PL,2025,55.06,,
ESTAT:ISOC_E_DII(1.0),27/02/26 11:00:00,A,10-49,C10-S951_X_K,E_DI3_GELO,PC_ENT,PT,2021,44.63,,
ESTAT:ISOC_E_DII(1.0),27/02/26 11:00:00,A,10-49,C10-S951_X_K,E_DI3_GELO,PC_ENT,PT,2023,49.82,,
ESTAT:ISOC_E_DII(1.0),27/02/26 11:00:00,A,10-49,C10-S951_X_K,E_DI3_GELO,PC_ENT,PT,2025,60.77,,
ESTAT:ISOC_E_DII(1.0),27/02/26 11:00:00,A,10-49,C10-S951_X_K,E_DI3_GELO,PC_ENT,RO,2021,20.52,,
ESTAT:ISOC_E_DII(1.0),27/02/26 11:00:00,A,10-49,C10-S951_X_K,E_DI3_GELO,PC_ENT,RO,2023,24.89,,
ESTAT:ISOC_E_DII(1.0),27/02/26 11:00:00,A,10-49,C10-S951_X_K,E_DI3_GELO,PC_ENT,RO,2025,41.91,,
ESTAT:ISOC_E_DII(1.0),27/02/26 11:00:00,A,10-49,C10-S951_X_K,E_DI3_GELO,PC_ENT,RS,2021,39.63,,
ESTAT:ISOC_E_DII(1.0),27/02/26 11:00:00,A,10-49,C10-S951_X_K,E_DI3_GELO,PC_ENT,RS,2023,47.10,,
ESTAT:ISOC_E_DII(1.0),27/02/26 11:00:00,A,10-49,C10-S951_X_K,E_DI3_GELO,PC_ENT,RS,2025,46.65,,
ESTAT:ISOC_E_DII(1.0),27/02/26 11:00:00,A,10-49,C10-S951_X_K,E_DI3_GELO,PC_ENT,SE,2021,84.48,,
ESTAT:ISOC_E_DII(1.0),27/02/26 11:00:00,A,10-49,C10-S951_X_K,E_DI3_GELO,PC_ENT,SE,2023,77.61,b,
ESTAT:ISOC_E_DII(1.0),27/02/26 11:00:00,A,10-49,C10-S951_X_K,E_DI3_GELO,PC_ENT,SE,2025,84.88,,
ESTAT:ISOC_E_DII(1.0),27/02/26 11:00:00,A,10-49,C10-S951_X_K,E_DI3_GELO,PC_ENT,SI,2021,51.49,,
ESTAT:ISOC_E_DII(1.0),27/02/26 11:00:00,A,10-49,C10-S951_X_K,E_DI3_GELO,PC_ENT,SI,2023,45.85,,
ESTAT:ISOC_E_DII(1.0),27/02/26 11:00:00,A,10-49,C10-S951_X_K,E_DI3_GELO,PC_ENT,SI,2025,61.83,,
ESTAT:ISOC_E_DII(1.0),27/02/26 11:00:00,A,10-49,C10-S951_X_K,E_DI3_GELO,PC_ENT,SK,2021,39.74,,
ESTAT:ISOC_E_DII(1.0),27/02/26 11:00:00,A,10-49,C10-S951_X_K,E_DI3_GELO,PC_ENT,SK,2023,38.79,,
ESTAT:ISOC_E_DII(1.0),27/02/26 11:00:00,A,10-49,C10-S951_X_K,E_DI3_GELO,PC_ENT,SK,2025,52.85,,
ESTAT:ISOC_E_DII(1.0),27/02/26 11:00:00,A,10-49,C10-S951_X_K,E_DI3_GELO,PC_ENT,TR,2025,39.97,,
ESTAT:ISOC_E_DII(1.0),27/02/26 11:00:00,A,10-49,C10-S951_X_K,E_DI3_HI,PC_ENT,AT,2021,19.55,,
ESTAT:ISOC_E_DII(1.0),27/02/26 11:00:00,A,10-49,C10-S951_X_K,E_DI3_HI,PC_ENT,AT,2023,17.00,,
ESTAT:ISOC_E_DII(1.0),27/02/26 11:00:00,A,10-49,C10-S951_X_K,E_DI3_HI,PC_ENT,AT,2025,24.22,,
ESTAT:ISOC_E_DII(1.0),27/02/26 11:00:00,A,10-49,C10-S951_X_K,E_DI3_HI,PC_ENT,BA,2021,4.75,,
ESTAT:ISOC_E_DII(1.0),27/02/26 11:00:00,A,10-49,C10-S951_X_K,E_DI3_HI,PC_ENT,BA,2023,9.83,,
ESTAT:ISOC_E_DII(1.0),27/02/26 11:00:00,A,10-49,C10-S951_X_K,E_DI3_HI,PC_ENT,BA,2025,18.16,,
ESTAT:ISOC_E_DII(1.0),27/02/26 11:00:00,A,10-49,C10-S951_X_K,E_DI3_HI,PC_ENT,BE,2021,22.84,,
ESTAT:ISOC_E_DII(1.0),27/02/26 11:00:00,A,10-49,C10-S951_X_K,E_DI3_HI,PC_ENT,BE,2023,30.90,,
ESTAT:ISOC_E_DII(1.0),27/02/26 11:00:00,A,10-49,C10-S951_X_K,E_DI3_HI,PC_ENT,BE,2025,36.86,,
ESTAT:ISOC_E_DII(1.0),27/02/26 11:00:00,A,10-49,C10-S951_X_K,E_DI3_HI,PC_ENT,BG,2021,6.44,,
ESTAT:ISOC_E_DII(1.0),27/02/26 11:00:00,A,10-49,C10-S951_X_K,E_DI3_HI,PC_ENT,BG,2023,6.59,,
ESTAT:ISOC_E_DII(1.0),27/02/26 11:00:00,A,10-49,C10-S951_X_K,E_DI3_HI,PC_ENT,BG,2025,9.43,,
ESTAT:ISOC_E_DII(1.0),27/02/26 11:00:00,A,10-49,C10-S951_X_K,E_DI3_HI,PC_ENT,CY,2021,19.89,,
ESTAT:ISOC_E_DII(1.0),27/02/26 11:00:00,A,10-49,C10-S951_X_K,E_DI3_HI,PC_ENT,CY,2023,23.02,,
ESTAT:ISOC_E_DII(1.0),27/02/26 11:00:00,A,10-49,C10-S951_X_K,E_DI3_HI,PC_ENT,CY,2025,28.01,,
ESTAT:ISOC_E_DII(1.0),27/02/26 11:00:00,A,10-49,C10-S951_X_K,E_DI3_HI,PC_ENT,CZ,2021,14.45,,
ESTAT:ISOC_E_DII(1.0),27/02/26 11:00:00,A,10-49,C10-S951_X_K,E_DI3_HI,PC_ENT,CZ,2023,13.00,,
ESTAT:ISOC_E_DII(1.0),27/02/26 11:00:00,A,10-49,C10-S951_X_K,E_DI3_HI,PC_ENT,CZ,2025,25.63,,
ESTAT:ISOC_E_DII(1.0),27/02/26 11:00:00,A,10-49,C10-S951_X_K,E_DI3_HI,PC_ENT,DE,2021,17.87,,
ESTAT:ISOC_E_DII(1.0),27/02/26 11:00:00,A,10-49,C10-S951_X_K,E_DI3_HI,PC_ENT,DE,2023,18.33,,
ESTAT:ISOC_E_DII(1.0),27/02/26 11:00:00,A,10-49,C10-S951_X_K,E_DI3_HI,PC_ENT,DE,2025,25.21,,
ESTAT:ISOC_E_DII(1.0),27/02/26 11:00:00,A,10-49,C10-S951_X_K,E_DI3_HI,PC_ENT,DK,2021,30.65,,
ESTAT:ISOC_E_DII(1.0),27/02/26 11:00:00,A,10-49,C10-S951_X_K,E_DI3_HI,PC_ENT,DK,2023,27.73,,
ESTAT:ISOC_E_DII(1.0),27/02/26 11:00:00,A,10-49,C10-S951_X_K,E_DI3_HI,PC_ENT,DK,2025,38.57,,
ESTAT:ISOC_E_DII(1.0),27/02/26 11:00:00,A,10-49,C10-S951_X_K,E_DI3_HI,PC_ENT,EA,2021,16.92,,
ESTAT:ISOC_E_DII(1.0),27/02/26 11:00:00,A,10-49,C10-S951_X_K,E_DI3_HI,PC_ENT,EA,2023,18.13,,
ESTAT:ISOC_E_DII(1.0),27/02/26 11:00:00,A,10-49,C10-S951_X_K,E_DI3_HI,PC_ENT,EA,2025,26.41,,
ESTAT:ISOC_E_DII(1.0),27/02/26 11:00:00,A,10-49,C10-S951_X_K,E_DI3_HI,PC_ENT,EE,2021,13.69,,
ESTAT:ISOC_E_DII(1.0),27/02/26 11:00:00,A,10-49,C10-S951_X_K,E_DI3_HI,PC_ENT,EE,2023,15.00,,
ESTAT:ISOC_E_DII(1.0),27/02/26 11:00:00,A,10-49,C10-S951_X_K,E_DI3_HI,PC_ENT,EE,2025,24.80,d,
ESTAT:ISOC_E_DII(1.0),27/02/26 11:00:00,A,10-49,C10-S951_X_K,E_DI3_HI,PC_ENT,EL,2021,13.25,,
ESTAT:ISOC_E_DII(1.0),27/02/26 11:00:00,A,10-49,C10-S951_X_K,E_DI3_HI,PC_ENT,EL,2023,11.37,,
ESTAT:ISOC_E_DII(1.0),27/02/26 11:00:00,A,10-49,C10-S951_X_K,E_DI3_HI,PC_ENT,EL,2025,17.80,,
ESTAT:ISOC_E_DII(1.0),27/02/26 11:00:00,A,10-49,C10-S951_X_K,E_DI3_HI,PC_ENT,ES,2021,19.33,,
ESTAT:ISOC_E_DII(1.0),27/02/26 11:00:00,A,10-49,C10-S951_X_K,E_DI3_HI,PC_ENT,ES,2023,18.70,,
ESTAT:ISOC_E_DII(1.0),27/02/26 11:00:00,A,10-49,C10-S951_X_K,E_DI3_HI,PC_ENT,ES,2025,28.43,,
ESTAT:ISOC_E_DII(1.0),27/02/26 11:00:00,A,10-49,C10-S951_X_K,E_DI3_HI,PC_ENT,EU27_2020,2021,16.15,,
ESTAT:ISOC_E_DII(1.0),27/02/26 11:00:00,A,10-49,C10-S951_X_K,E_DI3_HI,PC_ENT,EU27_2020,2023,17.49,,
ESTAT:ISOC_E_DII(1.0),27/02/26 11:00:00,A,10-49,C10-S951_X_K,E_DI3_HI,PC_ENT,EU27_2020,2025,25.29,,
ESTAT:ISOC_E_DII(1.0),27/02/26 11:00:00,A,10-49,C10-S951_X_K,E_DI3_HI,PC_ENT,FI,2021,33.24,,
ESTAT:ISOC_E_DII(1.0),27/02/26 11:00:00,A,10-49,C10-S951_X_K,E_DI3_HI,PC_ENT,FI,2023,36.54,,
ESTAT:ISOC_E_DII(1.0),27/02/26 11:00:00,A,10-49,C10-S951_X_K,E_DI3_HI,PC_ENT,FI,2025,42.80,,
ESTAT:ISOC_E_DII(1.0),27/02/26 11:00:00,A,10-49,C10-S951_X_K,E_DI3_HI,PC_ENT,FR,2021,10.06,,
ESTAT:ISOC_E_DII(1.0),27/02/26 11:00:00,A,10-49,C10-S951_X_K,E_DI3_HI,PC_ENT,FR,2023,13.02,b,
ESTAT:ISOC_E_DII(1.0),27/02/26 11:00:00,A,10-49,C10-S951_X_K,E_DI3_HI,PC_ENT,FR,2025,24.10,,
ESTAT:ISOC_E_DII(1.0),27/02/26 11:00:00,A,10-49,C10-S951_X_K,E_DI3_HI,PC_ENT,HR,2021,15.03,,
ESTAT:ISOC_E_DII(1.0),27/02/26 11:00:00,A,10-49,C10-S951_X_K,E_DI3_HI,PC_ENT,HR,2023,18.18,,
ESTAT:ISOC_E_DII(1.0),27/02/26 11:00:00,A,10-49,C10-S951_X_K,E_DI3_HI,PC_ENT,HR,2025,19.39,,
ESTAT:ISOC_E_DII(1.0),27/02/26 11:00:00,A,10-49,C10-S951_X_K,E_DI3_HI,PC_ENT,HU,2021,7.90,,
ESTAT:ISOC_E_DII(1.0),27/02/26 11:00:00,A,10-49,C10-S951_X_K,E_DI3_HI,PC_ENT,HU,2023,15.72,,
ESTAT:ISOC_E_DII(1.0),27/02/26 11:00:00,A,10-49,C10-S951_X_K,E_DI3_HI,PC_ENT,HU,2025,18.78,,
ESTAT:ISOC_E_DII(1.0),27/02/26 11:00:00,A,10-49,C10-S951_X_K,E_DI3_HI,PC_ENT,IE,2021,20.02,,
ESTAT:ISOC_E_DII(1.0),27/02/26 11:00:00,A,10-49,C10-S951_X_K,E_DI3_HI,PC_ENT,IE,2023,21.47,,
ESTAT:ISOC_E_DII(1.0),27/02/26 11:00:00,A,10-49,C10-S951_X_K,E_DI3_HI,PC_ENT,IE,2025,27.02,,
ESTAT:ISOC_E_DII(1.0),27/02/26 11:00:00,A,10-49,C10-S951_X_K,E_DI3_HI,PC_ENT,IT,2021,15.78,,
ESTAT:ISOC_E_DII(1.0),27/02/26 11:00:00,A,10-49,C10-S951_X_K,E_DI3_HI,PC_ENT,IT,2023,16.80,,
ESTAT:ISOC_E_DII(1.0),27/02/26 11:00:00,A,10-49,C10-S951_X_K,E_DI3_HI,PC_ENT,IT,2025,28.03,,
ESTAT:ISOC_E_DII(1.0),27/02/26 11:00:00,A,10-49,C10-S951_X_K,E_DI3_HI,PC_ENT,LT,2021,14.17,,
ESTAT:ISOC_E_DII(1.0),27/02/26 11:00:00,A,10-49,C10-S951_X_K,E_DI3_HI,PC_ENT,LT,2023,14.80,,
ESTAT:ISOC_E_DII(1.0),27/02/26 11:00:00,A,10-49,C10-S951_X_K,E_DI3_HI,PC_ENT,LT,2025,26.45,,
ESTAT:ISOC_E_DII(1.0),27/02/26 11:00:00,A,10-49,C10-S951_X_K,E_DI3_HI,PC_ENT,LU,2021,16.21,,
ESTAT:ISOC_E_DII(1.0),27/02/26 11:00:00,A,10-49,C10-S951_X_K,E_DI3_HI,PC_ENT,LU,2023,17.63,,
ESTAT:ISOC_E_DII(1.0),27/02/26 11:00:00,A,10-49,C10-S951_X_K,E_DI3_HI,PC_ENT,LU,2025,27.61,,
ESTAT:ISOC_E_DII(1.0),27/02/26 11:00:00,A,10-49,C10-S951_X_K,E_DI3_HI,PC_ENT,LV,2021,8.96,,
ESTAT:ISOC_E_DII(1.0),27/02/26 11:00:00,A,10-49,C10-S951_X_K,E_DI3_HI,PC_ENT,LV,2023,13.75,,
ESTAT:ISOC_E_DII(1.0),27/02/26 11:00:00,A,10-49,C10-S951_X_K,E_DI3_HI,PC_ENT,LV,2025,18.44,,
ESTAT:ISOC_E_DII(1.0),27/02/26 11:00:00,A,10-49,C10-S951_X_K,E_DI3_HI,PC_ENT,ME,2021,14.78,,
ESTAT:ISOC_E_DII(1.0),27/02/26 11:00:00,A,10-49,C10-S951_X_K,E_DI3_HI,PC_ENT,ME,2023,19.93,,
ESTAT:ISOC_E_DII(1.0),27/02/26 11:00:00,A,10-49,C10-S951_X_K,E_DI3_HI,PC_ENT,ME,2025,23.47,,
ESTAT:ISOC_E_DII(1.0),27/02/26 11:00:00,A,10-49,C10-S951_X_K,E_DI3_HI,PC_ENT,MK,2021,6.39,,
ESTAT:ISOC_E_DII(1.0),27/02/26 11:00:00,A,10-49,C10-S951_X_K,E_DI3_HI,PC_ENT,MT,2021,27.35,,
ESTAT:ISOC_E_DII(1.0),27/02/26 11:00:00,A,10-49,C10-S951_X_K,E_DI3_HI,PC_ENT,MT,2023,31.25,,
ESTAT:ISOC_E_DII(1.0),27/02/26 11:00:00,A,10-49,C10-S951_X_K,E_DI3_HI,PC_ENT,MT,2025,34.61,,
ESTAT:ISOC_E_DII(1.0),27/02/26 11:00:00,A,10-49,C10-S951_X_K,E_DI3_HI,PC_ENT,NL,2021,30.29,,
ESTAT:ISOC_E_DII(1.0),27/02/26 11:00:00,A,10-49,C10-S951_X_K,E_DI3_HI,PC_ENT,NL,2023,35.84,,
ESTAT:ISOC_E_DII(1.0),27/02/26 11:00:00,A,10-49,C10-S951_X_K,E_DI3_HI,PC_ENT,NL,2025,41.10,,
ESTAT:ISOC_E_DII(1.0),27/02/26 11:00:00,A,10-49,C10-S951_X_K,E_DI3_HI,PC_ENT,NO,2021,29.20,,
ESTAT:ISOC_E_DII(1.0),27/02/26 11:00:00,A,10-49,C10-S951_X_K,E_DI3_HI,PC_ENT,NO,2023,31.60,,
ESTAT:ISOC_E_DII(1.0),27/02/26 11:00:00,A,10-49,C10-S951_X_K,E_DI3_HI,PC_ENT,NO,2025,33.39,,
ESTAT:ISOC_E_DII(1.0),27/02/26 11:00:00,A,10-49,C10-S951_X_K,E_DI3_HI,PC_ENT,PL,2021,9.35,,
ESTAT:ISOC_E_DII(1.0),27/02/26 11:00:00,A,10-49,C10-S951_X_K,E_DI3_HI,PC_ENT,PL,2023,13.88,,
ESTAT:ISOC_E_DII(1.0),27/02/26 11:00:00,A,10-49,C10-S951_X_K,E_DI3_HI,PC_ENT,PL,2025,18.82,,
ESTAT:ISOC_E_DII(1.0),27/02/26 11:00:00,A,10-49,C10-S951_X_K,E_DI3_HI,PC_ENT,PT,2021,13.28,,
ESTAT:ISOC_E_DII(1.0),27/02/26 11:00:00,A,10-49,C10-S951_X_K,E_DI3_HI,PC_ENT,PT,2023,14.52,,
ESTAT:ISOC_E_DII(1.0),27/02/26 11:00:00,A,10-49,C10-S951_X_K,E_DI3_HI,PC_ENT,PT,2025,19.18,,
ESTAT:ISOC_E_DII(1.0),27/02/26 11:00:00,A,10-49,C10-S951_X_K,E_DI3_HI,PC_ENT,RO,2021,4.42,,
ESTAT:ISOC_E_DII(1.0),27/02/26 11:00:00,A,10-49,C10-S951_X_K,E_DI3_HI,PC_ENT,RO,2023,6.64,,
ESTAT:ISOC_E_DII(1.0),27/02/26 11:00:00,A,10-49,C10-S951_X_K,E_DI3_HI,PC_ENT,RO,2025,13.04,,
ESTAT:ISOC_E_DII(1.0),27/02/26 11:00:00,A,10-49,C10-S951_X_K,E_DI3_HI,PC_ENT,RS,2021,8.72,,
ESTAT:ISOC_E_DII(1.0),27/02/26 11:00:00,A,10-49,C10-S951_X_K,E_DI3_HI,PC_ENT,RS,2023,10.40,,
ESTAT:ISOC_E_DII(1.0),27/02/26 11:00:00,A,10-49,C10-S951_X_K,E_DI3_HI,PC_ENT,RS,2025,13.68,,
ESTAT:ISOC_E_DII(1.0),27/02/26 11:00:00,A,10-49,C10-S951_X_K,E_DI3_HI,PC_ENT,SE,2021,35.05,,
ESTAT:ISOC_E_DII(1.0),27/02/26 11:00:00,A,10-49,C10-S951_X_K,E_DI3_HI,PC_ENT,SE,2023,30.53,b,
ESTAT:ISOC_E_DII(1.0),27/02/26 11:00:00,A,10-49,C10-S951_X_K,E_DI3_HI,PC_ENT,SE,2025,34.25,,
ESTAT:ISOC_E_DII(1.0),27/02/26 11:00:00,A,10-49,C10-S951_X_K,E_DI3_HI,PC_ENT,SI,2021,17.32,,
ESTAT:ISOC_E_DII(1.0),27/02/26 11:00:00,A,10-49,C10-S951_X_K,E_DI3_HI,PC_ENT,SI,2023,15.12,,
ESTAT:ISOC_E_DII(1.0),27/02/26 11:00:00,A,10-49,C10-S951_X_K,E_DI3_HI,PC_ENT,SI,2025,20.31,,
ESTAT:ISOC_E_DII(1.0),27/02/26 11:00:00,A,10-49,C10-S951_X_K,E_DI3_HI,PC_ENT,SK,2021,12.30,,
ESTAT:ISOC_E_DII(1.0),27/02/26 11:00:00,A,10-49,C10-S951_X_K,E_DI3_HI,PC_ENT,SK,2023,11.70,,
ESTAT:ISOC_E_DII(1.0),27/02/26 11:00:00,A,10-49,C10-S951_X_K,E_DI3_HI,PC_ENT,SK,2025,17.37,,
ESTAT:ISOC_E_DII(1.0),27/02/26 11:00:00,A,10-49,C10-S951_X_K,E_DI3_HI,PC_ENT,TR,2025,8.78,,
ESTAT:ISOC_E_DII(1.0),27/02/26 11:00:00,A,10-49,C10-S951_X_K,E_DI3_LO,PC_ENT,AT,2021,37.39,,
ESTAT:ISOC_E_DII(1.0),27/02/26 11:00:00,A,10-49,C10-S951_X_K,E_DI3_LO,PC_ENT,AT,2023,33.71,,
ESTAT:ISOC_E_DII(1.0),27/02/26 11:00:00,A,10-49,C10-S951_X_K,E_DI3_LO,PC_ENT,AT,2025,39.06,,
ESTAT:ISOC_E_DII(1.0),27/02/26 11:00:00,A,10-49,C10-S951_X_K,E_DI3_LO,PC_ENT,BA,2021,23.43,,
ESTAT:ISOC_E_DII(1.0),27/02/26 11:00:00,A,10-49,C10-S951_X_K,E_DI3_LO,PC_ENT,BA,2023,28.50,,
ESTAT:ISOC_E_DII(1.0),27/02/26 11:00:00,A,10-49,C10-S951_X_K,E_DI3_LO,PC_ENT,BA,2025,40.12,,
ESTAT:ISOC_E_DII(1.0),27/02/26 11:00:00,A,10-49,C10-S951_X_K,E_DI3_LO,PC_ENT,BE,2021,38.87,,
ESTAT:ISOC_E_DII(1.0),27/02/26 11:00:00,A,10-49,C10-S951_X_K,E_DI3_LO,PC_ENT,BE,2023,34.22,,
ESTAT:ISOC_E_DII(1.0),27/02/26 11:00:00,A,10-49,C10-S951_X_K,E_DI3_LO,PC_ENT,BE,2025,31.56,,
ESTAT:ISOC_E_DII(1.0),27/02/26 11:00:00,A,10-49,C10-S951_X_K,E_DI3_LO,PC_ENT,BG,2021,15.55,,
ESTAT:ISOC_E_DII(1.0),27/02/26 11:00:00,A,10-49,C10-S951_X_K,E_DI3_LO,PC_ENT,BG,2023,17.86,,
ESTAT:ISOC_E_DII(1.0),27/02/26 11:00:00,A,10-49,C10-S951_X_K,E_DI3_LO,PC_ENT,BG,2025,24.41,,
ESTAT:ISOC_E_DII(1.0),27/02/26 11:00:00,A,10-49,C10-S951_X_K,E_DI3_LO,PC_ENT,CY,2021,41.69,,
ESTAT:ISOC_E_DII(1.0),27/02/26 11:00:00,A,10-49,C10-S951_X_K,E_DI3_LO,PC_ENT,CY,2023,37.96,,
ESTAT:ISOC_E_DII(1.0),27/02/26 11:00:00,A,10-49,C10-S951_X_K,E_DI3_LO,PC_ENT,CY,2025,38.60,,
ESTAT:ISOC_E_DII(1.0),27/02/26 11:00:00,A,10-49,C10-S951_X_K,E_DI3_LO,PC_ENT,CZ,2021,32.62,,
ESTAT:ISOC_E_DII(1.0),27/02/26 11:00:00,A,10-49,C10-S951_X_K,E_DI3_LO,PC_ENT,CZ,2023,29.47,,
ESTAT:ISOC_E_DII(1.0),27/02/26 11:00:00,A,10-49,C10-S951_X_K,E_DI3_LO,PC_ENT,CZ,2025,32.37,,
ESTAT:ISOC_E_DII(1.0),27/02/26 11:00:00,A,10-49,C10-S951_X_K,E_DI3_LO,PC_ENT,DE,2021,34.32,,
ESTAT:ISOC_E_DII(1.0),27/02/26 11:00:00,A,10-49,C10-S951_X_K,E_DI3_LO,PC_ENT,DE,2023,35.69,,
ESTAT:ISOC_E_DII(1.0),27/02/26 11:00:00,A,10-49,C10-S951_X_K,E_DI3_LO,PC_ENT,DE,2025,37.83,,
ESTAT:ISOC_E_DII(1.0),27/02/26 11:00:00,A,10-49,C10-S951_X_K,E_DI3_LO,PC_ENT,DK,2021,39.06,,
ESTAT:ISOC_E_DII(1.0),27/02/26 11:00:00,A,10-49,C10-S951_X_K,E_DI3_LO,PC_ENT,DK,2023,39.65,,
ESTAT:ISOC_E_DII(1.0),27/02/26 11:00:00,A,10-49,C10-S951_X_K,E_DI3_LO,PC_ENT,DK,2025,30.47,,
ESTAT:ISOC_E_DII(1.0),27/02/26 11:00:00,A,10-49,C10-S951_X_K,E_DI3_LO,PC_ENT,EA,2021,35.29,,
ESTAT:ISOC_E_DII(1.0),27/02/26 11:00:00,A,10-49,C10-S951_X_K,E_DI3_LO,PC_ENT,EA,2023,35.11,,
ESTAT:ISOC_E_DII(1.0),27/02/26 11:00:00,A,10-49,C10-S951_X_K,E_DI3_LO,PC_ENT,EA,2025,37.45,,
ESTAT:ISOC_E_DII(1.0),27/02/26 11:00:00,A,10-49,C10-S951_X_K,E_DI3_LO,PC_ENT,EE,2021,35.80,,
ESTAT:ISOC_E_DII(1.0),27/02/26 11:00:00,A,10-49,C10-S951_X_K,E_DI3_LO,PC_ENT,EE,2023,34.33,,
ESTAT:ISOC_E_DII(1.0),27/02/26 11:00:00,A,10-49,C10-S951_X_K,E_DI3_LO,PC_ENT,EE,2025,37.62,d,
ESTAT:ISOC_E_DII(1.0),27/02/26 11:00:00,A,10-49,C10-S951_X_K,E_DI3_LO,PC_ENT,EL,2021,20.71,,
ESTAT:ISOC_E_DII(1.0),27/02/26 11:00:00,A,10-49,C10-S951_X_K,E_DI3_LO,PC_ENT,EL,2023,27.15,,
ESTAT:ISOC_E_DII(1.0),27/02/26 11:00:00,A,10-49,C10-S951_X_K,E_DI3_LO,PC_ENT,EL,2025,30.91,,
ESTAT:ISOC_E_DII(1.0),27/02/26 11:00:00,A,10-49,C10-S951_X_K,E_DI3_LO,PC_ENT,ES,2021,35.35,,
ESTAT:ISOC_E_DII(1.0),27/02/26 11:00:00,A,10-49,C10-S951_X_K,E_DI3_LO,PC_ENT,ES,2023,34.17,,
ESTAT:ISOC_E_DII(1.0),27/02/26 11:00:00,A,10-49,C10-S951_X_K,E_DI3_LO,PC_ENT,ES,2025,35.66,,
ESTAT:ISOC_E_DII(1.0),27/02/26 11:00:00,A,10-49,C10-S951_X_K,E_DI3_LO,PC_ENT,EU27_2020,2021,33.44,,
ESTAT:ISOC_E_DII(1.0),27/02/26 11:00:00,A,10-49,C10-S951_X_K,E_DI3_LO,PC_ENT,EU27_2020,2023,33.82,,
ESTAT:ISOC_E_DII(1.0),27/02/26 11:00:00,A,10-49,C10-S951_X_K,E_DI3_LO,PC_ENT,EU27_2020,2025,36.22,,
ESTAT:ISOC_E_DII(1.0),27/02/26 11:00:00,A,10-49,C10-S951_X_K,E_DI3_LO,PC_ENT,FI,2021,38.46,,
ESTAT:ISOC_E_DII(1.0),27/02/26 11:00:00,A,10-49,C10-S951_X_K,E_DI3_LO,PC_ENT,FI,2023,38.02,,
ESTAT:ISOC_E_DII(1.0),27/02/26 11:00:00,A,10-49,C10-S951_X_K,E_DI3_LO,PC_ENT,FI,2025,30.09,,
ESTAT:ISOC_E_DII(1.0),27/02/26 11:00:00,A,10-49,C10-S951_X_K,E_DI3_LO,PC_ENT,FR,2021,32.90,,
ESTAT:ISOC_E_DII(1.0),27/02/26 11:00:00,A,10-49,C10-S951_X_K,E_DI3_LO,PC_ENT,FR,2023,33.35,b,
ESTAT:ISOC_E_DII(1.0),27/02/26 11:00:00,A,10-49,C10-S951_X_K,E_DI3_LO,PC_ENT,FR,2025,37.37,,
ESTAT:ISOC_E_DII(1.0),27/02/26 11:00:00,A,10-49,C10-S951_X_K,E_DI3_LO,PC_ENT,HR,2021,29.19,,
ESTAT:ISOC_E_DII(1.0),27/02/26 11:00:00,A,10-49,C10-S951_X_K,E_DI3_LO,PC_ENT,HR,2023,31.49,,
ESTAT:ISOC_E_DII(1.0),27/02/26 11:00:00,A,10-49,C10-S951_X_K,E_DI3_LO,PC_ENT,HR,2025,28.52,,
ESTAT:ISOC_E_DII(1.0),27/02/26 11:00:00,A,10-49,C10-S951_X_K,E_DI3_LO,PC_ENT,HU,2021,22.56,,
ESTAT:ISOC_E_DII(1.0),27/02/26 11:00:00,A,10-49,C10-S951_X_K,E_DI3_LO,PC_ENT,HU,2023,31.47,,
ESTAT:ISOC_E_DII(1.0),27/02/26 11:00:00,A,10-49,C10-S951_X_K,E_DI3_LO,PC_ENT,HU,2025,33.38,,
ESTAT:ISOC_E_DII(1.0),27/02/26 11:00:00,A,10-49,C10-S951_X_K,E_DI3_LO,PC_ENT,IE,2021,37.56,,
ESTAT:ISOC_E_DII(1.0),27/02/26 11:00:00,A,10-49,C10-S951_X_K,E_DI3_LO,PC_ENT,IE,2023,36.79,,
ESTAT:ISOC_E_DII(1.0),27/02/26 11:00:00,A,10-49,C10-S951_X_K,E_DI3_LO,PC_ENT,IE,2025,41.50,,
ESTAT:ISOC_E_DII(1.0),27/02/26 11:00:00,A,10-49,C10-S951_X_K,E_DI3_LO,PC_ENT,IT,2021,40.97,,
ESTAT:ISOC_E_DII(1.0),27/02/26 11:00:00,A,10-49,C10-S951_X_K,E_DI3_LO,PC_ENT,IT,2023,39.45,,
ESTAT:ISOC_E_DII(1.0),27/02/26 11:00:00,A,10-49,C10-S951_X_K,E_DI3_LO,PC_ENT,IT,2025,43.61,,
ESTAT:ISOC_E_DII(1.0),27/02/26 11:00:00,A,10-49,C10-S951_X_K,E_DI3_LO,PC_ENT,LT,2021,36.20,,
ESTAT:ISOC_E_DII(1.0),27/02/26 11:00:00,A,10-49,C10-S951_X_K,E_DI3_LO,PC_ENT,LT,2023,38.58,,
ESTAT:ISOC_E_DII(1.0),27/02/26 11:00:00,A,10-49,C10-S951_X_K,E_DI3_LO,PC_ENT,LT,2025,33.04,,
ESTAT:ISOC_E_DII(1.0),27/02/26 11:00:00,A,10-49,C10-S951_X_K,E_DI3_LO,PC_ENT,LU,2021,32.69,,
ESTAT:ISOC_E_DII(1.0),27/02/26 11:00:00,A,10-49,C10-S951_X_K,E_DI3_LO,PC_ENT,LU,2023,34.21,,
ESTAT:ISOC_E_DII(1.0),27/02/26 11:00:00,A,10-49,C10-S951_X_K,E_DI3_LO,PC_ENT,LU,2025,39.64,,
ESTAT:ISOC_E_DII(1.0),27/02/26 11:00:00,A,10-49,C10-S951_X_K,E_DI3_LO,PC_ENT,LV,2021,23.89,,
ESTAT:ISOC_E_DII(1.0),27/02/26 11:00:00,A,10-49,C10-S951_X_K,E_DI3_LO,PC_ENT,LV,2023,27.98,,
ESTAT:ISOC_E_DII(1.0),27/02/26 11:00:00,A,10-49,C10-S951_X_K,E_DI3_LO,PC_ENT,LV,2025,31.00,,
ESTAT:ISOC_E_DII(1.0),27/02/26 11:00:00,A,10-49,C10-S951_X_K,E_DI3_LO,PC_ENT,ME,2021,25.66,,
ESTAT:ISOC_E_DII(1.0),27/02/26 11:00:00,A,10-49,C10-S951_X_K,E_DI3_LO,PC_ENT,ME,2023,38.54,,
ESTAT:ISOC_E_DII(1.0),27/02/26 11:00:00,A,10-49,C10-S951_X_K,E_DI3_LO,PC_ENT,ME,2025,51.54,,
ESTAT:ISOC_E_DII(1.0),27/02/26 11:00:00,A,10-49,C10-S951_X_K,E_DI3_LO,PC_ENT,MK,2021,19.81,,
ESTAT:ISOC_E_DII(1.0),27/02/26 11:00:00,A,10-49,C10-S951_X_K,E_DI3_LO,PC_ENT,MT,2021,34.27,,
ESTAT:ISOC_E_DII(1.0),27/02/26 11:00:00,A,10-49,C10-S951_X_K,E_DI3_LO,PC_ENT,MT,2023,33.09,,
ESTAT:ISOC_E_DII(1.0),27/02/26 11:00:00,A,10-49,C10-S951_X_K,E_DI3_LO,PC_ENT,MT,2025,33.09,,
ESTAT:ISOC_E_DII(1.0),27/02/26 11:00:00,A,10-49,C10-S951_X_K,E_DI3_LO,PC_ENT,NL,2021,41.13,,
ESTAT:ISOC_E_DII(1.0),27/02/26 11:00:00,A,10-49,C10-S951_X_K,E_DI3_LO,PC_ENT,NL,2023,35.97,,
ESTAT:ISOC_E_DII(1.0),27/02/26 11:00:00,A,10-49,C10-S951_X_K,E_DI3_LO,PC_ENT,NL,2025,29.38,,
ESTAT:ISOC_E_DII(1.0),27/02/26 11:00:00,A,10-49,C10-S951_X_K,E_DI3_LO,PC_ENT,NO,2021,40.85,,
ESTAT:ISOC_E_DII(1.0),27/02/26 11:00:00,A,10-49,C10-S951_X_K,E_DI3_LO,PC_ENT,NO,2023,41.79,,
ESTAT:ISOC_E_DII(1.0),27/02/26 11:00:00,A,10-49,C10-S951_X_K,E_DI3_LO,PC_ENT,NO,2025,37.21,,
ESTAT:ISOC_E_DII(1.0),27/02/26 11:00:00,A,10-49,C10-S951_X_K,E_DI3_LO,PC_ENT,PL,2021,25.11,,
ESTAT:ISOC_E_DII(1.0),27/02/26 11:00:00,A,10-49,C10-S951_X_K,E_DI3_LO,PC_ENT,PL,2023,29.51,,
ESTAT:ISOC_E_DII(1.0),27/02/26 11:00:00,A,10-49,C10-S951_X_K,E_DI3_LO,PC_ENT,PL,2025,32.11,,
ESTAT:ISOC_E_DII(1.0),27/02/26 11:00:00,A,10-49,C10-S951_X_K,E_DI3_LO,PC_ENT,PT,2021,29.52,,
ESTAT:ISOC_E_DII(1.0),27/02/26 11:00:00,A,10-49,C10-S951_X_K,E_DI3_LO,PC_ENT,PT,2023,32.30,,
ESTAT:ISOC_E_DII(1.0),27/02/26 11:00:00,A,10-49,C10-S951_X_K,E_DI3_LO,PC_ENT,PT,2025,36.25,,
ESTAT:ISOC_E_DII(1.0),27/02/26 11:00:00,A,10-49,C10-S951_X_K,E_DI3_LO,PC_ENT,RO,2021,15.70,,
ESTAT:ISOC_E_DII(1.0),27/02/26 11:00:00,A,10-49,C10-S951_X_K,E_DI3_LO,PC_ENT,RO,2023,17.21,,
ESTAT:ISOC_E_DII(1.0),27/02/26 11:00:00,A,10-49,C10-S951_X_K,E_DI3_LO,PC_ENT,RO,2025,26.87,,
ESTAT:ISOC_E_DII(1.0),27/02/26 11:00:00,A,10-49,C10-S951_X_K,E_DI3_LO,PC_ENT,RS,2021,30.85,,
ESTAT:ISOC_E_DII(1.0),27/02/26 11:00:00,A,10-49,C10-S951_X_K,E_DI3_LO,PC_ENT,RS,2023,34.41,,
ESTAT:ISOC_E_DII(1.0),27/02/26 11:00:00,A,10-49,C10-S951_X_K,E_DI3_LO,PC_ENT,RS,2025,31.31,,
ESTAT:ISOC_E_DII(1.0),27/02/26 11:00:00,A,10-49,C10-S951_X_K,E_DI3_LO,PC_ENT,SE,2021,42.74,,
ESTAT:ISOC_E_DII(1.0),27/02/26 11:00:00,A,10-49,C10-S951_X_K,E_DI3_LO,PC_ENT,SE,2023,41.78,b,
ESTAT:ISOC_E_DII(1.0),27/02/26 11:00:00,A,10-49,C10-S951_X_K,E_DI3_LO,PC_ENT,SE,2025,38.09,,
ESTAT:ISOC_E_DII(1.0),27/02/26 11:00:00,A,10-49,C10-S951_X_K,E_DI3_LO,PC_ENT,SI,2021,30.94,,
ESTAT:ISOC_E_DII(1.0),27/02/26 11:00:00,A,10-49,C10-S951_X_K,E_DI3_LO,PC_ENT,SI,2023,28.08,,
ESTAT:ISOC_E_DII(1.0),27/02/26 11:00:00,A,10-49,C10-S951_X_K,E_DI3_LO,PC_ENT,SI,2025,35.50,,
ESTAT:ISOC_E_DII(1.0),27/02/26 11:00:00,A,10-49,C10-S951_X_K,E_DI3_LO,PC_ENT,SK,2021,25.47,,
ESTAT:ISOC_E_DII(1.0),27/02/26 11:00:00,A,10-49,C10-S951_X_K,E_DI3_LO,PC_ENT,SK,2023,24.82,,
ESTAT:ISOC_E_DII(1.0),27/02/26 11:00:00,A,10-49,C10-S951_X_K,E_DI3_LO,PC_ENT,SK,2025,31.28,,
ESTAT:ISOC_E_DII(1.0),27/02/26 11:00:00,A,10-49,C10-S951_X_K,E_DI3_LO,PC_ENT,TR,2025,29.68,,
ESTAT:ISOC_E_DII(1.0),27/02/26 11:00:00,A,10-49,C10-S951_X_K,E_DI3_VHI,PC_ENT,AT,2021,4.41,,
ESTAT:ISOC_E_DII(1.0),27/02/26 11:00:00,A,10-49,C10-S951_X_K,E_DI3_VHI,PC_ENT,AT,2023,3.83,,
ESTAT:ISOC_E_DII(1.0),27/02/26 11:00:00,A,10-49,C10-S951_X_K,E_DI3_VHI,PC_ENT,AT,2025,7.17,,
ESTAT:ISOC_E_DII(1.0),27/02/26 11:00:00,A,10-49,C10-S951_X_K,E_DI3_VHI,PC_ENT,BA,2021,1.16,,
ESTAT:ISOC_E_DII(1.0),27/02/26 11:00:00,A,10-49,C10-S951_X_K,E_DI3_VHI,PC_ENT,BA,2023,,u,
ESTAT:ISOC_E_DII(1.0),27/02/26 11:00:00,A,10-49,C10-S951_X_K,E_DI3_VHI,PC_ENT,BA,2025,2.27,,
ESTAT:ISOC_E_DII(1.0),27/02/26 11:00:00,A,10-49,C10-S951_X_K,E_DI3_VHI,PC_ENT,BE,2021,1.19,,
ESTAT:ISOC_E_DII(1.0),27/02/26 11:00:00,A,10-49,C10-S951_X_K,E_DI3_VHI,PC_ENT,BE,2023,6.52,,
ESTAT:ISOC_E_DII(1.0),27/02/26 11:00:00,A,10-49,C10-S951_X_K,E_DI3_VHI,PC_ENT,BE,2025,14.22,,
ESTAT:ISOC_E_DII(1.0),27/02/26 11:00:00,A,10-49,C10-S951_X_K,E_DI3_VHI,PC_ENT,BG,2021,0.54,,
ESTAT:ISOC_E_DII(1.0),27/02/26 11:00:00,A,10-49,C10-S951_X_K,E_DI3_VHI,PC_ENT,BG,2023,1.06,,
ESTAT:ISOC_E_DII(1.0),27/02/26 11:00:00,A,10-49,C10-S951_X_K,E_DI3_VHI,PC_ENT,BG,2025,1.41,,
ESTAT:ISOC_E_DII(1.0),27/02/26 11:00:00,A,10-49,C10-S951_X_K,E_DI3_VHI,PC_ENT,CY,2021,2.07,,
ESTAT:ISOC_E_DII(1.0),27/02/26 11:00:00,A,10-49,C10-S951_X_K,E_DI3_VHI,PC_ENT,CY,2023,3.49,,
ESTAT:ISOC_E_DII(1.0),27/02/26 11:00:00,A,10-49,C10-S951_X_K,E_DI3_VHI,PC_ENT,CY,2025,5.38,,
ESTAT:ISOC_E_DII(1.0),27/02/26 11:00:00,A,10-49,C10-S951_X_K,E_DI3_VHI,PC_ENT,CZ,2021,2.49,,
ESTAT:ISOC_E_DII(1.0),27/02/26 11:00:00,A,10-49,C10-S951_X_K,E_DI3_VHI,PC_ENT,CZ,2023,3.36,,
ESTAT:ISOC_E_DII(1.0),27/02/26 11:00:00,A,10-49,C10-S951_X_K,E_DI3_VHI,PC_ENT,CZ,2025,8.96,,
ESTAT:ISOC_E_DII(1.0),27/02/26 11:00:00,A,10-49,C10-S951_X_K,E_DI3_VHI,PC_ENT,DE,2021,3.07,,
ESTAT:ISOC_E_DII(1.0),27/02/26 11:00:00,A,10-49,C10-S951_X_K,E_DI3_VHI,PC_ENT,DE,2023,3.72,,
ESTAT:ISOC_E_DII(1.0),27/02/26 11:00:00,A,10-49,C10-S951_X_K,E_DI3_VHI,PC_ENT,DE,2025,7.94,,
ESTAT:ISOC_E_DII(1.0),27/02/26 11:00:00,A,10-49,C10-S951_X_K,E_DI3_VHI,PC_ENT,DK,2021,7.13,,
ESTAT:ISOC_E_DII(1.0),27/02/26 11:00:00,A,10-49,C10-S951_X_K,E_DI3_VHI,PC_ENT,DK,2023,5.17,,
ESTAT:ISOC_E_DII(1.0),27/02/26 11:00:00,A,10-49,C10-S951_X_K,E_DI3_VHI,PC_ENT,DK,2025,22.44,,
ESTAT:ISOC_E_DII(1.0),27/02/26 11:00:00,A,10-49,C10-S951_X_K,E_DI3_VHI,PC_ENT,EA,2021,2.18,,
ESTAT:ISOC_E_DII(1.0),27/02/26 11:00:00,A,10-49,C10-S951_X_K,E_DI3_VHI,PC_ENT,EA,2023,3.63,,
ESTAT:ISOC_E_DII(1.0),27/02/26 11:00:00,A,10-49,C10-S951_X_K,E_DI3_VHI,PC_ENT,EA,2025,7.62,,
ESTAT:ISOC_E_DII(1.0),27/02/26 11:00:00,A,10-49,C10-S951_X_K,E_DI3_VHI,PC_ENT,EE,2021,1.48,,
ESTAT:ISOC_E_DII(1.0),27/02/26 11:00:00,A,10-49,C10-S951_X_K,E_DI3_VHI,PC_ENT,EE,2023,2.96,,
ESTAT:ISOC_E_DII(1.0),27/02/26 11:00:00,A,10-49,C10-S951_X_K,E_DI3_VHI,PC_ENT,EE,2025,6.31,d,
ESTAT:ISOC_E_DII(1.0),27/02/26 11:00:00,A,10-49,C10-S951_X_K,E_DI3_VHI,PC_ENT,EL,2021,1.21,,
ESTAT:ISOC_E_DII(1.0),27/02/26 11:00:00,A,10-49,C10-S951_X_K,E_DI3_VHI,PC_ENT,EL,2023,2.28,,
ESTAT:ISOC_E_DII(1.0),27/02/26 11:00:00,A,10-49,C10-S951_X_K,E_DI3_VHI,PC_ENT,EL,2025,4.57,,
ESTAT:ISOC_E_DII(1.0),27/02/26 11:00:00,A,10-49,C10-S951_X_K,E_DI3_VHI,PC_ENT,ES,2021,2.44,,
ESTAT:ISOC_E_DII(1.0),27/02/26 11:00:00,A,10-49,C10-S951_X_K,E_DI3_VHI,PC_ENT,ES,2023,4.57,,
ESTAT:ISOC_E_DII(1.0),27/02/26 11:00:00,A,10-49,C10-S951_X_K,E_DI3_VHI,PC_ENT,ES,2025,8.80,,
ESTAT:ISOC_E_DII(1.0),27/02/26 11:00:00,A,10-49,C10-S951_X_K,E_DI3_VHI,PC_ENT,EU27_2020,2021,2.20,,
ESTAT:ISOC_E_DII(1.0),27/02/26 11:00:00,A,10-49,C10-S951_X_K,E_DI3_VHI,PC_ENT,EU27_2020,2023,3.47,,
ESTAT:ISOC_E_DII(1.0),27/02/26 11:00:00,A,10-49,C10-S951_X_K,E_DI3_VHI,PC_ENT,EU27_2020,2025,7.34,,
ESTAT:ISOC_E_DII(1.0),27/02/26 11:00:00,A,10-49,C10-S951_X_K,E_DI3_VHI,PC_ENT,FI,2021,7.68,,
ESTAT:ISOC_E_DII(1.0),27/02/26 11:00:00,A,10-49,C10-S951_X_K,E_DI3_VHI,PC_ENT,FI,2023,8.91,,
ESTAT:ISOC_E_DII(1.0),27/02/26 11:00:00,A,10-49,C10-S951_X_K,E_DI3_VHI,PC_ENT,FI,2025,20.19,,
ESTAT:ISOC_E_DII(1.0),27/02/26 11:00:00,A,10-49,C10-S951_X_K,E_DI3_VHI,PC_ENT,FR,2021,0.48,,
ESTAT:ISOC_E_DII(1.0),27/02/26 11:00:00,A,10-49,C10-S951_X_K,E_DI3_VHI,PC_ENT,FR,2023,2.15,b,
ESTAT:ISOC_E_DII(1.0),27/02/26 11:00:00,A,10-49,C10-S951_X_K,E_DI3_VHI,PC_ENT,FR,2025,4.90,,
ESTAT:ISOC_E_DII(1.0),27/02/26 11:00:00,A,10-49,C10-S951_X_K,E_DI3_VHI,PC_ENT,HR,2021,2.83,,
ESTAT:ISOC_E_DII(1.0),27/02/26 11:00:00,A,10-49,C10-S951_X_K,E_DI3_VHI,PC_ENT,HR,2023,3.74,,
ESTAT:ISOC_E_DII(1.0),27/02/26 11:00:00,A,10-49,C10-S951_X_K,E_DI3_VHI,PC_ENT,HR,2025,5.02,,
ESTAT:ISOC_E_DII(1.0),27/02/26 11:00:00,A,10-49,C10-S951_X_K,E_DI3_VHI,PC_ENT,HU,2021,1.05,,
ESTAT:ISOC_E_DII(1.0),27/02/26 11:00:00,A,10-49,C10-S951_X_K,E_DI3_VHI,PC_ENT,HU,2023,3.08,,
ESTAT:ISOC_E_DII(1.0),27/02/26 11:00:00,A,10-49,C10-S951_X_K,E_DI3_VHI,PC_ENT,HU,2025,4.62,,
ESTAT:ISOC_E_DII(1.0),27/02/26 11:00:00,A,10-49,C10-S951_X_K,E_DI3_VHI,PC_ENT,IE,2021,3.17,,
ESTAT:ISOC_E_DII(1.0),27/02/26 11:00:00,A,10-49,C10-S951_X_K,E_DI3_VHI,PC_ENT,IE,2023,4.27,,
ESTAT:ISOC_E_DII(1.0),27/02/26 11:00:00,A,10-49,C10-S951_X_K,E_DI3_VHI,PC_ENT,IE,2025,8.75,,
ESTAT:ISOC_E_DII(1.0),27/02/26 11:00:00,A,10-49,C10-S951_X_K,E_DI3_VHI,PC_ENT,IT,2021,1.63,,
ESTAT:ISOC_E_DII(1.0),27/02/26 11:00:00,A,10-49,C10-S951_X_K,E_DI3_VHI,PC_ENT,IT,2023,2.45,,
ESTAT:ISOC_E_DII(1.0),27/02/26 11:00:00,A,10-49,C10-S951_X_K,E_DI3_VHI,PC_ENT,IT,2025,6.36,,
ESTAT:ISOC_E_DII(1.0),27/02/26 11:00:00,A,10-49,C10-S951_X_K,E_DI3_VHI,PC_ENT,LT,2021,2.67,,
ESTAT:ISOC_E_DII(1.0),27/02/26 11:00:00,A,10-49,C10-S951_X_K,E_DI3_VHI,PC_ENT,LT,2023,2.76,,
ESTAT:ISOC_E_DII(1.0),27/02/26 11:00:00,A,10-49,C10-S951_X_K,E_DI3_VHI,PC_ENT,LT,2025,10.57,,
ESTAT:ISOC_E_DII(1.0),27/02/26 11:00:00,A,10-49,C10-S951_X_K,E_DI3_VHI,PC_ENT,LU,2021,1.00,,
ESTAT:ISOC_E_DII(1.0),27/02/26 11:00:00,A,10-49,C10-S951_X_K,E_DI3_VHI,PC_ENT,LU,2023,2.54,,
ESTAT:ISOC_E_DII(1.0),27/02/26 11:00:00,A,10-49,C10-S951_X_K,E_DI3_VHI,PC_ENT,LU,2025,6.96,,
ESTAT:ISOC_E_DII(1.0),27/02/26 11:00:00,A,10-49,C10-S951_X_K,E_DI3_VHI,PC_ENT,LV,2021,1.46,,
ESTAT:ISOC_E_DII(1.0),27/02/26 11:00:00,A,10-49,C10-S951_X_K,E_DI3_VHI,PC_ENT,LV,2023,3.14,,
ESTAT:ISOC_E_DII(1.0),27/02/26 11:00:00,A,10-49,C10-S951_X_K,E_DI3_VHI,PC_ENT,LV,2025,5.52,,
ESTAT:ISOC_E_DII(1.0),27/02/26 11:00:00,A,10-49,C10-S951_X_K,E_DI3_VHI,PC_ENT,ME,2021,5.38,,
ESTAT:ISOC_E_DII(1.0),27/02/26 11:00:00,A,10-49,C10-S951_X_K,E_DI3_VHI,PC_ENT,ME,2023,3.75,,
ESTAT:ISOC_E_DII(1.0),27/02/26 11:00:00,A,10-49,C10-S951_X_K,E_DI3_VHI,PC_ENT,ME,2025,5.81,,
ESTAT:ISOC_E_DII(1.0),27/02/26 11:00:00,A,10-49,C10-S951_X_K,E_DI3_VHI,PC_ENT,MK,2021,0.28,,
ESTAT:ISOC_E_DII(1.0),27/02/26 11:00:00,A,10-49,C10-S951_X_K,E_DI3_VHI,PC_ENT,MT,2021,7.97,,
ESTAT:ISOC_E_DII(1.0),27/02/26 11:00:00,A,10-49,C10-S951_X_K,E_DI3_VHI,PC_ENT,MT,2023,9.01,,
ESTAT:ISOC_E_DII(1.0),27/02/26 11:00:00,A,10-49,C10-S951_X_K,E_DI3_VHI,PC_ENT,MT,2025,13.54,,
ESTAT:ISOC_E_DII(1.0),27/02/26 11:00:00,A,10-49,C10-S951_X_K,E_DI3_VHI,PC_ENT,NL,2021,1.25,,
ESTAT:ISOC_E_DII(1.0),27/02/26 11:00:00,A,10-49,C10-S951_X_K,E_DI3_VHI,PC_ENT,NL,2023,8.98,,
ESTAT:ISOC_E_DII(1.0),27/02/26 11:00:00,A,10-49,C10-S951_X_K,E_DI3_VHI,PC_ENT,NL,2025,16.80,,
ESTAT:ISOC_E_DII(1.0),27/02/26 11:00:00,A,10-49,C10-S951_X_K,E_DI3_VHI,PC_ENT,NO,2021,5.41,,
ESTAT:ISOC_E_DII(1.0),27/02/26 11:00:00,A,10-49,C10-S951_X_K,E_DI3_VHI,PC_ENT,NO,2023,5.23,,
ESTAT:ISOC_E_DII(1.0),27/02/26 11:00:00,A,10-49,C10-S951_X_K,E_DI3_VHI,PC_ENT,NO,2025,10.96,,
ESTAT:ISOC_E_DII(1.0),27/02/26 11:00:00,A,10-49,C10-S951_X_K,E_DI3_VHI,PC_ENT,PL,2021,1.39,,
ESTAT:ISOC_E_DII(1.0),27/02/26 11:00:00,A,10-49,C10-S951_X_K,E_DI3_VHI,PC_ENT,PL,2023,2.66,,
ESTAT:ISOC_E_DII(1.0),27/02/26 11:00:00,A,10-49,C10-S951_X_K,E_DI3_VHI,PC_ENT,PL,2025,4.14,,
ESTAT:ISOC_E_DII(1.0),27/02/26 11:00:00,A,10-49,C10-S951_X_K,E_DI3_VHI,PC_ENT,PT,2021,1.83,,
ESTAT:ISOC_E_DII(1.0),27/02/26 11:00:00,A,10-49,C10-S951_X_K,E_DI3_VHI,PC_ENT,PT,2023,3.00,,
ESTAT:ISOC_E_DII(1.0),27/02/26 11:00:00,A,10-49,C10-S951_X_K,E_DI3_VHI,PC_ENT,PT,2025,5.34,,
ESTAT:ISOC_E_DII(1.0),27/02/26 11:00:00,A,10-49,C10-S951_X_K,E_DI3_VHI,PC_ENT,RO,2021,0.41,,
ESTAT:ISOC_E_DII(1.0),27/02/26 11:00:00,A,10-49,C10-S951_X_K,E_DI3_VHI,PC_ENT,RO,2023,1.04,,
ESTAT:ISOC_E_DII(1.0),27/02/26 11:00:00,A,10-49,C10-S951_X_K,E_DI3_VHI,PC_ENT,RO,2025,2.00,,
ESTAT:ISOC_E_DII(1.0),27/02/26 11:00:00,A,10-49,C10-S951_X_K,E_DI3_VHI,PC_ENT,RS,2021,0.06,,
ESTAT:ISOC_E_DII(1.0),27/02/26 11:00:00,A,10-49,C10-S951_X_K,E_DI3_VHI,PC_ENT,RS,2023,2.29,,
ESTAT:ISOC_E_DII(1.0),27/02/26 11:00:00,A,10-49,C10-S951_X_K,E_DI3_VHI,PC_ENT,RS,2025,1.67,,
ESTAT:ISOC_E_DII(1.0),27/02/26 11:00:00,A,10-49,C10-S951_X_K,E_DI3_VHI,PC_ENT,SE,2021,6.70,,
ESTAT:ISOC_E_DII(1.0),27/02/26 11:00:00,A,10-49,C10-S951_X_K,E_DI3_VHI,PC_ENT,SE,2023,5.31,b,
ESTAT:ISOC_E_DII(1.0),27/02/26 11:00:00,A,10-49,C10-S951_X_K,E_DI3_VHI,PC_ENT,SE,2025,12.54,,
ESTAT:ISOC_E_DII(1.0),27/02/26 11:00:00,A,10-49,C10-S951_X_K,E_DI3_VHI,PC_ENT,SI,2021,3.23,,
ESTAT:ISOC_E_DII(1.0),27/02/26 11:00:00,A,10-49,C10-S951_X_K,E_DI3_VHI,PC_ENT,SI,2023,2.65,,
ESTAT:ISOC_E_DII(1.0),27/02/26 11:00:00,A,10-49,C10-S951_X_K,E_DI3_VHI,PC_ENT,SI,2025,6.02,,
ESTAT:ISOC_E_DII(1.0),27/02/26 11:00:00,A,10-49,C10-S951_X_K,E_DI3_VHI,PC_ENT,SK,2021,1.96,,
ESTAT:ISOC_E_DII(1.0),27/02/26 11:00:00,A,10-49,C10-S951_X_K,E_DI3_VHI,PC_ENT,SK,2023,2.27,,
ESTAT:ISOC_E_DII(1.0),27/02/26 11:00:00,A,10-49,C10-S951_X_K,E_DI3_VHI,PC_ENT,SK,2025,4.19,,
ESTAT:ISOC_E_DII(1.0),27/02/26 11:00:00,A,10-49,C10-S951_X_K,E_DI3_VHI,PC_ENT,TR,2025,1.51,,
ESTAT:ISOC_E_DII(1.0),27/02/26 11:00:00,A,10-49,C10-S951_X_K,E_DI3_VLO,PC_ENT,AT,2021,38.65,,
ESTAT:ISOC_E_DII(1.0),27/02/26 11:00:00,A,10-49,C10-S951_X_K,E_DI3_VLO,PC_ENT,AT,2023,45.47,,
ESTAT:ISOC_E_DII(1.0),27/02/26 11:00:00,A,10-49,C10-S951_X_K,E_DI3_VLO,PC_ENT,AT,2025,29.55,,
ESTAT:ISOC_E_DII(1.0),27/02/26 11:00:00,A,10-49,C10-S951_X_K,E_DI3_VLO,PC_ENT,BA,2021,70.66,,
ESTAT:ISOC_E_DII(1.0),27/02/26 11:00:00,A,10-49,C10-S951_X_K,E_DI3_VLO,PC_ENT,BA,2023,60.37,,
ESTAT:ISOC_E_DII(1.0),27/02/26 11:00:00,A,10-49,C10-S951_X_K,E_DI3_VLO,PC_ENT,BA,2025,39.46,,
ESTAT:ISOC_E_DII(1.0),27/02/26 11:00:00,A,10-49,C10-S951_X_K,E_DI3_VLO,PC_ENT,BE,2021,37.10,,
ESTAT:ISOC_E_DII(1.0),27/02/26 11:00:00,A,10-49,C10-S951_X_K,E_DI3_VLO,PC_ENT,BE,2023,28.37,,
ESTAT:ISOC_E_DII(1.0),27/02/26 11:00:00,A,10-49,C10-S951_X_K,E_DI3_VLO,PC_ENT,BE,2025,17.35,,
ESTAT:ISOC_E_DII(1.0),27/02/26 11:00:00,A,10-49,C10-S951_X_K,E_DI3_VLO,PC_ENT,BG,2021,77.48,,
ESTAT:ISOC_E_DII(1.0),27/02/26 11:00:00,A,10-49,C10-S951_X_K,E_DI3_VLO,PC_ENT,BG,2023,74.49,,
ESTAT:ISOC_E_DII(1.0),27/02/26 11:00:00,A,10-49,C10-S951_X_K,E_DI3_VLO,PC_ENT,BG,2025,64.76,,
ESTAT:ISOC_E_DII(1.0),27/02/26 11:00:00,A,10-49,C10-S951_X_K,E_DI3_VLO,PC_ENT,CY,2021,36.35,,
ESTAT:ISOC_E_DII(1.0),27/02/26 11:00:00,A,10-49,C10-S951_X_K,E_DI3_VLO,PC_ENT,CY,2023,35.53,,
ESTAT:ISOC_E_DII(1.0),27/02/26 11:00:00,A,10-49,C10-S951_X_K,E_DI3_VLO,PC_ENT,CY,2025,28.01,,
ESTAT:ISOC_E_DII(1.0),27/02/26 11:00:00,A,10-49,C10-S951_X_K,E_DI3_VLO,PC_ENT,CZ,2021,50.45,,
ESTAT:ISOC_E_DII(1.0),27/02/26 11:00:00,A,10-49,C10-S951_X_K,E_DI3_VLO,PC_ENT,CZ,2023,54.17,,
ESTAT:ISOC_E_DII(1.0),27/02/26 11:00:00,A,10-49,C10-S951_X_K,E_DI3_VLO,PC_ENT,CZ,2025,33.05,,
ESTAT:ISOC_E_DII(1.0),27/02/26 11:00:00,A,10-49,C10-S951_X_K,E_DI3_VLO,PC_ENT,DE,2021,44.74,,
ESTAT:ISOC_E_DII(1.0),27/02/26 11:00:00,A,10-49,C10-S951_X_K,E_DI3_VLO,PC_ENT,DE,2023,42.26,,
ESTAT:ISOC_E_DII(1.0),27/02/26 11:00:00,A,10-49,C10-S951_X_K,E_DI3_VLO,PC_ENT,DE,2025,29.01,,
ESTAT:ISOC_E_DII(1.0),27/02/26 11:00:00,A,10-49,C10-S951_X_K,E_DI3_VLO,PC_ENT,DK,2021,23.16,,
ESTAT:ISOC_E_DII(1.0),27/02/26 11:00:00,A,10-49,C10-S951_X_K,E_DI3_VLO,PC_ENT,DK,2023,27.45,,
ESTAT:ISOC_E_DII(1.0),27/02/26 11:00:00,A,10-49,C10-S951_X_K,E_DI3_VLO,PC_ENT,DK,2025,8.52,,
ESTAT:ISOC_E_DII(1.0),27/02/26 11:00:00,A,10-49,C10-S951_X_K,E_DI3_VLO,PC_ENT,EA,2021,45.61,,
ESTAT:ISOC_E_DII(1.0),27/02/26 11:00:00,A,10-49,C10-S951_X_K,E_DI3_VLO,PC_ENT,EA,2023,43.13,,
ESTAT:ISOC_E_DII(1.0),27/02/26 11:00:00,A,10-49,C10-S951_X_K,E_DI3_VLO,PC_ENT,EA,2025,28.53,,
ESTAT:ISOC_E_DII(1.0),27/02/26 11:00:00,A,10-49,C10-S951_X_K,E_DI3_VLO,PC_ENT,EE,2021,49.03,,
ESTAT:ISOC_E_DII(1.0),27/02/26 11:00:00,A,10-49,C10-S951_X_K,E_DI3_VLO,PC_ENT,EE,2023,47.71,,
ESTAT:ISOC_E_DII(1.0),27/02/26 11:00:00,A,10-49,C10-S951_X_K,E_DI3_VLO,PC_ENT,EE,2025,31.26,d,
ESTAT:ISOC_E_DII(1.0),27/02/26 11:00:00,A,10-49,C10-S951_X_K,E_DI3_VLO,PC_ENT,EL,2021,64.83,,
ESTAT:ISOC_E_DII(1.0),27/02/26 11:00:00,A,10-49,C10-S951_X_K,E_DI3_VLO,PC_ENT,EL,2023,59.20,,
ESTAT:ISOC_E_DII(1.0),27/02/26 11:00:00,A,10-49,C10-S951_X_K,E_DI3_VLO,PC_ENT,EL,2025,46.72,,
ESTAT:ISOC_E_DII(1.0),27/02/26 11:00:00,A,10-49,C10-S951_X_K,E_DI3_VLO,PC_ENT,ES,2021,42.88,,
ESTAT:ISOC_E_DII(1.0),27/02/26 11:00:00,A,10-49,C10-S951_X_K,E_DI3_VLO,PC_ENT,ES,2023,42.56,,
ESTAT:ISOC_E_DII(1.0),27/02/26 11:00:00,A,10-49,C10-S951_X_K,E_DI3_VLO,PC_ENT,ES,2025,27.11,,
ESTAT:ISOC_E_DII(1.0),27/02/26 11:00:00,A,10-49,C10-S951_X_K,E_DI3_VLO,PC_ENT,EU27_2020,2021,48.21,,
ESTAT:ISOC_E_DII(1.0),27/02/26 11:00:00,A,10-49,C10-S951_X_K,E_DI3_VLO,PC_ENT,EU27_2020,2023,45.22,,
ESTAT:ISOC_E_DII(1.0),27/02/26 11:00:00,A,10-49,C10-S951_X_K,E_DI3_VLO,PC_ENT,EU27_2020,2025,31.15,,
ESTAT:ISOC_E_DII(1.0),27/02/26 11:00:00,A,10-49,C10-S951_X_K,E_DI3_VLO,PC_ENT,FI,2021,20.61,,
ESTAT:ISOC_E_DII(1.0),27/02/26 11:00:00,A,10-49,C10-S951_X_K,E_DI3_VLO,PC_ENT,FI,2023,16.52,,
ESTAT:ISOC_E_DII(1.0),27/02/26 11:00:00,A,10-49,C10-S951_X_K,E_DI3_VLO,PC_ENT,FI,2025,6.92,,
ESTAT:ISOC_E_DII(1.0),27/02/26 11:00:00,A,10-49,C10-S951_X_K,E_DI3_VLO,PC_ENT,FR,2021,56.57,,
ESTAT:ISOC_E_DII(1.0),27/02/26 11:00:00,A,10-49,C10-S951_X_K,E_DI3_VLO,PC_ENT,FR,2023,51.48,b,
ESTAT:ISOC_E_DII(1.0),27/02/26 11:00:00,A,10-49,C10-S951_X_K,E_DI3_VLO,PC_ENT,FR,2025,33.63,,
ESTAT:ISOC_E_DII(1.0),27/02/26 11:00:00,A,10-49,C10-S951_X_K,E_DI3_VLO,PC_ENT,HR,2021,52.95,,
ESTAT:ISOC_E_DII(1.0),27/02/26 11:00:00,A,10-49,C10-S951_X_K,E_DI3_VLO,PC_ENT,HR,2023,46.59,,
ESTAT:ISOC_E_DII(1.0),27/02/26 11:00:00,A,10-49,C10-S951_X_K,E_DI3_VLO,PC_ENT,HR,2025,47.07,,
ESTAT:ISOC_E_DII(1.0),27/02/26 11:00:00,A,10-49,C10-S951_X_K,E_DI3_VLO,PC_ENT,HU,2021,68.48,,
ESTAT:ISOC_E_DII(1.0),27/02/26 11:00:00,A,10-49,C10-S951_X_K,E_DI3_VLO,PC_ENT,HU,2023,49.73,,
ESTAT:ISOC_E_DII(1.0),27/02/26 11:00:00,A,10-49,C10-S951_X_K,E_DI3_VLO,PC_ENT,HU,2025,43.22,,
ESTAT:ISOC_E_DII(1.0),27/02/26 11:00:00,A,10-49,C10-S951_X_K,E_DI3_VLO,PC_ENT,IE,2021,39.25,,
ESTAT:ISOC_E_DII(1.0),27/02/26 11:00:00,A,10-49,C10-S951_X_K,E_DI3_VLO,PC_ENT,IE,2023,37.47,,
ESTAT:ISOC_E_DII(1.0),27/02/26 11:00:00,A,10-49,C10-S951_X_K,E_DI3_VLO,PC_ENT,IE,2025,22.73,,
ESTAT:ISOC_E_DII(1.0),27/02/26 11:00:00,A,10-49,C10-S951_X_K,E_DI3_VLO,PC_ENT,IT,2021,41.62,,
ESTAT:ISOC_E_DII(1.0),27/02/26 11:00:00,A,10-49,C10-S951_X_K,E_DI3_VLO,PC_ENT,IT,2023,41.30,,
ESTAT:ISOC_E_DII(1.0),27/02/26 11:00:00,A,10-49,C10-S951_X_K,E_DI3_VLO,PC_ENT,IT,2025,22.00,,
ESTAT:ISOC_E_DII(1.0),27/02/26 11:00:00,A,10-49,C10-S951_X_K,E_DI3_VLO,PC_ENT,LT,2021,46.97,,
ESTAT:ISOC_E_DII(1.0),27/02/26 11:00:00,A,10-49,C10-S951_X_K,E_DI3_VLO,PC_ENT,LT,2023,43.87,,
ESTAT:ISOC_E_DII(1.0),27/02/26 11:00:00,A,10-49,C10-S951_X_K,E_DI3_VLO,PC_ENT,LT,2025,29.94,,
ESTAT:ISOC_E_DII(1.0),27/02/26 11:00:00,A,10-49,C10-S951_X_K,E_DI3_VLO,PC_ENT,LU,2021,50.10,,
ESTAT:ISOC_E_DII(1.0),27/02/26 11:00:00,A,10-49,C10-S951_X_K,E_DI3_VLO,PC_ENT,LU,2023,45.62,,
ESTAT:ISOC_E_DII(1.0),27/02/26 11:00:00,A,10-49,C10-S951_X_K,E_DI3_VLO,PC_ENT,LU,2025,25.78,,
ESTAT:ISOC_E_DII(1.0),27/02/26 11:00:00,A,10-49,C10-S951_X_K,E_DI3_VLO,PC_ENT,LV,2021,65.69,,
ESTAT:ISOC_E_DII(1.0),27/02/26 11:00:00,A,10-49,C10-S951_X_K,E_DI3_VLO,PC_ENT,LV,2023,55.13,,
ESTAT:ISOC_E_DII(1.0),27/02/26 11:00:00,A,10-49,C10-S951_X_K,E_DI3_VLO,PC_ENT,LV,2025,45.05,,
ESTAT:ISOC_E_DII(1.0),27/02/26 11:00:00,A,10-49,C10-S951_X_K,E_DI3_VLO,PC_ENT,ME,2021,54.18,,
ESTAT:ISOC_E_DII(1.0),27/02/26 11:00:00,A,10-49,C10-S951_X_K,E_DI3_VLO,PC_ENT,ME,2023,37.78,,
ESTAT:ISOC_E_DII(1.0),27/02/26 11:00:00,A,10-49,C10-S951_X_K,E_DI3_VLO,PC_ENT,ME,2025,19.18,,
ESTAT:ISOC_E_DII(1.0),27/02/26 11:00:00,A,10-49,C10-S951_X_K,E_DI3_VLO,PC_ENT,MK,2021,73.52,,
ESTAT:ISOC_E_DII(1.0),27/02/26 11:00:00,A,10-49,C10-S951_X_K,E_DI3_VLO,PC_ENT,MT,2021,30.41,,
ESTAT:ISOC_E_DII(1.0),27/02/26 11:00:00,A,10-49,C10-S951_X_K,E_DI3_VLO,PC_ENT,MT,2023,26.65,,
ESTAT:ISOC_E_DII(1.0),27/02/26 11:00:00,A,10-49,C10-S951_X_K,E_DI3_VLO,PC_ENT,MT,2025,18.76,,
ESTAT:ISOC_E_DII(1.0),27/02/26 11:00:00,A,10-49,C10-S951_X_K,E_DI3_VLO,PC_ENT,NL,2021,27.33,,
ESTAT:ISOC_E_DII(1.0),27/02/26 11:00:00,A,10-49,C10-S951_X_K,E_DI3_VLO,PC_ENT,NL,2023,19.20,,
ESTAT:ISOC_E_DII(1.0),27/02/26 11:00:00,A,10-49,C10-S951_X_K,E_DI3_VLO,PC_ENT,NL,2025,12.72,,
ESTAT:ISOC_E_DII(1.0),27/02/26 11:00:00,A,10-49,C10-S951_X_K,E_DI3_VLO,PC_ENT,NO,2021,24.55,,
ESTAT:ISOC_E_DII(1.0),27/02/26 11:00:00,A,10-49,C10-S951_X_K,E_DI3_VLO,PC_ENT,NO,2023,21.38,,
ESTAT:ISOC_E_DII(1.0),27/02/26 11:00:00,A,10-49,C10-S951_X_K,E_DI3_VLO,PC_ENT,NO,2025,18.44,,
ESTAT:ISOC_E_DII(1.0),27/02/26 11:00:00,A,10-49,C10-S951_X_K,E_DI3_VLO,PC_ENT,PL,2021,64.15,,
ESTAT:ISOC_E_DII(1.0),27/02/26 11:00:00,A,10-49,C10-S951_X_K,E_DI3_VLO,PC_ENT,PL,2023,53.95,,
ESTAT:ISOC_E_DII(1.0),27/02/26 11:00:00,A,10-49,C10-S951_X_K,E_DI3_VLO,PC_ENT,PL,2025,44.94,,
ESTAT:ISOC_E_DII(1.0),27/02/26 11:00:00,A,10-49,C10-S951_X_K,E_DI3_VLO,PC_ENT,PT,2021,55.37,,
ESTAT:ISOC_E_DII(1.0),27/02/26 11:00:00,A,10-49,C10-S951_X_K,E_DI3_VLO,PC_ENT,PT,2023,50.18,,
ESTAT:ISOC_E_DII(1.0),27/02/26 11:00:00,A,10-49,C10-S951_X_K,E_DI3_VLO,PC_ENT,PT,2025,39.23,,
ESTAT:ISOC_E_DII(1.0),27/02/26 11:00:00,A,10-49,C10-S951_X_K,E_DI3_VLO,PC_ENT,RO,2021,79.48,,
ESTAT:ISOC_E_DII(1.0),27/02/26 11:00:00,A,10-49,C10-S951_X_K,E_DI3_VLO,PC_ENT,RO,2023,75.11,,
ESTAT:ISOC_E_DII(1.0),27/02/26 11:00:00,A,10-49,C10-S951_X_K,E_DI3_VLO,PC_ENT,RO,2025,58.09,,
ESTAT:ISOC_E_DII(1.0),27/02/26 11:00:00,A,10-49,C10-S951_X_K,E_DI3_VLO,PC_ENT,RS,2021,60.37,,
ESTAT:ISOC_E_DII(1.0),27/02/26 11:00:00,A,10-49,C10-S951_X_K,E_DI3_VLO,PC_ENT,RS,2023,52.90,,
ESTAT:ISOC_E_DII(1.0),27/02/26 11:00:00,A,10-49,C10-S951_X_K,E_DI3_VLO,PC_ENT,RS,2025,53.35,,
ESTAT:ISOC_E_DII(1.0),27/02/26 11:00:00,A,10-49,C10-S951_X_K,E_DI3_VLO,PC_ENT,SE,2021,15.52,,
ESTAT:ISOC_E_DII(1.0),27/02/26 11:00:00,A,10-49,C10-S951_X_K,E_DI3_VLO,PC_ENT,SE,2023,22.39,b,
ESTAT:ISOC_E_DII(1.0),27/02/26 11:00:00,A,10-49,C10-S951_X_K,E_DI3_VLO,PC_ENT,SE,2025,15.12,,
ESTAT:ISOC_E_DII(1.0),27/02/26 11:00:00,A,10-49,C10-S951_X_K,E_DI3_VLO,PC_ENT,SI,2021,48.51,,
ESTAT:ISOC_E_DII(1.0),27/02/26 11:00:00,A,10-49,C10-S951_X_K,E_DI3_VLO,PC_ENT,SI,2023,54.15,,
ESTAT:ISOC_E_DII(1.0),27/02/26 11:00:00,A,10-49,C10-S951_X_K,E_DI3_VLO,PC_ENT,SI,2025,38.17,,
ESTAT:ISOC_E_DII(1.0),27/02/26 11:00:00,A,10-49,C10-S951_X_K,E_DI3_VLO,PC_ENT,SK,2021,60.26,,
ESTAT:ISOC_E_DII(1.0),27/02/26 11:00:00,A,10-49,C10-S951_X_K,E_DI3_VLO,PC_ENT,SK,2023,61.21,,
ESTAT:ISOC_E_DII(1.0),27/02/26 11:00:00,A,10-49,C10-S951_X_K,E_DI3_VLO,PC_ENT,SK,2025,47.15,,
ESTAT:ISOC_E_DII(1.0),27/02/26 11:00:00,A,10-49,C10-S951_X_K,E_DI3_VLO,PC_ENT,TR,2025,60.03,,
ESTAT:ISOC_E_DII(1.0),27/02/26 11:00:00,A,10-49,C10-S951_X_K,E_DI4_GELO,PC_ENT,AT,2022,63.78,,
ESTAT:ISOC_E_DII(1.0),27/02/26 11:00:00,A,10-49,C10-S951_X_K,E_DI4_GELO,PC_ENT,AT,2024,69.21,,
ESTAT:ISOC_E_DII(1.0),27/02/26 11:00:00,A,10-49,C10-S951_X_K,E_DI4_GELO,PC_ENT,BA,2022,51.18,,
ESTAT:ISOC_E_DII(1.0),27/02/26 11:00:00,A,10-49,C10-S951_X_K,E_DI4_GELO,PC_ENT,BA,2024,46.74,,
ESTAT:ISOC_E_DII(1.0),27/02/26 11:00:00,A,10-49,C10-S951_X_K,E_DI4_GELO,PC_ENT,BE,2022,74.55,,
ESTAT:ISOC_E_DII(1.0),27/02/26 11:00:00,A,10-49,C10-S951_X_K,E_DI4_GELO,PC_ENT,BE,2024,81.61,,
ESTAT:ISOC_E_DII(1.0),27/02/26 11:00:00,A,10-49,C10-S951_X_K,E_DI4_GELO,PC_ENT,BG,2022,43.67,,
ESTAT:ISOC_E_DII(1.0),27/02/26 11:00:00,A,10-49,C10-S951_X_K,E_DI4_GELO,PC_ENT,BG,2024,46.45,,
ESTAT:ISOC_E_DII(1.0),27/02/26 11:00:00,A,10-49,C10-S951_X_K,E_DI4_GELO,PC_ENT,CY,2022,67.22,,
ESTAT:ISOC_E_DII(1.0),27/02/26 11:00:00,A,10-49,C10-S951_X_K,E_DI4_GELO,PC_ENT,CY,2024,71.66,,
ESTAT:ISOC_E_DII(1.0),27/02/26 11:00:00,A,10-49,C10-S951_X_K,E_DI4_GELO,PC_ENT,CZ,2022,63.68,,
ESTAT:ISOC_E_DII(1.0),27/02/26 11:00:00,A,10-49,C10-S951_X_K,E_DI4_GELO,PC_ENT,CZ,2024,67.40,,
ESTAT:ISOC_E_DII(1.0),27/02/26 11:00:00,A,10-49,C10-S951_X_K,E_DI4_GELO,PC_ENT,DE,2022,74.23,,
ESTAT:ISOC_E_DII(1.0),27/02/26 11:00:00,A,10-49,C10-S951_X_K,E_DI4_GELO,PC_ENT,DE,2024,77.12,,
ESTAT:ISOC_E_DII(1.0),27/02/26 11:00:00,A,10-49,C10-S951_X_K,E_DI4_GELO,PC_ENT,DK,2022,86.82,,
ESTAT:ISOC_E_DII(1.0),27/02/26 11:00:00,A,10-49,C10-S951_X_K,E_DI4_GELO,PC_ENT,DK,2024,88.88,,
ESTAT:ISOC_E_DII(1.0),27/02/26 11:00:00,A,10-49,C10-S951_X_K,E_DI4_GELO,PC_ENT,EA,2022,67.53,,
ESTAT:ISOC_E_DII(1.0),27/02/26 11:00:00,A,10-49,C10-S951_X_K,E_DI4_GELO,PC_ENT,EA,2024,70.97,,
ESTAT:ISOC_E_DII(1.0),27/02/26 11:00:00,A,10-49,C10-S951_X_K,E_DI4_GELO,PC_ENT,EE,2022,63.21,,
ESTAT:ISOC_E_DII(1.0),27/02/26 11:00:00,A,10-49,C10-S951_X_K,E_DI4_GELO,PC_ENT,EE,2024,67.59,,
ESTAT:ISOC_E_DII(1.0),27/02/26 11:00:00,A,10-49,C10-S951_X_K,E_DI4_GELO,PC_ENT,EL,2022,37.44,,
ESTAT:ISOC_E_DII(1.0),27/02/26 11:00:00,A,10-49,C10-S951_X_K,E_DI4_GELO,PC_ENT,EL,2024,49.98,,
ESTAT:ISOC_E_DII(1.0),27/02/26 11:00:00,A,10-49,C10-S951_X_K,E_DI4_GELO,PC_ENT,ES,2022,64.51,,
ESTAT:ISOC_E_DII(1.0),27/02/26 11:00:00,A,10-49,C10-S951_X_K,E_DI4_GELO,PC_ENT,ES,2024,71.79,,
ESTAT:ISOC_E_DII(1.0),27/02/26 11:00:00,A,10-49,C10-S951_X_K,E_DI4_GELO,PC_ENT,EU27_2020,2022,65.79,,
ESTAT:ISOC_E_DII(1.0),27/02/26 11:00:00,A,10-49,C10-S951_X_K,E_DI4_GELO,PC_ENT,EU27_2020,2024,70.07,,
ESTAT:ISOC_E_DII(1.0),27/02/26 11:00:00,A,10-49,C10-S951_X_K,E_DI4_GELO,PC_ENT,FI,2022,87.86,,
ESTAT:ISOC_E_DII(1.0),27/02/26 11:00:00,A,10-49,C10-S951_X_K,E_DI4_GELO,PC_ENT,FI,2024,91.34,,
ESTAT:ISOC_E_DII(1.0),27/02/26 11:00:00,A,10-49,C10-S951_X_K,E_DI4_GELO,PC_ENT,FR,2022,60.32,b,
ESTAT:ISOC_E_DII(1.0),27/02/26 11:00:00,A,10-49,C10-S951_X_K,E_DI4_GELO,PC_ENT,FR,2024,65.70,,
ESTAT:ISOC_E_DII(1.0),27/02/26 11:00:00,A,10-49,C10-S951_X_K,E_DI4_GELO,PC_ENT,HR,2022,53.89,,
ESTAT:ISOC_E_DII(1.0),27/02/26 11:00:00,A,10-49,C10-S951_X_K,E_DI4_GELO,PC_ENT,HR,2024,60.29,,
ESTAT:ISOC_E_DII(1.0),27/02/26 11:00:00,A,10-49,C10-S951_X_K,E_DI4_GELO,PC_ENT,HU,2022,47.56,,
ESTAT:ISOC_E_DII(1.0),27/02/26 11:00:00,A,10-49,C10-S951_X_K,E_DI4_GELO,PC_ENT,HU,2024,53.85,,
ESTAT:ISOC_E_DII(1.0),27/02/26 11:00:00,A,10-49,C10-S951_X_K,E_DI4_GELO,PC_ENT,IE,2022,70.68,,
ESTAT:ISOC_E_DII(1.0),27/02/26 11:00:00,A,10-49,C10-S951_X_K,E_DI4_GELO,PC_ENT,IE,2024,69.86,,
ESTAT:ISOC_E_DII(1.0),27/02/26 11:00:00,A,10-49,C10-S951_X_K,E_DI4_GELO,PC_ENT,IT,2022,67.50,,
ESTAT:ISOC_E_DII(1.0),27/02/26 11:00:00,A,10-49,C10-S951_X_K,E_DI4_GELO,PC_ENT,IT,2024,67.76,,
ESTAT:ISOC_E_DII(1.0),27/02/26 11:00:00,A,10-49,C10-S951_X_K,E_DI4_GELO,PC_ENT,LT,2022,59.19,,
ESTAT:ISOC_E_DII(1.0),27/02/26 11:00:00,A,10-49,C10-S951_X_K,E_DI4_GELO,PC_ENT,LT,2024,61.78,,
ESTAT:ISOC_E_DII(1.0),27/02/26 11:00:00,A,10-49,C10-S951_X_K,E_DI4_GELO,PC_ENT,LU,2022,62.60,,
ESTAT:ISOC_E_DII(1.0),27/02/26 11:00:00,A,10-49,C10-S951_X_K,E_DI4_GELO,PC_ENT,LU,2024,66.83,,
ESTAT:ISOC_E_DII(1.0),27/02/26 11:00:00,A,10-49,C10-S951_X_K,E_DI4_GELO,PC_ENT,LV,2022,48.42,,
ESTAT:ISOC_E_DII(1.0),27/02/26 11:00:00,A,10-49,C10-S951_X_K,E_DI4_GELO,PC_ENT,LV,2024,55.13,,
ESTAT:ISOC_E_DII(1.0),27/02/26 11:00:00,A,10-49,C10-S951_X_K,E_DI4_GELO,PC_ENT,ME,2022,52.50,,
ESTAT:ISOC_E_DII(1.0),27/02/26 11:00:00,A,10-49,C10-S951_X_K,E_DI4_GELO,PC_ENT,ME,2024,61.84,,
ESTAT:ISOC_E_DII(1.0),27/02/26 11:00:00,A,10-49,C10-S951_X_K,E_DI4_GELO,PC_ENT,MK,2022,,u,
ESTAT:ISOC_E_DII(1.0),27/02/26 11:00:00,A,10-49,C10-S951_X_K,E_DI4_GELO,PC_ENT,MT,2022,74.46,,
ESTAT:ISOC_E_DII(1.0),27/02/26 11:00:00,A,10-49,C10-S951_X_K,E_DI4_GELO,PC_ENT,MT,2024,78.68,,
ESTAT:ISOC_E_DII(1.0),27/02/26 11:00:00,A,10-49,C10-S951_X_K,E_DI4_GELO,PC_ENT,NL,2022,77.12,,
ESTAT:ISOC_E_DII(1.0),27/02/26 11:00:00,A,10-49,C10-S951_X_K,E_DI4_GELO,PC_ENT,NL,2024,78.04,,
ESTAT:ISOC_E_DII(1.0),27/02/26 11:00:00,A,10-49,C10-S951_X_K,E_DI4_GELO,PC_ENT,NO,2022,83.56,,
ESTAT:ISOC_E_DII(1.0),27/02/26 11:00:00,A,10-49,C10-S951_X_K,E_DI4_GELO,PC_ENT,NO,2024,80.88,,
ESTAT:ISOC_E_DII(1.0),27/02/26 11:00:00,A,10-49,C10-S951_X_K,E_DI4_GELO,PC_ENT,PL,2022,56.68,,
ESTAT:ISOC_E_DII(1.0),27/02/26 11:00:00,A,10-49,C10-S951_X_K,E_DI4_GELO,PC_ENT,PL,2024,65.29,,
ESTAT:ISOC_E_DII(1.0),27/02/26 11:00:00,A,10-49,C10-S951_X_K,E_DI4_GELO,PC_ENT,PT,2022,67.77,,
ESTAT:ISOC_E_DII(1.0),27/02/26 11:00:00,A,10-49,C10-S951_X_K,E_DI4_GELO,PC_ENT,PT,2024,71.65,,
ESTAT:ISOC_E_DII(1.0),27/02/26 11:00:00,A,10-49,C10-S951_X_K,E_DI4_GELO,PC_ENT,RO,2022,50.09,,
ESTAT:ISOC_E_DII(1.0),27/02/26 11:00:00,A,10-49,C10-S951_X_K,E_DI4_GELO,PC_ENT,RO,2024,67.55,,
ESTAT:ISOC_E_DII(1.0),27/02/26 11:00:00,A,10-49,C10-S951_X_K,E_DI4_GELO,PC_ENT,RS,2022,76.39,,
ESTAT:ISOC_E_DII(1.0),27/02/26 11:00:00,A,10-49,C10-S951_X_K,E_DI4_GELO,PC_ENT,RS,2024,83.94,,
ESTAT:ISOC_E_DII(1.0),27/02/26 11:00:00,A,10-49,C10-S951_X_K,E_DI4_GELO,PC_ENT,SE,2022,85.01,,
ESTAT:ISOC_E_DII(1.0),27/02/26 11:00:00,A,10-49,C10-S951_X_K,E_DI4_GELO,PC_ENT,SE,2024,84.61,b,
ESTAT:ISOC_E_DII(1.0),27/02/26 11:00:00,A,10-49,C10-S951_X_K,E_DI4_GELO,PC_ENT,SI,2022,63.26,,
ESTAT:ISOC_E_DII(1.0),27/02/26 11:00:00,A,10-49,C10-S951_X_K,E_DI4_GELO,PC_ENT,SI,2024,64.32,,
ESTAT:ISOC_E_DII(1.0),27/02/26 11:00:00,A,10-49,C10-S951_X_K,E_DI4_GELO,PC_ENT,SK,2022,56.12,,
ESTAT:ISOC_E_DII(1.0),27/02/26 11:00:00,A,10-49,C10-S951_X_K,E_DI4_GELO,PC_ENT,SK,2024,58.33,,
ESTAT:ISOC_E_DII(1.0),27/02/26 11:00:00,A,10-49,C10-S951_X_K,E_DI4_HI,PC_ENT,AT,2022,24.78,,
ESTAT:ISOC_E_DII(1.0),27/02/26 11:00:00,A,10-49,C10-S951_X_K,E_DI4_HI,PC_ENT,AT,2024,25.28,,
ESTAT:ISOC_E_DII(1.0),27/02/26 11:00:00,A,10-49,C10-S951_X_K,E_DI4_HI,PC_ENT,BA,2022,15.18,,
ESTAT:ISOC_E_DII(1.0),27/02/26 11:00:00,A,10-49,C10-S951_X_K,E_DI4_HI,PC_ENT,BA,2024,13.44,,
ESTAT:ISOC_E_DII(1.0),27/02/26 11:00:00,A,10-49,C10-S951_X_K,E_DI4_HI,PC_ENT,BE,2022,30.60,,
ESTAT:ISOC_E_DII(1.0),27/02/26 11:00:00,A,10-49,C10-S951_X_K,E_DI4_HI,PC_ENT,BE,2024,32.99,,
ESTAT:ISOC_E_DII(1.0),27/02/26 11:00:00,A,10-49,C10-S951_X_K,E_DI4_HI,PC_ENT,BG,2022,13.79,,
ESTAT:ISOC_E_DII(1.0),27/02/26 11:00:00,A,10-49,C10-S951_X_K,E_DI4_HI,PC_ENT,BG,2024,12.30,,
ESTAT:ISOC_E_DII(1.0),27/02/26 11:00:00,A,10-49,C10-S951_X_K,E_DI4_HI,PC_ENT,CY,2022,26.53,,
ESTAT:ISOC_E_DII(1.0),27/02/26 11:00:00,A,10-49,C10-S951_X_K,E_DI4_HI,PC_ENT,CY,2024,27.92,,
ESTAT:ISOC_E_DII(1.0),27/02/26 11:00:00,A,10-49,C10-S951_X_K,E_DI4_HI,PC_ENT,CZ,2022,21.86,,
ESTAT:ISOC_E_DII(1.0),27/02/26 11:00:00,A,10-49,C10-S951_X_K,E_DI4_HI,PC_ENT,CZ,2024,23.47,,
ESTAT:ISOC_E_DII(1.0),27/02/26 11:00:00,A,10-49,C10-S951_X_K,E_DI4_HI,PC_ENT,DE,2022,29.09,,
ESTAT:ISOC_E_DII(1.0),27/02/26 11:00:00,A,10-49,C10-S951_X_K,E_DI4_HI,PC_ENT,DE,2024,28.63,,
ESTAT:ISOC_E_DII(1.0),27/02/26 11:00:00,A,10-49,C10-S951_X_K,E_DI4_HI,PC_ENT,DK,2022,42.98,,
ESTAT:ISOC_E_DII(1.0),27/02/26 11:00:00,A,10-49,C10-S951_X_K,E_DI4_HI,PC_ENT,DK,2024,40.95,,
ESTAT:ISOC_E_DII(1.0),27/02/26 11:00:00,A,10-49,C10-S951_X_K,E_DI4_HI,PC_ENT,EA,2022,24.03,,
ESTAT:ISOC_E_DII(1.0),27/02/26 11:00:00,A,10-49,C10-S951_X_K,E_DI4_HI,PC_ENT,EA,2024,23.88,,
ESTAT:ISOC_E_DII(1.0),27/02/26 11:00:00,A,10-49,C10-S951_X_K,E_DI4_HI,PC_ENT,EE,2022,23.27,,
ESTAT:ISOC_E_DII(1.0),27/02/26 11:00:00,A,10-49,C10-S951_X_K,E_DI4_HI,PC_ENT,EE,2024,25.54,,
ESTAT:ISOC_E_DII(1.0),27/02/26 11:00:00,A,10-49,C10-S951_X_K,E_DI4_HI,PC_ENT,EL,2022,13.08,,
ESTAT:ISOC_E_DII(1.0),27/02/26 11:00:00,A,10-49,C10-S951_X_K,E_DI4_HI,PC_ENT,EL,2024,14.81,,
ESTAT:ISOC_E_DII(1.0),27/02/26 11:00:00,A,10-49,C10-S951_X_K,E_DI4_HI,PC_ENT,ES,2022,20.89,,
ESTAT:ISOC_E_DII(1.0),27/02/26 11:00:00,A,10-49,C10-S951_X_K,E_DI4_HI,PC_ENT,ES,2024,23.48,,
ESTAT:ISOC_E_DII(1.0),27/02/26 11:00:00,A,10-49,C10-S951_X_K,E_DI4_HI,PC_ENT,EU27_2020,2022,23.91,,
ESTAT:ISOC_E_DII(1.0),27/02/26 11:00:00,A,10-49,C10-S951_X_K,E_DI4_HI,PC_ENT,EU27_2020,2024,23.82,,
ESTAT:ISOC_E_DII(1.0),27/02/26 11:00:00,A,10-49,C10-S951_X_K,E_DI4_HI,PC_ENT,FI,2022,44.53,,
ESTAT:ISOC_E_DII(1.0),27/02/26 11:00:00,A,10-49,C10-S951_X_K,E_DI4_HI,PC_ENT,FI,2024,42.59,,
ESTAT:ISOC_E_DII(1.0),27/02/26 11:00:00,A,10-49,C10-S951_X_K,E_DI4_HI,PC_ENT,FR,2022,15.18,b,
ESTAT:ISOC_E_DII(1.0),27/02/26 11:00:00,A,10-49,C10-S951_X_K,E_DI4_HI,PC_ENT,FR,2024,16.09,,
ESTAT:ISOC_E_DII(1.0),27/02/26 11:00:00,A,10-49,C10-S951_X_K,E_DI4_HI,PC_ENT,HR,2022,20.45,,
ESTAT:ISOC_E_DII(1.0),27/02/26 11:00:00,A,10-49,C10-S951_X_K,E_DI4_HI,PC_ENT,HR,2024,18.54,,
ESTAT:ISOC_E_DII(1.0),27/02/26 11:00:00,A,10-49,C10-S951_X_K,E_DI4_HI,PC_ENT,HU,2022,17.87,,
ESTAT:ISOC_E_DII(1.0),27/02/26 11:00:00,A,10-49,C10-S951_X_K,E_DI4_HI,PC_ENT,HU,2024,15.97,,
ESTAT:ISOC_E_DII(1.0),27/02/26 11:00:00,A,10-49,C10-S951_X_K,E_DI4_HI,PC_ENT,IE,2022,25.03,,
ESTAT:ISOC_E_DII(1.0),27/02/26 11:00:00,A,10-49,C10-S951_X_K,E_DI4_HI,PC_ENT,IE,2024,26.35,,
ESTAT:ISOC_E_DII(1.0),27/02/26 11:00:00,A,10-49,C10-S951_X_K,E_DI4_HI,PC_ENT,IT,2022,21.75,,
ESTAT:ISOC_E_DII(1.0),27/02/26 11:00:00,A,10-49,C10-S951_X_K,E_DI4_HI,PC_ENT,IT,2024,20.19,,
ESTAT:ISOC_E_DII(1.0),27/02/26 11:00:00,A,10-49,C10-S951_X_K,E_DI4_HI,PC_ENT,LT,2022,22.41,,
ESTAT:ISOC_E_DII(1.0),27/02/26 11:00:00,A,10-49,C10-S951_X_K,E_DI4_HI,PC_ENT,LT,2024,19.33,,
ESTAT:ISOC_E_DII(1.0),27/02/26 11:00:00,A,10-49,C10-S951_X_K,E_DI4_HI,PC_ENT,LU,2022,22.76,,
ESTAT:ISOC_E_DII(1.0),27/02/26 11:00:00,A,10-49,C10-S951_X_K,E_DI4_HI,PC_ENT,LU,2024,25.06,,
ESTAT:ISOC_E_DII(1.0),27/02/26 11:00:00,A,10-49,C10-S951_X_K,E_DI4_HI,PC_ENT,LV,2022,14.94,,
ESTAT:ISOC_E_DII(1.0),27/02/26 11:00:00,A,10-49,C10-S951_X_K,E_DI4_HI,PC_ENT,LV,2024,18.76,,
ESTAT:ISOC_E_DII(1.0),27/02/26 11:00:00,A,10-49,C10-S951_X_K,E_DI4_HI,PC_ENT,ME,2022,19.68,,
ESTAT:ISOC_E_DII(1.0),27/02/26 11:00:00,A,10-49,C10-S951_X_K,E_DI4_HI,PC_ENT,ME,2024,20.59,,
ESTAT:ISOC_E_DII(1.0),27/02/26 11:00:00,A,10-49,C10-S951_X_K,E_DI4_HI,PC_ENT,MK,2022,8.59,,
ESTAT:ISOC_E_DII(1.0),27/02/26 11:00:00,A,10-49,C10-S951_X_K,E_DI4_HI,PC_ENT,MT,2022,34.21,,
ESTAT:ISOC_E_DII(1.0),27/02/26 11:00:00,A,10-49,C10-S951_X_K,E_DI4_HI,PC_ENT,MT,2024,32.09,,
ESTAT:ISOC_E_DII(1.0),27/02/26 11:00:00,A,10-49,C10-S951_X_K,E_DI4_HI,PC_ENT,NL,2022,31.45,,
ESTAT:ISOC_E_DII(1.0),27/02/26 11:00:00,A,10-49,C10-S951_X_K,E_DI4_HI,PC_ENT,NL,2024,30.76,,
ESTAT:ISOC_E_DII(1.0),27/02/26 11:00:00,A,10-49,C10-S951_X_K,E_DI4_HI,PC_ENT,NO,2022,35.04,,
ESTAT:ISOC_E_DII(1.0),27/02/26 11:00:00,A,10-49,C10-S951_X_K,E_DI4_HI,PC_ENT,NO,2024,31.42,,
ESTAT:ISOC_E_DII(1.0),27/02/26 11:00:00,A,10-49,C10-S951_X_K,E_DI4_HI,PC_ENT,PL,2022,19.96,,
ESTAT:ISOC_E_DII(1.0),27/02/26 11:00:00,A,10-49,C10-S951_X_K,E_DI4_HI,PC_ENT,PL,2024,23.06,,
ESTAT:ISOC_E_DII(1.0),27/02/26 11:00:00,A,10-49,C10-S951_X_K,E_DI4_HI,PC_ENT,PT,2022,27.74,,
ESTAT:ISOC_E_DII(1.0),27/02/26 11:00:00,A,10-49,C10-S951_X_K,E_DI4_HI,PC_ENT,PT,2024,27.92,,
ESTAT:ISOC_E_DII(1.0),27/02/26 11:00:00,A,10-49,C10-S951_X_K,E_DI4_HI,PC_ENT,RO,2022,15.86,,
ESTAT:ISOC_E_DII(1.0),27/02/26 11:00:00,A,10-49,C10-S951_X_K,E_DI4_HI,PC_ENT,RO,2024,18.11,,
ESTAT:ISOC_E_DII(1.0),27/02/26 11:00:00,A,10-49,C10-S951_X_K,E_DI4_HI,PC_ENT,RS,2022,30.82,,
ESTAT:ISOC_E_DII(1.0),27/02/26 11:00:00,A,10-49,C10-S951_X_K,E_DI4_HI,PC_ENT,RS,2024,29.27,,
ESTAT:ISOC_E_DII(1.0),27/02/26 11:00:00,A,10-49,C10-S951_X_K,E_DI4_HI,PC_ENT,SE,2022,47.00,,
ESTAT:ISOC_E_DII(1.0),27/02/26 11:00:00,A,10-49,C10-S951_X_K,E_DI4_HI,PC_ENT,SE,2024,39.65,b,
ESTAT:ISOC_E_DII(1.0),27/02/26 11:00:00,A,10-49,C10-S951_X_K,E_DI4_HI,PC_ENT,SI,2022,24.26,,
ESTAT:ISOC_E_DII(1.0),27/02/26 11:00:00,A,10-49,C10-S951_X_K,E_DI4_HI,PC_ENT,SI,2024,22.15,,
ESTAT:ISOC_E_DII(1.0),27/02/26 11:00:00,A,10-49,C10-S951_X_K,E_DI4_HI,PC_ENT,SK,2022,17.92,,
ESTAT:ISOC_E_DII(1.0),27/02/26 11:00:00,A,10-49,C10-S951_X_K,E_DI4_HI,PC_ENT,SK,2024,19.07,,
ESTAT:ISOC_E_DII(1.0),27/02/26 11:00:00,A,10-49,C10-S951_X_K,E_DI4_LO,PC_ENT,AT,2022,36.85,,
ESTAT:ISOC_E_DII(1.0),27/02/26 11:00:00,A,10-49,C10-S951_X_K,E_DI4_LO,PC_ENT,AT,2024,39.17,,
ESTAT:ISOC_E_DII(1.0),27/02/26 11:00:00,A,10-49,C10-S951_X_K,E_DI4_LO,PC_ENT,BA,2022,34.34,,
ESTAT:ISOC_E_DII(1.0),27/02/26 11:00:00,A,10-49,C10-S951_X_K,E_DI4_LO,PC_ENT,BA,2024,30.86,,
ESTAT:ISOC_E_DII(1.0),27/02/26 11:00:00,A,10-49,C10-S951_X_K,E_DI4_LO,PC_ENT,BE,2022,38.28,,
ESTAT:ISOC_E_DII(1.0),27/02/26 11:00:00,A,10-49,C10-S951_X_K,E_DI4_LO,PC_ENT,BE,2024,39.54,,
ESTAT:ISOC_E_DII(1.0),27/02/26 11:00:00,A,10-49,C10-S951_X_K,E_DI4_LO,PC_ENT,BG,2022,28.66,,
ESTAT:ISOC_E_DII(1.0),27/02/26 11:00:00,A,10-49,C10-S951_X_K,E_DI4_LO,PC_ENT,BG,2024,32.25,,
ESTAT:ISOC_E_DII(1.0),27/02/26 11:00:00,A,10-49,C10-S951_X_K,E_DI4_LO,PC_ENT,CY,2022,38.18,,
ESTAT:ISOC_E_DII(1.0),27/02/26 11:00:00,A,10-49,C10-S951_X_K,E_DI4_LO,PC_ENT,CY,2024,38.22,,
ESTAT:ISOC_E_DII(1.0),27/02/26 11:00:00,A,10-49,C10-S951_X_K,E_DI4_LO,PC_ENT,CZ,2022,40.05,,
ESTAT:ISOC_E_DII(1.0),27/02/26 11:00:00,A,10-49,C10-S951_X_K,E_DI4_LO,PC_ENT,CZ,2024,39.64,,
ESTAT:ISOC_E_DII(1.0),27/02/26 11:00:00,A,10-49,C10-S951_X_K,E_DI4_LO,PC_ENT,DE,2022,42.57,,
ESTAT:ISOC_E_DII(1.0),27/02/26 11:00:00,A,10-49,C10-S951_X_K,E_DI4_LO,PC_ENT,DE,2024,42.28,,
ESTAT:ISOC_E_DII(1.0),27/02/26 11:00:00,A,10-49,C10-S951_X_K,E_DI4_LO,PC_ENT,DK,2022,35.24,,
ESTAT:ISOC_E_DII(1.0),27/02/26 11:00:00,A,10-49,C10-S951_X_K,E_DI4_LO,PC_ENT,DK,2024,35.65,,
ESTAT:ISOC_E_DII(1.0),27/02/26 11:00:00,A,10-49,C10-S951_X_K,E_DI4_LO,PC_ENT,EA,2022,41.29,,
ESTAT:ISOC_E_DII(1.0),27/02/26 11:00:00,A,10-49,C10-S951_X_K,E_DI4_LO,PC_ENT,EA,2024,42.50,,
ESTAT:ISOC_E_DII(1.0),27/02/26 11:00:00,A,10-49,C10-S951_X_K,E_DI4_LO,PC_ENT,EE,2022,37.60,,
ESTAT:ISOC_E_DII(1.0),27/02/26 11:00:00,A,10-49,C10-S951_X_K,E_DI4_LO,PC_ENT,EE,2024,37.01,,
ESTAT:ISOC_E_DII(1.0),27/02/26 11:00:00,A,10-49,C10-S951_X_K,E_DI4_LO,PC_ENT,EL,2022,23.26,,
ESTAT:ISOC_E_DII(1.0),27/02/26 11:00:00,A,10-49,C10-S951_X_K,E_DI4_LO,PC_ENT,EL,2024,32.84,,
ESTAT:ISOC_E_DII(1.0),27/02/26 11:00:00,A,10-49,C10-S951_X_K,E_DI4_LO,PC_ENT,ES,2022,41.84,,
ESTAT:ISOC_E_DII(1.0),27/02/26 11:00:00,A,10-49,C10-S951_X_K,E_DI4_LO,PC_ENT,ES,2024,44.26,,
ESTAT:ISOC_E_DII(1.0),27/02/26 11:00:00,A,10-49,C10-S951_X_K,E_DI4_LO,PC_ENT,EU27_2020,2022,39.57,,
ESTAT:ISOC_E_DII(1.0),27/02/26 11:00:00,A,10-49,C10-S951_X_K,E_DI4_LO,PC_ENT,EU27_2020,2024,41.71,,
ESTAT:ISOC_E_DII(1.0),27/02/26 11:00:00,A,10-49,C10-S951_X_K,E_DI4_LO,PC_ENT,FI,2022,36.69,,
ESTAT:ISOC_E_DII(1.0),27/02/26 11:00:00,A,10-49,C10-S951_X_K,E_DI4_LO,PC_ENT,FI,2024,34.42,,
ESTAT:ISOC_E_DII(1.0),27/02/26 11:00:00,A,10-49,C10-S951_X_K,E_DI4_LO,PC_ENT,FR,2022,43.74,b,
ESTAT:ISOC_E_DII(1.0),27/02/26 11:00:00,A,10-49,C10-S951_X_K,E_DI4_LO,PC_ENT,FR,2024,47.55,,
ESTAT:ISOC_E_DII(1.0),27/02/26 11:00:00,A,10-49,C10-S951_X_K,E_DI4_LO,PC_ENT,HR,2022,30.02,,
ESTAT:ISOC_E_DII(1.0),27/02/26 11:00:00,A,10-49,C10-S951_X_K,E_DI4_LO,PC_ENT,HR,2024,35.92,,
ESTAT:ISOC_E_DII(1.0),27/02/26 11:00:00,A,10-49,C10-S951_X_K,E_DI4_LO,PC_ENT,HU,2022,27.90,,
ESTAT:ISOC_E_DII(1.0),27/02/26 11:00:00,A,10-49,C10-S951_X_K,E_DI4_LO,PC_ENT,HU,2024,35.19,,
ESTAT:ISOC_E_DII(1.0),27/02/26 11:00:00,A,10-49,C10-S951_X_K,E_DI4_LO,PC_ENT,IE,2022,44.77,,
ESTAT:ISOC_E_DII(1.0),27/02/26 11:00:00,A,10-49,C10-S951_X_K,E_DI4_LO,PC_ENT,IE,2024,35.54,,
ESTAT:ISOC_E_DII(1.0),27/02/26 11:00:00,A,10-49,C10-S951_X_K,E_DI4_LO,PC_ENT,IT,2022,44.39,,
ESTAT:ISOC_E_DII(1.0),27/02/26 11:00:00,A,10-49,C10-S951_X_K,E_DI4_LO,PC_ENT,IT,2024,45.31,,
ESTAT:ISOC_E_DII(1.0),27/02/26 11:00:00,A,10-49,C10-S951_X_K,E_DI4_LO,PC_ENT,LT,2022,34.59,,
ESTAT:ISOC_E_DII(1.0),27/02/26 11:00:00,A,10-49,C10-S951_X_K,E_DI4_LO,PC_ENT,LT,2024,39.04,,
ESTAT:ISOC_E_DII(1.0),27/02/26 11:00:00,A,10-49,C10-S951_X_K,E_DI4_LO,PC_ENT,LU,2022,38.27,,
ESTAT:ISOC_E_DII(1.0),27/02/26 11:00:00,A,10-49,C10-S951_X_K,E_DI4_LO,PC_ENT,LU,2024,37.22,,
ESTAT:ISOC_E_DII(1.0),27/02/26 11:00:00,A,10-49,C10-S951_X_K,E_DI4_LO,PC_ENT,LV,2022,32.32,,
ESTAT:ISOC_E_DII(1.0),27/02/26 11:00:00,A,10-49,C10-S951_X_K,E_DI4_LO,PC_ENT,LV,2024,33.27,,
ESTAT:ISOC_E_DII(1.0),27/02/26 11:00:00,A,10-49,C10-S951_X_K,E_DI4_LO,PC_ENT,ME,2022,29.79,,
ESTAT:ISOC_E_DII(1.0),27/02/26 11:00:00,A,10-49,C10-S951_X_K,E_DI4_LO,PC_ENT,ME,2024,39.21,,
ESTAT:ISOC_E_DII(1.0),27/02/26 11:00:00,A,10-49,C10-S951_X_K,E_DI4_LO,PC_ENT,MK,2022,29.60,,
ESTAT:ISOC_E_DII(1.0),27/02/26 11:00:00,A,10-49,C10-S951_X_K,E_DI4_LO,PC_ENT,MT,2022,35.02,,
ESTAT:ISOC_E_DII(1.0),27/02/26 11:00:00,A,10-49,C10-S951_X_K,E_DI4_LO,PC_ENT,MT,2024,36.83,,
ESTAT:ISOC_E_DII(1.0),27/02/26 11:00:00,A,10-49,C10-S951_X_K,E_DI4_LO,PC_ENT,NL,2022,41.31,,
ESTAT:ISOC_E_DII(1.0),27/02/26 11:00:00,A,10-49,C10-S951_X_K,E_DI4_LO,PC_ENT,NL,2024,39.32,,
ESTAT:ISOC_E_DII(1.0),27/02/26 11:00:00,A,10-49,C10-S951_X_K,E_DI4_LO,PC_ENT,NO,2022,44.31,,
ESTAT:ISOC_E_DII(1.0),27/02/26 11:00:00,A,10-49,C10-S951_X_K,E_DI4_LO,PC_ENT,NO,2024,40.67,,
ESTAT:ISOC_E_DII(1.0),27/02/26 11:00:00,A,10-49,C10-S951_X_K,E_DI4_LO,PC_ENT,PL,2022,34.57,,
ESTAT:ISOC_E_DII(1.0),27/02/26 11:00:00,A,10-49,C10-S951_X_K,E_DI4_LO,PC_ENT,PL,2024,38.67,,
ESTAT:ISOC_E_DII(1.0),27/02/26 11:00:00,A,10-49,C10-S951_X_K,E_DI4_LO,PC_ENT,PT,2022,37.26,,
ESTAT:ISOC_E_DII(1.0),27/02/26 11:00:00,A,10-49,C10-S951_X_K,E_DI4_LO,PC_ENT,PT,2024,38.21,,
ESTAT:ISOC_E_DII(1.0),27/02/26 11:00:00,A,10-49,C10-S951_X_K,E_DI4_LO,PC_ENT,RO,2022,33.82,,
ESTAT:ISOC_E_DII(1.0),27/02/26 11:00:00,A,10-49,C10-S951_X_K,E_DI4_LO,PC_ENT,RO,2024,47.56,,
ESTAT:ISOC_E_DII(1.0),27/02/26 11:00:00,A,10-49,C10-S951_X_K,E_DI4_LO,PC_ENT,RS,2022,42.92,,
ESTAT:ISOC_E_DII(1.0),27/02/26 11:00:00,A,10-49,C10-S951_X_K,E_DI4_LO,PC_ENT,RS,2024,48.30,,
ESTAT:ISOC_E_DII(1.0),27/02/26 11:00:00,A,10-49,C10-S951_X_K,E_DI4_LO,PC_ENT,SE,2022,31.48,,
ESTAT:ISOC_E_DII(1.0),27/02/26 11:00:00,A,10-49,C10-S951_X_K,E_DI4_LO,PC_ENT,SE,2024,35.58,b,
ESTAT:ISOC_E_DII(1.0),27/02/26 11:00:00,A,10-49,C10-S951_X_K,E_DI4_LO,PC_ENT,SI,2022,36.56,,
ESTAT:ISOC_E_DII(1.0),27/02/26 11:00:00,A,10-49,C10-S951_X_K,E_DI4_LO,PC_ENT,SI,2024,36.52,,
ESTAT:ISOC_E_DII(1.0),27/02/26 11:00:00,A,10-49,C10-S951_X_K,E_DI4_LO,PC_ENT,SK,2022,37.24,,
ESTAT:ISOC_E_DII(1.0),27/02/26 11:00:00,A,10-49,C10-S951_X_K,E_DI4_LO,PC_ENT,SK,2024,36.76,,
ESTAT:ISOC_E_DII(1.0),27/02/26 11:00:00,A,10-49,C10-S951_X_K,E_DI4_VHI,PC_ENT,AT,2022,2.15,,
ESTAT:ISOC_E_DII(1.0),27/02/26 11:00:00,A,10-49,C10-S951_X_K,E_DI4_VHI,PC_ENT,AT,2024,4.76,,
ESTAT:ISOC_E_DII(1.0),27/02/26 11:00:00,A,10-49,C10-S951_X_K,E_DI4_VHI,PC_ENT,BA,2022,1.66,,
ESTAT:ISOC_E_DII(1.0),27/02/26 11:00:00,A,10-49,C10-S951_X_K,E_DI4_VHI,PC_ENT,BA,2024,2.44,,
ESTAT:ISOC_E_DII(1.0),27/02/26 11:00:00,A,10-49,C10-S951_X_K,E_DI4_VHI,PC_ENT,BE,2022,5.67,,
ESTAT:ISOC_E_DII(1.0),27/02/26 11:00:00,A,10-49,C10-S951_X_K,E_DI4_VHI,PC_ENT,BE,2024,9.09,,
ESTAT:ISOC_E_DII(1.0),27/02/26 11:00:00,A,10-49,C10-S951_X_K,E_DI4_VHI,PC_ENT,BG,2022,1.22,,
ESTAT:ISOC_E_DII(1.0),27/02/26 11:00:00,A,10-49,C10-S951_X_K,E_DI4_VHI,PC_ENT,BG,2024,1.90,,
ESTAT:ISOC_E_DII(1.0),27/02/26 11:00:00,A,10-49,C10-S951_X_K,E_DI4_VHI,PC_ENT,CY,2022,2.51,,
ESTAT:ISOC_E_DII(1.0),27/02/26 11:00:00,A,10-49,C10-S951_X_K,E_DI4_VHI,PC_ENT,CY,2024,5.52,,
ESTAT:ISOC_E_DII(1.0),27/02/26 11:00:00,A,10-49,C10-S951_X_K,E_DI4_VHI,PC_ENT,CZ,2022,1.78,,
ESTAT:ISOC_E_DII(1.0),27/02/26 11:00:00,A,10-49,C10-S951_X_K,E_DI4_VHI,PC_ENT,CZ,2024,4.29,,
ESTAT:ISOC_E_DII(1.0),27/02/26 11:00:00,A,10-49,C10-S951_X_K,E_DI4_VHI,PC_ENT,DE,2022,2.57,,
ESTAT:ISOC_E_DII(1.0),27/02/26 11:00:00,A,10-49,C10-S951_X_K,E_DI4_VHI,PC_ENT,DE,2024,6.21,,
ESTAT:ISOC_E_DII(1.0),27/02/26 11:00:00,A,10-49,C10-S951_X_K,E_DI4_VHI,PC_ENT,DK,2022,8.60,,
ESTAT:ISOC_E_DII(1.0),27/02/26 11:00:00,A,10-49,C10-S951_X_K,E_DI4_VHI,PC_ENT,DK,2024,12.28,,
ESTAT:ISOC_E_DII(1.0),27/02/26 11:00:00,A,10-49,C10-S951_X_K,E_DI4_VHI,PC_ENT,EA,2022,2.21,,
ESTAT:ISOC_E_DII(1.0),27/02/26 11:00:00,A,10-49,C10-S951_X_K,E_DI4_VHI,PC_ENT,EA,2024,4.59,,
ESTAT:ISOC_E_DII(1.0),27/02/26 11:00:00,A,10-49,C10-S951_X_K,E_DI4_VHI,PC_ENT,EE,2022,2.35,,
ESTAT:ISOC_E_DII(1.0),27/02/26 11:00:00,A,10-49,C10-S951_X_K,E_DI4_VHI,PC_ENT,EE,2024,5.05,,
ESTAT:ISOC_E_DII(1.0),27/02/26 11:00:00,A,10-49,C10-S951_X_K,E_DI4_VHI,PC_ENT,EL,2022,1.10,,
ESTAT:ISOC_E_DII(1.0),27/02/26 11:00:00,A,10-49,C10-S951_X_K,E_DI4_VHI,PC_ENT,EL,2024,2.33,,
ESTAT:ISOC_E_DII(1.0),27/02/26 11:00:00,A,10-49,C10-S951_X_K,E_DI4_VHI,PC_ENT,ES,2022,1.78,,
ESTAT:ISOC_E_DII(1.0),27/02/26 11:00:00,A,10-49,C10-S951_X_K,E_DI4_VHI,PC_ENT,ES,2024,4.05,,
ESTAT:ISOC_E_DII(1.0),27/02/26 11:00:00,A,10-49,C10-S951_X_K,E_DI4_VHI,PC_ENT,EU27_2020,2022,2.31,,
ESTAT:ISOC_E_DII(1.0),27/02/26 11:00:00,A,10-49,C10-S951_X_K,E_DI4_VHI,PC_ENT,EU27_2020,2024,4.54,,
ESTAT:ISOC_E_DII(1.0),27/02/26 11:00:00,A,10-49,C10-S951_X_K,E_DI4_VHI,PC_ENT,FI,2022,6.64,,
ESTAT:ISOC_E_DII(1.0),27/02/26 11:00:00,A,10-49,C10-S951_X_K,E_DI4_VHI,PC_ENT,FI,2024,14.33,,
ESTAT:ISOC_E_DII(1.0),27/02/26 11:00:00,A,10-49,C10-S951_X_K,E_DI4_VHI,PC_ENT,FR,2022,1.40,b,
ESTAT:ISOC_E_DII(1.0),27/02/26 11:00:00,A,10-49,C10-S951_X_K,E_DI4_VHI,PC_ENT,FR,2024,2.06,,
ESTAT:ISOC_E_DII(1.0),27/02/26 11:00:00,A,10-49,C10-S951_X_K,E_DI4_VHI,PC_ENT,HR,2022,3.42,,
ESTAT:ISOC_E_DII(1.0),27/02/26 11:00:00,A,10-49,C10-S951_X_K,E_DI4_VHI,PC_ENT,HR,2024,5.83,,
ESTAT:ISOC_E_DII(1.0),27/02/26 11:00:00,A,10-49,C10-S951_X_K,E_DI4_VHI,PC_ENT,HU,2022,1.79,,
ESTAT:ISOC_E_DII(1.0),27/02/26 11:00:00,A,10-49,C10-S951_X_K,E_DI4_VHI,PC_ENT,HU,2024,2.69,,
ESTAT:ISOC_E_DII(1.0),27/02/26 11:00:00,A,10-49,C10-S951_X_K,E_DI4_VHI,PC_ENT,IE,2022,0.88,,
ESTAT:ISOC_E_DII(1.0),27/02/26 11:00:00,A,10-49,C10-S951_X_K,E_DI4_VHI,PC_ENT,IE,2024,7.97,,
ESTAT:ISOC_E_DII(1.0),27/02/26 11:00:00,A,10-49,C10-S951_X_K,E_DI4_VHI,PC_ENT,IT,2022,1.36,,
ESTAT:ISOC_E_DII(1.0),27/02/26 11:00:00,A,10-49,C10-S951_X_K,E_DI4_VHI,PC_ENT,IT,2024,2.25,,
ESTAT:ISOC_E_DII(1.0),27/02/26 11:00:00,A,10-49,C10-S951_X_K,E_DI4_VHI,PC_ENT,LT,2022,2.18,,
ESTAT:ISOC_E_DII(1.0),27/02/26 11:00:00,A,10-49,C10-S951_X_K,E_DI4_VHI,PC_ENT,LT,2024,3.41,,
ESTAT:ISOC_E_DII(1.0),27/02/26 11:00:00,A,10-49,C10-S951_X_K,E_DI4_VHI,PC_ENT,LU,2022,1.56,,
ESTAT:ISOC_E_DII(1.0),27/02/26 11:00:00,A,10-49,C10-S951_X_K,E_DI4_VHI,PC_ENT,LU,2024,4.55,,
ESTAT:ISOC_E_DII(1.0),27/02/26 11:00:00,A,10-49,C10-S951_X_K,E_DI4_VHI,PC_ENT,LV,2022,1.16,,
ESTAT:ISOC_E_DII(1.0),27/02/26 11:00:00,A,10-49,C10-S951_X_K,E_DI4_VHI,PC_ENT,LV,2024,3.11,,
ESTAT:ISOC_E_DII(1.0),27/02/26 11:00:00,A,10-49,C10-S951_X_K,E_DI4_VHI,PC_ENT,ME,2022,3.03,,
ESTAT:ISOC_E_DII(1.0),27/02/26 11:00:00,A,10-49,C10-S951_X_K,E_DI4_VHI,PC_ENT,ME,2024,2.04,,
ESTAT:ISOC_E_DII(1.0),27/02/26 11:00:00,A,10-49,C10-S951_X_K,E_DI4_VHI,PC_ENT,MK,2022,,u,
ESTAT:ISOC_E_DII(1.0),27/02/26 11:00:00,A,10-49,C10-S951_X_K,E_DI4_VHI,PC_ENT,MT,2022,5.24,,
ESTAT:ISOC_E_DII(1.0),27/02/26 11:00:00,A,10-49,C10-S951_X_K,E_DI4_VHI,PC_ENT,MT,2024,9.76,,
ESTAT:ISOC_E_DII(1.0),27/02/26 11:00:00,A,10-49,C10-S951_X_K,E_DI4_VHI,PC_ENT,NL,2022,4.35,,
ESTAT:ISOC_E_DII(1.0),27/02/26 11:00:00,A,10-49,C10-S951_X_K,E_DI4_VHI,PC_ENT,NL,2024,7.96,,
ESTAT:ISOC_E_DII(1.0),27/02/26 11:00:00,A,10-49,C10-S951_X_K,E_DI4_VHI,PC_ENT,NO,2022,4.20,,
ESTAT:ISOC_E_DII(1.0),27/02/26 11:00:00,A,10-49,C10-S951_X_K,E_DI4_VHI,PC_ENT,NO,2024,8.79,,
ESTAT:ISOC_E_DII(1.0),27/02/26 11:00:00,A,10-49,C10-S951_X_K,E_DI4_VHI,PC_ENT,PL,2022,2.14,,
ESTAT:ISOC_E_DII(1.0),27/02/26 11:00:00,A,10-49,C10-S951_X_K,E_DI4_VHI,PC_ENT,PL,2024,3.56,,
ESTAT:ISOC_E_DII(1.0),27/02/26 11:00:00,A,10-49,C10-S951_X_K,E_DI4_VHI,PC_ENT,PT,2022,2.77,,
ESTAT:ISOC_E_DII(1.0),27/02/26 11:00:00,A,10-49,C10-S951_X_K,E_DI4_VHI,PC_ENT,PT,2024,5.51,,
ESTAT:ISOC_E_DII(1.0),27/02/26 11:00:00,A,10-49,C10-S951_X_K,E_DI4_VHI,PC_ENT,RO,2022,0.41,,
ESTAT:ISOC_E_DII(1.0),27/02/26 11:00:00,A,10-49,C10-S951_X_K,E_DI4_VHI,PC_ENT,RO,2024,1.88,,
ESTAT:ISOC_E_DII(1.0),27/02/26 11:00:00,A,10-49,C10-S951_X_K,E_DI4_VHI,PC_ENT,RS,2022,2.65,,
ESTAT:ISOC_E_DII(1.0),27/02/26 11:00:00,A,10-49,C10-S951_X_K,E_DI4_VHI,PC_ENT,RS,2024,6.37,,
ESTAT:ISOC_E_DII(1.0),27/02/26 11:00:00,A,10-49,C10-S951_X_K,E_DI4_VHI,PC_ENT,SE,2022,6.53,,
ESTAT:ISOC_E_DII(1.0),27/02/26 11:00:00,A,10-49,C10-S951_X_K,E_DI4_VHI,PC_ENT,SE,2024,9.39,b,
ESTAT:ISOC_E_DII(1.0),27/02/26 11:00:00,A,10-49,C10-S951_X_K,E_DI4_VHI,PC_ENT,SI,2022,2.45,,
ESTAT:ISOC_E_DII(1.0),27/02/26 11:00:00,A,10-49,C10-S951_X_K,E_DI4_VHI,PC_ENT,SI,2024,5.65,,
ESTAT:ISOC_E_DII(1.0),27/02/26 11:00:00,A,10-49,C10-S951_X_K,E_DI4_VHI,PC_ENT,SK,2022,0.96,,
ESTAT:ISOC_E_DII(1.0),27/02/26 11:00:00,A,10-49,C10-S951_X_K,E_DI4_VHI,PC_ENT,SK,2024,2.50,,
ESTAT:ISOC_E_DII(1.0),27/02/26 11:00:00,A,10-49,C10-S951_X_K,E_DI4_VLO,PC_ENT,AT,2022,36.22,,
ESTAT:ISOC_E_DII(1.0),27/02/26 11:00:00,A,10-49,C10-S951_X_K,E_DI4_VLO,PC_ENT,AT,2024,30.79,,
ESTAT:ISOC_E_DII(1.0),27/02/26 11:00:00,A,10-49,C10-S951_X_K,E_DI4_VLO,PC_ENT,BA,2022,48.82,,
ESTAT:ISOC_E_DII(1.0),27/02/26 11:00:00,A,10-49,C10-S951_X_K,E_DI4_VLO,PC_ENT,BA,2024,53.26,,
ESTAT:ISOC_E_DII(1.0),27/02/26 11:00:00,A,10-49,C10-S951_X_K,E_DI4_VLO,PC_ENT,BE,2022,25.45,,
ESTAT:ISOC_E_DII(1.0),27/02/26 11:00:00,A,10-49,C10-S951_X_K,E_DI4_VLO,PC_ENT,BE,2024,18.39,,
ESTAT:ISOC_E_DII(1.0),27/02/26 11:00:00,A,10-49,C10-S951_X_K,E_DI4_VLO,PC_ENT,BG,2022,56.33,,
ESTAT:ISOC_E_DII(1.0),27/02/26 11:00:00,A,10-49,C10-S951_X_K,E_DI4_VLO,PC_ENT,BG,2024,53.55,,
ESTAT:ISOC_E_DII(1.0),27/02/26 11:00:00,A,10-49,C10-S951_X_K,E_DI4_VLO,PC_ENT,CY,2022,32.78,,
ESTAT:ISOC_E_DII(1.0),27/02/26 11:00:00,A,10-49,C10-S951_X_K,E_DI4_VLO,PC_ENT,CY,2024,28.34,,
ESTAT:ISOC_E_DII(1.0),27/02/26 11:00:00,A,10-49,C10-S951_X_K,E_DI4_VLO,PC_ENT,CZ,2022,36.32,,
ESTAT:ISOC_E_DII(1.0),27/02/26 11:00:00,A,10-49,C10-S951_X_K,E_DI4_VLO,PC_ENT,CZ,2024,32.60,,
ESTAT:ISOC_E_DII(1.0),27/02/26 11:00:00,A,10-49,C10-S951_X_K,E_DI4_VLO,PC_ENT,DE,2022,25.76,,
ESTAT:ISOC_E_DII(1.0),27/02/26 11:00:00,A,10-49,C10-S951_X_K,E_DI4_VLO,PC_ENT,DE,2024,22.88,,
ESTAT:ISOC_E_DII(1.0),27/02/26 11:00:00,A,10-49,C10-S951_X_K,E_DI4_VLO,PC_ENT,DK,2022,13.18,,
ESTAT:ISOC_E_DII(1.0),27/02/26 11:00:00,A,10-49,C10-S951_X_K,E_DI4_VLO,PC_ENT,DK,2024,11.12,,
ESTAT:ISOC_E_DII(1.0),27/02/26 11:00:00,A,10-49,C10-S951_X_K,E_DI4_VLO,PC_ENT,EA,2022,32.47,,
ESTAT:ISOC_E_DII(1.0),27/02/26 11:00:00,A,10-49,C10-S951_X_K,E_DI4_VLO,PC_ENT,EA,2024,29.03,,
ESTAT:ISOC_E_DII(1.0),27/02/26 11:00:00,A,10-49,C10-S951_X_K,E_DI4_VLO,PC_ENT,EE,2022,36.79,,
ESTAT:ISOC_E_DII(1.0),27/02/26 11:00:00,A,10-49,C10-S951_X_K,E_DI4_VLO,PC_ENT,EE,2024,32.41,,
ESTAT:ISOC_E_DII(1.0),27/02/26 11:00:00,A,10-49,C10-S951_X_K,E_DI4_VLO,PC_ENT,EL,2022,62.56,,
ESTAT:ISOC_E_DII(1.0),27/02/26 11:00:00,A,10-49,C10-S951_X_K,E_DI4_VLO,PC_ENT,EL,2024,50.02,,
ESTAT:ISOC_E_DII(1.0),27/02/26 11:00:00,A,10-49,C10-S951_X_K,E_DI4_VLO,PC_ENT,ES,2022,35.49,,
ESTAT:ISOC_E_DII(1.0),27/02/26 11:00:00,A,10-49,C10-S951_X_K,E_DI4_VLO,PC_ENT,ES,2024,28.21,,
ESTAT:ISOC_E_DII(1.0),27/02/26 11:00:00,A,10-49,C10-S951_X_K,E_DI4_VLO,PC_ENT,EU27_2020,2022,34.21,,
ESTAT:ISOC_E_DII(1.0),27/02/26 11:00:00,A,10-49,C10-S951_X_K,E_DI4_VLO,PC_ENT,EU27_2020,2024,29.93,,
ESTAT:ISOC_E_DII(1.0),27/02/26 11:00:00,A,10-49,C10-S951_X_K,E_DI4_VLO,PC_ENT,FI,2022,12.14,,
ESTAT:ISOC_E_DII(1.0),27/02/26 11:00:00,A,10-49,C10-S951_X_K,E_DI4_VLO,PC_ENT,FI,2024,8.66,,
ESTAT:ISOC_E_DII(1.0),27/02/26 11:00:00,A,10-49,C10-S951_X_K,E_DI4_VLO,PC_ENT,FR,2022,39.68,b,
ESTAT:ISOC_E_DII(1.0),27/02/26 11:00:00,A,10-49,C10-S951_X_K,E_DI4_VLO,PC_ENT,FR,2024,34.30,,
ESTAT:ISOC_E_DII(1.0),27/02/26 11:00:00,A,10-49,C10-S951_X_K,E_DI4_VLO,PC_ENT,HR,2022,46.11,,
ESTAT:ISOC_E_DII(1.0),27/02/26 11:00:00,A,10-49,C10-S951_X_K,E_DI4_VLO,PC_ENT,HR,2024,39.71,,
ESTAT:ISOC_E_DII(1.0),27/02/26 11:00:00,A,10-49,C10-S951_X_K,E_DI4_VLO,PC_ENT,HU,2022,52.44,,
ESTAT:ISOC_E_DII(1.0),27/02/26 11:00:00,A,10-49,C10-S951_X_K,E_DI4_VLO,PC_ENT,HU,2024,46.15,,
ESTAT:ISOC_E_DII(1.0),27/02/26 11:00:00,A,10-49,C10-S951_X_K,E_DI4_VLO,PC_ENT,IE,2022,29.32,,
ESTAT:ISOC_E_DII(1.0),27/02/26 11:00:00,A,10-49,C10-S951_X_K,E_DI4_VLO,PC_ENT,IE,2024,30.14,,
ESTAT:ISOC_E_DII(1.0),27/02/26 11:00:00,A,10-49,C10-S951_X_K,E_DI4_VLO,PC_ENT,IT,2022,32.50,,
ESTAT:ISOC_E_DII(1.0),27/02/26 11:00:00,A,10-49,C10-S951_X_K,E_DI4_VLO,PC_ENT,IT,2024,32.24,,
ESTAT:ISOC_E_DII(1.0),27/02/26 11:00:00,A,10-49,C10-S951_X_K,E_DI4_VLO,PC_ENT,LT,2022,40.82,,
ESTAT:ISOC_E_DII(1.0),27/02/26 11:00:00,A,10-49,C10-S951_X_K,E_DI4_VLO,PC_ENT,LT,2024,38.23,,
ESTAT:ISOC_E_DII(1.0),27/02/26 11:00:00,A,10-49,C10-S951_X_K,E_DI4_VLO,PC_ENT,LU,2022,37.40,,
ESTAT:ISOC_E_DII(1.0),27/02/26 11:00:00,A,10-49,C10-S951_X_K,E_DI4_VLO,PC_ENT,LU,2024,33.17,,
ESTAT:ISOC_E_DII(1.0),27/02/26 11:00:00,A,10-49,C10-S951_X_K,E_DI4_VLO,PC_ENT,LV,2022,51.58,,
ESTAT:ISOC_E_DII(1.0),27/02/26 11:00:00,A,10-49,C10-S951_X_K,E_DI4_VLO,PC_ENT,LV,2024,44.87,,
ESTAT:ISOC_E_DII(1.0),27/02/26 11:00:00,A,10-49,C10-S951_X_K,E_DI4_VLO,PC_ENT,ME,2022,47.50,,
ESTAT:ISOC_E_DII(1.0),27/02/26 11:00:00,A,10-49,C10-S951_X_K,E_DI4_VLO,PC_ENT,ME,2024,38.16,,
ESTAT:ISOC_E_DII(1.0),27/02/26 11:00:00,A,10-49,C10-S951_X_K,E_DI4_VLO,PC_ENT,MK,2022,61.22,,
ESTAT:ISOC_E_DII(1.0),27/02/26 11:00:00,A,10-49,C10-S951_X_K,E_DI4_VLO,PC_ENT,MT,2022,25.54,,
ESTAT:ISOC_E_DII(1.0),27/02/26 11:00:00,A,10-49,C10-S951_X_K,E_DI4_VLO,PC_ENT,MT,2024,21.32,,
ESTAT:ISOC_E_DII(1.0),27/02/26 11:00:00,A,10-49,C10-S951_X_K,E_DI4_VLO,PC_ENT,NL,2022,22.88,,
ESTAT:ISOC_E_DII(1.0),27/02/26 11:00:00,A,10-49,C10-S951_X_K,E_DI4_VLO,PC_ENT,NL,2024,21.96,,
ESTAT:ISOC_E_DII(1.0),27/02/26 11:00:00,A,10-49,C10-S951_X_K,E_DI4_VLO,PC_ENT,NO,2022,16.44,,
ESTAT:ISOC_E_DII(1.0),27/02/26 11:00:00,A,10-49,C10-S951_X_K,E_DI4_VLO,PC_ENT,NO,2024,19.12,,
ESTAT:ISOC_E_DII(1.0),27/02/26 11:00:00,A,10-49,C10-S951_X_K,E_DI4_VLO,PC_ENT,PL,2022,43.32,,
ESTAT:ISOC_E_DII(1.0),27/02/26 11:00:00,A,10-49,C10-S951_X_K,E_DI4_VLO,PC_ENT,PL,2024,34.71,,
ESTAT:ISOC_E_DII(1.0),27/02/26 11:00:00,A,10-49,C10-S951_X_K,E_DI4_VLO,PC_ENT,PT,2022,32.23,,
ESTAT:ISOC_E_DII(1.0),27/02/26 11:00:00,A,10-49,C10-S951_X_K,E_DI4_VLO,PC_ENT,PT,2024,28.35,,
ESTAT:ISOC_E_DII(1.0),27/02/26 11:00:00,A,10-49,C10-S951_X_K,E_DI4_VLO,PC_ENT,RO,2022,49.91,,
ESTAT:ISOC_E_DII(1.0),27/02/26 11:00:00,A,10-49,C10-S951_X_K,E_DI4_VLO,PC_ENT,RO,2024,32.45,,
ESTAT:ISOC_E_DII(1.0),27/02/26 11:00:00,A,10-49,C10-S951_X_K,E_DI4_VLO,PC_ENT,RS,2022,23.61,,
ESTAT:ISOC_E_DII(1.0),27/02/26 11:00:00,A,10-49,C10-S951_X_K,E_DI4_VLO,PC_ENT,RS,2024,16.06,,
ESTAT:ISOC_E_DII(1.0),27/02/26 11:00:00,A,10-49,C10-S951_X_K,E_DI4_VLO,PC_ENT,SE,2022,14.99,,
ESTAT:ISOC_E_DII(1.0),27/02/26 11:00:00,A,10-49,C10-S951_X_K,E_DI4_VLO,PC_ENT,SE,2024,15.39,b,
ESTAT:ISOC_E_DII(1.0),27/02/26 11:00:00,A,10-49,C10-S951_X_K,E_DI4_VLO,PC_ENT,SI,2022,36.74,,
ESTAT:ISOC_E_DII(1.0),27/02/26 11:00:00,A,10-49,C10-S951_X_K,E_DI4_VLO,PC_ENT,SI,2024,35.68,,
ESTAT:ISOC_E_DII(1.0),27/02/26 11:00:00,A,10-49,C10-S951_X_K,E_DI4_VLO,PC_ENT,SK,2022,43.88,,
ESTAT:ISOC_E_DII(1.0),27/02/26 11:00:00,A,10-49,C10-S951_X_K,E_DI4_VLO,PC_ENT,SK,2024,41.67,,
ESTAT:ISOC_E_DII(1.0),27/02/26 11:00:00,A,10-49,C10-S951_X_K,E_DI_HI,PC_ENT,AT,2015,20.93,,
ESTAT:ISOC_E_DII(1.0),27/02/26 11:00:00,A,10-49,C10-S951_X_K,E_DI_HI,PC_ENT,AT,2016,17.61,b,
ESTAT:ISOC_E_DII(1.0),27/02/26 11:00:00,A,10-49,C10-S951_X_K,E_DI_HI,PC_ENT,AT,2017,18.96,b,
ESTAT:ISOC_E_DII(1.0),27/02/26 11:00:00,A,10-49,C10-S951_X_K,E_DI_HI,PC_ENT,AT,2018,11.81,b,
ESTAT:ISOC_E_DII(1.0),27/02/26 11:00:00,A,10-49,C10-S951_X_K,E_DI_HI,PC_ENT,AT,2019,22.31,b,
ESTAT:ISOC_E_DII(1.0),27/02/26 11:00:00,A,10-49,C10-S951_X_K,E_DI_HI,PC_ENT,BA,2018,10.59,b,
ESTAT:ISOC_E_DII(1.0),27/02/26 11:00:00,A,10-49,C10-S951_X_K,E_DI_HI,PC_ENT,BA,2019,13.72,b,
ESTAT:ISOC_E_DII(1.0),27/02/26 11:00:00,A,10-49,C10-S951_X_K,E_DI_HI,PC_ENT,BE,2015,25.41,,
ESTAT:ISOC_E_DII(1.0),27/02/26 11:00:00,A,10-49,C10-S951_X_K,E_DI_HI,PC_ENT,BE,2016,21.98,b,
ESTAT:ISOC_E_DII(1.0),27/02/26 11:00:00,A,10-49,C10-S951_X_K,E_DI_HI,PC_ENT,BE,2017,26.60,b,
ESTAT:ISOC_E_DII(1.0),27/02/26 11:00:00,A,10-49,C10-S951_X_K,E_DI_HI,PC_ENT,BE,2018,19.65,b,
ESTAT:ISOC_E_DII(1.0),27/02/26 11:00:00,A,10-49,C10-S951_X_K,E_DI_HI,PC_ENT,BE,2019,30.74,b,
ESTAT:ISOC_E_DII(1.0),27/02/26 11:00:00,A,10-49,C10-S951_X_K,E_DI_HI,PC_ENT,BG,2015,9.67,,
ESTAT:ISOC_E_DII(1.0),27/02/26 11:00:00,A,10-49,C10-S951_X_K,E_DI_HI,PC_ENT,BG,2016,7.97,b,
ESTAT:ISOC_E_DII(1.0),27/02/26 11:00:00,A,10-49,C10-S951_X_K,E_DI_HI,PC_ENT,BG,2017,9.64,b,
ESTAT:ISOC_E_DII(1.0),27/02/26 11:00:00,A,10-49,C10-S951_X_K,E_DI_HI,PC_ENT,BG,2018,6.82,b,
ESTAT:ISOC_E_DII(1.0),27/02/26 11:00:00,A,10-49,C10-S951_X_K,E_DI_HI,PC_ENT,BG,2019,9.48,b,
ESTAT:ISOC_E_DII(1.0),27/02/26 11:00:00,A,10-49,C10-S951_X_K,E_DI_HI,PC_ENT,CY,2015,13.46,,
ESTAT:ISOC_E_DII(1.0),27/02/26 11:00:00,A,10-49,C10-S951_X_K,E_DI_HI,PC_ENT,CY,2016,9.36,b,
ESTAT:ISOC_E_DII(1.0),27/02/26 11:00:00,A,10-49,C10-S951_X_K,E_DI_HI,PC_ENT,CY,2017,17.24,b,
ESTAT:ISOC_E_DII(1.0),27/02/26 11:00:00,A,10-49,C10-S951_X_K,E_DI_HI,PC_ENT,CY,2018,10.67,b,
ESTAT:ISOC_E_DII(1.0),27/02/26 11:00:00,A,10-49,C10-S951_X_K,E_DI_HI,PC_ENT,CY,2019,20.83,b,
ESTAT:ISOC_E_DII(1.0),27/02/26 11:00:00,A,10-49,C10-S951_X_K,E_DI_HI,PC_ENT,CZ,2015,14.26,,
ESTAT:ISOC_E_DII(1.0),27/02/26 11:00:00,A,10-49,C10-S951_X_K,E_DI_HI,PC_ENT,CZ,2016,18.12,b,
ESTAT:ISOC_E_DII(1.0),27/02/26 11:00:00,A,10-49,C10-S951_X_K,E_DI_HI,PC_ENT,CZ,2017,11.96,b,
ESTAT:ISOC_E_DII(1.0),27/02/26 11:00:00,A,10-49,C10-S951_X_K,E_DI_HI,PC_ENT,CZ,2018,12.09,b,
ESTAT:ISOC_E_DII(1.0),27/02/26 11:00:00,A,10-49,C10-S951_X_K,E_DI_HI,PC_ENT,CZ,2019,24.41,b,
ESTAT:ISOC_E_DII(1.0),27/02/26 11:00:00,A,10-49,C10-S951_X_K,E_DI_HI,PC_ENT,DE,2015,16.80,,
ESTAT:ISOC_E_DII(1.0),27/02/26 11:00:00,A,10-49,C10-S951_X_K,E_DI_HI,PC_ENT,DE,2016,12.49,b,
ESTAT:ISOC_E_DII(1.0),27/02/26 11:00:00,A,10-49,C10-S951_X_K,E_DI_HI,PC_ENT,DE,2017,20.36,b,
ESTAT:ISOC_E_DII(1.0),27/02/26 11:00:00,A,10-49,C10-S951_X_K,E_DI_HI,PC_ENT,DE,2018,12.65,b,
ESTAT:ISOC_E_DII(1.0),27/02/26 11:00:00,A,10-49,C10-S951_X_K,E_DI_HI,PC_ENT,DE,2019,20.06,b,
ESTAT:ISOC_E_DII(1.0),27/02/26 11:00:00,A,10-49,C10-S951_X_K,E_DI_HI,PC_ENT,DK,2015,34.07,,
ESTAT:ISOC_E_DII(1.0),27/02/26 11:00:00,A,10-49,C10-S951_X_K,E_DI_HI,PC_ENT,DK,2016,40.76,b,
ESTAT:ISOC_E_DII(1.0),27/02/26 11:00:00,A,10-49,C10-S951_X_K,E_DI_HI,PC_ENT,DK,2017,29.93,b,
ESTAT:ISOC_E_DII(1.0),27/02/26 11:00:00,A,10-49,C10-S951_X_K,E_DI_HI,PC_ENT,DK,2018,36.28,b,
ESTAT:ISOC_E_DII(1.0),27/02/26 11:00:00,A,10-49,C10-S951_X_K,E_DI_HI,PC_ENT,DK,2019,38.16,b,
ESTAT:ISOC_E_DII(1.0),27/02/26 11:00:00,A,10-49,C10-S951_X_K,E_DI_HI,PC_ENT,EA,2015,16.39,,
ESTAT:ISOC_E_DII(1.0),27/02/26 11:00:00,A,10-49,C10-S951_X_K,E_DI_HI,PC_ENT,EA,2016,14.55,b,
ESTAT:ISOC_E_DII(1.0),27/02/26 11:00:00,A,10-49,C10-S951_X_K,E_DI_HI,PC_ENT,EA,2017,17.44,,
ESTAT:ISOC_E_DII(1.0),27/02/26 11:00:00,A,10-49,C10-S951_X_K,E_DI_HI,PC_ENT,EA,2018,13.12,,
ESTAT:ISOC_E_DII(1.0),27/02/26 11:00:00,A,10-49,C10-S951_X_K,E_DI_HI,PC_ENT,EA,2019,19.57,,
ESTAT:ISOC_E_DII(1.0),27/02/26 11:00:00,A,10-49,C10-S951_X_K,E_DI_HI,PC_ENT,EE,2015,15.32,,
ESTAT:ISOC_E_DII(1.0),27/02/26 11:00:00,A,10-49,C10-S951_X_K,E_DI_HI,PC_ENT,EE,2016,17.49,b,
ESTAT:ISOC_E_DII(1.0),27/02/26 11:00:00,A,10-49,C10-S951_X_K,E_DI_HI,PC_ENT,EE,2017,16.98,b,
ESTAT:ISOC_E_DII(1.0),27/02/26 11:00:00,A,10-49,C10-S951_X_K,E_DI_HI,PC_ENT,EE,2018,14.92,b,
ESTAT:ISOC_E_DII(1.0),27/02/26 11:00:00,A,10-49,C10-S951_X_K,E_DI_HI,PC_ENT,EE,2019,15.38,b,
ESTAT:ISOC_E_DII(1.0),27/02/26 11:00:00,A,10-49,C10-S951_X_K,E_DI_HI,PC_ENT,EL,2015,6.87,,
ESTAT:ISOC_E_DII(1.0),27/02/26 11:00:00,A,10-49,C10-S951_X_K,E_DI_HI,PC_ENT,EL,2016,15.74,b,
ESTAT:ISOC_E_DII(1.0),27/02/26 11:00:00,A,10-49,C10-S951_X_K,E_DI_HI,PC_ENT,EL,2017,10.24,b,
ESTAT:ISOC_E_DII(1.0),27/02/26 11:00:00,A,10-49,C10-S951_X_K,E_DI_HI,PC_ENT,EL,2018,6.56,b,
ESTAT:ISOC_E_DII(1.0),27/02/26 11:00:00,A,10-49,C10-S951_X_K,E_DI_HI,PC_ENT,EL,2019,5.21,b,
ESTAT:ISOC_E_DII(1.0),27/02/26 11:00:00,A,10-49,C10-S951_X_K,E_DI_HI,PC_ENT,ES,2015,19.48,,
ESTAT:ISOC_E_DII(1.0),27/02/26 11:00:00,A,10-49,C10-S951_X_K,E_DI_HI,PC_ENT,ES,2016,19.59,b,
ESTAT:ISOC_E_DII(1.0),27/02/26 11:00:00,A,10-49,C10-S951_X_K,E_DI_HI,PC_ENT,ES,2017,21.39,b,
ESTAT:ISOC_E_DII(1.0),27/02/26 11:00:00,A,10-49,C10-S951_X_K,E_DI_HI,PC_ENT,ES,2018,10.02,b,
ESTAT:ISOC_E_DII(1.0),27/02/26 11:00:00,A,10-49,C10-S951_X_K,E_DI_HI,PC_ENT,ES,2019,20.32,b,
ESTAT:ISOC_E_DII(1.0),27/02/26 11:00:00,A,10-49,C10-S951_X_K,E_DI_HI,PC_ENT,EU15,2015,16.87,,
ESTAT:ISOC_E_DII(1.0),27/02/26 11:00:00,A,10-49,C10-S951_X_K,E_DI_HI,PC_ENT,EU15,2016,15.95,b,
ESTAT:ISOC_E_DII(1.0),27/02/26 11:00:00,A,10-49,C10-S951_X_K,E_DI_HI,PC_ENT,EU15,2017,17.01,,
ESTAT:ISOC_E_DII(1.0),27/02/26 11:00:00,A,10-49,C10-S951_X_K,E_DI_HI,PC_ENT,EU15,2018,14.40,,
ESTAT:ISOC_E_DII(1.0),27/02/26 11:00:00,A,10-49,C10-S951_X_K,E_DI_HI,PC_ENT,EU27_2007,2015,15.81,,
ESTAT:ISOC_E_DII(1.0),27/02/26 11:00:00,A,10-49,C10-S951_X_K,E_DI_HI,PC_ENT,EU27_2007,2016,15.12,b,
ESTAT:ISOC_E_DII(1.0),27/02/26 11:00:00,A,10-49,C10-S951_X_K,E_DI_HI,PC_ENT,EU27_2007,2017,15.98,,
ESTAT:ISOC_E_DII(1.0),27/02/26 11:00:00,A,10-49,C10-S951_X_K,E_DI_HI,PC_ENT,EU27_2007,2018,13.68,,
ESTAT:ISOC_E_DII(1.0),27/02/26 11:00:00,A,10-49,C10-S951_X_K,E_DI_HI,PC_ENT,EU27_2020,2015,15.72,,
ESTAT:ISOC_E_DII(1.0),27/02/26 11:00:00,A,10-49,C10-S951_X_K,E_DI_HI,PC_ENT,EU27_2020,2016,14.57,,
ESTAT:ISOC_E_DII(1.0),27/02/26 11:00:00,A,10-49,C10-S951_X_K,E_DI_HI,PC_ENT,EU27_2020,2017,16.49,,
ESTAT:ISOC_E_DII(1.0),27/02/26 11:00:00,A,10-49,C10-S951_X_K,E_DI_HI,PC_ENT,EU27_2020,2018,13.24,,
ESTAT:ISOC_E_DII(1.0),27/02/26 11:00:00,A,10-49,C10-S951_X_K,E_DI_HI,PC_ENT,EU27_2020,2019,18.66,,
ESTAT:ISOC_E_DII(1.0),27/02/26 11:00:00,A,10-49,C10-S951_X_K,E_DI_HI,PC_ENT,EU28,2015,15.80,,
ESTAT:ISOC_E_DII(1.0),27/02/26 11:00:00,A,10-49,C10-S951_X_K,E_DI_HI,PC_ENT,EU28,2016,15.12,b,
ESTAT:ISOC_E_DII(1.0),27/02/26 11:00:00,A,10-49,C10-S951_X_K,E_DI_HI,PC_ENT,EU28,2017,15.95,,
ESTAT:ISOC_E_DII(1.0),27/02/26 11:00:00,A,10-49,C10-S951_X_K,E_DI_HI,PC_ENT,EU28,2018,13.67,,
ESTAT:ISOC_E_DII(1.0),27/02/26 11:00:00,A,10-49,C10-S951_X_K,E_DI_HI,PC_ENT,EU28,2019,19.15,,
ESTAT:ISOC_E_DII(1.0),27/02/26 11:00:00,A,10-49,C10-S951_X_K,E_DI_HI,PC_ENT,FI,2015,25.94,,
ESTAT:ISOC_E_DII(1.0),27/02/26 11:00:00,A,10-49,C10-S951_X_K,E_DI_HI,PC_ENT,FI,2016,35.87,b,
ESTAT:ISOC_E_DII(1.0),27/02/26 11:00:00,A,10-49,C10-S951_X_K,E_DI_HI,PC_ENT,FI,2017,30.70,b,
ESTAT:ISOC_E_DII(1.0),27/02/26 11:00:00,A,10-49,C10-S951_X_K,E_DI_HI,PC_ENT,FI,2018,36.02,b,
ESTAT:ISOC_E_DII(1.0),27/02/26 11:00:00,A,10-49,C10-S951_X_K,E_DI_HI,PC_ENT,FI,2019,40.05,b,
ESTAT:ISOC_E_DII(1.0),27/02/26 11:00:00,A,10-49,C10-S951_X_K,E_DI_HI,PC_ENT,FR,2015,15.06,,
ESTAT:ISOC_E_DII(1.0),27/02/26 11:00:00,A,10-49,C10-S951_X_K,E_DI_HI,PC_ENT,FR,2016,11.13,b,
ESTAT:ISOC_E_DII(1.0),27/02/26 11:00:00,A,10-49,C10-S951_X_K,E_DI_HI,PC_ENT,FR,2017,12.45,b,
ESTAT:ISOC_E_DII(1.0),27/02/26 11:00:00,A,10-49,C10-S951_X_K,E_DI_HI,PC_ENT,FR,2018,10.95,b,
ESTAT:ISOC_E_DII(1.0),27/02/26 11:00:00,A,10-49,C10-S951_X_K,E_DI_HI,PC_ENT,FR,2019,17.98,b,
ESTAT:ISOC_E_DII(1.0),27/02/26 11:00:00,A,10-49,C10-S951_X_K,E_DI_HI,PC_ENT,HR,2015,14.97,,
ESTAT:ISOC_E_DII(1.0),27/02/26 11:00:00,A,10-49,C10-S951_X_K,E_DI_HI,PC_ENT,HR,2016,15.30,b,
ESTAT:ISOC_E_DII(1.0),27/02/26 11:00:00,A,10-49,C10-S951_X_K,E_DI_HI,PC_ENT,HR,2017,12.93,b,
ESTAT:ISOC_E_DII(1.0),27/02/26 11:00:00,A,10-49,C10-S951_X_K,E_DI_HI,PC_ENT,HR,2018,11.94,b,
ESTAT:ISOC_E_DII(1.0),27/02/26 11:00:00,A,10-49,C10-S951_X_K,E_DI_HI,PC_ENT,HR,2019,17.45,b,
ESTAT:ISOC_E_DII(1.0),27/02/26 11:00:00,A,10-49,C10-S951_X_K,E_DI_HI,PC_ENT,HU,2015,10.67,,
ESTAT:ISOC_E_DII(1.0),27/02/26 11:00:00,A,10-49,C10-S951_X_K,E_DI_HI,PC_ENT,HU,2016,12.60,b,
ESTAT:ISOC_E_DII(1.0),27/02/26 11:00:00,A,10-49,C10-S951_X_K,E_DI_HI,PC_ENT,HU,2017,11.74,b,
ESTAT:ISOC_E_DII(1.0),27/02/26 11:00:00,A,10-49,C10-S951_X_K,E_DI_HI,PC_ENT,HU,2018,11.60,b,
ESTAT:ISOC_E_DII(1.0),27/02/26 11:00:00,A,10-49,C10-S951_X_K,E_DI_HI,PC_ENT,HU,2019,11.88,b,
ESTAT:ISOC_E_DII(1.0),27/02/26 11:00:00,A,10-49,C10-S951_X_K,E_DI_HI,PC_ENT,IE,2015,17.31,,
ESTAT:ISOC_E_DII(1.0),27/02/26 11:00:00,A,10-49,C10-S951_X_K,E_DI_HI,PC_ENT,IE,2016,15.92,b,
ESTAT:ISOC_E_DII(1.0),27/02/26 11:00:00,A,10-49,C10-S951_X_K,E_DI_HI,PC_ENT,IE,2017,18.04,b,
ESTAT:ISOC_E_DII(1.0),27/02/26 11:00:00,A,10-49,C10-S951_X_K,E_DI_HI,PC_ENT,IE,2018,22.61,b,
ESTAT:ISOC_E_DII(1.0),27/02/26 11:00:00,A,10-49,C10-S951_X_K,E_DI_HI,PC_ENT,IE,2019,24.11,b,
ESTAT:ISOC_E_DII(1.0),27/02/26 11:00:00,A,10-49,C10-S951_X_K,E_DI_HI,PC_ENT,IT,2015,10.28,,
ESTAT:ISOC_E_DII(1.0),27/02/26 11:00:00,A,10-49,C10-S951_X_K,E_DI_HI,PC_ENT,IT,2016,10.14,b,
ESTAT:ISOC_E_DII(1.0),27/02/26 11:00:00,A,10-49,C10-S951_X_K,E_DI_HI,PC_ENT,IT,2017,10.12,b,
ESTAT:ISOC_E_DII(1.0),27/02/26 11:00:00,A,10-49,C10-S951_X_K,E_DI_HI,PC_ENT,IT,2018,11.25,b,
ESTAT:ISOC_E_DII(1.0),27/02/26 11:00:00,A,10-49,C10-S951_X_K,E_DI_HI,PC_ENT,IT,2019,15.95,b,
ESTAT:ISOC_E_DII(1.0),27/02/26 11:00:00,A,10-49,C10-S951_X_K,E_DI_HI,PC_ENT,LT,2015,19.51,,
ESTAT:ISOC_E_DII(1.0),27/02/26 11:00:00,A,10-49,C10-S951_X_K,E_DI_HI,PC_ENT,LT,2016,19.24,b,
ESTAT:ISOC_E_DII(1.0),27/02/26 11:00:00,A,10-49,C10-S951_X_K,E_DI_HI,PC_ENT,LT,2017,22.15,b,
ESTAT:ISOC_E_DII(1.0),27/02/26 11:00:00,A,10-49,C10-S951_X_K,E_DI_HI,PC_ENT,LT,2018,19.78,b,
ESTAT:ISOC_E_DII(1.0),27/02/26 11:00:00,A,10-49,C10-S951_X_K,E_DI_HI,PC_ENT,LT,2019,23.94,b,
ESTAT:ISOC_E_DII(1.0),27/02/26 11:00:00,A,10-49,C10-S951_X_K,E_DI_HI,PC_ENT,LU,2015,19.14,,
ESTAT:ISOC_E_DII(1.0),27/02/26 11:00:00,A,10-49,C10-S951_X_K,E_DI_HI,PC_ENT,LU,2016,17.81,b,
ESTAT:ISOC_E_DII(1.0),27/02/26 11:00:00,A,10-49,C10-S951_X_K,E_DI_HI,PC_ENT,LU,2017,19.01,b,
ESTAT:ISOC_E_DII(1.0),27/02/26 11:00:00,A,10-49,C10-S951_X_K,E_DI_HI,PC_ENT,LU,2018,16.99,b,
ESTAT:ISOC_E_DII(1.0),27/02/26 11:00:00,A,10-49,C10-S951_X_K,E_DI_HI,PC_ENT,LU,2019,24.32,b,
ESTAT:ISOC_E_DII(1.0),27/02/26 11:00:00,A,10-49,C10-S951_X_K,E_DI_HI,PC_ENT,LV,2015,9.47,,
ESTAT:ISOC_E_DII(1.0),27/02/26 11:00:00,A,10-49,C10-S951_X_K,E_DI_HI,PC_ENT,LV,2016,8.47,b,
ESTAT:ISOC_E_DII(1.0),27/02/26 11:00:00,A,10-49,C10-S951_X_K,E_DI_HI,PC_ENT,LV,2017,8.08,b,
ESTAT:ISOC_E_DII(1.0),27/02/26 11:00:00,A,10-49,C10-S951_X_K,E_DI_HI,PC_ENT,LV,2018,7.71,b,
ESTAT:ISOC_E_DII(1.0),27/02/26 11:00:00,A,10-49,C10-S951_X_K,E_DI_HI,PC_ENT,LV,2019,10.75,b,
ESTAT:ISOC_E_DII(1.0),27/02/26 11:00:00,A,10-49,C10-S951_X_K,E_DI_HI,PC_ENT,ME,2017,18.77,b,
ESTAT:ISOC_E_DII(1.0),27/02/26 11:00:00,A,10-49,C10-S951_X_K,E_DI_HI,PC_ENT,ME,2018,13.65,b,
ESTAT:ISOC_E_DII(1.0),27/02/26 11:00:00,A,10-49,C10-S951_X_K,E_DI_HI,PC_ENT,ME,2019,22.55,b,
ESTAT:ISOC_E_DII(1.0),27/02/26 11:00:00,A,10-49,C10-S951_X_K,E_DI_HI,PC_ENT,MK,2015,11.58,,
ESTAT:ISOC_E_DII(1.0),27/02/26 11:00:00,A,10-49,C10-S951_X_K,E_DI_HI,PC_ENT,MK,2016,12.16,b,
ESTAT:ISOC_E_DII(1.0),27/02/26 11:00:00,A,10-49,C10-S951_X_K,E_DI_HI,PC_ENT,MT,2015,20.96,,
ESTAT:ISOC_E_DII(1.0),27/02/26 11:00:00,A,10-49,C10-S951_X_K,E_DI_HI,PC_ENT,MT,2016,26.33,b,
ESTAT:ISOC_E_DII(1.0),27/02/26 11:00:00,A,10-49,C10-S951_X_K,E_DI_HI,PC_ENT,MT,2017,18.57,b,
ESTAT:ISOC_E_DII(1.0),27/02/26 11:00:00,A,10-49,C10-S951_X_K,E_DI_HI,PC_ENT,MT,2018,24.69,b,
ESTAT:ISOC_E_DII(1.0),27/02/26 11:00:00,A,10-49,C10-S951_X_K,E_DI_HI,PC_ENT,MT,2019,30.81,b,
ESTAT:ISOC_E_DII(1.0),27/02/26 11:00:00,A,10-49,C10-S951_X_K,E_DI_HI,PC_ENT,NL,2015,32.34,,
ESTAT:ISOC_E_DII(1.0),27/02/26 11:00:00,A,10-49,C10-S951_X_K,E_DI_HI,PC_ENT,NL,2016,28.83,b,
ESTAT:ISOC_E_DII(1.0),27/02/26 11:00:00,A,10-49,C10-S951_X_K,E_DI_HI,PC_ENT,NL,2017,30.37,b,
ESTAT:ISOC_E_DII(1.0),27/02/26 11:00:00,A,10-49,C10-S951_X_K,E_DI_HI,PC_ENT,NL,2018,29.05,b,
ESTAT:ISOC_E_DII(1.0),27/02/26 11:00:00,A,10-49,C10-S951_X_K,E_DI_HI,PC_ENT,NL,2019,30.07,b,
ESTAT:ISOC_E_DII(1.0),27/02/26 11:00:00,A,10-49,C10-S951_X_K,E_DI_HI,PC_ENT,NO,2015,29.01,,
ESTAT:ISOC_E_DII(1.0),27/02/26 11:00:00,A,10-49,C10-S951_X_K,E_DI_HI,PC_ENT,NO,2016,32.44,b,
ESTAT:ISOC_E_DII(1.0),27/02/26 11:00:00,A,10-49,C10-S951_X_K,E_DI_HI,PC_ENT,NO,2017,24.50,b,
ESTAT:ISOC_E_DII(1.0),27/02/26 11:00:00,A,10-49,C10-S951_X_K,E_DI_HI,PC_ENT,NO,2018,31.04,b,
ESTAT:ISOC_E_DII(1.0),27/02/26 11:00:00,A,10-49,C10-S951_X_K,E_DI_HI,PC_ENT,NO,2019,24.84,b,
ESTAT:ISOC_E_DII(1.0),27/02/26 11:00:00,A,10-49,C10-S951_X_K,E_DI_HI,PC_ENT,PL,2015,10.38,,
ESTAT:ISOC_E_DII(1.0),27/02/26 11:00:00,A,10-49,C10-S951_X_K,E_DI_HI,PC_ENT,PL,2016,10.14,b,
ESTAT:ISOC_E_DII(1.0),27/02/26 11:00:00,A,10-49,C10-S951_X_K,E_DI_HI,PC_ENT,PL,2017,10.71,b,
ESTAT:ISOC_E_DII(1.0),27/02/26 11:00:00,A,10-49,C10-S951_X_K,E_DI_HI,PC_ENT,PL,2018,9.07,b,
ESTAT:ISOC_E_DII(1.0),27/02/26 11:00:00,A,10-49,C10-S951_X_K,E_DI_HI,PC_ENT,PL,2019,6.90,b,
ESTAT:ISOC_E_DII(1.0),27/02/26 11:00:00,A,10-49,C10-S951_X_K,E_DI_HI,PC_ENT,PT,2015,13.58,,
ESTAT:ISOC_E_DII(1.0),27/02/26 11:00:00,A,10-49,C10-S951_X_K,E_DI_HI,PC_ENT,PT,2016,17.25,b,
ESTAT:ISOC_E_DII(1.0),27/02/26 11:00:00,A,10-49,C10-S951_X_K,E_DI_HI,PC_ENT,PT,2017,18.50,b,
ESTAT:ISOC_E_DII(1.0),27/02/26 11:00:00,A,10-49,C10-S951_X_K,E_DI_HI,PC_ENT,PT,2018,12.04,b,
ESTAT:ISOC_E_DII(1.0),27/02/26 11:00:00,A,10-49,C10-S951_X_K,E_DI_HI,PC_ENT,PT,2019,17.84,b,
ESTAT:ISOC_E_DII(1.0),27/02/26 11:00:00,A,10-49,C10-S951_X_K,E_DI_HI,PC_ENT,RO,2015,8.89,,
ESTAT:ISOC_E_DII(1.0),27/02/26 11:00:00,A,10-49,C10-S951_X_K,E_DI_HI,PC_ENT,RO,2016,6.37,b,
ESTAT:ISOC_E_DII(1.0),27/02/26 11:00:00,A,10-49,C10-S951_X_K,E_DI_HI,PC_ENT,RO,2017,8.45,b,
ESTAT:ISOC_E_DII(1.0),27/02/26 11:00:00,A,10-49,C10-S951_X_K,E_DI_HI,PC_ENT,RO,2018,9.43,b,
ESTAT:ISOC_E_DII(1.0),27/02/26 11:00:00,A,10-49,C10-S951_X_K,E_DI_HI,PC_ENT,RO,2019,7.91,b,
ESTAT:ISOC_E_DII(1.0),27/02/26 11:00:00,A,10-49,C10-S951_X_K,E_DI_HI,PC_ENT,RS,2017,17.90,b,
ESTAT:ISOC_E_DII(1.0),27/02/26 11:00:00,A,10-49,C10-S951_X_K,E_DI_HI,PC_ENT,RS,2018,17.09,b,
ESTAT:ISOC_E_DII(1.0),27/02/26 11:00:00,A,10-49,C10-S951_X_K,E_DI_HI,PC_ENT,RS,2019,18.05,b,
ESTAT:ISOC_E_DII(1.0),27/02/26 11:00:00,A,10-49,C10-S951_X_K,E_DI_HI,PC_ENT,SE,2015,24.19,,
ESTAT:ISOC_E_DII(1.0),27/02/26 11:00:00,A,10-49,C10-S951_X_K,E_DI_HI,PC_ENT,SE,2016,31.43,b,
ESTAT:ISOC_E_DII(1.0),27/02/26 11:00:00,A,10-49,C10-S951_X_K,E_DI_HI,PC_ENT,SE,2017,23.95,b,
ESTAT:ISOC_E_DII(1.0),27/02/26 11:00:00,A,10-49,C10-S951_X_K,E_DI_HI,PC_ENT,SE,2018,31.24,b,
ESTAT:ISOC_E_DII(1.0),27/02/26 11:00:00,A,10-49,C10-S951_X_K,E_DI_HI,PC_ENT,SE,2019,36.75,b,
ESTAT:ISOC_E_DII(1.0),27/02/26 11:00:00,A,10-49,C10-S951_X_K,E_DI_HI,PC_ENT,SI,2015,14.39,,
ESTAT:ISOC_E_DII(1.0),27/02/26 11:00:00,A,10-49,C10-S951_X_K,E_DI_HI,PC_ENT,SI,2016,15.65,b,
ESTAT:ISOC_E_DII(1.0),27/02/26 11:00:00,A,10-49,C10-S951_X_K,E_DI_HI,PC_ENT,SI,2017,15.80,b,
ESTAT:ISOC_E_DII(1.0),27/02/26 11:00:00,A,10-49,C10-S951_X_K,E_DI_HI,PC_ENT,SI,2018,21.21,b,
ESTAT:ISOC_E_DII(1.0),27/02/26 11:00:00,A,10-49,C10-S951_X_K,E_DI_HI,PC_ENT,SI,2019,15.87,b,
ESTAT:ISOC_E_DII(1.0),27/02/26 11:00:00,A,10-49,C10-S951_X_K,E_DI_HI,PC_ENT,SK,2015,15.47,,
ESTAT:ISOC_E_DII(1.0),27/02/26 11:00:00,A,10-49,C10-S951_X_K,E_DI_HI,PC_ENT,SK,2016,15.36,b,
ESTAT:ISOC_E_DII(1.0),27/02/26 11:00:00,A,10-49,C10-S951_X_K,E_DI_HI,PC_ENT,SK,2017,14.30,b,
ESTAT:ISOC_E_DII(1.0),27/02/26 11:00:00,A,10-49,C10-S951_X_K,E_DI_HI,PC_ENT,SK,2018,9.55,b,
ESTAT:ISOC_E_DII(1.0),27/02/26 11:00:00,A,10-49,C10-S951_X_K,E_DI_HI,PC_ENT,SK,2019,13.82,b,
ESTAT:ISOC_E_DII(1.0),27/02/26 11:00:00,A,10-49,C10-S951_X_K,E_DI_HI,PC_ENT,TR,2017,5.65,b,
ESTAT:ISOC_E_DII(1.0),27/02/26 11:00:00,A,10-49,C10-S951_X_K,E_DI_HI,PC_ENT,TR,2018,0.93,b,
ESTAT:ISOC_E_DII(1.0),27/02/26 11:00:00,A,10-49,C10-S951_X_K,E_DI_HI,PC_ENT,UK,2015,16.31,,
ESTAT:ISOC_E_DII(1.0),27/02/26 11:00:00,A,10-49,C10-S951_X_K,E_DI_HI,PC_ENT,UK,2016,18.85,b,
ESTAT:ISOC_E_DII(1.0),27/02/26 11:00:00,A,10-49,C10-S951_X_K,E_DI_HI,PC_ENT,UK,2017,12.32,b,
ESTAT:ISOC_E_DII(1.0),27/02/26 11:00:00,A,10-49,C10-S951_X_K,E_DI_HI,PC_ENT,UK,2018,16.66,b,
ESTAT:ISOC_E_DII(1.0),27/02/26 11:00:00,A,10-49,C10-S951_X_K,E_DI_HI,PC_ENT,UK,2019,22.59,b,
ESTAT:ISOC_E_DII(1.0),27/02/26 11:00:00,A,10-49,C10-S951_X_K,E_DI_LO,PC_ENT,AT,2015,46.27,,
ESTAT:ISOC_E_DII(1.0),27/02/26 11:00:00,A,10-49,C10-S951_X_K,E_DI_LO,PC_ENT,AT,2016,45.65,b,
ESTAT:ISOC_E_DII(1.0),27/02/26 11:00:00,A,10-49,C10-S951_X_K,E_DI_LO,PC_ENT,AT,2017,37.66,b,
ESTAT:ISOC_E_DII(1.0),27/02/26 11:00:00,A,10-49,C10-S951_X_K,E_DI_LO,PC_ENT,AT,2018,42.88,b,
ESTAT:ISOC_E_DII(1.0),27/02/26 11:00:00,A,10-49,C10-S951_X_K,E_DI_LO,PC_ENT,AT,2019,37.60,b,
ESTAT:ISOC_E_DII(1.0),27/02/26 11:00:00,A,10-49,C10-S951_X_K,E_DI_LO,PC_ENT,BA,2018,29.72,b,
ESTAT:ISOC_E_DII(1.0),27/02/26 11:00:00,A,10-49,C10-S951_X_K,E_DI_LO,PC_ENT,BA,2019,27.85,b,
ESTAT:ISOC_E_DII(1.0),27/02/26 11:00:00,A,10-49,C10-S951_X_K,E_DI_LO,PC_ENT,BE,2015,40.28,,
ESTAT:ISOC_E_DII(1.0),27/02/26 11:00:00,A,10-49,C10-S951_X_K,E_DI_LO,PC_ENT,BE,2016,44.22,b,
ESTAT:ISOC_E_DII(1.0),27/02/26 11:00:00,A,10-49,C10-S951_X_K,E_DI_LO,PC_ENT,BE,2017,37.80,b,
ESTAT:ISOC_E_DII(1.0),27/02/26 11:00:00,A,10-49,C10-S951_X_K,E_DI_LO,PC_ENT,BE,2018,40.52,b,
ESTAT:ISOC_E_DII(1.0),27/02/26 11:00:00,A,10-49,C10-S951_X_K,E_DI_LO,PC_ENT,BE,2019,33.82,b,
ESTAT:ISOC_E_DII(1.0),27/02/26 11:00:00,A,10-49,C10-S951_X_K,E_DI_LO,PC_ENT,BG,2015,26.05,,
ESTAT:ISOC_E_DII(1.0),27/02/26 11:00:00,A,10-49,C10-S951_X_K,E_DI_LO,PC_ENT,BG,2016,25.43,b,
ESTAT:ISOC_E_DII(1.0),27/02/26 11:00:00,A,10-49,C10-S951_X_K,E_DI_LO,PC_ENT,BG,2017,23.20,b,
ESTAT:ISOC_E_DII(1.0),27/02/26 11:00:00,A,10-49,C10-S951_X_K,E_DI_LO,PC_ENT,BG,2018,22.72,b,
ESTAT:ISOC_E_DII(1.0),27/02/26 11:00:00,A,10-49,C10-S951_X_K,E_DI_LO,PC_ENT,BG,2019,25.28,b,
ESTAT:ISOC_E_DII(1.0),27/02/26 11:00:00,A,10-49,C10-S951_X_K,E_DI_LO,PC_ENT,CY,2015,35.23,,
ESTAT:ISOC_E_DII(1.0),27/02/26 11:00:00,A,10-49,C10-S951_X_K,E_DI_LO,PC_ENT,CY,2016,39.22,b,
ESTAT:ISOC_E_DII(1.0),27/02/26 11:00:00,A,10-49,C10-S951_X_K,E_DI_LO,PC_ENT,CY,2017,36.98,b,
ESTAT:ISOC_E_DII(1.0),27/02/26 11:00:00,A,10-49,C10-S951_X_K,E_DI_LO,PC_ENT,CY,2018,39.57,b,
ESTAT:ISOC_E_DII(1.0),27/02/26 11:00:00,A,10-49,C10-S951_X_K,E_DI_LO,PC_ENT,CY,2019,36.35,b,
ESTAT:ISOC_E_DII(1.0),27/02/26 11:00:00,A,10-49,C10-S951_X_K,E_DI_LO,PC_ENT,CZ,2015,35.59,,
ESTAT:ISOC_E_DII(1.0),27/02/26 11:00:00,A,10-49,C10-S951_X_K,E_DI_LO,PC_ENT,CZ,2016,40.00,b,
ESTAT:ISOC_E_DII(1.0),27/02/26 11:00:00,A,10-49,C10-S951_X_K,E_DI_LO,PC_ENT,CZ,2017,33.58,b,
ESTAT:ISOC_E_DII(1.0),27/02/26 11:00:00,A,10-49,C10-S951_X_K,E_DI_LO,PC_ENT,CZ,2018,34.11,b,
ESTAT:ISOC_E_DII(1.0),27/02/26 11:00:00,A,10-49,C10-S951_X_K,E_DI_LO,PC_ENT,CZ,2019,40.49,b,
ESTAT:ISOC_E_DII(1.0),27/02/26 11:00:00,A,10-49,C10-S951_X_K,E_DI_LO,PC_ENT,DE,2015,42.10,,
ESTAT:ISOC_E_DII(1.0),27/02/26 11:00:00,A,10-49,C10-S951_X_K,E_DI_LO,PC_ENT,DE,2016,43.36,b,
ESTAT:ISOC_E_DII(1.0),27/02/26 11:00:00,A,10-49,C10-S951_X_K,E_DI_LO,PC_ENT,DE,2017,39.19,b,
ESTAT:ISOC_E_DII(1.0),27/02/26 11:00:00,A,10-49,C10-S951_X_K,E_DI_LO,PC_ENT,DE,2018,41.94,b,
ESTAT:ISOC_E_DII(1.0),27/02/26 11:00:00,A,10-49,C10-S951_X_K,E_DI_LO,PC_ENT,DE,2019,40.01,b,
ESTAT:ISOC_E_DII(1.0),27/02/26 11:00:00,A,10-49,C10-S951_X_K,E_DI_LO,PC_ENT,DK,2015,38.03,,
ESTAT:ISOC_E_DII(1.0),27/02/26 11:00:00,A,10-49,C10-S951_X_K,E_DI_LO,PC_ENT,DK,2016,36.91,b,
ESTAT:ISOC_E_DII(1.0),27/02/26 11:00:00,A,10-49,C10-S951_X_K,E_DI_LO,PC_ENT,DK,2017,41.37,b,
ESTAT:ISOC_E_DII(1.0),27/02/26 11:00:00,A,10-49,C10-S951_X_K,E_DI_LO,PC_ENT,DK,2018,39.54,b,
ESTAT:ISOC_E_DII(1.0),27/02/26 11:00:00,A,10-49,C10-S951_X_K,E_DI_LO,PC_ENT,DK,2019,35.09,b,
ESTAT:ISOC_E_DII(1.0),27/02/26 11:00:00,A,10-49,C10-S951_X_K,E_DI_LO,PC_ENT,EA,2015,38.27,,
ESTAT:ISOC_E_DII(1.0),27/02/26 11:00:00,A,10-49,C10-S951_X_K,E_DI_LO,PC_ENT,EA,2016,39.35,b,
ESTAT:ISOC_E_DII(1.0),27/02/26 11:00:00,A,10-49,C10-S951_X_K,E_DI_LO,PC_ENT,EA,2017,35.65,,
ESTAT:ISOC_E_DII(1.0),27/02/26 11:00:00,A,10-49,C10-S951_X_K,E_DI_LO,PC_ENT,EA,2018,36.17,,
ESTAT:ISOC_E_DII(1.0),27/02/26 11:00:00,A,10-49,C10-S951_X_K,E_DI_LO,PC_ENT,EA,2019,37.24,,
ESTAT:ISOC_E_DII(1.0),27/02/26 11:00:00,A,10-49,C10-S951_X_K,E_DI_LO,PC_ENT,EE,2015,39.68,,
ESTAT:ISOC_E_DII(1.0),27/02/26 11:00:00,A,10-49,C10-S951_X_K,E_DI_LO,PC_ENT,EE,2016,39.79,b,
ESTAT:ISOC_E_DII(1.0),27/02/26 11:00:00,A,10-49,C10-S951_X_K,E_DI_LO,PC_ENT,EE,2017,34.42,b,
ESTAT:ISOC_E_DII(1.0),27/02/26 11:00:00,A,10-49,C10-S951_X_K,E_DI_LO,PC_ENT,EE,2018,37.18,b,
ESTAT:ISOC_E_DII(1.0),27/02/26 11:00:00,A,10-49,C10-S951_X_K,E_DI_LO,PC_ENT,EE,2019,33.54,b,
ESTAT:ISOC_E_DII(1.0),27/02/26 11:00:00,A,10-49,C10-S951_X_K,E_DI_LO,PC_ENT,EL,2015,35.53,,
ESTAT:ISOC_E_DII(1.0),27/02/26 11:00:00,A,10-49,C10-S951_X_K,E_DI_LO,PC_ENT,EL,2016,36.70,b,
ESTAT:ISOC_E_DII(1.0),27/02/26 11:00:00,A,10-49,C10-S951_X_K,E_DI_LO,PC_ENT,EL,2017,32.00,b,
ESTAT:ISOC_E_DII(1.0),27/02/26 11:00:00,A,10-49,C10-S951_X_K,E_DI_LO,PC_ENT,EL,2018,28.79,b,
ESTAT:ISOC_E_DII(1.0),27/02/26 11:00:00,A,10-49,C10-S951_X_K,E_DI_LO,PC_ENT,EL,2019,24.27,b,
ESTAT:ISOC_E_DII(1.0),27/02/26 11:00:00,A,10-49,C10-S951_X_K,E_DI_LO,PC_ENT,ES,2015,36.65,,
ESTAT:ISOC_E_DII(1.0),27/02/26 11:00:00,A,10-49,C10-S951_X_K,E_DI_LO,PC_ENT,ES,2016,38.99,b,
ESTAT:ISOC_E_DII(1.0),27/02/26 11:00:00,A,10-49,C10-S951_X_K,E_DI_LO,PC_ENT,ES,2017,37.18,b,
ESTAT:ISOC_E_DII(1.0),27/02/26 11:00:00,A,10-49,C10-S951_X_K,E_DI_LO,PC_ENT,ES,2018,28.72,b,
ESTAT:ISOC_E_DII(1.0),27/02/26 11:00:00,A,10-49,C10-S951_X_K,E_DI_LO,PC_ENT,ES,2019,39.27,b,
ESTAT:ISOC_E_DII(1.0),27/02/26 11:00:00,A,10-49,C10-S951_X_K,E_DI_LO,PC_ENT,EU15,2015,38.99,,
ESTAT:ISOC_E_DII(1.0),27/02/26 11:00:00,A,10-49,C10-S951_X_K,E_DI_LO,PC_ENT,EU15,2016,40.00,b,
ESTAT:ISOC_E_DII(1.0),27/02/26 11:00:00,A,10-49,C10-S951_X_K,E_DI_LO,PC_ENT,EU15,2017,36.94,,
ESTAT:ISOC_E_DII(1.0),27/02/26 11:00:00,A,10-49,C10-S951_X_K,E_DI_LO,PC_ENT,EU15,2018,36.74,,
ESTAT:ISOC_E_DII(1.0),27/02/26 11:00:00,A,10-49,C10-S951_X_K,E_DI_LO,PC_ENT,EU27_2007,2015,37.30,,
ESTAT:ISOC_E_DII(1.0),27/02/26 11:00:00,A,10-49,C10-S951_X_K,E_DI_LO,PC_ENT,EU27_2007,2016,38.65,b,
ESTAT:ISOC_E_DII(1.0),27/02/26 11:00:00,A,10-49,C10-S951_X_K,E_DI_LO,PC_ENT,EU27_2007,2017,35.89,,
ESTAT:ISOC_E_DII(1.0),27/02/26 11:00:00,A,10-49,C10-S951_X_K,E_DI_LO,PC_ENT,EU27_2007,2018,35.48,,
ESTAT:ISOC_E_DII(1.0),27/02/26 11:00:00,A,10-49,C10-S951_X_K,E_DI_LO,PC_ENT,EU27_2020,2015,36.65,,
ESTAT:ISOC_E_DII(1.0),27/02/26 11:00:00,A,10-49,C10-S951_X_K,E_DI_LO,PC_ENT,EU27_2020,2016,37.90,,
ESTAT:ISOC_E_DII(1.0),27/02/26 11:00:00,A,10-49,C10-S951_X_K,E_DI_LO,PC_ENT,EU27_2020,2017,34.99,,
ESTAT:ISOC_E_DII(1.0),27/02/26 11:00:00,A,10-49,C10-S951_X_K,E_DI_LO,PC_ENT,EU27_2020,2018,34.91,,
ESTAT:ISOC_E_DII(1.0),27/02/26 11:00:00,A,10-49,C10-S951_X_K,E_DI_LO,PC_ENT,EU27_2020,2019,35.32,,
ESTAT:ISOC_E_DII(1.0),27/02/26 11:00:00,A,10-49,C10-S951_X_K,E_DI_LO,PC_ENT,EU28,2015,37.30,,
ESTAT:ISOC_E_DII(1.0),27/02/26 11:00:00,A,10-49,C10-S951_X_K,E_DI_LO,PC_ENT,EU28,2016,38.64,b,
ESTAT:ISOC_E_DII(1.0),27/02/26 11:00:00,A,10-49,C10-S951_X_K,E_DI_LO,PC_ENT,EU28,2017,35.87,,
ESTAT:ISOC_E_DII(1.0),27/02/26 11:00:00,A,10-49,C10-S951_X_K,E_DI_LO,PC_ENT,EU28,2018,35.46,,
ESTAT:ISOC_E_DII(1.0),27/02/26 11:00:00,A,10-49,C10-S951_X_K,E_DI_LO,PC_ENT,EU28,2019,35.66,,
ESTAT:ISOC_E_DII(1.0),27/02/26 11:00:00,A,10-49,C10-S951_X_K,E_DI_LO,PC_ENT,FI,2015,44.17,,
ESTAT:ISOC_E_DII(1.0),27/02/26 11:00:00,A,10-49,C10-S951_X_K,E_DI_LO,PC_ENT,FI,2016,42.17,b,
ESTAT:ISOC_E_DII(1.0),27/02/26 11:00:00,A,10-49,C10-S951_X_K,E_DI_LO,PC_ENT,FI,2017,50.04,b,
ESTAT:ISOC_E_DII(1.0),27/02/26 11:00:00,A,10-49,C10-S951_X_K,E_DI_LO,PC_ENT,FI,2018,42.42,b,
ESTAT:ISOC_E_DII(1.0),27/02/26 11:00:00,A,10-49,C10-S951_X_K,E_DI_LO,PC_ENT,FI,2019,35.90,b,
ESTAT:ISOC_E_DII(1.0),27/02/26 11:00:00,A,10-49,C10-S951_X_K,E_DI_LO,PC_ENT,FR,2015,33.90,,
ESTAT:ISOC_E_DII(1.0),27/02/26 11:00:00,A,10-49,C10-S951_X_K,E_DI_LO,PC_ENT,FR,2016,35.73,b,
ESTAT:ISOC_E_DII(1.0),27/02/26 11:00:00,A,10-49,C10-S951_X_K,E_DI_LO,PC_ENT,FR,2017,30.98,b,
ESTAT:ISOC_E_DII(1.0),27/02/26 11:00:00,A,10-49,C10-S951_X_K,E_DI_LO,PC_ENT,FR,2018,33.80,b,
ESTAT:ISOC_E_DII(1.0),27/02/26 11:00:00,A,10-49,C10-S951_X_K,E_DI_LO,PC_ENT,FR,2019,33.83,b,
ESTAT:ISOC_E_DII(1.0),27/02/26 11:00:00,A,10-49,C10-S951_X_K,E_DI_LO,PC_ENT,HR,2015,38.52,,
ESTAT:ISOC_E_DII(1.0),27/02/26 11:00:00,A,10-49,C10-S951_X_K,E_DI_LO,PC_ENT,HR,2016,38.39,b,
ESTAT:ISOC_E_DII(1.0),27/02/26 11:00:00,A,10-49,C10-S951_X_K,E_DI_LO,PC_ENT,HR,2017,33.40,b,
ESTAT:ISOC_E_DII(1.0),27/02/26 11:00:00,A,10-49,C10-S951_X_K,E_DI_LO,PC_ENT,HR,2018,32.58,b,
ESTAT:ISOC_E_DII(1.0),27/02/26 11:00:00,A,10-49,C10-S951_X_K,E_DI_LO,PC_ENT,HR,2019,30.85,b,
ESTAT:ISOC_E_DII(1.0),27/02/26 11:00:00,A,10-49,C10-S951_X_K,E_DI_LO,PC_ENT,HU,2015,30.51,,
ESTAT:ISOC_E_DII(1.0),27/02/26 11:00:00,A,10-49,C10-S951_X_K,E_DI_LO,PC_ENT,HU,2016,33.33,b,
ESTAT:ISOC_E_DII(1.0),27/02/26 11:00:00,A,10-49,C10-S951_X_K,E_DI_LO,PC_ENT,HU,2017,30.94,b,
ESTAT:ISOC_E_DII(1.0),27/02/26 11:00:00,A,10-49,C10-S951_X_K,E_DI_LO,PC_ENT,HU,2018,28.59,b,
ESTAT:ISOC_E_DII(1.0),27/02/26 11:00:00,A,10-49,C10-S951_X_K,E_DI_LO,PC_ENT,HU,2019,25.81,b,
ESTAT:ISOC_E_DII(1.0),27/02/26 11:00:00,A,10-49,C10-S951_X_K,E_DI_LO,PC_ENT,IE,2015,35.65,,
ESTAT:ISOC_E_DII(1.0),27/02/26 11:00:00,A,10-49,C10-S951_X_K,E_DI_LO,PC_ENT,IE,2016,37.78,b,
ESTAT:ISOC_E_DII(1.0),27/02/26 11:00:00,A,10-49,C10-S951_X_K,E_DI_LO,PC_ENT,IE,2017,36.01,b,
ESTAT:ISOC_E_DII(1.0),27/02/26 11:00:00,A,10-49,C10-S951_X_K,E_DI_LO,PC_ENT,IE,2018,38.04,b,
ESTAT:ISOC_E_DII(1.0),27/02/26 11:00:00,A,10-49,C10-S951_X_K,E_DI_LO,PC_ENT,IE,2019,38.61,b,
ESTAT:ISOC_E_DII(1.0),27/02/26 11:00:00,A,10-49,C10-S951_X_K,E_DI_LO,PC_ENT,IT,2015,36.86,,
ESTAT:ISOC_E_DII(1.0),27/02/26 11:00:00,A,10-49,C10-S951_X_K,E_DI_LO,PC_ENT,IT,2016,34.00,b,
ESTAT:ISOC_E_DII(1.0),27/02/26 11:00:00,A,10-49,C10-S951_X_K,E_DI_LO,PC_ENT,IT,2017,31.08,b,
ESTAT:ISOC_E_DII(1.0),27/02/26 11:00:00,A,10-49,C10-S951_X_K,E_DI_LO,PC_ENT,IT,2018,30.82,b,
ESTAT:ISOC_E_DII(1.0),27/02/26 11:00:00,A,10-49,C10-S951_X_K,E_DI_LO,PC_ENT,IT,2019,37.82,b,
ESTAT:ISOC_E_DII(1.0),27/02/26 11:00:00,A,10-49,C10-S951_X_K,E_DI_LO,PC_ENT,LT,2015,38.41,,
ESTAT:ISOC_E_DII(1.0),27/02/26 11:00:00,A,10-49,C10-S951_X_K,E_DI_LO,PC_ENT,LT,2016,39.33,b,
ESTAT:ISOC_E_DII(1.0),27/02/26 11:00:00,A,10-49,C10-S951_X_K,E_DI_LO,PC_ENT,LT,2017,37.06,b,
ESTAT:ISOC_E_DII(1.0),27/02/26 11:00:00,A,10-49,C10-S951_X_K,E_DI_LO,PC_ENT,LT,2018,40.42,b,
ESTAT:ISOC_E_DII(1.0),27/02/26 11:00:00,A,10-49,C10-S951_X_K,E_DI_LO,PC_ENT,LT,2019,37.96,b,
ESTAT:ISOC_E_DII(1.0),27/02/26 11:00:00,A,10-49,C10-S951_X_K,E_DI_LO,PC_ENT,LU,2015,39.71,,
ESTAT:ISOC_E_DII(1.0),27/02/26 11:00:00,A,10-49,C10-S951_X_K,E_DI_LO,PC_ENT,LU,2016,43.41,b,
ESTAT:ISOC_E_DII(1.0),27/02/26 11:00:00,A,10-49,C10-S951_X_K,E_DI_LO,PC_ENT,LU,2017,39.94,b,
ESTAT:ISOC_E_DII(1.0),27/02/26 11:00:00,A,10-49,C10-S951_X_K,E_DI_LO,PC_ENT,LU,2018,40.58,b,
ESTAT:ISOC_E_DII(1.0),27/02/26 11:00:00,A,10-49,C10-S951_X_K,E_DI_LO,PC_ENT,LU,2019,36.48,b,
ESTAT:ISOC_E_DII(1.0),27/02/26 11:00:00,A,10-49,C10-S951_X_K,E_DI_LO,PC_ENT,LV,2015,29.19,,
ESTAT:ISOC_E_DII(1.0),27/02/26 11:00:00,A,10-49,C10-S951_X_K,E_DI_LO,PC_ENT,LV,2016,33.44,b,
ESTAT:ISOC_E_DII(1.0),27/02/26 11:00:00,A,10-49,C10-S951_X_K,E_DI_LO,PC_ENT,LV,2017,26.57,b,
ESTAT:ISOC_E_DII(1.0),27/02/26 11:00:00,A,10-49,C10-S951_X_K,E_DI_LO,PC_ENT,LV,2018,30.01,b,
ESTAT:ISOC_E_DII(1.0),27/02/26 11:00:00,A,10-49,C10-S951_X_K,E_DI_LO,PC_ENT,LV,2019,31.60,b,
ESTAT:ISOC_E_DII(1.0),27/02/26 11:00:00,A,10-49,C10-S951_X_K,E_DI_LO,PC_ENT,ME,2017,37.48,b,
ESTAT:ISOC_E_DII(1.0),27/02/26 11:00:00,A,10-49,C10-S951_X_K,E_DI_LO,PC_ENT,ME,2018,41.40,b,
ESTAT:ISOC_E_DII(1.0),27/02/26 11:00:00,A,10-49,C10-S951_X_K,E_DI_LO,PC_ENT,ME,2019,31.32,b,
ESTAT:ISOC_E_DII(1.0),27/02/26 11:00:00,A,10-49,C10-S951_X_K,E_DI_LO,PC_ENT,MK,2015,31.54,,
ESTAT:ISOC_E_DII(1.0),27/02/26 11:00:00,A,10-49,C10-S951_X_K,E_DI_LO,PC_ENT,MK,2016,35.26,b,
ESTAT:ISOC_E_DII(1.0),27/02/26 11:00:00,A,10-49,C10-S951_X_K,E_DI_LO,PC_ENT,MT,2015,49.28,,
ESTAT:ISOC_E_DII(1.0),27/02/26 11:00:00,A,10-49,C10-S951_X_K,E_DI_LO,PC_ENT,MT,2016,45.03,b,
ESTAT:ISOC_E_DII(1.0),27/02/26 11:00:00,A,10-49,C10-S951_X_K,E_DI_LO,PC_ENT,MT,2017,42.88,b,
ESTAT:ISOC_E_DII(1.0),27/02/26 11:00:00,A,10-49,C10-S951_X_K,E_DI_LO,PC_ENT,MT,2018,38.59,b,
ESTAT:ISOC_E_DII(1.0),27/02/26 11:00:00,A,10-49,C10-S951_X_K,E_DI_LO,PC_ENT,MT,2019,38.30,b,
ESTAT:ISOC_E_DII(1.0),27/02/26 11:00:00,A,10-49,C10-S951_X_K,E_DI_LO,PC_ENT,NL,2015,40.90,,
ESTAT:ISOC_E_DII(1.0),27/02/26 11:00:00,A,10-49,C10-S951_X_K,E_DI_LO,PC_ENT,NL,2016,44.53,b,
ESTAT:ISOC_E_DII(1.0),27/02/26 11:00:00,A,10-49,C10-S951_X_K,E_DI_LO,PC_ENT,NL,2017,38.60,b,
ESTAT:ISOC_E_DII(1.0),27/02/26 11:00:00,A,10-49,C10-S951_X_K,E_DI_LO,PC_ENT,NL,2018,43.55,b,
ESTAT:ISOC_E_DII(1.0),27/02/26 11:00:00,A,10-49,C10-S951_X_K,E_DI_LO,PC_ENT,NL,2019,38.50,b,
ESTAT:ISOC_E_DII(1.0),27/02/26 11:00:00,A,10-49,C10-S951_X_K,E_DI_LO,PC_ENT,NO,2015,39.31,,
ESTAT:ISOC_E_DII(1.0),27/02/26 11:00:00,A,10-49,C10-S951_X_K,E_DI_LO,PC_ENT,NO,2016,38.25,b,
ESTAT:ISOC_E_DII(1.0),27/02/26 11:00:00,A,10-49,C10-S951_X_K,E_DI_LO,PC_ENT,NO,2017,41.17,b,
ESTAT:ISOC_E_DII(1.0),27/02/26 11:00:00,A,10-49,C10-S951_X_K,E_DI_LO,PC_ENT,NO,2018,32.57,b,
ESTAT:ISOC_E_DII(1.0),27/02/26 11:00:00,A,10-49,C10-S951_X_K,E_DI_LO,PC_ENT,NO,2019,44.32,b,
ESTAT:ISOC_E_DII(1.0),27/02/26 11:00:00,A,10-49,C10-S951_X_K,E_DI_LO,PC_ENT,PL,2015,28.49,,
ESTAT:ISOC_E_DII(1.0),27/02/26 11:00:00,A,10-49,C10-S951_X_K,E_DI_LO,PC_ENT,PL,2016,32.50,b,
ESTAT:ISOC_E_DII(1.0),27/02/26 11:00:00,A,10-49,C10-S951_X_K,E_DI_LO,PC_ENT,PL,2017,34.14,b,
ESTAT:ISOC_E_DII(1.0),27/02/26 11:00:00,A,10-49,C10-S951_X_K,E_DI_LO,PC_ENT,PL,2018,29.24,b,
ESTAT:ISOC_E_DII(1.0),27/02/26 11:00:00,A,10-49,C10-S951_X_K,E_DI_LO,PC_ENT,PL,2019,26.06,b,
ESTAT:ISOC_E_DII(1.0),27/02/26 11:00:00,A,10-49,C10-S951_X_K,E_DI_LO,PC_ENT,PT,2015,34.08,,
ESTAT:ISOC_E_DII(1.0),27/02/26 11:00:00,A,10-49,C10-S951_X_K,E_DI_LO,PC_ENT,PT,2016,35.03,b,
ESTAT:ISOC_E_DII(1.0),27/02/26 11:00:00,A,10-49,C10-S951_X_K,E_DI_LO,PC_ENT,PT,2017,36.08,b,
ESTAT:ISOC_E_DII(1.0),27/02/26 11:00:00,A,10-49,C10-S951_X_K,E_DI_LO,PC_ENT,PT,2018,32.18,b,
ESTAT:ISOC_E_DII(1.0),27/02/26 11:00:00,A,10-49,C10-S951_X_K,E_DI_LO,PC_ENT,PT,2019,35.43,b,
ESTAT:ISOC_E_DII(1.0),27/02/26 11:00:00,A,10-49,C10-S951_X_K,E_DI_LO,PC_ENT,RO,2015,24.16,,
ESTAT:ISOC_E_DII(1.0),27/02/26 11:00:00,A,10-49,C10-S951_X_K,E_DI_LO,PC_ENT,RO,2016,23.69,b,
ESTAT:ISOC_E_DII(1.0),27/02/26 11:00:00,A,10-49,C10-S951_X_K,E_DI_LO,PC_ENT,RO,2017,24.38,b,
ESTAT:ISOC_E_DII(1.0),27/02/26 11:00:00,A,10-49,C10-S951_X_K,E_DI_LO,PC_ENT,RO,2018,25.46,b,
ESTAT:ISOC_E_DII(1.0),27/02/26 11:00:00,A,10-49,C10-S951_X_K,E_DI_LO,PC_ENT,RO,2019,19.91,b,
ESTAT:ISOC_E_DII(1.0),27/02/26 11:00:00,A,10-49,C10-S951_X_K,E_DI_LO,PC_ENT,RS,2017,40.91,b,
ESTAT:ISOC_E_DII(1.0),27/02/26 11:00:00,A,10-49,C10-S951_X_K,E_DI_LO,PC_ENT,RS,2018,36.48,b,
ESTAT:ISOC_E_DII(1.0),27/02/26 11:00:00,A,10-49,C10-S951_X_K,E_DI_LO,PC_ENT,RS,2019,37.78,b,
ESTAT:ISOC_E_DII(1.0),27/02/26 11:00:00,A,10-49,C10-S951_X_K,E_DI_LO,PC_ENT,SE,2015,43.87,,
ESTAT:ISOC_E_DII(1.0),27/02/26 11:00:00,A,10-49,C10-S951_X_K,E_DI_LO,PC_ENT,SE,2016,39.63,b,
ESTAT:ISOC_E_DII(1.0),27/02/26 11:00:00,A,10-49,C10-S951_X_K,E_DI_LO,PC_ENT,SE,2017,43.17,b,
ESTAT:ISOC_E_DII(1.0),27/02/26 11:00:00,A,10-49,C10-S951_X_K,E_DI_LO,PC_ENT,SE,2018,38.99,b,
ESTAT:ISOC_E_DII(1.0),27/02/26 11:00:00,A,10-49,C10-S951_X_K,E_DI_LO,PC_ENT,SE,2019,35.45,b,
ESTAT:ISOC_E_DII(1.0),27/02/26 11:00:00,A,10-49,C10-S951_X_K,E_DI_LO,PC_ENT,SI,2015,34.50,,
ESTAT:ISOC_E_DII(1.0),27/02/26 11:00:00,A,10-49,C10-S951_X_K,E_DI_LO,PC_ENT,SI,2016,42.74,b,
ESTAT:ISOC_E_DII(1.0),27/02/26 11:00:00,A,10-49,C10-S951_X_K,E_DI_LO,PC_ENT,SI,2017,35.68,b,
ESTAT:ISOC_E_DII(1.0),27/02/26 11:00:00,A,10-49,C10-S951_X_K,E_DI_LO,PC_ENT,SI,2018,41.03,b,
ESTAT:ISOC_E_DII(1.0),27/02/26 11:00:00,A,10-49,C10-S951_X_K,E_DI_LO,PC_ENT,SI,2019,32.42,b,
ESTAT:ISOC_E_DII(1.0),27/02/26 11:00:00,A,10-49,C10-S951_X_K,E_DI_LO,PC_ENT,SK,2015,44.01,,
ESTAT:ISOC_E_DII(1.0),27/02/26 11:00:00,A,10-49,C10-S951_X_K,E_DI_LO,PC_ENT,SK,2016,43.70,b,
ESTAT:ISOC_E_DII(1.0),27/02/26 11:00:00,A,10-49,C10-S951_X_K,E_DI_LO,PC_ENT,SK,2017,36.62,b,
ESTAT:ISOC_E_DII(1.0),27/02/26 11:00:00,A,10-49,C10-S951_X_K,E_DI_LO,PC_ENT,SK,2018,34.74,b,
ESTAT:ISOC_E_DII(1.0),27/02/26 11:00:00,A,10-49,C10-S951_X_K,E_DI_LO,PC_ENT,SK,2019,32.01,b,
ESTAT:ISOC_E_DII(1.0),27/02/26 11:00:00,A,10-49,C10-S951_X_K,E_DI_LO,PC_ENT,TR,2017,21.94,b,
ESTAT:ISOC_E_DII(1.0),27/02/26 11:00:00,A,10-49,C10-S951_X_K,E_DI_LO,PC_ENT,TR,2018,12.76,b,
ESTAT:ISOC_E_DII(1.0),27/02/26 11:00:00,A,10-49,C10-S951_X_K,E_DI_LO,PC_ENT,UK,2015,41.55,,
ESTAT:ISOC_E_DII(1.0),27/02/26 11:00:00,A,10-49,C10-S951_X_K,E_DI_LO,PC_ENT,UK,2016,43.66,b,
ESTAT:ISOC_E_DII(1.0),27/02/26 11:00:00,A,10-49,C10-S951_X_K,E_DI_LO,PC_ENT,UK,2017,41.87,b,
ESTAT:ISOC_E_DII(1.0),27/02/26 11:00:00,A,10-49,C10-S951_X_K,E_DI_LO,PC_ENT,UK,2018,39.21,b,
ESTAT:ISOC_E_DII(1.0),27/02/26 11:00:00,A,10-49,C10-S951_X_K,E_DI_LO,PC_ENT,UK,2019,38.02,b,
ESTAT:ISOC_E_DII(1.0),27/02/26 11:00:00,A,10-49,C10-S951_X_K,E_DI_VHI,PC_ENT,AT,2015,1.79,,
ESTAT:ISOC_E_DII(1.0),27/02/26 11:00:00,A,10-49,C10-S951_X_K,E_DI_VHI,PC_ENT,AT,2016,1.37,b,
ESTAT:ISOC_E_DII(1.0),27/02/26 11:00:00,A,10-49,C10-S951_X_K,E_DI_VHI,PC_ENT,AT,2017,1.88,b,
ESTAT:ISOC_E_DII(1.0),27/02/26 11:00:00,A,10-49,C10-S951_X_K,E_DI_VHI,PC_ENT,AT,2018,1.48,b,
ESTAT:ISOC_E_DII(1.0),27/02/26 11:00:00,A,10-49,C10-S951_X_K,E_DI_VHI,PC_ENT,AT,2019,6.12,b,
ESTAT:ISOC_E_DII(1.0),27/02/26 11:00:00,A,10-49,C10-S951_X_K,E_DI_VHI,PC_ENT,BA,2018,1.75,b,
ESTAT:ISOC_E_DII(1.0),27/02/26 11:00:00,A,10-49,C10-S951_X_K,E_DI_VHI,PC_ENT,BA,2019,1.65,b,
ESTAT:ISOC_E_DII(1.0),27/02/26 11:00:00,A,10-49,C10-S951_X_K,E_DI_VHI,PC_ENT,BE,2015,4.40,,
ESTAT:ISOC_E_DII(1.0),27/02/26 11:00:00,A,10-49,C10-S951_X_K,E_DI_VHI,PC_ENT,BE,2016,2.45,b,
ESTAT:ISOC_E_DII(1.0),27/02/26 11:00:00,A,10-49,C10-S951_X_K,E_DI_VHI,PC_ENT,BE,2017,3.87,b,
ESTAT:ISOC_E_DII(1.0),27/02/26 11:00:00,A,10-49,C10-S951_X_K,E_DI_VHI,PC_ENT,BE,2018,3.83,b,
ESTAT:ISOC_E_DII(1.0),27/02/26 11:00:00,A,10-49,C10-S951_X_K,E_DI_VHI,PC_ENT,BE,2019,6.54,b,
ESTAT:ISOC_E_DII(1.0),27/02/26 11:00:00,A,10-49,C10-S951_X_K,E_DI_VHI,PC_ENT,BG,2015,1.03,,
ESTAT:ISOC_E_DII(1.0),27/02/26 11:00:00,A,10-49,C10-S951_X_K,E_DI_VHI,PC_ENT,BG,2016,0.69,b,
ESTAT:ISOC_E_DII(1.0),27/02/26 11:00:00,A,10-49,C10-S951_X_K,E_DI_VHI,PC_ENT,BG,2017,0.90,b,
ESTAT:ISOC_E_DII(1.0),27/02/26 11:00:00,A,10-49,C10-S951_X_K,E_DI_VHI,PC_ENT,BG,2018,0.63,b,
ESTAT:ISOC_E_DII(1.0),27/02/26 11:00:00,A,10-49,C10-S951_X_K,E_DI_VHI,PC_ENT,BG,2019,1.01,b,
ESTAT:ISOC_E_DII(1.0),27/02/26 11:00:00,A,10-49,C10-S951_X_K,E_DI_VHI,PC_ENT,CY,2015,1.14,,
ESTAT:ISOC_E_DII(1.0),27/02/26 11:00:00,A,10-49,C10-S951_X_K,E_DI_VHI,PC_ENT,CY,2016,0.35,b,
ESTAT:ISOC_E_DII(1.0),27/02/26 11:00:00,A,10-49,C10-S951_X_K,E_DI_VHI,PC_ENT,CY,2017,1.04,b,
ESTAT:ISOC_E_DII(1.0),27/02/26 11:00:00,A,10-49,C10-S951_X_K,E_DI_VHI,PC_ENT,CY,2018,0.91,b,
ESTAT:ISOC_E_DII(1.0),27/02/26 11:00:00,A,10-49,C10-S951_X_K,E_DI_VHI,PC_ENT,CY,2019,1.85,b,
ESTAT:ISOC_E_DII(1.0),27/02/26 11:00:00,A,10-49,C10-S951_X_K,E_DI_VHI,PC_ENT,CZ,2015,2.63,,
ESTAT:ISOC_E_DII(1.0),27/02/26 11:00:00,A,10-49,C10-S951_X_K,E_DI_VHI,PC_ENT,CZ,2016,2.04,b,
ESTAT:ISOC_E_DII(1.0),27/02/26 11:00:00,A,10-49,C10-S951_X_K,E_DI_VHI,PC_ENT,CZ,2017,2.44,b,
ESTAT:ISOC_E_DII(1.0),27/02/26 11:00:00,A,10-49,C10-S951_X_K,E_DI_VHI,PC_ENT,CZ,2018,1.93,b,
ESTAT:ISOC_E_DII(1.0),27/02/26 11:00:00,A,10-49,C10-S951_X_K,E_DI_VHI,PC_ENT,CZ,2019,5.34,b,
ESTAT:ISOC_E_DII(1.0),27/02/26 11:00:00,A,10-49,C10-S951_X_K,E_DI_VHI,PC_ENT,DE,2015,1.35,,
ESTAT:ISOC_E_DII(1.0),27/02/26 11:00:00,A,10-49,C10-S951_X_K,E_DI_VHI,PC_ENT,DE,2016,0.30,b,
ESTAT:ISOC_E_DII(1.0),27/02/26 11:00:00,A,10-49,C10-S951_X_K,E_DI_VHI,PC_ENT,DE,2017,2.65,b,
ESTAT:ISOC_E_DII(1.0),27/02/26 11:00:00,A,10-49,C10-S951_X_K,E_DI_VHI,PC_ENT,DE,2018,0.82,b,
ESTAT:ISOC_E_DII(1.0),27/02/26 11:00:00,A,10-49,C10-S951_X_K,E_DI_VHI,PC_ENT,DE,2019,3.66,b,
ESTAT:ISOC_E_DII(1.0),27/02/26 11:00:00,A,10-49,C10-S951_X_K,E_DI_VHI,PC_ENT,DK,2015,8.17,,
ESTAT:ISOC_E_DII(1.0),27/02/26 11:00:00,A,10-49,C10-S951_X_K,E_DI_VHI,PC_ENT,DK,2016,9.94,b,
ESTAT:ISOC_E_DII(1.0),27/02/26 11:00:00,A,10-49,C10-S951_X_K,E_DI_VHI,PC_ENT,DK,2017,6.61,b,
ESTAT:ISOC_E_DII(1.0),27/02/26 11:00:00,A,10-49,C10-S951_X_K,E_DI_VHI,PC_ENT,DK,2018,8.94,b,
ESTAT:ISOC_E_DII(1.0),27/02/26 11:00:00,A,10-49,C10-S951_X_K,E_DI_VHI,PC_ENT,DK,2019,9.63,b,
ESTAT:ISOC_E_DII(1.0),27/02/26 11:00:00,A,10-49,C10-S951_X_K,E_DI_VHI,PC_ENT,EA,2015,1.70,,
ESTAT:ISOC_E_DII(1.0),27/02/26 11:00:00,A,10-49,C10-S951_X_K,E_DI_VHI,PC_ENT,EA,2016,1.10,b,
ESTAT:ISOC_E_DII(1.0),27/02/26 11:00:00,A,10-49,C10-S951_X_K,E_DI_VHI,PC_ENT,EA,2017,2.11,,
ESTAT:ISOC_E_DII(1.0),27/02/26 11:00:00,A,10-49,C10-S951_X_K,E_DI_VHI,PC_ENT,EA,2018,1.26,,
ESTAT:ISOC_E_DII(1.0),27/02/26 11:00:00,A,10-49,C10-S951_X_K,E_DI_VHI,PC_ENT,EA,2019,2.95,,
ESTAT:ISOC_E_DII(1.0),27/02/26 11:00:00,A,10-49,C10-S951_X_K,E_DI_VHI,PC_ENT,EE,2015,2.44,,
ESTAT:ISOC_E_DII(1.0),27/02/26 11:00:00,A,10-49,C10-S951_X_K,E_DI_VHI,PC_ENT,EE,2016,1.80,b,
ESTAT:ISOC_E_DII(1.0),27/02/26 11:00:00,A,10-49,C10-S951_X_K,E_DI_VHI,PC_ENT,EE,2017,1.69,b,
ESTAT:ISOC_E_DII(1.0),27/02/26 11:00:00,A,10-49,C10-S951_X_K,E_DI_VHI,PC_ENT,EE,2018,2.43,b,
ESTAT:ISOC_E_DII(1.0),27/02/26 11:00:00,A,10-49,C10-S951_X_K,E_DI_VHI,PC_ENT,EE,2019,2.89,b,
ESTAT:ISOC_E_DII(1.0),27/02/26 11:00:00,A,10-49,C10-S951_X_K,E_DI_VHI,PC_ENT,EL,2015,0,,
ESTAT:ISOC_E_DII(1.0),27/02/26 11:00:00,A,10-49,C10-S951_X_K,E_DI_VHI,PC_ENT,EL,2016,1.37,b,
ESTAT:ISOC_E_DII(1.0),27/02/26 11:00:00,A,10-49,C10-S951_X_K,E_DI_VHI,PC_ENT,EL,2017,0.92,b,
ESTAT:ISOC_E_DII(1.0),27/02/26 11:00:00,A,10-49,C10-S951_X_K,E_DI_VHI,PC_ENT,EL,2018,0.69,b,
ESTAT:ISOC_E_DII(1.0),27/02/26 11:00:00,A,10-49,C10-S951_X_K,E_DI_VHI,PC_ENT,EL,2019,0.03,b,
ESTAT:ISOC_E_DII(1.0),27/02/26 11:00:00,A,10-49,C10-S951_X_K,E_DI_VHI,PC_ENT,ES,2015,2.96,,
ESTAT:ISOC_E_DII(1.0),27/02/26 11:00:00,A,10-49,C10-S951_X_K,E_DI_VHI,PC_ENT,ES,2016,2.13,b,
ESTAT:ISOC_E_DII(1.0),27/02/26 11:00:00,A,10-49,C10-S951_X_K,E_DI_VHI,PC_ENT,ES,2017,3.14,b,
ESTAT:ISOC_E_DII(1.0),27/02/26 11:00:00,A,10-49,C10-S951_X_K,E_DI_VHI,PC_ENT,ES,2018,0.83,b,
ESTAT:ISOC_E_DII(1.0),27/02/26 11:00:00,A,10-49,C10-S951_X_K,E_DI_VHI,PC_ENT,ES,2019,2.21,b,
ESTAT:ISOC_E_DII(1.0),27/02/26 11:00:00,A,10-49,C10-S951_X_K,E_DI_VHI,PC_ENT,EU15,2015,1.60,,
ESTAT:ISOC_E_DII(1.0),27/02/26 11:00:00,A,10-49,C10-S951_X_K,E_DI_VHI,PC_ENT,EU15,2016,1.26,b,
ESTAT:ISOC_E_DII(1.0),27/02/26 11:00:00,A,10-49,C10-S951_X_K,E_DI_VHI,PC_ENT,EU15,2017,1.89,,
ESTAT:ISOC_E_DII(1.0),27/02/26 11:00:00,A,10-49,C10-S951_X_K,E_DI_VHI,PC_ENT,EU15,2018,1.50,,
ESTAT:ISOC_E_DII(1.0),27/02/26 11:00:00,A,10-49,C10-S951_X_K,E_DI_VHI,PC_ENT,EU27_2007,2015,1.62,,
ESTAT:ISOC_E_DII(1.0),27/02/26 11:00:00,A,10-49,C10-S951_X_K,E_DI_VHI,PC_ENT,EU27_2007,2016,1.26,b,
ESTAT:ISOC_E_DII(1.0),27/02/26 11:00:00,A,10-49,C10-S951_X_K,E_DI_VHI,PC_ENT,EU27_2007,2017,1.83,,
ESTAT:ISOC_E_DII(1.0),27/02/26 11:00:00,A,10-49,C10-S951_X_K,E_DI_VHI,PC_ENT,EU27_2007,2018,1.46,,
ESTAT:ISOC_E_DII(1.0),27/02/26 11:00:00,A,10-49,C10-S951_X_K,E_DI_VHI,PC_ENT,EU27_2020,2015,1.73,,
ESTAT:ISOC_E_DII(1.0),27/02/26 11:00:00,A,10-49,C10-S951_X_K,E_DI_VHI,PC_ENT,EU27_2020,2016,1.33,,
ESTAT:ISOC_E_DII(1.0),27/02/26 11:00:00,A,10-49,C10-S951_X_K,E_DI_VHI,PC_ENT,EU27_2020,2017,2.05,,
ESTAT:ISOC_E_DII(1.0),27/02/26 11:00:00,A,10-49,C10-S951_X_K,E_DI_VHI,PC_ENT,EU27_2020,2018,1.42,,
ESTAT:ISOC_E_DII(1.0),27/02/26 11:00:00,A,10-49,C10-S951_X_K,E_DI_VHI,PC_ENT,EU27_2020,2019,2.89,,
ESTAT:ISOC_E_DII(1.0),27/02/26 11:00:00,A,10-49,C10-S951_X_K,E_DI_VHI,PC_ENT,EU28,2015,1.62,,
ESTAT:ISOC_E_DII(1.0),27/02/26 11:00:00,A,10-49,C10-S951_X_K,E_DI_VHI,PC_ENT,EU28,2016,1.27,b,
ESTAT:ISOC_E_DII(1.0),27/02/26 11:00:00,A,10-49,C10-S951_X_K,E_DI_VHI,PC_ENT,EU28,2017,1.83,,
ESTAT:ISOC_E_DII(1.0),27/02/26 11:00:00,A,10-49,C10-S951_X_K,E_DI_VHI,PC_ENT,EU28,2018,1.46,,
ESTAT:ISOC_E_DII(1.0),27/02/26 11:00:00,A,10-49,C10-S951_X_K,E_DI_VHI,PC_ENT,EU28,2019,2.87,,
ESTAT:ISOC_E_DII(1.0),27/02/26 11:00:00,A,10-49,C10-S951_X_K,E_DI_VHI,PC_ENT,FI,2015,4.42,,
ESTAT:ISOC_E_DII(1.0),27/02/26 11:00:00,A,10-49,C10-S951_X_K,E_DI_VHI,PC_ENT,FI,2016,8.44,b,
ESTAT:ISOC_E_DII(1.0),27/02/26 11:00:00,A,10-49,C10-S951_X_K,E_DI_VHI,PC_ENT,FI,2017,0.97,b,
ESTAT:ISOC_E_DII(1.0),27/02/26 11:00:00,A,10-49,C10-S951_X_K,E_DI_VHI,PC_ENT,FI,2018,8.96,b,
ESTAT:ISOC_E_DII(1.0),27/02/26 11:00:00,A,10-49,C10-S951_X_K,E_DI_VHI,PC_ENT,FI,2019,6.67,b,
ESTAT:ISOC_E_DII(1.0),27/02/26 11:00:00,A,10-49,C10-S951_X_K,E_DI_VHI,PC_ENT,FR,2015,1.15,,
ESTAT:ISOC_E_DII(1.0),27/02/26 11:00:00,A,10-49,C10-S951_X_K,E_DI_VHI,PC_ENT,FR,2016,0.56,b,
ESTAT:ISOC_E_DII(1.0),27/02/26 11:00:00,A,10-49,C10-S951_X_K,E_DI_VHI,PC_ENT,FR,2017,1.24,b,
ESTAT:ISOC_E_DII(1.0),27/02/26 11:00:00,A,10-49,C10-S951_X_K,E_DI_VHI,PC_ENT,FR,2018,0.69,b,
ESTAT:ISOC_E_DII(1.0),27/02/26 11:00:00,A,10-49,C10-S951_X_K,E_DI_VHI,PC_ENT,FR,2019,1.80,b,
ESTAT:ISOC_E_DII(1.0),27/02/26 11:00:00,A,10-49,C10-S951_X_K,E_DI_VHI,PC_ENT,HR,2015,1.60,,
ESTAT:ISOC_E_DII(1.0),27/02/26 11:00:00,A,10-49,C10-S951_X_K,E_DI_VHI,PC_ENT,HR,2016,2.08,b,
ESTAT:ISOC_E_DII(1.0),27/02/26 11:00:00,A,10-49,C10-S951_X_K,E_DI_VHI,PC_ENT,HR,2017,1.10,b,
ESTAT:ISOC_E_DII(1.0),27/02/26 11:00:00,A,10-49,C10-S951_X_K,E_DI_VHI,PC_ENT,HR,2018,1.33,b,
ESTAT:ISOC_E_DII(1.0),27/02/26 11:00:00,A,10-49,C10-S951_X_K,E_DI_VHI,PC_ENT,HR,2019,2.85,b,
ESTAT:ISOC_E_DII(1.0),27/02/26 11:00:00,A,10-49,C10-S951_X_K,E_DI_VHI,PC_ENT,HU,2015,0.98,,
ESTAT:ISOC_E_DII(1.0),27/02/26 11:00:00,A,10-49,C10-S951_X_K,E_DI_VHI,PC_ENT,HU,2016,1.41,b,
ESTAT:ISOC_E_DII(1.0),27/02/26 11:00:00,A,10-49,C10-S951_X_K,E_DI_VHI,PC_ENT,HU,2017,1.10,b,
ESTAT:ISOC_E_DII(1.0),27/02/26 11:00:00,A,10-49,C10-S951_X_K,E_DI_VHI,PC_ENT,HU,2018,1.53,b,
ESTAT:ISOC_E_DII(1.0),27/02/26 11:00:00,A,10-49,C10-S951_X_K,E_DI_VHI,PC_ENT,HU,2019,1.35,b,
ESTAT:ISOC_E_DII(1.0),27/02/26 11:00:00,A,10-49,C10-S951_X_K,E_DI_VHI,PC_ENT,IE,2015,2.36,,
ESTAT:ISOC_E_DII(1.0),27/02/26 11:00:00,A,10-49,C10-S951_X_K,E_DI_VHI,PC_ENT,IE,2016,1.25,b,
ESTAT:ISOC_E_DII(1.0),27/02/26 11:00:00,A,10-49,C10-S951_X_K,E_DI_VHI,PC_ENT,IE,2017,1.76,b,
ESTAT:ISOC_E_DII(1.0),27/02/26 11:00:00,A,10-49,C10-S951_X_K,E_DI_VHI,PC_ENT,IE,2018,2.40,b,
ESTAT:ISOC_E_DII(1.0),27/02/26 11:00:00,A,10-49,C10-S951_X_K,E_DI_VHI,PC_ENT,IE,2019,3.65,b,
ESTAT:ISOC_E_DII(1.0),27/02/26 11:00:00,A,10-49,C10-S951_X_K,E_DI_VHI,PC_ENT,IT,2015,0.55,,
ESTAT:ISOC_E_DII(1.0),27/02/26 11:00:00,A,10-49,C10-S951_X_K,E_DI_VHI,PC_ENT,IT,2016,0.55,b,
ESTAT:ISOC_E_DII(1.0),27/02/26 11:00:00,A,10-49,C10-S951_X_K,E_DI_VHI,PC_ENT,IT,2017,0.70,b,
ESTAT:ISOC_E_DII(1.0),27/02/26 11:00:00,A,10-49,C10-S951_X_K,E_DI_VHI,PC_ENT,IT,2018,0.97,b,
ESTAT:ISOC_E_DII(1.0),27/02/26 11:00:00,A,10-49,C10-S951_X_K,E_DI_VHI,PC_ENT,IT,2019,1.93,b,
ESTAT:ISOC_E_DII(1.0),27/02/26 11:00:00,A,10-49,C10-S951_X_K,E_DI_VHI,PC_ENT,LT,2015,5.50,,
ESTAT:ISOC_E_DII(1.0),27/02/26 11:00:00,A,10-49,C10-S951_X_K,E_DI_VHI,PC_ENT,LT,2016,3.96,b,
ESTAT:ISOC_E_DII(1.0),27/02/26 11:00:00,A,10-49,C10-S951_X_K,E_DI_VHI,PC_ENT,LT,2017,5.92,b,
ESTAT:ISOC_E_DII(1.0),27/02/26 11:00:00,A,10-49,C10-S951_X_K,E_DI_VHI,PC_ENT,LT,2018,4.46,b,
ESTAT:ISOC_E_DII(1.0),27/02/26 11:00:00,A,10-49,C10-S951_X_K,E_DI_VHI,PC_ENT,LT,2019,6.77,b,
ESTAT:ISOC_E_DII(1.0),27/02/26 11:00:00,A,10-49,C10-S951_X_K,E_DI_VHI,PC_ENT,LU,2015,1.49,,
ESTAT:ISOC_E_DII(1.0),27/02/26 11:00:00,A,10-49,C10-S951_X_K,E_DI_VHI,PC_ENT,LU,2016,0.74,b,
ESTAT:ISOC_E_DII(1.0),27/02/26 11:00:00,A,10-49,C10-S951_X_K,E_DI_VHI,PC_ENT,LU,2017,1.93,b,
ESTAT:ISOC_E_DII(1.0),27/02/26 11:00:00,A,10-49,C10-S951_X_K,E_DI_VHI,PC_ENT,LU,2018,1.07,b,
ESTAT:ISOC_E_DII(1.0),27/02/26 11:00:00,A,10-49,C10-S951_X_K,E_DI_VHI,PC_ENT,LU,2019,2.31,b,
ESTAT:ISOC_E_DII(1.0),27/02/26 11:00:00,A,10-49,C10-S951_X_K,E_DI_VHI,PC_ENT,LV,2015,1.29,,
ESTAT:ISOC_E_DII(1.0),27/02/26 11:00:00,A,10-49,C10-S951_X_K,E_DI_VHI,PC_ENT,LV,2016,0.67,b,
ESTAT:ISOC_E_DII(1.0),27/02/26 11:00:00,A,10-49,C10-S951_X_K,E_DI_VHI,PC_ENT,LV,2017,1.02,b,
ESTAT:ISOC_E_DII(1.0),27/02/26 11:00:00,A,10-49,C10-S951_X_K,E_DI_VHI,PC_ENT,LV,2018,0.18,b,
ESTAT:ISOC_E_DII(1.0),27/02/26 11:00:00,A,10-49,C10-S951_X_K,E_DI_VHI,PC_ENT,LV,2019,0.48,b,
ESTAT:ISOC_E_DII(1.0),27/02/26 11:00:00,A,10-49,C10-S951_X_K,E_DI_VHI,PC_ENT,ME,2017,0.23,b,
ESTAT:ISOC_E_DII(1.0),27/02/26 11:00:00,A,10-49,C10-S951_X_K,E_DI_VHI,PC_ENT,ME,2018,0.14,b,
ESTAT:ISOC_E_DII(1.0),27/02/26 11:00:00,A,10-49,C10-S951_X_K,E_DI_VHI,PC_ENT,ME,2019,,bu,
ESTAT:ISOC_E_DII(1.0),27/02/26 11:00:00,A,10-49,C10-S951_X_K,E_DI_VHI,PC_ENT,MK,2015,0.74,,
ESTAT:ISOC_E_DII(1.0),27/02/26 11:00:00,A,10-49,C10-S951_X_K,E_DI_VHI,PC_ENT,MK,2016,0.30,b,
ESTAT:ISOC_E_DII(1.0),27/02/26 11:00:00,A,10-49,C10-S951_X_K,E_DI_VHI,PC_ENT,MT,2015,3.72,,
ESTAT:ISOC_E_DII(1.0),27/02/26 11:00:00,A,10-49,C10-S951_X_K,E_DI_VHI,PC_ENT,MT,2016,2.45,b,
ESTAT:ISOC_E_DII(1.0),27/02/26 11:00:00,A,10-49,C10-S951_X_K,E_DI_VHI,PC_ENT,MT,2017,3.16,b,
ESTAT:ISOC_E_DII(1.0),27/02/26 11:00:00,A,10-49,C10-S951_X_K,E_DI_VHI,PC_ENT,MT,2018,4.34,b,
ESTAT:ISOC_E_DII(1.0),27/02/26 11:00:00,A,10-49,C10-S951_X_K,E_DI_VHI,PC_ENT,MT,2019,5.81,b,
ESTAT:ISOC_E_DII(1.0),27/02/26 11:00:00,A,10-49,C10-S951_X_K,E_DI_VHI,PC_ENT,NL,2015,4.82,,
ESTAT:ISOC_E_DII(1.0),27/02/26 11:00:00,A,10-49,C10-S951_X_K,E_DI_VHI,PC_ENT,NL,2016,3.30,b,
ESTAT:ISOC_E_DII(1.0),27/02/26 11:00:00,A,10-49,C10-S951_X_K,E_DI_VHI,PC_ENT,NL,2017,4.17,b,
ESTAT:ISOC_E_DII(1.0),27/02/26 11:00:00,A,10-49,C10-S951_X_K,E_DI_VHI,PC_ENT,NL,2018,3.39,b,
ESTAT:ISOC_E_DII(1.0),27/02/26 11:00:00,A,10-49,C10-S951_X_K,E_DI_VHI,PC_ENT,NL,2019,4.02,b,
ESTAT:ISOC_E_DII(1.0),27/02/26 11:00:00,A,10-49,C10-S951_X_K,E_DI_VHI,PC_ENT,NO,2015,5.45,,
ESTAT:ISOC_E_DII(1.0),27/02/26 11:00:00,A,10-49,C10-S951_X_K,E_DI_VHI,PC_ENT,NO,2016,8.49,b,
ESTAT:ISOC_E_DII(1.0),27/02/26 11:00:00,A,10-49,C10-S951_X_K,E_DI_VHI,PC_ENT,NO,2017,3.75,b,
ESTAT:ISOC_E_DII(1.0),27/02/26 11:00:00,A,10-49,C10-S951_X_K,E_DI_VHI,PC_ENT,NO,2018,5.28,b,
ESTAT:ISOC_E_DII(1.0),27/02/26 11:00:00,A,10-49,C10-S951_X_K,E_DI_VHI,PC_ENT,NO,2019,3.50,b,
ESTAT:ISOC_E_DII(1.0),27/02/26 11:00:00,A,10-49,C10-S951_X_K,E_DI_VHI,PC_ENT,PL,2015,1.36,,
ESTAT:ISOC_E_DII(1.0),27/02/26 11:00:00,A,10-49,C10-S951_X_K,E_DI_VHI,PC_ENT,PL,2016,1.00,b,
ESTAT:ISOC_E_DII(1.0),27/02/26 11:00:00,A,10-49,C10-S951_X_K,E_DI_VHI,PC_ENT,PL,2017,0.99,b,
ESTAT:ISOC_E_DII(1.0),27/02/26 11:00:00,A,10-49,C10-S951_X_K,E_DI_VHI,PC_ENT,PL,2018,0.86,b,
ESTAT:ISOC_E_DII(1.0),27/02/26 11:00:00,A,10-49,C10-S951_X_K,E_DI_VHI,PC_ENT,PL,2019,0.59,b,
ESTAT:ISOC_E_DII(1.0),27/02/26 11:00:00,A,10-49,C10-S951_X_K,E_DI_VHI,PC_ENT,PT,2015,1.33,,
ESTAT:ISOC_E_DII(1.0),27/02/26 11:00:00,A,10-49,C10-S951_X_K,E_DI_VHI,PC_ENT,PT,2016,1.73,b,
ESTAT:ISOC_E_DII(1.0),27/02/26 11:00:00,A,10-49,C10-S951_X_K,E_DI_VHI,PC_ENT,PT,2017,3.31,b,
ESTAT:ISOC_E_DII(1.0),27/02/26 11:00:00,A,10-49,C10-S951_X_K,E_DI_VHI,PC_ENT,PT,2018,0.90,b,
ESTAT:ISOC_E_DII(1.0),27/02/26 11:00:00,A,10-49,C10-S951_X_K,E_DI_VHI,PC_ENT,PT,2019,2.82,b,
ESTAT:ISOC_E_DII(1.0),27/02/26 11:00:00,A,10-49,C10-S951_X_K,E_DI_VHI,PC_ENT,RO,2015,1.70,,
ESTAT:ISOC_E_DII(1.0),27/02/26 11:00:00,A,10-49,C10-S951_X_K,E_DI_VHI,PC_ENT,RO,2016,0.85,b,
ESTAT:ISOC_E_DII(1.0),27/02/26 11:00:00,A,10-49,C10-S951_X_K,E_DI_VHI,PC_ENT,RO,2017,1.67,b,
ESTAT:ISOC_E_DII(1.0),27/02/26 11:00:00,A,10-49,C10-S951_X_K,E_DI_VHI,PC_ENT,RO,2018,0.95,b,
ESTAT:ISOC_E_DII(1.0),27/02/26 11:00:00,A,10-49,C10-S951_X_K,E_DI_VHI,PC_ENT,RO,2019,0.63,b,
ESTAT:ISOC_E_DII(1.0),27/02/26 11:00:00,A,10-49,C10-S951_X_K,E_DI_VHI,PC_ENT,RS,2017,1.54,b,
ESTAT:ISOC_E_DII(1.0),27/02/26 11:00:00,A,10-49,C10-S951_X_K,E_DI_VHI,PC_ENT,RS,2018,2.01,b,
ESTAT:ISOC_E_DII(1.0),27/02/26 11:00:00,A,10-49,C10-S951_X_K,E_DI_VHI,PC_ENT,RS,2019,3.26,b,
ESTAT:ISOC_E_DII(1.0),27/02/26 11:00:00,A,10-49,C10-S951_X_K,E_DI_VHI,PC_ENT,SE,2015,0.95,,
ESTAT:ISOC_E_DII(1.0),27/02/26 11:00:00,A,10-49,C10-S951_X_K,E_DI_VHI,PC_ENT,SE,2016,6.17,b,
ESTAT:ISOC_E_DII(1.0),27/02/26 11:00:00,A,10-49,C10-S951_X_K,E_DI_VHI,PC_ENT,SE,2017,3.37,b,
ESTAT:ISOC_E_DII(1.0),27/02/26 11:00:00,A,10-49,C10-S951_X_K,E_DI_VHI,PC_ENT,SE,2018,5.29,b,
ESTAT:ISOC_E_DII(1.0),27/02/26 11:00:00,A,10-49,C10-S951_X_K,E_DI_VHI,PC_ENT,SE,2019,8.00,b,
ESTAT:ISOC_E_DII(1.0),27/02/26 11:00:00,A,10-49,C10-S951_X_K,E_DI_VHI,PC_ENT,SI,2015,1.23,,
ESTAT:ISOC_E_DII(1.0),27/02/26 11:00:00,A,10-49,C10-S951_X_K,E_DI_VHI,PC_ENT,SI,2016,0.82,b,
ESTAT:ISOC_E_DII(1.0),27/02/26 11:00:00,A,10-49,C10-S951_X_K,E_DI_VHI,PC_ENT,SI,2017,2.34,b,
ESTAT:ISOC_E_DII(1.0),27/02/26 11:00:00,A,10-49,C10-S951_X_K,E_DI_VHI,PC_ENT,SI,2018,2.44,b,
ESTAT:ISOC_E_DII(1.0),27/02/26 11:00:00,A,10-49,C10-S951_X_K,E_DI_VHI,PC_ENT,SI,2019,2.58,b,
ESTAT:ISOC_E_DII(1.0),27/02/26 11:00:00,A,10-49,C10-S951_X_K,E_DI_VHI,PC_ENT,SK,2015,1.53,,
ESTAT:ISOC_E_DII(1.0),27/02/26 11:00:00,A,10-49,C10-S951_X_K,E_DI_VHI,PC_ENT,SK,2016,0.84,b,
ESTAT:ISOC_E_DII(1.0),27/02/26 11:00:00,A,10-49,C10-S951_X_K,E_DI_VHI,PC_ENT,SK,2017,1.15,b,
ESTAT:ISOC_E_DII(1.0),27/02/26 11:00:00,A,10-49,C10-S951_X_K,E_DI_VHI,PC_ENT,SK,2018,0.74,b,
ESTAT:ISOC_E_DII(1.0),27/02/26 11:00:00,A,10-49,C10-S951_X_K,E_DI_VHI,PC_ENT,SK,2019,1.71,b,
ESTAT:ISOC_E_DII(1.0),27/02/26 11:00:00,A,10-49,C10-S951_X_K,E_DI_VHI,PC_ENT,TR,2017,0.45,b,
ESTAT:ISOC_E_DII(1.0),27/02/26 11:00:00,A,10-49,C10-S951_X_K,E_DI_VHI,PC_ENT,UK,2015,0.93,,
ESTAT:ISOC_E_DII(1.0),27/02/26 11:00:00,A,10-49,C10-S951_X_K,E_DI_VHI,PC_ENT,UK,2016,0.83,b,
ESTAT:ISOC_E_DII(1.0),27/02/26 11:00:00,A,10-49,C10-S951_X_K,E_DI_VHI,PC_ENT,UK,2017,0.30,b,
ESTAT:ISOC_E_DII(1.0),27/02/26 11:00:00,A,10-49,C10-S951_X_K,E_DI_VHI,PC_ENT,UK,2018,1.75,b,
ESTAT:ISOC_E_DII(1.0),27/02/26 11:00:00,A,10-49,C10-S951_X_K,E_DI_VHI,PC_ENT,UK,2019,2.73,b,
ESTAT:ISOC_E_DII(1.0),27/02/26 11:00:00,A,10-49,C10-S951_X_K,E_DI_VLO,PC_ENT,AT,2015,31.02,,
ESTAT:ISOC_E_DII(1.0),27/02/26 11:00:00,A,10-49,C10-S951_X_K,E_DI_VLO,PC_ENT,AT,2016,35.37,b,
ESTAT:ISOC_E_DII(1.0),27/02/26 11:00:00,A,10-49,C10-S951_X_K,E_DI_VLO,PC_ENT,AT,2017,41.50,b,
ESTAT:ISOC_E_DII(1.0),27/02/26 11:00:00,A,10-49,C10-S951_X_K,E_DI_VLO,PC_ENT,AT,2018,43.83,b,
ESTAT:ISOC_E_DII(1.0),27/02/26 11:00:00,A,10-49,C10-S951_X_K,E_DI_VLO,PC_ENT,AT,2019,33.96,b,
ESTAT:ISOC_E_DII(1.0),27/02/26 11:00:00,A,10-49,C10-S951_X_K,E_DI_VLO,PC_ENT,BA,2018,57.94,b,
ESTAT:ISOC_E_DII(1.0),27/02/26 11:00:00,A,10-49,C10-S951_X_K,E_DI_VLO,PC_ENT,BA,2019,56.77,b,
ESTAT:ISOC_E_DII(1.0),27/02/26 11:00:00,A,10-49,C10-S951_X_K,E_DI_VLO,PC_ENT,BE,2015,29.91,,
ESTAT:ISOC_E_DII(1.0),27/02/26 11:00:00,A,10-49,C10-S951_X_K,E_DI_VLO,PC_ENT,BE,2016,31.35,b,
ESTAT:ISOC_E_DII(1.0),27/02/26 11:00:00,A,10-49,C10-S951_X_K,E_DI_VLO,PC_ENT,BE,2017,31.73,b,
ESTAT:ISOC_E_DII(1.0),27/02/26 11:00:00,A,10-49,C10-S951_X_K,E_DI_VLO,PC_ENT,BE,2018,35.99,b,
ESTAT:ISOC_E_DII(1.0),27/02/26 11:00:00,A,10-49,C10-S951_X_K,E_DI_VLO,PC_ENT,BE,2019,28.90,b,
ESTAT:ISOC_E_DII(1.0),27/02/26 11:00:00,A,10-49,C10-S951_X_K,E_DI_VLO,PC_ENT,BG,2015,63.26,,
ESTAT:ISOC_E_DII(1.0),27/02/26 11:00:00,A,10-49,C10-S951_X_K,E_DI_VLO,PC_ENT,BG,2016,65.90,b,
ESTAT:ISOC_E_DII(1.0),27/02/26 11:00:00,A,10-49,C10-S951_X_K,E_DI_VLO,PC_ENT,BG,2017,66.26,b,
ESTAT:ISOC_E_DII(1.0),27/02/26 11:00:00,A,10-49,C10-S951_X_K,E_DI_VLO,PC_ENT,BG,2018,69.82,b,
ESTAT:ISOC_E_DII(1.0),27/02/26 11:00:00,A,10-49,C10-S951_X_K,E_DI_VLO,PC_ENT,BG,2019,64.23,b,
ESTAT:ISOC_E_DII(1.0),27/02/26 11:00:00,A,10-49,C10-S951_X_K,E_DI_VLO,PC_ENT,CY,2015,50.16,,
ESTAT:ISOC_E_DII(1.0),27/02/26 11:00:00,A,10-49,C10-S951_X_K,E_DI_VLO,PC_ENT,CY,2016,51.07,b,
ESTAT:ISOC_E_DII(1.0),27/02/26 11:00:00,A,10-49,C10-S951_X_K,E_DI_VLO,PC_ENT,CY,2017,44.73,b,
ESTAT:ISOC_E_DII(1.0),27/02/26 11:00:00,A,10-49,C10-S951_X_K,E_DI_VLO,PC_ENT,CY,2018,48.85,b,
ESTAT:ISOC_E_DII(1.0),27/02/26 11:00:00,A,10-49,C10-S951_X_K,E_DI_VLO,PC_ENT,CY,2019,40.97,b,
ESTAT:ISOC_E_DII(1.0),27/02/26 11:00:00,A,10-49,C10-S951_X_K,E_DI_VLO,PC_ENT,CZ,2015,47.53,,
ESTAT:ISOC_E_DII(1.0),27/02/26 11:00:00,A,10-49,C10-S951_X_K,E_DI_VLO,PC_ENT,CZ,2016,39.83,b,
ESTAT:ISOC_E_DII(1.0),27/02/26 11:00:00,A,10-49,C10-S951_X_K,E_DI_VLO,PC_ENT,CZ,2017,52.02,b,
ESTAT:ISOC_E_DII(1.0),27/02/26 11:00:00,A,10-49,C10-S951_X_K,E_DI_VLO,PC_ENT,CZ,2018,51.87,b,
ESTAT:ISOC_E_DII(1.0),27/02/26 11:00:00,A,10-49,C10-S951_X_K,E_DI_VLO,PC_ENT,CZ,2019,29.76,b,
ESTAT:ISOC_E_DII(1.0),27/02/26 11:00:00,A,10-49,C10-S951_X_K,E_DI_VLO,PC_ENT,DE,2015,39.74,,
ESTAT:ISOC_E_DII(1.0),27/02/26 11:00:00,A,10-49,C10-S951_X_K,E_DI_VLO,PC_ENT,DE,2016,43.84,b,
ESTAT:ISOC_E_DII(1.0),27/02/26 11:00:00,A,10-49,C10-S951_X_K,E_DI_VLO,PC_ENT,DE,2017,37.80,b,
ESTAT:ISOC_E_DII(1.0),27/02/26 11:00:00,A,10-49,C10-S951_X_K,E_DI_VLO,PC_ENT,DE,2018,44.59,b,
ESTAT:ISOC_E_DII(1.0),27/02/26 11:00:00,A,10-49,C10-S951_X_K,E_DI_VLO,PC_ENT,DE,2019,36.27,b,
ESTAT:ISOC_E_DII(1.0),27/02/26 11:00:00,A,10-49,C10-S951_X_K,E_DI_VLO,PC_ENT,DK,2015,19.74,,
ESTAT:ISOC_E_DII(1.0),27/02/26 11:00:00,A,10-49,C10-S951_X_K,E_DI_VLO,PC_ENT,DK,2016,12.38,b,
ESTAT:ISOC_E_DII(1.0),27/02/26 11:00:00,A,10-49,C10-S951_X_K,E_DI_VLO,PC_ENT,DK,2017,22.08,b,
ESTAT:ISOC_E_DII(1.0),27/02/26 11:00:00,A,10-49,C10-S951_X_K,E_DI_VLO,PC_ENT,DK,2018,15.25,b,
ESTAT:ISOC_E_DII(1.0),27/02/26 11:00:00,A,10-49,C10-S951_X_K,E_DI_VLO,PC_ENT,DK,2019,17.12,b,
ESTAT:ISOC_E_DII(1.0),27/02/26 11:00:00,A,10-49,C10-S951_X_K,E_DI_VLO,PC_ENT,EA,2015,43.63,,
ESTAT:ISOC_E_DII(1.0),27/02/26 11:00:00,A,10-49,C10-S951_X_K,E_DI_VLO,PC_ENT,EA,2016,44.98,b,
ESTAT:ISOC_E_DII(1.0),27/02/26 11:00:00,A,10-49,C10-S951_X_K,E_DI_VLO,PC_ENT,EA,2017,44.79,,
ESTAT:ISOC_E_DII(1.0),27/02/26 11:00:00,A,10-49,C10-S951_X_K,E_DI_VLO,PC_ENT,EA,2018,49.46,,
ESTAT:ISOC_E_DII(1.0),27/02/26 11:00:00,A,10-49,C10-S951_X_K,E_DI_VLO,PC_ENT,EA,2019,40.24,,
ESTAT:ISOC_E_DII(1.0),27/02/26 11:00:00,A,10-49,C10-S951_X_K,E_DI_VLO,PC_ENT,EE,2015,42.56,,
ESTAT:ISOC_E_DII(1.0),27/02/26 11:00:00,A,10-49,C10-S951_X_K,E_DI_VLO,PC_ENT,EE,2016,40.92,b,
ESTAT:ISOC_E_DII(1.0),27/02/26 11:00:00,A,10-49,C10-S951_X_K,E_DI_VLO,PC_ENT,EE,2017,46.91,b,
ESTAT:ISOC_E_DII(1.0),27/02/26 11:00:00,A,10-49,C10-S951_X_K,E_DI_VLO,PC_ENT,EE,2018,45.47,b,
ESTAT:ISOC_E_DII(1.0),27/02/26 11:00:00,A,10-49,C10-S951_X_K,E_DI_VLO,PC_ENT,EE,2019,48.19,b,
ESTAT:ISOC_E_DII(1.0),27/02/26 11:00:00,A,10-49,C10-S951_X_K,E_DI_VLO,PC_ENT,EL,2015,57.60,,
ESTAT:ISOC_E_DII(1.0),27/02/26 11:00:00,A,10-49,C10-S951_X_K,E_DI_VLO,PC_ENT,EL,2016,46.19,b,
ESTAT:ISOC_E_DII(1.0),27/02/26 11:00:00,A,10-49,C10-S951_X_K,E_DI_VLO,PC_ENT,EL,2017,56.84,b,
ESTAT:ISOC_E_DII(1.0),27/02/26 11:00:00,A,10-49,C10-S951_X_K,E_DI_VLO,PC_ENT,EL,2018,63.97,b,
ESTAT:ISOC_E_DII(1.0),27/02/26 11:00:00,A,10-49,C10-S951_X_K,E_DI_VLO,PC_ENT,EL,2019,70.50,b,
ESTAT:ISOC_E_DII(1.0),27/02/26 11:00:00,A,10-49,C10-S951_X_K,E_DI_VLO,PC_ENT,ES,2015,40.91,,
ESTAT:ISOC_E_DII(1.0),27/02/26 11:00:00,A,10-49,C10-S951_X_K,E_DI_VLO,PC_ENT,ES,2016,39.29,b,
ESTAT:ISOC_E_DII(1.0),27/02/26 11:00:00,A,10-49,C10-S951_X_K,E_DI_VLO,PC_ENT,ES,2017,38.29,b,
ESTAT:ISOC_E_DII(1.0),27/02/26 11:00:00,A,10-49,C10-S951_X_K,E_DI_VLO,PC_ENT,ES,2018,60.43,b,
ESTAT:ISOC_E_DII(1.0),27/02/26 11:00:00,A,10-49,C10-S951_X_K,E_DI_VLO,PC_ENT,ES,2019,38.20,b,
ESTAT:ISOC_E_DII(1.0),27/02/26 11:00:00,A,10-49,C10-S951_X_K,E_DI_VLO,PC_ENT,EU15,2015,42.54,,
ESTAT:ISOC_E_DII(1.0),27/02/26 11:00:00,A,10-49,C10-S951_X_K,E_DI_VLO,PC_ENT,EU15,2016,42.77,b,
ESTAT:ISOC_E_DII(1.0),27/02/26 11:00:00,A,10-49,C10-S951_X_K,E_DI_VLO,PC_ENT,EU15,2017,44.14,,
ESTAT:ISOC_E_DII(1.0),27/02/26 11:00:00,A,10-49,C10-S951_X_K,E_DI_VLO,PC_ENT,EU15,2018,47.36,,
ESTAT:ISOC_E_DII(1.0),27/02/26 11:00:00,A,10-49,C10-S951_X_K,E_DI_VLO,PC_ENT,EU27_2007,2015,45.28,,
ESTAT:ISOC_E_DII(1.0),27/02/26 11:00:00,A,10-49,C10-S951_X_K,E_DI_VLO,PC_ENT,EU27_2007,2016,44.96,b,
ESTAT:ISOC_E_DII(1.0),27/02/26 11:00:00,A,10-49,C10-S951_X_K,E_DI_VLO,PC_ENT,EU27_2007,2017,46.29,,
ESTAT:ISOC_E_DII(1.0),27/02/26 11:00:00,A,10-49,C10-S951_X_K,E_DI_VLO,PC_ENT,EU27_2007,2018,49.37,,
ESTAT:ISOC_E_DII(1.0),27/02/26 11:00:00,A,10-49,C10-S951_X_K,E_DI_VLO,PC_ENT,EU27_2020,2015,45.90,,
ESTAT:ISOC_E_DII(1.0),27/02/26 11:00:00,A,10-49,C10-S951_X_K,E_DI_VLO,PC_ENT,EU27_2020,2016,46.19,,
ESTAT:ISOC_E_DII(1.0),27/02/26 11:00:00,A,10-49,C10-S951_X_K,E_DI_VLO,PC_ENT,EU27_2020,2017,46.46,,
ESTAT:ISOC_E_DII(1.0),27/02/26 11:00:00,A,10-49,C10-S951_X_K,E_DI_VLO,PC_ENT,EU27_2020,2018,50.43,,
ESTAT:ISOC_E_DII(1.0),27/02/26 11:00:00,A,10-49,C10-S951_X_K,E_DI_VLO,PC_ENT,EU27_2020,2019,43.13,,
ESTAT:ISOC_E_DII(1.0),27/02/26 11:00:00,A,10-49,C10-S951_X_K,E_DI_VLO,PC_ENT,EU28,2015,45.28,,
ESTAT:ISOC_E_DII(1.0),27/02/26 11:00:00,A,10-49,C10-S951_X_K,E_DI_VLO,PC_ENT,EU28,2016,44.96,b,
ESTAT:ISOC_E_DII(1.0),27/02/26 11:00:00,A,10-49,C10-S951_X_K,E_DI_VLO,PC_ENT,EU28,2017,46.34,,
ESTAT:ISOC_E_DII(1.0),27/02/26 11:00:00,A,10-49,C10-S951_X_K,E_DI_VLO,PC_ENT,EU28,2018,49.40,,
ESTAT:ISOC_E_DII(1.0),27/02/26 11:00:00,A,10-49,C10-S951_X_K,E_DI_VLO,PC_ENT,EU28,2019,42.31,,
ESTAT:ISOC_E_DII(1.0),27/02/26 11:00:00,A,10-49,C10-S951_X_K,E_DI_VLO,PC_ENT,FI,2015,25.47,,
ESTAT:ISOC_E_DII(1.0),27/02/26 11:00:00,A,10-49,C10-S951_X_K,E_DI_VLO,PC_ENT,FI,2016,13.53,b,
ESTAT:ISOC_E_DII(1.0),27/02/26 11:00:00,A,10-49,C10-S951_X_K,E_DI_VLO,PC_ENT,FI,2017,18.29,b,
ESTAT:ISOC_E_DII(1.0),27/02/26 11:00:00,A,10-49,C10-S951_X_K,E_DI_VLO,PC_ENT,FI,2018,12.60,b,
ESTAT:ISOC_E_DII(1.0),27/02/26 11:00:00,A,10-49,C10-S951_X_K,E_DI_VLO,PC_ENT,FI,2019,17.37,b,
ESTAT:ISOC_E_DII(1.0),27/02/26 11:00:00,A,10-49,C10-S951_X_K,E_DI_VLO,PC_ENT,FR,2015,49.89,,
ESTAT:ISOC_E_DII(1.0),27/02/26 11:00:00,A,10-49,C10-S951_X_K,E_DI_VLO,PC_ENT,FR,2016,52.59,b,
ESTAT:ISOC_E_DII(1.0),27/02/26 11:00:00,A,10-49,C10-S951_X_K,E_DI_VLO,PC_ENT,FR,2017,55.32,b,
ESTAT:ISOC_E_DII(1.0),27/02/26 11:00:00,A,10-49,C10-S951_X_K,E_DI_VLO,PC_ENT,FR,2018,54.57,b,
ESTAT:ISOC_E_DII(1.0),27/02/26 11:00:00,A,10-49,C10-S951_X_K,E_DI_VLO,PC_ENT,FR,2019,46.40,b,
ESTAT:ISOC_E_DII(1.0),27/02/26 11:00:00,A,10-49,C10-S951_X_K,E_DI_VLO,PC_ENT,HR,2015,44.91,,
ESTAT:ISOC_E_DII(1.0),27/02/26 11:00:00,A,10-49,C10-S951_X_K,E_DI_VLO,PC_ENT,HR,2016,44.24,b,
ESTAT:ISOC_E_DII(1.0),27/02/26 11:00:00,A,10-49,C10-S951_X_K,E_DI_VLO,PC_ENT,HR,2017,52.57,b,
ESTAT:ISOC_E_DII(1.0),27/02/26 11:00:00,A,10-49,C10-S951_X_K,E_DI_VLO,PC_ENT,HR,2018,54.16,b,
ESTAT:ISOC_E_DII(1.0),27/02/26 11:00:00,A,10-49,C10-S951_X_K,E_DI_VLO,PC_ENT,HR,2019,48.85,b,
ESTAT:ISOC_E_DII(1.0),27/02/26 11:00:00,A,10-49,C10-S951_X_K,E_DI_VLO,PC_ENT,HU,2015,57.83,,
ESTAT:ISOC_E_DII(1.0),27/02/26 11:00:00,A,10-49,C10-S951_X_K,E_DI_VLO,PC_ENT,HU,2016,52.66,b,
ESTAT:ISOC_E_DII(1.0),27/02/26 11:00:00,A,10-49,C10-S951_X_K,E_DI_VLO,PC_ENT,HU,2017,56.22,b,
ESTAT:ISOC_E_DII(1.0),27/02/26 11:00:00,A,10-49,C10-S951_X_K,E_DI_VLO,PC_ENT,HU,2018,58.27,b,
ESTAT:ISOC_E_DII(1.0),27/02/26 11:00:00,A,10-49,C10-S951_X_K,E_DI_VLO,PC_ENT,HU,2019,60.88,b,
ESTAT:ISOC_E_DII(1.0),27/02/26 11:00:00,A,10-49,C10-S951_X_K,E_DI_VLO,PC_ENT,IE,2015,44.68,,
ESTAT:ISOC_E_DII(1.0),27/02/26 11:00:00,A,10-49,C10-S951_X_K,E_DI_VLO,PC_ENT,IE,2016,43.92,b,
ESTAT:ISOC_E_DII(1.0),27/02/26 11:00:00,A,10-49,C10-S951_X_K,E_DI_VLO,PC_ENT,IE,2017,43.14,b,
ESTAT:ISOC_E_DII(1.0),27/02/26 11:00:00,A,10-49,C10-S951_X_K,E_DI_VLO,PC_ENT,IE,2018,36.96,b,
ESTAT:ISOC_E_DII(1.0),27/02/26 11:00:00,A,10-49,C10-S951_X_K,E_DI_VLO,PC_ENT,IE,2019,33.63,b,
ESTAT:ISOC_E_DII(1.0),27/02/26 11:00:00,A,10-49,C10-S951_X_K,E_DI_VLO,PC_ENT,IT,2015,52.32,,
ESTAT:ISOC_E_DII(1.0),27/02/26 11:00:00,A,10-49,C10-S951_X_K,E_DI_VLO,PC_ENT,IT,2016,55.32,b,
ESTAT:ISOC_E_DII(1.0),27/02/26 11:00:00,A,10-49,C10-S951_X_K,E_DI_VLO,PC_ENT,IT,2017,58.10,b,
ESTAT:ISOC_E_DII(1.0),27/02/26 11:00:00,A,10-49,C10-S951_X_K,E_DI_VLO,PC_ENT,IT,2018,56.96,b,
ESTAT:ISOC_E_DII(1.0),27/02/26 11:00:00,A,10-49,C10-S951_X_K,E_DI_VLO,PC_ENT,IT,2019,44.30,b,
ESTAT:ISOC_E_DII(1.0),27/02/26 11:00:00,A,10-49,C10-S951_X_K,E_DI_VLO,PC_ENT,LT,2015,36.57,,
ESTAT:ISOC_E_DII(1.0),27/02/26 11:00:00,A,10-49,C10-S951_X_K,E_DI_VLO,PC_ENT,LT,2016,37.46,b,
ESTAT:ISOC_E_DII(1.0),27/02/26 11:00:00,A,10-49,C10-S951_X_K,E_DI_VLO,PC_ENT,LT,2017,34.88,b,
ESTAT:ISOC_E_DII(1.0),27/02/26 11:00:00,A,10-49,C10-S951_X_K,E_DI_VLO,PC_ENT,LT,2018,35.33,b,
ESTAT:ISOC_E_DII(1.0),27/02/26 11:00:00,A,10-49,C10-S951_X_K,E_DI_VLO,PC_ENT,LT,2019,31.33,b,
ESTAT:ISOC_E_DII(1.0),27/02/26 11:00:00,A,10-49,C10-S951_X_K,E_DI_VLO,PC_ENT,LU,2015,39.66,,
ESTAT:ISOC_E_DII(1.0),27/02/26 11:00:00,A,10-49,C10-S951_X_K,E_DI_VLO,PC_ENT,LU,2016,38.03,b,
ESTAT:ISOC_E_DII(1.0),27/02/26 11:00:00,A,10-49,C10-S951_X_K,E_DI_VLO,PC_ENT,LU,2017,39.12,b,
ESTAT:ISOC_E_DII(1.0),27/02/26 11:00:00,A,10-49,C10-S951_X_K,E_DI_VLO,PC_ENT,LU,2018,41.37,b,
ESTAT:ISOC_E_DII(1.0),27/02/26 11:00:00,A,10-49,C10-S951_X_K,E_DI_VLO,PC_ENT,LU,2019,36.88,b,
ESTAT:ISOC_E_DII(1.0),27/02/26 11:00:00,A,10-49,C10-S951_X_K,E_DI_VLO,PC_ENT,LV,2015,60.05,,
ESTAT:ISOC_E_DII(1.0),27/02/26 11:00:00,A,10-49,C10-S951_X_K,E_DI_VLO,PC_ENT,LV,2016,57.42,b,
ESTAT:ISOC_E_DII(1.0),27/02/26 11:00:00,A,10-49,C10-S951_X_K,E_DI_VLO,PC_ENT,LV,2017,64.33,b,
ESTAT:ISOC_E_DII(1.0),27/02/26 11:00:00,A,10-49,C10-S951_X_K,E_DI_VLO,PC_ENT,LV,2018,62.10,b,
ESTAT:ISOC_E_DII(1.0),27/02/26 11:00:00,A,10-49,C10-S951_X_K,E_DI_VLO,PC_ENT,LV,2019,57.17,b,
ESTAT:ISOC_E_DII(1.0),27/02/26 11:00:00,A,10-49,C10-S951_X_K,E_DI_VLO,PC_ENT,ME,2017,43.52,b,
ESTAT:ISOC_E_DII(1.0),27/02/26 11:00:00,A,10-49,C10-S951_X_K,E_DI_VLO,PC_ENT,ME,2018,44.81,b,
ESTAT:ISOC_E_DII(1.0),27/02/26 11:00:00,A,10-49,C10-S951_X_K,E_DI_VLO,PC_ENT,ME,2019,43.74,b,
ESTAT:ISOC_E_DII(1.0),27/02/26 11:00:00,A,10-49,C10-S951_X_K,E_DI_VLO,PC_ENT,MK,2015,56.14,,
ESTAT:ISOC_E_DII(1.0),27/02/26 11:00:00,A,10-49,C10-S951_X_K,E_DI_VLO,PC_ENT,MK,2016,52.28,b,
ESTAT:ISOC_E_DII(1.0),27/02/26 11:00:00,A,10-49,C10-S951_X_K,E_DI_VLO,PC_ENT,MT,2015,26.04,,
ESTAT:ISOC_E_DII(1.0),27/02/26 11:00:00,A,10-49,C10-S951_X_K,E_DI_VLO,PC_ENT,MT,2016,26.19,b,
ESTAT:ISOC_E_DII(1.0),27/02/26 11:00:00,A,10-49,C10-S951_X_K,E_DI_VLO,PC_ENT,MT,2017,35.40,b,
ESTAT:ISOC_E_DII(1.0),27/02/26 11:00:00,A,10-49,C10-S951_X_K,E_DI_VLO,PC_ENT,MT,2018,32.38,b,
ESTAT:ISOC_E_DII(1.0),27/02/26 11:00:00,A,10-49,C10-S951_X_K,E_DI_VLO,PC_ENT,MT,2019,25.08,b,
ESTAT:ISOC_E_DII(1.0),27/02/26 11:00:00,A,10-49,C10-S951_X_K,E_DI_VLO,PC_ENT,NL,2015,21.94,,
ESTAT:ISOC_E_DII(1.0),27/02/26 11:00:00,A,10-49,C10-S951_X_K,E_DI_VLO,PC_ENT,NL,2016,23.34,b,
ESTAT:ISOC_E_DII(1.0),27/02/26 11:00:00,A,10-49,C10-S951_X_K,E_DI_VLO,PC_ENT,NL,2017,26.85,b,
ESTAT:ISOC_E_DII(1.0),27/02/26 11:00:00,A,10-49,C10-S951_X_K,E_DI_VLO,PC_ENT,NL,2018,24.01,b,
ESTAT:ISOC_E_DII(1.0),27/02/26 11:00:00,A,10-49,C10-S951_X_K,E_DI_VLO,PC_ENT,NL,2019,27.42,b,
ESTAT:ISOC_E_DII(1.0),27/02/26 11:00:00,A,10-49,C10-S951_X_K,E_DI_VLO,PC_ENT,NO,2015,26.23,,
ESTAT:ISOC_E_DII(1.0),27/02/26 11:00:00,A,10-49,C10-S951_X_K,E_DI_VLO,PC_ENT,NO,2016,20.82,b,
ESTAT:ISOC_E_DII(1.0),27/02/26 11:00:00,A,10-49,C10-S951_X_K,E_DI_VLO,PC_ENT,NO,2017,30.58,b,
ESTAT:ISOC_E_DII(1.0),27/02/26 11:00:00,A,10-49,C10-S951_X_K,E_DI_VLO,PC_ENT,NO,2018,31.11,b,
ESTAT:ISOC_E_DII(1.0),27/02/26 11:00:00,A,10-49,C10-S951_X_K,E_DI_VLO,PC_ENT,NO,2019,27.33,b,
ESTAT:ISOC_E_DII(1.0),27/02/26 11:00:00,A,10-49,C10-S951_X_K,E_DI_VLO,PC_ENT,PL,2015,59.77,,
ESTAT:ISOC_E_DII(1.0),27/02/26 11:00:00,A,10-49,C10-S951_X_K,E_DI_VLO,PC_ENT,PL,2016,56.37,b,
ESTAT:ISOC_E_DII(1.0),27/02/26 11:00:00,A,10-49,C10-S951_X_K,E_DI_VLO,PC_ENT,PL,2017,54.16,b,
ESTAT:ISOC_E_DII(1.0),27/02/26 11:00:00,A,10-49,C10-S951_X_K,E_DI_VLO,PC_ENT,PL,2018,60.83,b,
ESTAT:ISOC_E_DII(1.0),27/02/26 11:00:00,A,10-49,C10-S951_X_K,E_DI_VLO,PC_ENT,PL,2019,66.45,b,
ESTAT:ISOC_E_DII(1.0),27/02/26 11:00:00,A,10-49,C10-S951_X_K,E_DI_VLO,PC_ENT,PT,2015,51.01,,
ESTAT:ISOC_E_DII(1.0),27/02/26 11:00:00,A,10-49,C10-S951_X_K,E_DI_VLO,PC_ENT,PT,2016,46.00,b,
ESTAT:ISOC_E_DII(1.0),27/02/26 11:00:00,A,10-49,C10-S951_X_K,E_DI_VLO,PC_ENT,PT,2017,42.11,b,
ESTAT:ISOC_E_DII(1.0),27/02/26 11:00:00,A,10-49,C10-S951_X_K,E_DI_VLO,PC_ENT,PT,2018,54.88,b,
ESTAT:ISOC_E_DII(1.0),27/02/26 11:00:00,A,10-49,C10-S951_X_K,E_DI_VLO,PC_ENT,PT,2019,43.91,b,
ESTAT:ISOC_E_DII(1.0),27/02/26 11:00:00,A,10-49,C10-S951_X_K,E_DI_VLO,PC_ENT,RO,2015,65.26,,
ESTAT:ISOC_E_DII(1.0),27/02/26 11:00:00,A,10-49,C10-S951_X_K,E_DI_VLO,PC_ENT,RO,2016,69.09,b,
ESTAT:ISOC_E_DII(1.0),27/02/26 11:00:00,A,10-49,C10-S951_X_K,E_DI_VLO,PC_ENT,RO,2017,65.51,b,
ESTAT:ISOC_E_DII(1.0),27/02/26 11:00:00,A,10-49,C10-S951_X_K,E_DI_VLO,PC_ENT,RO,2018,64.17,b,
ESTAT:ISOC_E_DII(1.0),27/02/26 11:00:00,A,10-49,C10-S951_X_K,E_DI_VLO,PC_ENT,RO,2019,71.55,b,
ESTAT:ISOC_E_DII(1.0),27/02/26 11:00:00,A,10-49,C10-S951_X_K,E_DI_VLO,PC_ENT,RS,2017,39.65,b,
ESTAT:ISOC_E_DII(1.0),27/02/26 11:00:00,A,10-49,C10-S951_X_K,E_DI_VLO,PC_ENT,RS,2018,44.42,b,
ESTAT:ISOC_E_DII(1.0),27/02/26 11:00:00,A,10-49,C10-S951_X_K,E_DI_VLO,PC_ENT,RS,2019,40.91,b,
ESTAT:ISOC_E_DII(1.0),27/02/26 11:00:00,A,10-49,C10-S951_X_K,E_DI_VLO,PC_ENT,SE,2015,30.99,,
ESTAT:ISOC_E_DII(1.0),27/02/26 11:00:00,A,10-49,C10-S951_X_K,E_DI_VLO,PC_ENT,SE,2016,22.78,b,
ESTAT:ISOC_E_DII(1.0),27/02/26 11:00:00,A,10-49,C10-S951_X_K,E_DI_VLO,PC_ENT,SE,2017,29.51,b,
ESTAT:ISOC_E_DII(1.0),27/02/26 11:00:00,A,10-49,C10-S951_X_K,E_DI_VLO,PC_ENT,SE,2018,24.49,b,
ESTAT:ISOC_E_DII(1.0),27/02/26 11:00:00,A,10-49,C10-S951_X_K,E_DI_VLO,PC_ENT,SE,2019,19.81,b,
ESTAT:ISOC_E_DII(1.0),27/02/26 11:00:00,A,10-49,C10-S951_X_K,E_DI_VLO,PC_ENT,SI,2015,49.90,,
ESTAT:ISOC_E_DII(1.0),27/02/26 11:00:00,A,10-49,C10-S951_X_K,E_DI_VLO,PC_ENT,SI,2016,40.80,b,
ESTAT:ISOC_E_DII(1.0),27/02/26 11:00:00,A,10-49,C10-S951_X_K,E_DI_VLO,PC_ENT,SI,2017,46.19,b,
ESTAT:ISOC_E_DII(1.0),27/02/26 11:00:00,A,10-49,C10-S951_X_K,E_DI_VLO,PC_ENT,SI,2018,35.32,b,
ESTAT:ISOC_E_DII(1.0),27/02/26 11:00:00,A,10-49,C10-S951_X_K,E_DI_VLO,PC_ENT,SI,2019,49.12,b,
ESTAT:ISOC_E_DII(1.0),27/02/26 11:00:00,A,10-49,C10-S951_X_K,E_DI_VLO,PC_ENT,SK,2015,39.00,,
ESTAT:ISOC_E_DII(1.0),27/02/26 11:00:00,A,10-49,C10-S951_X_K,E_DI_VLO,PC_ENT,SK,2016,40.10,b,
ESTAT:ISOC_E_DII(1.0),27/02/26 11:00:00,A,10-49,C10-S951_X_K,E_DI_VLO,PC_ENT,SK,2017,47.94,b,
ESTAT:ISOC_E_DII(1.0),27/02/26 11:00:00,A,10-49,C10-S951_X_K,E_DI_VLO,PC_ENT,SK,2018,54.98,b,
ESTAT:ISOC_E_DII(1.0),27/02/26 11:00:00,A,10-49,C10-S951_X_K,E_DI_VLO,PC_ENT,SK,2019,52.47,b,
ESTAT:ISOC_E_DII(1.0),27/02/26 11:00:00,A,10-49,C10-S951_X_K,E_DI_VLO,PC_ENT,TR,2017,71.97,b,
ESTAT:ISOC_E_DII(1.0),27/02/26 11:00:00,A,10-49,C10-S951_X_K,E_DI_VLO,PC_ENT,TR,2018,86.32,b,
ESTAT:ISOC_E_DII(1.0),27/02/26 11:00:00,A,10-49,C10-S951_X_K,E_DI_VLO,PC_ENT,UK,2015,41.20,,
ESTAT:ISOC_E_DII(1.0),27/02/26 11:00:00,A,10-49,C10-S951_X_K,E_DI_VLO,PC_ENT,UK,2016,36.66,b,
ESTAT:ISOC_E_DII(1.0),27/02/26 11:00:00,A,10-49,C10-S951_X_K,E_DI_VLO,PC_ENT,UK,2017,45.50,b,
ESTAT:ISOC_E_DII(1.0),27/02/26 11:00:00,A,10-49,C10-S951_X_K,E_DI_VLO,PC_ENT,UK,2018,42.39,b,
ESTAT:ISOC_E_DII(1.0),27/02/26 11:00:00,A,10-49,C10-S951_X_K,E_DI_VLO,PC_ENT,UK,2019,36.65,b,
ESTAT:ISOC_E_DII(1.0),27/02/26 11:00:00,A,2-9,C10-S951_X_K,E_DI2_HI,PC_ENT,BE,2018,6.09,,
ESTAT:ISOC_E_DII(1.0),27/02/26 11:00:00,A,2-9,C10-S951_X_K,E_DI2_HI,PC_ENT,BE,2020,13.20,,
ESTAT:ISOC_E_DII(1.0),27/02/26 11:00:00,A,2-9,C10-S951_X_K,E_DI2_HI,PC_ENT,NL,2020,11.62,,
ESTAT:ISOC_E_DII(1.0),27/02/26 11:00:00,A,2-9,C10-S951_X_K,E_DI2_HI,PC_ENT,PT,2020,5.50,,
ESTAT:ISOC_E_DII(1.0),27/02/26 11:00:00,A,2-9,C10-S951_X_K,E_DI2_HI,PC_ENT,SE,2018,2.57,,
ESTAT:ISOC_E_DII(1.0),27/02/26 11:00:00,A,2-9,C10-S951_X_K,E_DI2_HI,PC_ENT,SE,2020,2.25,,
ESTAT:ISOC_E_DII(1.0),27/02/26 11:00:00,A,2-9,C10-S951_X_K,E_DI2_LO,PC_ENT,BE,2018,33.87,,
ESTAT:ISOC_E_DII(1.0),27/02/26 11:00:00,A,2-9,C10-S951_X_K,E_DI2_LO,PC_ENT,BE,2020,42.91,,
ESTAT:ISOC_E_DII(1.0),27/02/26 11:00:00,A,2-9,C10-S951_X_K,E_DI2_LO,PC_ENT,NL,2020,45.30,,
ESTAT:ISOC_E_DII(1.0),27/02/26 11:00:00,A,2-9,C10-S951_X_K,E_DI2_LO,PC_ENT,PT,2020,27.88,,
ESTAT:ISOC_E_DII(1.0),27/02/26 11:00:00,A,2-9,C10-S951_X_K,E_DI2_LO,PC_ENT,SE,2018,36.67,,
ESTAT:ISOC_E_DII(1.0),27/02/26 11:00:00,A,2-9,C10-S951_X_K,E_DI2_LO,PC_ENT,SE,2020,53.86,,
ESTAT:ISOC_E_DII(1.0),27/02/26 11:00:00,A,2-9,C10-S951_X_K,E_DI2_VHI,PC_ENT,BE,2018,0.29,,
ESTAT:ISOC_E_DII(1.0),27/02/26 11:00:00,A,2-9,C10-S951_X_K,E_DI2_VHI,PC_ENT,BE,2020,0.65,,
ESTAT:ISOC_E_DII(1.0),27/02/26 11:00:00,A,2-9,C10-S951_X_K,E_DI2_VHI,PC_ENT,NL,2020,0.06,,
ESTAT:ISOC_E_DII(1.0),27/02/26 11:00:00,A,2-9,C10-S951_X_K,E_DI2_VHI,PC_ENT,PT,2020,0.14,,
ESTAT:ISOC_E_DII(1.0),27/02/26 11:00:00,A,2-9,C10-S951_X_K,E_DI2_VLO,PC_ENT,BE,2018,59.75,,
ESTAT:ISOC_E_DII(1.0),27/02/26 11:00:00,A,2-9,C10-S951_X_K,E_DI2_VLO,PC_ENT,BE,2020,43.24,,
ESTAT:ISOC_E_DII(1.0),27/02/26 11:00:00,A,2-9,C10-S951_X_K,E_DI2_VLO,PC_ENT,NL,2020,43.01,,
ESTAT:ISOC_E_DII(1.0),27/02/26 11:00:00,A,2-9,C10-S951_X_K,E_DI2_VLO,PC_ENT,PT,2020,66.49,,
ESTAT:ISOC_E_DII(1.0),27/02/26 11:00:00,A,2-9,C10-S951_X_K,E_DI2_VLO,PC_ENT,SE,2018,60.76,,
ESTAT:ISOC_E_DII(1.0),27/02/26 11:00:00,A,2-9,C10-S951_X_K,E_DI2_VLO,PC_ENT,SE,2020,43.89,,
ESTAT:ISOC_E_DII(1.0),27/02/26 11:00:00,A,2-9,C10-S951_X_K,E_DI3_GELO,PC_ENT,BE,2021,36.51,,
ESTAT:ISOC_E_DII(1.0),27/02/26 11:00:00,A,2-9,C10-S951_X_K,E_DI3_GELO,PC_ENT,BE,2023,51.43,,
ESTAT:ISOC_E_DII(1.0),27/02/26 11:00:00,A,2-9,C10-S951_X_K,E_DI3_GELO,PC_ENT,BE,2025,64.80,,
ESTAT:ISOC_E_DII(1.0),27/02/26 11:00:00,A,2-9,C10-S951_X_K,E_DI3_GELO,PC_ENT,NL,2021,40.44,,
ESTAT:ISOC_E_DII(1.0),27/02/26 11:00:00,A,2-9,C10-S951_X_K,E_DI3_GELO,PC_ENT,NL,2023,46.68,,
ESTAT:ISOC_E_DII(1.0),27/02/26 11:00:00,A,2-9,C10-S951_X_K,E_DI3_GELO,PC_ENT,NL,2025,56.65,,
ESTAT:ISOC_E_DII(1.0),27/02/26 11:00:00,A,2-9,C10-S951_X_K,E_DI3_GELO,PC_ENT,PT,2021,34.34,,
ESTAT:ISOC_E_DII(1.0),27/02/26 11:00:00,A,2-9,C10-S951_X_K,E_DI3_GELO,PC_ENT,PT,2023,35.77,,
ESTAT:ISOC_E_DII(1.0),27/02/26 11:00:00,A,2-9,C10-S951_X_K,E_DI3_GELO,PC_ENT,SE,2025,56.90,,
ESTAT:ISOC_E_DII(1.0),27/02/26 11:00:00,A,2-9,C10-S951_X_K,E_DI3_HI,PC_ENT,BE,2021,11.20,,
ESTAT:ISOC_E_DII(1.0),27/02/26 11:00:00,A,2-9,C10-S951_X_K,E_DI3_HI,PC_ENT,BE,2023,14.46,,
ESTAT:ISOC_E_DII(1.0),27/02/26 11:00:00,A,2-9,C10-S951_X_K,E_DI3_HI,PC_ENT,BE,2025,26.70,,
ESTAT:ISOC_E_DII(1.0),27/02/26 11:00:00,A,2-9,C10-S951_X_K,E_DI3_HI,PC_ENT,NL,2021,0,,
ESTAT:ISOC_E_DII(1.0),27/02/26 11:00:00,A,2-9,C10-S951_X_K,E_DI3_HI,PC_ENT,NL,2023,6.56,,
ESTAT:ISOC_E_DII(1.0),27/02/26 11:00:00,A,2-9,C10-S951_X_K,E_DI3_HI,PC_ENT,NL,2025,12.16,,
ESTAT:ISOC_E_DII(1.0),27/02/26 11:00:00,A,2-9,C10-S951_X_K,E_DI3_HI,PC_ENT,PT,2021,6.74,,
ESTAT:ISOC_E_DII(1.0),27/02/26 11:00:00,A,2-9,C10-S951_X_K,E_DI3_HI,PC_ENT,PT,2023,8.01,,
ESTAT:ISOC_E_DII(1.0),27/02/26 11:00:00,A,2-9,C10-S951_X_K,E_DI3_HI,PC_ENT,SE,2021,0,,
ESTAT:ISOC_E_DII(1.0),27/02/26 11:00:00,A,2-9,C10-S951_X_K,E_DI3_HI,PC_ENT,SE,2025,10.61,,
ESTAT:ISOC_E_DII(1.0),27/02/26 11:00:00,A,2-9,C10-S951_X_K,E_DI3_LO,PC_ENT,BE,2021,24.88,,
ESTAT:ISOC_E_DII(1.0),27/02/26 11:00:00,A,2-9,C10-S951_X_K,E_DI3_LO,PC_ENT,BE,2023,33.87,,
ESTAT:ISOC_E_DII(1.0),27/02/26 11:00:00,A,2-9,C10-S951_X_K,E_DI3_LO,PC_ENT,BE,2025,32.14,,
ESTAT:ISOC_E_DII(1.0),27/02/26 11:00:00,A,2-9,C10-S951_X_K,E_DI3_LO,PC_ENT,NL,2021,40.44,,
ESTAT:ISOC_E_DII(1.0),27/02/26 11:00:00,A,2-9,C10-S951_X_K,E_DI3_LO,PC_ENT,NL,2023,40.13,,
ESTAT:ISOC_E_DII(1.0),27/02/26 11:00:00,A,2-9,C10-S951_X_K,E_DI3_LO,PC_ENT,NL,2025,44.50,,
ESTAT:ISOC_E_DII(1.0),27/02/26 11:00:00,A,2-9,C10-S951_X_K,E_DI3_LO,PC_ENT,PT,2021,26.93,,
ESTAT:ISOC_E_DII(1.0),27/02/26 11:00:00,A,2-9,C10-S951_X_K,E_DI3_LO,PC_ENT,PT,2023,26.60,,
ESTAT:ISOC_E_DII(1.0),27/02/26 11:00:00,A,2-9,C10-S951_X_K,E_DI3_LO,PC_ENT,SE,2021,32.39,,
ESTAT:ISOC_E_DII(1.0),27/02/26 11:00:00,A,2-9,C10-S951_X_K,E_DI3_LO,PC_ENT,SE,2025,45.49,,
ESTAT:ISOC_E_DII(1.0),27/02/26 11:00:00,A,2-9,C10-S951_X_K,E_DI3_VHI,PC_ENT,BE,2021,0.44,,
ESTAT:ISOC_E_DII(1.0),27/02/26 11:00:00,A,2-9,C10-S951_X_K,E_DI3_VHI,PC_ENT,BE,2023,3.10,,
ESTAT:ISOC_E_DII(1.0),27/02/26 11:00:00,A,2-9,C10-S951_X_K,E_DI3_VHI,PC_ENT,BE,2025,5.96,,
ESTAT:ISOC_E_DII(1.0),27/02/26 11:00:00,A,2-9,C10-S951_X_K,E_DI3_VHI,PC_ENT,NL,2021,0,,
ESTAT:ISOC_E_DII(1.0),27/02/26 11:00:00,A,2-9,C10-S951_X_K,E_DI3_VHI,PC_ENT,PT,2021,0.67,,
ESTAT:ISOC_E_DII(1.0),27/02/26 11:00:00,A,2-9,C10-S951_X_K,E_DI3_VHI,PC_ENT,PT,2023,1.16,,
ESTAT:ISOC_E_DII(1.0),27/02/26 11:00:00,A,2-9,C10-S951_X_K,E_DI3_VHI,PC_ENT,SE,2025,0.79,,
ESTAT:ISOC_E_DII(1.0),27/02/26 11:00:00,A,2-9,C10-S951_X_K,E_DI3_VLO,PC_ENT,BE,2021,63.49,,
ESTAT:ISOC_E_DII(1.0),27/02/26 11:00:00,A,2-9,C10-S951_X_K,E_DI3_VLO,PC_ENT,BE,2023,48.57,,
ESTAT:ISOC_E_DII(1.0),27/02/26 11:00:00,A,2-9,C10-S951_X_K,E_DI3_VLO,PC_ENT,BE,2025,35.20,,
ESTAT:ISOC_E_DII(1.0),27/02/26 11:00:00,A,2-9,C10-S951_X_K,E_DI3_VLO,PC_ENT,NL,2021,59.56,,
ESTAT:ISOC_E_DII(1.0),27/02/26 11:00:00,A,2-9,C10-S951_X_K,E_DI3_VLO,PC_ENT,NL,2023,53.32,,
ESTAT:ISOC_E_DII(1.0),27/02/26 11:00:00,A,2-9,C10-S951_X_K,E_DI3_VLO,PC_ENT,NL,2025,43.35,,
ESTAT:ISOC_E_DII(1.0),27/02/26 11:00:00,A,2-9,C10-S951_X_K,E_DI3_VLO,PC_ENT,PT,2021,65.66,,
ESTAT:ISOC_E_DII(1.0),27/02/26 11:00:00,A,2-9,C10-S951_X_K,E_DI3_VLO,PC_ENT,PT,2023,64.23,,
ESTAT:ISOC_E_DII(1.0),27/02/26 11:00:00,A,2-9,C10-S951_X_K,E_DI3_VLO,PC_ENT,SE,2021,67.61,,
ESTAT:ISOC_E_DII(1.0),27/02/26 11:00:00,A,2-9,C10-S951_X_K,E_DI3_VLO,PC_ENT,SE,2025,43.10,,
ESTAT:ISOC_E_DII(1.0),27/02/26 11:00:00,A,2-9,C10-S951_X_K,E_DI4_GELO,PC_ENT,BE,2022,53.44,,
ESTAT:ISOC_E_DII(1.0),27/02/26 11:00:00,A,2-9,C10-S951_X_K,E_DI4_GELO,PC_ENT,BE,2024,61.06,,
ESTAT:ISOC_E_DII(1.0),27/02/26 11:00:00,A,2-9,C10-S951_X_K,E_DI4_GELO,PC_ENT,NL,2022,48.11,,
ESTAT:ISOC_E_DII(1.0),27/02/26 11:00:00,A,2-9,C10-S951_X_K,E_DI4_GELO,PC_ENT,NL,2024,52.83,,
ESTAT:ISOC_E_DII(1.0),27/02/26 11:00:00,A,2-9,C10-S951_X_K,E_DI4_GELO,PC_ENT,PT,2022,53.58,,
ESTAT:ISOC_E_DII(1.0),27/02/26 11:00:00,A,2-9,C10-S951_X_K,E_DI4_GELO,PC_ENT,PT,2024,55.00,,
ESTAT:ISOC_E_DII(1.0),27/02/26 11:00:00,A,2-9,C10-S951_X_K,E_DI4_HI,PC_ENT,BE,2022,15.26,,
ESTAT:ISOC_E_DII(1.0),27/02/26 11:00:00,A,2-9,C10-S951_X_K,E_DI4_HI,PC_ENT,BE,2024,21.06,,
ESTAT:ISOC_E_DII(1.0),27/02/26 11:00:00,A,2-9,C10-S951_X_K,E_DI4_HI,PC_ENT,NL,2022,9.85,,
ESTAT:ISOC_E_DII(1.0),27/02/26 11:00:00,A,2-9,C10-S951_X_K,E_DI4_HI,PC_ENT,NL,2024,10.61,,
ESTAT:ISOC_E_DII(1.0),27/02/26 11:00:00,A,2-9,C10-S951_X_K,E_DI4_HI,PC_ENT,PT,2022,14.69,,
ESTAT:ISOC_E_DII(1.0),27/02/26 11:00:00,A,2-9,C10-S951_X_K,E_DI4_HI,PC_ENT,PT,2024,14.00,,
ESTAT:ISOC_E_DII(1.0),27/02/26 11:00:00,A,2-9,C10-S951_X_K,E_DI4_HI,PC_ENT,SE,2022,0,,
ESTAT:ISOC_E_DII(1.0),27/02/26 11:00:00,A,2-9,C10-S951_X_K,E_DI4_HI,PC_ENT,SE,2024,0.24,b,
ESTAT:ISOC_E_DII(1.0),27/02/26 11:00:00,A,2-9,C10-S951_X_K,E_DI4_LO,PC_ENT,BE,2022,37.03,,
ESTAT:ISOC_E_DII(1.0),27/02/26 11:00:00,A,2-9,C10-S951_X_K,E_DI4_LO,PC_ENT,BE,2024,36.94,,
ESTAT:ISOC_E_DII(1.0),27/02/26 11:00:00,A,2-9,C10-S951_X_K,E_DI4_LO,PC_ENT,NL,2022,38.03,,
ESTAT:ISOC_E_DII(1.0),27/02/26 11:00:00,A,2-9,C10-S951_X_K,E_DI4_LO,PC_ENT,NL,2024,40.70,,
ESTAT:ISOC_E_DII(1.0),27/02/26 11:00:00,A,2-9,C10-S951_X_K,E_DI4_LO,PC_ENT,PT,2022,37.43,,
ESTAT:ISOC_E_DII(1.0),27/02/26 11:00:00,A,2-9,C10-S951_X_K,E_DI4_LO,PC_ENT,PT,2024,39.12,,
ESTAT:ISOC_E_DII(1.0),27/02/26 11:00:00,A,2-9,C10-S951_X_K,E_DI4_LO,PC_ENT,SE,2022,20.38,,
ESTAT:ISOC_E_DII(1.0),27/02/26 11:00:00,A,2-9,C10-S951_X_K,E_DI4_LO,PC_ENT,SE,2024,17.80,b,
ESTAT:ISOC_E_DII(1.0),27/02/26 11:00:00,A,2-9,C10-S951_X_K,E_DI4_VHI,PC_ENT,BE,2022,1.14,,
ESTAT:ISOC_E_DII(1.0),27/02/26 11:00:00,A,2-9,C10-S951_X_K,E_DI4_VHI,PC_ENT,BE,2024,3.06,,
ESTAT:ISOC_E_DII(1.0),27/02/26 11:00:00,A,2-9,C10-S951_X_K,E_DI4_VHI,PC_ENT,NL,2022,0.22,,
ESTAT:ISOC_E_DII(1.0),27/02/26 11:00:00,A,2-9,C10-S951_X_K,E_DI4_VHI,PC_ENT,NL,2024,1.52,,
ESTAT:ISOC_E_DII(1.0),27/02/26 11:00:00,A,2-9,C10-S951_X_K,E_DI4_VHI,PC_ENT,PT,2022,1.47,,
ESTAT:ISOC_E_DII(1.0),27/02/26 11:00:00,A,2-9,C10-S951_X_K,E_DI4_VHI,PC_ENT,PT,2024,1.87,,
ESTAT:ISOC_E_DII(1.0),27/02/26 11:00:00,A,2-9,C10-S951_X_K,E_DI4_VLO,PC_ENT,BE,2022,46.56,,
ESTAT:ISOC_E_DII(1.0),27/02/26 11:00:00,A,2-9,C10-S951_X_K,E_DI4_VLO,PC_ENT,BE,2024,38.94,,
ESTAT:ISOC_E_DII(1.0),27/02/26 11:00:00,A,2-9,C10-S951_X_K,E_DI4_VLO,PC_ENT,NL,2022,51.89,,
ESTAT:ISOC_E_DII(1.0),27/02/26 11:00:00,A,2-9,C10-S951_X_K,E_DI4_VLO,PC_ENT,NL,2024,47.17,,
ESTAT:ISOC_E_DII(1.0),27/02/26 11:00:00,A,2-9,C10-S951_X_K,E_DI4_VLO,PC_ENT,PT,2022,46.42,,
ESTAT:ISOC_E_DII(1.0),27/02/26 11:00:00,A,2-9,C10-S951_X_K,E_DI4_VLO,PC_ENT,PT,2024,45.00,,
ESTAT:ISOC_E_DII(1.0),27/02/26 11:00:00,A,2-9,C10-S951_X_K,E_DI4_VLO,PC_ENT,SE,2022,79.62,,
ESTAT:ISOC_E_DII(1.0),27/02/26 11:00:00,A,2-9,C10-S951_X_K,E_DI4_VLO,PC_ENT,SE,2024,81.97,b,
ESTAT:ISOC_E_DII(1.0),27/02/26 11:00:00,A,2-9,C10-S951_X_K,E_DI_HI,PC_ENT,BE,2018,12.76,b,
ESTAT:ISOC_E_DII(1.0),27/02/26 11:00:00,A,2-9,C10-S951_X_K,E_DI_HI,PC_ENT,BE,2019,15.17,b,
ESTAT:ISOC_E_DII(1.0),27/02/26 11:00:00,A,2-9,C10-S951_X_K,E_DI_HI,PC_ENT,LV,2017,0.31,b,
ESTAT:ISOC_E_DII(1.0),27/02/26 11:00:00,A,2-9,C10-S951_X_K,E_DI_HI,PC_ENT,NL,2019,2.17,b,
ESTAT:ISOC_E_DII(1.0),27/02/26 11:00:00,A,2-9,C10-S951_X_K,E_DI_HI,PC_ENT,SE,2017,0,b,
ESTAT:ISOC_E_DII(1.0),27/02/26 11:00:00,A,2-9,C10-S951_X_K,E_DI_HI,PC_ENT,SE,2018,4.07,b,
ESTAT:ISOC_E_DII(1.0),27/02/26 11:00:00,A,2-9,C10-S951_X_K,E_DI_HI,PC_ENT,SE,2019,0,b,
ESTAT:ISOC_E_DII(1.0),27/02/26 11:00:00,A,2-9,C10-S951_X_K,E_DI_HI,PC_ENT,SK,2017,8.33,b,
ESTAT:ISOC_E_DII(1.0),27/02/26 11:00:00,A,2-9,C10-S951_X_K,E_DI_LO,PC_ENT,BE,2018,32.22,b,
ESTAT:ISOC_E_DII(1.0),27/02/26 11:00:00,A,2-9,C10-S951_X_K,E_DI_LO,PC_ENT,BE,2019,30.42,b,
ESTAT:ISOC_E_DII(1.0),27/02/26 11:00:00,A,2-9,C10-S951_X_K,E_DI_LO,PC_ENT,LV,2017,19.78,b,
ESTAT:ISOC_E_DII(1.0),27/02/26 11:00:00,A,2-9,C10-S951_X_K,E_DI_LO,PC_ENT,NL,2019,29.78,b,
ESTAT:ISOC_E_DII(1.0),27/02/26 11:00:00,A,2-9,C10-S951_X_K,E_DI_LO,PC_ENT,SE,2017,7.36,b,
ESTAT:ISOC_E_DII(1.0),27/02/26 11:00:00,A,2-9,C10-S951_X_K,E_DI_LO,PC_ENT,SE,2018,38.91,b,
ESTAT:ISOC_E_DII(1.0),27/02/26 11:00:00,A,2-9,C10-S951_X_K,E_DI_LO,PC_ENT,SE,2019,22.67,b,
ESTAT:ISOC_E_DII(1.0),27/02/26 11:00:00,A,2-9,C10-S951_X_K,E_DI_LO,PC_ENT,SK,2017,34.07,b,
ESTAT:ISOC_E_DII(1.0),27/02/26 11:00:00,A,2-9,C10-S951_X_K,E_DI_VHI,PC_ENT,BE,2018,1.97,b,
ESTAT:ISOC_E_DII(1.0),27/02/26 11:00:00,A,2-9,C10-S951_X_K,E_DI_VHI,PC_ENT,BE,2019,3.18,b,
ESTAT:ISOC_E_DII(1.0),27/02/26 11:00:00,A,2-9,C10-S951_X_K,E_DI_VHI,PC_ENT,LV,2017,0,b,
ESTAT:ISOC_E_DII(1.0),27/02/26 11:00:00,A,2-9,C10-S951_X_K,E_DI_VHI,PC_ENT,NL,2019,0,b,
ESTAT:ISOC_E_DII(1.0),27/02/26 11:00:00,A,2-9,C10-S951_X_K,E_DI_VHI,PC_ENT,SE,2017,0,b,
ESTAT:ISOC_E_DII(1.0),27/02/26 11:00:00,A,2-9,C10-S951_X_K,E_DI_VHI,PC_ENT,SK,2017,0.43,b,
ESTAT:ISOC_E_DII(1.0),27/02/26 11:00:00,A,2-9,C10-S951_X_K,E_DI_VLO,PC_ENT,BE,2018,53.06,b,
ESTAT:ISOC_E_DII(1.0),27/02/26 11:00:00,A,2-9,C10-S951_X_K,E_DI_VLO,PC_ENT,BE,2019,51.24,b,
ESTAT:ISOC_E_DII(1.0),27/02/26 11:00:00,A,2-9,C10-S951_X_K,E_DI_VLO,PC_ENT,LV,2017,79.91,b,
ESTAT:ISOC_E_DII(1.0),27/02/26 11:00:00,A,2-9,C10-S951_X_K,E_DI_VLO,PC_ENT,NL,2019,68.05,b,
ESTAT:ISOC_E_DII(1.0),27/02/26 11:00:00,A,2-9,C10-S951_X_K,E_DI_VLO,PC_ENT,SE,2017,92.64,b,
ESTAT:ISOC_E_DII(1.0),27/02/26 11:00:00,A,2-9,C10-S951_X_K,E_DI_VLO,PC_ENT,SE,2018,57.02,b,
ESTAT:ISOC_E_DII(1.0),27/02/26 11:00:00,A,2-9,C10-S951_X_K,E_DI_VLO,PC_ENT,SE,2019,77.33,b,
ESTAT:ISOC_E_DII(1.0),27/02/26 11:00:00,A,2-9,C10-S951_X_K,E_DI_VLO,PC_ENT,SK,2017,57.17,b,
ESTAT:ISOC_E_DII(1.0),27/02/26 11:00:00,A,5-9,C10-S951_X_K,E_DI_HI,PC_ENT,BE,2015,17.95,,
ESTAT:ISOC_E_DII(1.0),27/02/26 11:00:00,A,5-9,C10-S951_X_K,E_DI_HI,PC_ENT,BE,2016,17.42,b,
ESTAT:ISOC_E_DII(1.0),27/02/26 11:00:00,A,5-9,C10-S951_X_K,E_DI_HI,PC_ENT,DK,2016,34.16,b,
ESTAT:ISOC_E_DII(1.0),27/02/26 11:00:00,A,5-9,C10-S951_X_K,E_DI_HI,PC_ENT,SE,2016,0,b,
ESTAT:ISOC_E_DII(1.0),27/02/26 11:00:00,A,5-9,C10-S951_X_K,E_DI_HI,PC_ENT,SK,2015,13.85,,
ESTAT:ISOC_E_DII(1.0),27/02/26 11:00:00,A,5-9,C10-S951_X_K,E_DI_HI,PC_ENT,SK,2016,11.05,b,
ESTAT:ISOC_E_DII(1.0),27/02/26 11:00:00,A,5-9,C10-S951_X_K,E_DI_LO,PC_ENT,BE,2015,39.18,,
ESTAT:ISOC_E_DII(1.0),27/02/26 11:00:00,A,5-9,C10-S951_X_K,E_DI_LO,PC_ENT,BE,2016,40.98,b,
ESTAT:ISOC_E_DII(1.0),27/02/26 11:00:00,A,5-9,C10-S951_X_K,E_DI_LO,PC_ENT,DK,2016,40.95,b,
ESTAT:ISOC_E_DII(1.0),27/02/26 11:00:00,A,5-9,C10-S951_X_K,E_DI_LO,PC_ENT,SE,2016,30.55,b,
ESTAT:ISOC_E_DII(1.0),27/02/26 11:00:00,A,5-9,C10-S951_X_K,E_DI_LO,PC_ENT,SK,2015,40.95,,
ESTAT:ISOC_E_DII(1.0),27/02/26 11:00:00,A,5-9,C10-S951_X_K,E_DI_LO,PC_ENT,SK,2016,45.46,b,
ESTAT:ISOC_E_DII(1.0),27/02/26 11:00:00,A,5-9,C10-S951_X_K,E_DI_VHI,PC_ENT,BE,2015,2.62,,
ESTAT:ISOC_E_DII(1.0),27/02/26 11:00:00,A,5-9,C10-S951_X_K,E_DI_VHI,PC_ENT,BE,2016,1.96,b,
ESTAT:ISOC_E_DII(1.0),27/02/26 11:00:00,A,5-9,C10-S951_X_K,E_DI_VHI,PC_ENT,DK,2016,7.36,b,
ESTAT:ISOC_E_DII(1.0),27/02/26 11:00:00,A,5-9,C10-S951_X_K,E_DI_VHI,PC_ENT,SE,2016,0,b,
ESTAT:ISOC_E_DII(1.0),27/02/26 11:00:00,A,5-9,C10-S951_X_K,E_DI_VHI,PC_ENT,SK,2015,0.67,,
ESTAT:ISOC_E_DII(1.0),27/02/26 11:00:00,A,5-9,C10-S951_X_K,E_DI_VHI,PC_ENT,SK,2016,0.36,b,
ESTAT:ISOC_E_DII(1.0),27/02/26 11:00:00,A,5-9,C10-S951_X_K,E_DI_VLO,PC_ENT,BE,2015,40.24,,
ESTAT:ISOC_E_DII(1.0),27/02/26 11:00:00,A,5-9,C10-S951_X_K,E_DI_VLO,PC_ENT,BE,2016,39.64,b,
ESTAT:ISOC_E_DII(1.0),27/02/26 11:00:00,A,5-9,C10-S951_X_K,E_DI_VLO,PC_ENT,DK,2016,17.54,b,
ESTAT:ISOC_E_DII(1.0),27/02/26 11:00:00,A,5-9,C10-S951_X_K,E_DI_VLO,PC_ENT,SE,2016,69.45,b,
ESTAT:ISOC_E_DII(1.0),27/02/26 11:00:00,A,5-9,C10-S951_X_K,E_DI_VLO,PC_ENT,SK,2015,44.53,,
ESTAT:ISOC_E_DII(1.0),27/02/26 11:00:00,A,5-9,C10-S951_X_K,E_DI_VLO,PC_ENT,SK,2016,43.12,b,
ESTAT:ISOC_E_DII(1.0),27/02/26 11:00:00,A,50-249,C10-S951_X_K,E_DI2_HI,PC_ENT,AT,2018,18.21,,
ESTAT:ISOC_E_DII(1.0),27/02/26 11:00:00,A,50-249,C10-S951_X_K,E_DI2_HI,PC_ENT,AT,2020,26.65,,
ESTAT:ISOC_E_DII(1.0),27/02/26 11:00:00,A,50-249,C10-S951_X_K,E_DI2_HI,PC_ENT,BA,2020,10.16,,
ESTAT:ISOC_E_DII(1.0),27/02/26 11:00:00,A,50-249,C10-S951_X_K,E_DI2_HI,PC_ENT,BE,2018,29.32,,
ESTAT:ISOC_E_DII(1.0),27/02/26 11:00:00,A,50-249,C10-S951_X_K,E_DI2_HI,PC_ENT,BE,2020,37.92,,
ESTAT:ISOC_E_DII(1.0),27/02/26 11:00:00,A,50-249,C10-S951_X_K,E_DI2_HI,PC_ENT,BG,2018,6.68,,
ESTAT:ISOC_E_DII(1.0),27/02/26 11:00:00,A,50-249,C10-S951_X_K,E_DI2_HI,PC_ENT,BG,2020,8.37,,
ESTAT:ISOC_E_DII(1.0),27/02/26 11:00:00,A,50-249,C10-S951_X_K,E_DI2_HI,PC_ENT,CY,2018,12.71,,
ESTAT:ISOC_E_DII(1.0),27/02/26 11:00:00,A,50-249,C10-S951_X_K,E_DI2_HI,PC_ENT,CY,2020,17.26,,
ESTAT:ISOC_E_DII(1.0),27/02/26 11:00:00,A,50-249,C10-S951_X_K,E_DI2_HI,PC_ENT,CZ,2018,12.78,,
ESTAT:ISOC_E_DII(1.0),27/02/26 11:00:00,A,50-249,C10-S951_X_K,E_DI2_HI,PC_ENT,CZ,2020,23.17,,
ESTAT:ISOC_E_DII(1.0),27/02/26 11:00:00,A,50-249,C10-S951_X_K,E_DI2_HI,PC_ENT,DE,2018,12.87,,
ESTAT:ISOC_E_DII(1.0),27/02/26 11:00:00,A,50-249,C10-S951_X_K,E_DI2_HI,PC_ENT,DE,2020,21.57,,
ESTAT:ISOC_E_DII(1.0),27/02/26 11:00:00,A,50-249,C10-S951_X_K,E_DI2_HI,PC_ENT,DK,2018,45.81,,
ESTAT:ISOC_E_DII(1.0),27/02/26 11:00:00,A,50-249,C10-S951_X_K,E_DI2_HI,PC_ENT,DK,2020,51.78,,
ESTAT:ISOC_E_DII(1.0),27/02/26 11:00:00,A,50-249,C10-S951_X_K,E_DI2_HI,PC_ENT,EA,2018,18.50,,
ESTAT:ISOC_E_DII(1.0),27/02/26 11:00:00,A,50-249,C10-S951_X_K,E_DI2_HI,PC_ENT,EA,2020,26.16,,
ESTAT:ISOC_E_DII(1.0),27/02/26 11:00:00,A,50-249,C10-S951_X_K,E_DI2_HI,PC_ENT,EE,2018,21.11,,
ESTAT:ISOC_E_DII(1.0),27/02/26 11:00:00,A,50-249,C10-S951_X_K,E_DI2_HI,PC_ENT,EE,2020,34.43,,
ESTAT:ISOC_E_DII(1.0),27/02/26 11:00:00,A,50-249,C10-S951_X_K,E_DI2_HI,PC_ENT,EL,2018,12.56,,
ESTAT:ISOC_E_DII(1.0),27/02/26 11:00:00,A,50-249,C10-S951_X_K,E_DI2_HI,PC_ENT,EL,2020,,u,
ESTAT:ISOC_E_DII(1.0),27/02/26 11:00:00,A,50-249,C10-S951_X_K,E_DI2_HI,PC_ENT,ES,2018,22.29,,
ESTAT:ISOC_E_DII(1.0),27/02/26 11:00:00,A,50-249,C10-S951_X_K,E_DI2_HI,PC_ENT,ES,2020,24.84,,
ESTAT:ISOC_E_DII(1.0),27/02/26 11:00:00,A,50-249,C10-S951_X_K,E_DI2_HI,PC_ENT,EU15,2018,19.01,,
ESTAT:ISOC_E_DII(1.0),27/02/26 11:00:00,A,50-249,C10-S951_X_K,E_DI2_HI,PC_ENT,EU27_2007,2018,17.48,,
ESTAT:ISOC_E_DII(1.0),27/02/26 11:00:00,A,50-249,C10-S951_X_K,E_DI2_HI,PC_ENT,EU27_2020,2018,17.78,,
ESTAT:ISOC_E_DII(1.0),27/02/26 11:00:00,A,50-249,C10-S951_X_K,E_DI2_HI,PC_ENT,EU27_2020,2020,25.17,,
ESTAT:ISOC_E_DII(1.0),27/02/26 11:00:00,A,50-249,C10-S951_X_K,E_DI2_HI,PC_ENT,EU28,2018,17.45,,
ESTAT:ISOC_E_DII(1.0),27/02/26 11:00:00,A,50-249,C10-S951_X_K,E_DI2_HI,PC_ENT,FI,2018,48.66,,
ESTAT:ISOC_E_DII(1.0),27/02/26 11:00:00,A,50-249,C10-S951_X_K,E_DI2_HI,PC_ENT,FI,2020,53.66,,
ESTAT:ISOC_E_DII(1.0),27/02/26 11:00:00,A,50-249,C10-S951_X_K,E_DI2_HI,PC_ENT,FR,2018,19.97,,
ESTAT:ISOC_E_DII(1.0),27/02/26 11:00:00,A,50-249,C10-S951_X_K,E_DI2_HI,PC_ENT,FR,2020,26.22,,
ESTAT:ISOC_E_DII(1.0),27/02/26 11:00:00,A,50-249,C10-S951_X_K,E_DI2_HI,PC_ENT,HR,2018,14.38,,
ESTAT:ISOC_E_DII(1.0),27/02/26 11:00:00,A,50-249,C10-S951_X_K,E_DI2_HI,PC_ENT,HR,2020,28.01,,
ESTAT:ISOC_E_DII(1.0),27/02/26 11:00:00,A,50-249,C10-S951_X_K,E_DI2_HI,PC_ENT,HU,2018,17.25,,
ESTAT:ISOC_E_DII(1.0),27/02/26 11:00:00,A,50-249,C10-S951_X_K,E_DI2_HI,PC_ENT,HU,2020,16.75,,
ESTAT:ISOC_E_DII(1.0),27/02/26 11:00:00,A,50-249,C10-S951_X_K,E_DI2_HI,PC_ENT,IE,2018,21.83,,
ESTAT:ISOC_E_DII(1.0),27/02/26 11:00:00,A,50-249,C10-S951_X_K,E_DI2_HI,PC_ENT,IE,2020,35.63,,
ESTAT:ISOC_E_DII(1.0),27/02/26 11:00:00,A,50-249,C10-S951_X_K,E_DI2_HI,PC_ENT,IT,2018,16.43,,
ESTAT:ISOC_E_DII(1.0),27/02/26 11:00:00,A,50-249,C10-S951_X_K,E_DI2_HI,PC_ENT,IT,2020,32.28,b,
ESTAT:ISOC_E_DII(1.0),27/02/26 11:00:00,A,50-249,C10-S951_X_K,E_DI2_HI,PC_ENT,LT,2018,18.31,,
ESTAT:ISOC_E_DII(1.0),27/02/26 11:00:00,A,50-249,C10-S951_X_K,E_DI2_HI,PC_ENT,LT,2020,14.50,,
ESTAT:ISOC_E_DII(1.0),27/02/26 11:00:00,A,50-249,C10-S951_X_K,E_DI2_HI,PC_ENT,LU,2018,15.53,,
ESTAT:ISOC_E_DII(1.0),27/02/26 11:00:00,A,50-249,C10-S951_X_K,E_DI2_HI,PC_ENT,LU,2020,22.03,,
ESTAT:ISOC_E_DII(1.0),27/02/26 11:00:00,A,50-249,C10-S951_X_K,E_DI2_HI,PC_ENT,LV,2018,9.53,,
ESTAT:ISOC_E_DII(1.0),27/02/26 11:00:00,A,50-249,C10-S951_X_K,E_DI2_HI,PC_ENT,LV,2020,13.30,,
ESTAT:ISOC_E_DII(1.0),27/02/26 11:00:00,A,50-249,C10-S951_X_K,E_DI2_HI,PC_ENT,ME,2018,9.57,,
ESTAT:ISOC_E_DII(1.0),27/02/26 11:00:00,A,50-249,C10-S951_X_K,E_DI2_HI,PC_ENT,ME,2020,11.38,,
ESTAT:ISOC_E_DII(1.0),27/02/26 11:00:00,A,50-249,C10-S951_X_K,E_DI2_HI,PC_ENT,MK,2020,,,C
ESTAT:ISOC_E_DII(1.0),27/02/26 11:00:00,A,50-249,C10-S951_X_K,E_DI2_HI,PC_ENT,MT,2018,24.01,,
ESTAT:ISOC_E_DII(1.0),27/02/26 11:00:00,A,50-249,C10-S951_X_K,E_DI2_HI,PC_ENT,MT,2020,37.39,,
ESTAT:ISOC_E_DII(1.0),27/02/26 11:00:00,A,50-249,C10-S951_X_K,E_DI2_HI,PC_ENT,NL,2018,36.41,,
ESTAT:ISOC_E_DII(1.0),27/02/26 11:00:00,A,50-249,C10-S951_X_K,E_DI2_HI,PC_ENT,NL,2020,40.70,,
ESTAT:ISOC_E_DII(1.0),27/02/26 11:00:00,A,50-249,C10-S951_X_K,E_DI2_HI,PC_ENT,NO,2018,38.33,,
ESTAT:ISOC_E_DII(1.0),27/02/26 11:00:00,A,50-249,C10-S951_X_K,E_DI2_HI,PC_ENT,NO,2020,46.40,,
ESTAT:ISOC_E_DII(1.0),27/02/26 11:00:00,A,50-249,C10-S951_X_K,E_DI2_HI,PC_ENT,PL,2018,10.36,,
ESTAT:ISOC_E_DII(1.0),27/02/26 11:00:00,A,50-249,C10-S951_X_K,E_DI2_HI,PC_ENT,PL,2020,18.09,,
ESTAT:ISOC_E_DII(1.0),27/02/26 11:00:00,A,50-249,C10-S951_X_K,E_DI2_HI,PC_ENT,PT,2018,18.40,,
ESTAT:ISOC_E_DII(1.0),27/02/26 11:00:00,A,50-249,C10-S951_X_K,E_DI2_HI,PC_ENT,PT,2020,20.69,,
ESTAT:ISOC_E_DII(1.0),27/02/26 11:00:00,A,50-249,C10-S951_X_K,E_DI2_HI,PC_ENT,RO,2018,7.79,,
ESTAT:ISOC_E_DII(1.0),27/02/26 11:00:00,A,50-249,C10-S951_X_K,E_DI2_HI,PC_ENT,RO,2020,9.61,,
ESTAT:ISOC_E_DII(1.0),27/02/26 11:00:00,A,50-249,C10-S951_X_K,E_DI2_HI,PC_ENT,RS,2020,16.77,,
ESTAT:ISOC_E_DII(1.0),27/02/26 11:00:00,A,50-249,C10-S951_X_K,E_DI2_HI,PC_ENT,SE,2018,38.95,,
ESTAT:ISOC_E_DII(1.0),27/02/26 11:00:00,A,50-249,C10-S951_X_K,E_DI2_HI,PC_ENT,SE,2020,49.09,,
ESTAT:ISOC_E_DII(1.0),27/02/26 11:00:00,A,50-249,C10-S951_X_K,E_DI2_HI,PC_ENT,SI,2018,27.10,,
ESTAT:ISOC_E_DII(1.0),27/02/26 11:00:00,A,50-249,C10-S951_X_K,E_DI2_HI,PC_ENT,SI,2020,33.19,,
ESTAT:ISOC_E_DII(1.0),27/02/26 11:00:00,A,50-249,C10-S951_X_K,E_DI2_HI,PC_ENT,SK,2018,11.18,,
ESTAT:ISOC_E_DII(1.0),27/02/26 11:00:00,A,50-249,C10-S951_X_K,E_DI2_HI,PC_ENT,SK,2020,14.71,,
ESTAT:ISOC_E_DII(1.0),27/02/26 11:00:00,A,50-249,C10-S951_X_K,E_DI2_HI,PC_ENT,UK,2018,15.11,,
ESTAT:ISOC_E_DII(1.0),27/02/26 11:00:00,A,50-249,C10-S951_X_K,E_DI2_HI,PC_ENT,UK,2020,25.91,,
ESTAT:ISOC_E_DII(1.0),27/02/26 11:00:00,A,50-249,C10-S951_X_K,E_DI2_LO,PC_ENT,AT,2018,42.12,,
ESTAT:ISOC_E_DII(1.0),27/02/26 11:00:00,A,50-249,C10-S951_X_K,E_DI2_LO,PC_ENT,AT,2020,49.95,,
ESTAT:ISOC_E_DII(1.0),27/02/26 11:00:00,A,50-249,C10-S951_X_K,E_DI2_LO,PC_ENT,BA,2020,43.84,,
ESTAT:ISOC_E_DII(1.0),27/02/26 11:00:00,A,50-249,C10-S951_X_K,E_DI2_LO,PC_ENT,BE,2018,42.88,,
ESTAT:ISOC_E_DII(1.0),27/02/26 11:00:00,A,50-249,C10-S951_X_K,E_DI2_LO,PC_ENT,BE,2020,41.07,,
ESTAT:ISOC_E_DII(1.0),27/02/26 11:00:00,A,50-249,C10-S951_X_K,E_DI2_LO,PC_ENT,BG,2018,32.43,,
ESTAT:ISOC_E_DII(1.0),27/02/26 11:00:00,A,50-249,C10-S951_X_K,E_DI2_LO,PC_ENT,BG,2020,38.96,,
ESTAT:ISOC_E_DII(1.0),27/02/26 11:00:00,A,50-249,C10-S951_X_K,E_DI2_LO,PC_ENT,CY,2018,48.75,,
ESTAT:ISOC_E_DII(1.0),27/02/26 11:00:00,A,50-249,C10-S951_X_K,E_DI2_LO,PC_ENT,CY,2020,56.04,,
ESTAT:ISOC_E_DII(1.0),27/02/26 11:00:00,A,50-249,C10-S951_X_K,E_DI2_LO,PC_ENT,CZ,2018,44.98,,
ESTAT:ISOC_E_DII(1.0),27/02/26 11:00:00,A,50-249,C10-S951_X_K,E_DI2_LO,PC_ENT,CZ,2020,43.18,,
ESTAT:ISOC_E_DII(1.0),27/02/26 11:00:00,A,50-249,C10-S951_X_K,E_DI2_LO,PC_ENT,DE,2018,50.51,,
ESTAT:ISOC_E_DII(1.0),27/02/26 11:00:00,A,50-249,C10-S951_X_K,E_DI2_LO,PC_ENT,DE,2020,51.22,,
ESTAT:ISOC_E_DII(1.0),27/02/26 11:00:00,A,50-249,C10-S951_X_K,E_DI2_LO,PC_ENT,DK,2018,40.16,,
ESTAT:ISOC_E_DII(1.0),27/02/26 11:00:00,A,50-249,C10-S951_X_K,E_DI2_LO,PC_ENT,DK,2020,31.82,,
ESTAT:ISOC_E_DII(1.0),27/02/26 11:00:00,A,50-249,C10-S951_X_K,E_DI2_LO,PC_ENT,EA,2018,45.81,,
ESTAT:ISOC_E_DII(1.0),27/02/26 11:00:00,A,50-249,C10-S951_X_K,E_DI2_LO,PC_ENT,EA,2020,48.03,,
ESTAT:ISOC_E_DII(1.0),27/02/26 11:00:00,A,50-249,C10-S951_X_K,E_DI2_LO,PC_ENT,EE,2018,46.41,,
ESTAT:ISOC_E_DII(1.0),27/02/26 11:00:00,A,50-249,C10-S951_X_K,E_DI2_LO,PC_ENT,EE,2020,48.58,,
ESTAT:ISOC_E_DII(1.0),27/02/26 11:00:00,A,50-249,C10-S951_X_K,E_DI2_LO,PC_ENT,EL,2018,43.61,,
ESTAT:ISOC_E_DII(1.0),27/02/26 11:00:00,A,50-249,C10-S951_X_K,E_DI2_LO,PC_ENT,EL,2020,46.10,,
ESTAT:ISOC_E_DII(1.0),27/02/26 11:00:00,A,50-249,C10-S951_X_K,E_DI2_LO,PC_ENT,ES,2018,42.30,,
ESTAT:ISOC_E_DII(1.0),27/02/26 11:00:00,A,50-249,C10-S951_X_K,E_DI2_LO,PC_ENT,ES,2020,47.30,,
ESTAT:ISOC_E_DII(1.0),27/02/26 11:00:00,A,50-249,C10-S951_X_K,E_DI2_LO,PC_ENT,EU15,2018,47.11,,
ESTAT:ISOC_E_DII(1.0),27/02/26 11:00:00,A,50-249,C10-S951_X_K,E_DI2_LO,PC_ENT,EU27_2007,2018,45.99,,
ESTAT:ISOC_E_DII(1.0),27/02/26 11:00:00,A,50-249,C10-S951_X_K,E_DI2_LO,PC_ENT,EU27_2020,2018,44.71,,
ESTAT:ISOC_E_DII(1.0),27/02/26 11:00:00,A,50-249,C10-S951_X_K,E_DI2_LO,PC_ENT,EU27_2020,2020,47.03,,
ESTAT:ISOC_E_DII(1.0),27/02/26 11:00:00,A,50-249,C10-S951_X_K,E_DI2_LO,PC_ENT,EU28,2018,45.94,,
ESTAT:ISOC_E_DII(1.0),27/02/26 11:00:00,A,50-249,C10-S951_X_K,E_DI2_LO,PC_ENT,FI,2018,35.36,,
ESTAT:ISOC_E_DII(1.0),27/02/26 11:00:00,A,50-249,C10-S951_X_K,E_DI2_LO,PC_ENT,FI,2020,30.92,,
ESTAT:ISOC_E_DII(1.0),27/02/26 11:00:00,A,50-249,C10-S951_X_K,E_DI2_LO,PC_ENT,FR,2018,45.48,,
ESTAT:ISOC_E_DII(1.0),27/02/26 11:00:00,A,50-249,C10-S951_X_K,E_DI2_LO,PC_ENT,FR,2020,48.16,,
ESTAT:ISOC_E_DII(1.0),27/02/26 11:00:00,A,50-249,C10-S951_X_K,E_DI2_LO,PC_ENT,HR,2018,39.53,,
ESTAT:ISOC_E_DII(1.0),27/02/26 11:00:00,A,50-249,C10-S951_X_K,E_DI2_LO,PC_ENT,HR,2020,48.35,,
ESTAT:ISOC_E_DII(1.0),27/02/26 11:00:00,A,50-249,C10-S951_X_K,E_DI2_LO,PC_ENT,HU,2018,39.57,,
ESTAT:ISOC_E_DII(1.0),27/02/26 11:00:00,A,50-249,C10-S951_X_K,E_DI2_LO,PC_ENT,HU,2020,43.11,,
ESTAT:ISOC_E_DII(1.0),27/02/26 11:00:00,A,50-249,C10-S951_X_K,E_DI2_LO,PC_ENT,IE,2018,48.30,,
ESTAT:ISOC_E_DII(1.0),27/02/26 11:00:00,A,50-249,C10-S951_X_K,E_DI2_LO,PC_ENT,IE,2020,46.15,,
ESTAT:ISOC_E_DII(1.0),27/02/26 11:00:00,A,50-249,C10-S951_X_K,E_DI2_LO,PC_ENT,IT,2018,40.68,,
ESTAT:ISOC_E_DII(1.0),27/02/26 11:00:00,A,50-249,C10-S951_X_K,E_DI2_LO,PC_ENT,IT,2020,46.24,b,
ESTAT:ISOC_E_DII(1.0),27/02/26 11:00:00,A,50-249,C10-S951_X_K,E_DI2_LO,PC_ENT,LT,2018,46.46,,
ESTAT:ISOC_E_DII(1.0),27/02/26 11:00:00,A,50-249,C10-S951_X_K,E_DI2_LO,PC_ENT,LT,2020,54.66,,
ESTAT:ISOC_E_DII(1.0),27/02/26 11:00:00,A,50-249,C10-S951_X_K,E_DI2_LO,PC_ENT,LU,2018,45.90,,
ESTAT:ISOC_E_DII(1.0),27/02/26 11:00:00,A,50-249,C10-S951_X_K,E_DI2_LO,PC_ENT,LU,2020,52.16,,
ESTAT:ISOC_E_DII(1.0),27/02/26 11:00:00,A,50-249,C10-S951_X_K,E_DI2_LO,PC_ENT,LV,2018,34.57,,
ESTAT:ISOC_E_DII(1.0),27/02/26 11:00:00,A,50-249,C10-S951_X_K,E_DI2_LO,PC_ENT,LV,2020,44.80,,
ESTAT:ISOC_E_DII(1.0),27/02/26 11:00:00,A,50-249,C10-S951_X_K,E_DI2_LO,PC_ENT,ME,2018,43.77,,
ESTAT:ISOC_E_DII(1.0),27/02/26 11:00:00,A,50-249,C10-S951_X_K,E_DI2_LO,PC_ENT,ME,2020,54.22,,
ESTAT:ISOC_E_DII(1.0),27/02/26 11:00:00,A,50-249,C10-S951_X_K,E_DI2_LO,PC_ENT,MK,2020,33.74,,
ESTAT:ISOC_E_DII(1.0),27/02/26 11:00:00,A,50-249,C10-S951_X_K,E_DI2_LO,PC_ENT,MT,2018,56.43,,
ESTAT:ISOC_E_DII(1.0),27/02/26 11:00:00,A,50-249,C10-S951_X_K,E_DI2_LO,PC_ENT,MT,2020,43.87,,
ESTAT:ISOC_E_DII(1.0),27/02/26 11:00:00,A,50-249,C10-S951_X_K,E_DI2_LO,PC_ENT,NL,2018,45.86,,
ESTAT:ISOC_E_DII(1.0),27/02/26 11:00:00,A,50-249,C10-S951_X_K,E_DI2_LO,PC_ENT,NL,2020,42.56,,
ESTAT:ISOC_E_DII(1.0),27/02/26 11:00:00,A,50-249,C10-S951_X_K,E_DI2_LO,PC_ENT,NO,2018,42.22,,
ESTAT:ISOC_E_DII(1.0),27/02/26 11:00:00,A,50-249,C10-S951_X_K,E_DI2_LO,PC_ENT,NO,2020,40.84,,
ESTAT:ISOC_E_DII(1.0),27/02/26 11:00:00,A,50-249,C10-S951_X_K,E_DI2_LO,PC_ENT,PL,2018,43.61,,
ESTAT:ISOC_E_DII(1.0),27/02/26 11:00:00,A,50-249,C10-S951_X_K,E_DI2_LO,PC_ENT,PL,2020,49.70,,
ESTAT:ISOC_E_DII(1.0),27/02/26 11:00:00,A,50-249,C10-S951_X_K,E_DI2_LO,PC_ENT,PT,2018,,u,
ESTAT:ISOC_E_DII(1.0),27/02/26 11:00:00,A,50-249,C10-S951_X_K,E_DI2_LO,PC_ENT,PT,2020,,u,
ESTAT:ISOC_E_DII(1.0),27/02/26 11:00:00,A,50-249,C10-S951_X_K,E_DI2_LO,PC_ENT,RO,2018,38.77,,
ESTAT:ISOC_E_DII(1.0),27/02/26 11:00:00,A,50-249,C10-S951_X_K,E_DI2_LO,PC_ENT,RO,2020,38.08,,
ESTAT:ISOC_E_DII(1.0),27/02/26 11:00:00,A,50-249,C10-S951_X_K,E_DI2_LO,PC_ENT,RS,2020,53.81,,
ESTAT:ISOC_E_DII(1.0),27/02/26 11:00:00,A,50-249,C10-S951_X_K,E_DI2_LO,PC_ENT,SE,2018,42.30,,
ESTAT:ISOC_E_DII(1.0),27/02/26 11:00:00,A,50-249,C10-S951_X_K,E_DI2_LO,PC_ENT,SE,2020,43.76,,
ESTAT:ISOC_E_DII(1.0),27/02/26 11:00:00,A,50-249,C10-S951_X_K,E_DI2_LO,PC_ENT,SI,2018,50.22,,
ESTAT:ISOC_E_DII(1.0),27/02/26 11:00:00,A,50-249,C10-S951_X_K,E_DI2_LO,PC_ENT,SI,2020,40.81,,
ESTAT:ISOC_E_DII(1.0),27/02/26 11:00:00,A,50-249,C10-S951_X_K,E_DI2_LO,PC_ENT,SK,2018,41.78,,
ESTAT:ISOC_E_DII(1.0),27/02/26 11:00:00,A,50-249,C10-S951_X_K,E_DI2_LO,PC_ENT,SK,2020,45.57,,
ESTAT:ISOC_E_DII(1.0),27/02/26 11:00:00,A,50-249,C10-S951_X_K,E_DI2_LO,PC_ENT,UK,2018,54.67,,
ESTAT:ISOC_E_DII(1.0),27/02/26 11:00:00,A,50-249,C10-S951_X_K,E_DI2_LO,PC_ENT,UK,2020,51.39,,
ESTAT:ISOC_E_DII(1.0),27/02/26 11:00:00,A,50-249,C10-S951_X_K,E_DI2_VHI,PC_ENT,AT,2018,1.61,,
ESTAT:ISOC_E_DII(1.0),27/02/26 11:00:00,A,50-249,C10-S951_X_K,E_DI2_VHI,PC_ENT,AT,2020,3.35,,
ESTAT:ISOC_E_DII(1.0),27/02/26 11:00:00,A,50-249,C10-S951_X_K,E_DI2_VHI,PC_ENT,BA,2020,1.07,,
ESTAT:ISOC_E_DII(1.0),27/02/26 11:00:00,A,50-249,C10-S951_X_K,E_DI2_VHI,PC_ENT,BE,2018,3.19,,
ESTAT:ISOC_E_DII(1.0),27/02/26 11:00:00,A,50-249,C10-S951_X_K,E_DI2_VHI,PC_ENT,BE,2020,7.59,,
ESTAT:ISOC_E_DII(1.0),27/02/26 11:00:00,A,50-249,C10-S951_X_K,E_DI2_VHI,PC_ENT,BG,2018,,u,
ESTAT:ISOC_E_DII(1.0),27/02/26 11:00:00,A,50-249,C10-S951_X_K,E_DI2_VHI,PC_ENT,BG,2020,,u,
ESTAT:ISOC_E_DII(1.0),27/02/26 11:00:00,A,50-249,C10-S951_X_K,E_DI2_VHI,PC_ENT,CY,2018,0.68,,
ESTAT:ISOC_E_DII(1.0),27/02/26 11:00:00,A,50-249,C10-S951_X_K,E_DI2_VHI,PC_ENT,CY,2020,1.60,,
ESTAT:ISOC_E_DII(1.0),27/02/26 11:00:00,A,50-249,C10-S951_X_K,E_DI2_VHI,PC_ENT,CZ,2018,0.97,,
ESTAT:ISOC_E_DII(1.0),27/02/26 11:00:00,A,50-249,C10-S951_X_K,E_DI2_VHI,PC_ENT,CZ,2020,0.94,,
ESTAT:ISOC_E_DII(1.0),27/02/26 11:00:00,A,50-249,C10-S951_X_K,E_DI2_VHI,PC_ENT,DE,2018,0.16,,
ESTAT:ISOC_E_DII(1.0),27/02/26 11:00:00,A,50-249,C10-S951_X_K,E_DI2_VHI,PC_ENT,DE,2020,1.10,,
ESTAT:ISOC_E_DII(1.0),27/02/26 11:00:00,A,50-249,C10-S951_X_K,E_DI2_VHI,PC_ENT,DK,2018,5.85,,
ESTAT:ISOC_E_DII(1.0),27/02/26 11:00:00,A,50-249,C10-S951_X_K,E_DI2_VHI,PC_ENT,DK,2020,11.62,,
ESTAT:ISOC_E_DII(1.0),27/02/26 11:00:00,A,50-249,C10-S951_X_K,E_DI2_VHI,PC_ENT,EA,2018,1.22,,
ESTAT:ISOC_E_DII(1.0),27/02/26 11:00:00,A,50-249,C10-S951_X_K,E_DI2_VHI,PC_ENT,EA,2020,2.22,,
ESTAT:ISOC_E_DII(1.0),27/02/26 11:00:00,A,50-249,C10-S951_X_K,E_DI2_VHI,PC_ENT,EE,2018,1.63,,
ESTAT:ISOC_E_DII(1.0),27/02/26 11:00:00,A,50-249,C10-S951_X_K,E_DI2_VHI,PC_ENT,EE,2020,3.12,,
ESTAT:ISOC_E_DII(1.0),27/02/26 11:00:00,A,50-249,C10-S951_X_K,E_DI2_VHI,PC_ENT,EL,2018,0.78,,
ESTAT:ISOC_E_DII(1.0),27/02/26 11:00:00,A,50-249,C10-S951_X_K,E_DI2_VHI,PC_ENT,EL,2020,,u,
ESTAT:ISOC_E_DII(1.0),27/02/26 11:00:00,A,50-249,C10-S951_X_K,E_DI2_VHI,PC_ENT,ES,2018,2.03,,
ESTAT:ISOC_E_DII(1.0),27/02/26 11:00:00,A,50-249,C10-S951_X_K,E_DI2_VHI,PC_ENT,ES,2020,1.61,,
ESTAT:ISOC_E_DII(1.0),27/02/26 11:00:00,A,50-249,C10-S951_X_K,E_DI2_VHI,PC_ENT,EU15,2018,1.27,,
ESTAT:ISOC_E_DII(1.0),27/02/26 11:00:00,A,50-249,C10-S951_X_K,E_DI2_VHI,PC_ENT,EU27_2007,2018,1.13,,
ESTAT:ISOC_E_DII(1.0),27/02/26 11:00:00,A,50-249,C10-S951_X_K,E_DI2_VHI,PC_ENT,EU27_2020,2018,1.26,,
ESTAT:ISOC_E_DII(1.0),27/02/26 11:00:00,A,50-249,C10-S951_X_K,E_DI2_VHI,PC_ENT,EU27_2020,2020,2.06,,
ESTAT:ISOC_E_DII(1.0),27/02/26 11:00:00,A,50-249,C10-S951_X_K,E_DI2_VHI,PC_ENT,EU28,2018,1.13,,
ESTAT:ISOC_E_DII(1.0),27/02/26 11:00:00,A,50-249,C10-S951_X_K,E_DI2_VHI,PC_ENT,FI,2018,9.80,,
ESTAT:ISOC_E_DII(1.0),27/02/26 11:00:00,A,50-249,C10-S951_X_K,E_DI2_VHI,PC_ENT,FI,2020,11.86,,
ESTAT:ISOC_E_DII(1.0),27/02/26 11:00:00,A,50-249,C10-S951_X_K,E_DI2_VHI,PC_ENT,FR,2018,1.75,,
ESTAT:ISOC_E_DII(1.0),27/02/26 11:00:00,A,50-249,C10-S951_X_K,E_DI2_VHI,PC_ENT,FR,2020,2.21,,
ESTAT:ISOC_E_DII(1.0),27/02/26 11:00:00,A,50-249,C10-S951_X_K,E_DI2_VHI,PC_ENT,HR,2018,0.47,,
ESTAT:ISOC_E_DII(1.0),27/02/26 11:00:00,A,50-249,C10-S951_X_K,E_DI2_VHI,PC_ENT,HR,2020,2.33,,
ESTAT:ISOC_E_DII(1.0),27/02/26 11:00:00,A,50-249,C10-S951_X_K,E_DI2_VHI,PC_ENT,HU,2018,1.42,,
ESTAT:ISOC_E_DII(1.0),27/02/26 11:00:00,A,50-249,C10-S951_X_K,E_DI2_VHI,PC_ENT,HU,2020,0.44,,
ESTAT:ISOC_E_DII(1.0),27/02/26 11:00:00,A,50-249,C10-S951_X_K,E_DI2_VHI,PC_ENT,IE,2018,0.36,,
ESTAT:ISOC_E_DII(1.0),27/02/26 11:00:00,A,50-249,C10-S951_X_K,E_DI2_VHI,PC_ENT,IE,2020,3.27,,
ESTAT:ISOC_E_DII(1.0),27/02/26 11:00:00,A,50-249,C10-S951_X_K,E_DI2_VHI,PC_ENT,IT,2018,0.94,,
ESTAT:ISOC_E_DII(1.0),27/02/26 11:00:00,A,50-249,C10-S951_X_K,E_DI2_VHI,PC_ENT,IT,2020,2.77,b,
ESTAT:ISOC_E_DII(1.0),27/02/26 11:00:00,A,50-249,C10-S951_X_K,E_DI2_VHI,PC_ENT,LT,2018,1.30,,
ESTAT:ISOC_E_DII(1.0),27/02/26 11:00:00,A,50-249,C10-S951_X_K,E_DI2_VHI,PC_ENT,LT,2020,0.26,,
ESTAT:ISOC_E_DII(1.0),27/02/26 11:00:00,A,50-249,C10-S951_X_K,E_DI2_VHI,PC_ENT,LU,2018,0.47,,
ESTAT:ISOC_E_DII(1.0),27/02/26 11:00:00,A,50-249,C10-S951_X_K,E_DI2_VHI,PC_ENT,LU,2020,0.69,,
ESTAT:ISOC_E_DII(1.0),27/02/26 11:00:00,A,50-249,C10-S951_X_K,E_DI2_VHI,PC_ENT,LV,2018,0,,
ESTAT:ISOC_E_DII(1.0),27/02/26 11:00:00,A,50-249,C10-S951_X_K,E_DI2_VHI,PC_ENT,LV,2020,0.25,,
ESTAT:ISOC_E_DII(1.0),27/02/26 11:00:00,A,50-249,C10-S951_X_K,E_DI2_VHI,PC_ENT,ME,2018,0,,
ESTAT:ISOC_E_DII(1.0),27/02/26 11:00:00,A,50-249,C10-S951_X_K,E_DI2_VHI,PC_ENT,ME,2020,0,,
ESTAT:ISOC_E_DII(1.0),27/02/26 11:00:00,A,50-249,C10-S951_X_K,E_DI2_VHI,PC_ENT,MK,2020,0.18,,
ESTAT:ISOC_E_DII(1.0),27/02/26 11:00:00,A,50-249,C10-S951_X_K,E_DI2_VHI,PC_ENT,MT,2018,1.06,,
ESTAT:ISOC_E_DII(1.0),27/02/26 11:00:00,A,50-249,C10-S951_X_K,E_DI2_VHI,PC_ENT,MT,2020,2.57,,
ESTAT:ISOC_E_DII(1.0),27/02/26 11:00:00,A,50-249,C10-S951_X_K,E_DI2_VHI,PC_ENT,NL,2018,2.68,,
ESTAT:ISOC_E_DII(1.0),27/02/26 11:00:00,A,50-249,C10-S951_X_K,E_DI2_VHI,PC_ENT,NL,2020,4.03,,
ESTAT:ISOC_E_DII(1.0),27/02/26 11:00:00,A,50-249,C10-S951_X_K,E_DI2_VHI,PC_ENT,NO,2018,5.12,,
ESTAT:ISOC_E_DII(1.0),27/02/26 11:00:00,A,50-249,C10-S951_X_K,E_DI2_VHI,PC_ENT,NO,2020,5.05,,
ESTAT:ISOC_E_DII(1.0),27/02/26 11:00:00,A,50-249,C10-S951_X_K,E_DI2_VHI,PC_ENT,PL,2018,0.30,,
ESTAT:ISOC_E_DII(1.0),27/02/26 11:00:00,A,50-249,C10-S951_X_K,E_DI2_VHI,PC_ENT,PL,2020,1.18,,
ESTAT:ISOC_E_DII(1.0),27/02/26 11:00:00,A,50-249,C10-S951_X_K,E_DI2_VHI,PC_ENT,PT,2018,0.81,,
ESTAT:ISOC_E_DII(1.0),27/02/26 11:00:00,A,50-249,C10-S951_X_K,E_DI2_VHI,PC_ENT,PT,2020,2.76,,
ESTAT:ISOC_E_DII(1.0),27/02/26 11:00:00,A,50-249,C10-S951_X_K,E_DI2_VHI,PC_ENT,RO,2018,0.47,,
ESTAT:ISOC_E_DII(1.0),27/02/26 11:00:00,A,50-249,C10-S951_X_K,E_DI2_VHI,PC_ENT,RO,2020,0.25,,
ESTAT:ISOC_E_DII(1.0),27/02/26 11:00:00,A,50-249,C10-S951_X_K,E_DI2_VHI,PC_ENT,RS,2020,0.86,,
ESTAT:ISOC_E_DII(1.0),27/02/26 11:00:00,A,50-249,C10-S951_X_K,E_DI2_VHI,PC_ENT,SE,2018,6.20,,
ESTAT:ISOC_E_DII(1.0),27/02/26 11:00:00,A,50-249,C10-S951_X_K,E_DI2_VHI,PC_ENT,SE,2020,2.07,,
ESTAT:ISOC_E_DII(1.0),27/02/26 11:00:00,A,50-249,C10-S951_X_K,E_DI2_VHI,PC_ENT,SI,2018,1.96,,
ESTAT:ISOC_E_DII(1.0),27/02/26 11:00:00,A,50-249,C10-S951_X_K,E_DI2_VHI,PC_ENT,SI,2020,3.25,,
ESTAT:ISOC_E_DII(1.0),27/02/26 11:00:00,A,50-249,C10-S951_X_K,E_DI2_VHI,PC_ENT,SK,2018,0.17,,
ESTAT:ISOC_E_DII(1.0),27/02/26 11:00:00,A,50-249,C10-S951_X_K,E_DI2_VHI,PC_ENT,SK,2020,1.37,,
ESTAT:ISOC_E_DII(1.0),27/02/26 11:00:00,A,50-249,C10-S951_X_K,E_DI2_VHI,PC_ENT,UK,2018,0.17,,
ESTAT:ISOC_E_DII(1.0),27/02/26 11:00:00,A,50-249,C10-S951_X_K,E_DI2_VHI,PC_ENT,UK,2020,0.33,,
ESTAT:ISOC_E_DII(1.0),27/02/26 11:00:00,A,50-249,C10-S951_X_K,E_DI2_VLO,PC_ENT,AT,2018,38.08,,
ESTAT:ISOC_E_DII(1.0),27/02/26 11:00:00,A,50-249,C10-S951_X_K,E_DI2_VLO,PC_ENT,AT,2020,20.05,,
ESTAT:ISOC_E_DII(1.0),27/02/26 11:00:00,A,50-249,C10-S951_X_K,E_DI2_VLO,PC_ENT,BA,2020,44.94,,
ESTAT:ISOC_E_DII(1.0),27/02/26 11:00:00,A,50-249,C10-S951_X_K,E_DI2_VLO,PC_ENT,BE,2018,24.61,,
ESTAT:ISOC_E_DII(1.0),27/02/26 11:00:00,A,50-249,C10-S951_X_K,E_DI2_VLO,PC_ENT,BE,2020,13.42,,
ESTAT:ISOC_E_DII(1.0),27/02/26 11:00:00,A,50-249,C10-S951_X_K,E_DI2_VLO,PC_ENT,BG,2018,60.80,,
ESTAT:ISOC_E_DII(1.0),27/02/26 11:00:00,A,50-249,C10-S951_X_K,E_DI2_VLO,PC_ENT,BG,2020,52.44,,
ESTAT:ISOC_E_DII(1.0),27/02/26 11:00:00,A,50-249,C10-S951_X_K,E_DI2_VLO,PC_ENT,CY,2018,37.86,,
ESTAT:ISOC_E_DII(1.0),27/02/26 11:00:00,A,50-249,C10-S951_X_K,E_DI2_VLO,PC_ENT,CY,2020,25.10,,
ESTAT:ISOC_E_DII(1.0),27/02/26 11:00:00,A,50-249,C10-S951_X_K,E_DI2_VLO,PC_ENT,CZ,2018,41.26,,
ESTAT:ISOC_E_DII(1.0),27/02/26 11:00:00,A,50-249,C10-S951_X_K,E_DI2_VLO,PC_ENT,CZ,2020,32.72,,
ESTAT:ISOC_E_DII(1.0),27/02/26 11:00:00,A,50-249,C10-S951_X_K,E_DI2_VLO,PC_ENT,DE,2018,36.46,,
ESTAT:ISOC_E_DII(1.0),27/02/26 11:00:00,A,50-249,C10-S951_X_K,E_DI2_VLO,PC_ENT,DE,2020,26.11,,
ESTAT:ISOC_E_DII(1.0),27/02/26 11:00:00,A,50-249,C10-S951_X_K,E_DI2_VLO,PC_ENT,DK,2018,8.17,,
ESTAT:ISOC_E_DII(1.0),27/02/26 11:00:00,A,50-249,C10-S951_X_K,E_DI2_VLO,PC_ENT,DK,2020,4.79,,
ESTAT:ISOC_E_DII(1.0),27/02/26 11:00:00,A,50-249,C10-S951_X_K,E_DI2_VLO,PC_ENT,EA,2018,34.47,,
ESTAT:ISOC_E_DII(1.0),27/02/26 11:00:00,A,50-249,C10-S951_X_K,E_DI2_VLO,PC_ENT,EA,2020,23.59,,
ESTAT:ISOC_E_DII(1.0),27/02/26 11:00:00,A,50-249,C10-S951_X_K,E_DI2_VLO,PC_ENT,EE,2018,30.85,,
ESTAT:ISOC_E_DII(1.0),27/02/26 11:00:00,A,50-249,C10-S951_X_K,E_DI2_VLO,PC_ENT,EE,2020,13.86,,
ESTAT:ISOC_E_DII(1.0),27/02/26 11:00:00,A,50-249,C10-S951_X_K,E_DI2_VLO,PC_ENT,EL,2018,43.05,,
ESTAT:ISOC_E_DII(1.0),27/02/26 11:00:00,A,50-249,C10-S951_X_K,E_DI2_VLO,PC_ENT,EL,2020,39.47,,
ESTAT:ISOC_E_DII(1.0),27/02/26 11:00:00,A,50-249,C10-S951_X_K,E_DI2_VLO,PC_ENT,ES,2018,33.39,,
ESTAT:ISOC_E_DII(1.0),27/02/26 11:00:00,A,50-249,C10-S951_X_K,E_DI2_VLO,PC_ENT,ES,2020,26.24,,
ESTAT:ISOC_E_DII(1.0),27/02/26 11:00:00,A,50-249,C10-S951_X_K,E_DI2_VLO,PC_ENT,EU15,2018,32.61,,
ESTAT:ISOC_E_DII(1.0),27/02/26 11:00:00,A,50-249,C10-S951_X_K,E_DI2_VLO,PC_ENT,EU27_2007,2018,35.40,,
ESTAT:ISOC_E_DII(1.0),27/02/26 11:00:00,A,50-249,C10-S951_X_K,E_DI2_VLO,PC_ENT,EU27_2020,2018,36.24,,
ESTAT:ISOC_E_DII(1.0),27/02/26 11:00:00,A,50-249,C10-S951_X_K,E_DI2_VLO,PC_ENT,EU27_2020,2020,25.73,,
ESTAT:ISOC_E_DII(1.0),27/02/26 11:00:00,A,50-249,C10-S951_X_K,E_DI2_VLO,PC_ENT,EU28,2018,35.47,,
ESTAT:ISOC_E_DII(1.0),27/02/26 11:00:00,A,50-249,C10-S951_X_K,E_DI2_VLO,PC_ENT,FI,2018,6.18,,
ESTAT:ISOC_E_DII(1.0),27/02/26 11:00:00,A,50-249,C10-S951_X_K,E_DI2_VLO,PC_ENT,FI,2020,3.56,,
ESTAT:ISOC_E_DII(1.0),27/02/26 11:00:00,A,50-249,C10-S951_X_K,E_DI2_VLO,PC_ENT,FR,2018,32.79,,
ESTAT:ISOC_E_DII(1.0),27/02/26 11:00:00,A,50-249,C10-S951_X_K,E_DI2_VLO,PC_ENT,FR,2020,23.41,b,
ESTAT:ISOC_E_DII(1.0),27/02/26 11:00:00,A,50-249,C10-S951_X_K,E_DI2_VLO,PC_ENT,HR,2018,45.63,,
ESTAT:ISOC_E_DII(1.0),27/02/26 11:00:00,A,50-249,C10-S951_X_K,E_DI2_VLO,PC_ENT,HR,2020,21.31,,
ESTAT:ISOC_E_DII(1.0),27/02/26 11:00:00,A,50-249,C10-S951_X_K,E_DI2_VLO,PC_ENT,HU,2018,41.73,,
ESTAT:ISOC_E_DII(1.0),27/02/26 11:00:00,A,50-249,C10-S951_X_K,E_DI2_VLO,PC_ENT,HU,2020,39.68,,
ESTAT:ISOC_E_DII(1.0),27/02/26 11:00:00,A,50-249,C10-S951_X_K,E_DI2_VLO,PC_ENT,IE,2018,29.51,,
ESTAT:ISOC_E_DII(1.0),27/02/26 11:00:00,A,50-249,C10-S951_X_K,E_DI2_VLO,PC_ENT,IE,2020,14.95,,
ESTAT:ISOC_E_DII(1.0),27/02/26 11:00:00,A,50-249,C10-S951_X_K,E_DI2_VLO,PC_ENT,IT,2018,41.95,,
ESTAT:ISOC_E_DII(1.0),27/02/26 11:00:00,A,50-249,C10-S951_X_K,E_DI2_VLO,PC_ENT,IT,2020,18.71,b,
ESTAT:ISOC_E_DII(1.0),27/02/26 11:00:00,A,50-249,C10-S951_X_K,E_DI2_VLO,PC_ENT,LT,2018,33.93,,
ESTAT:ISOC_E_DII(1.0),27/02/26 11:00:00,A,50-249,C10-S951_X_K,E_DI2_VLO,PC_ENT,LT,2020,30.63,,
ESTAT:ISOC_E_DII(1.0),27/02/26 11:00:00,A,50-249,C10-S951_X_K,E_DI2_VLO,PC_ENT,LU,2018,38.10,,
ESTAT:ISOC_E_DII(1.0),27/02/26 11:00:00,A,50-249,C10-S951_X_K,E_DI2_VLO,PC_ENT,LU,2020,25.11,,
ESTAT:ISOC_E_DII(1.0),27/02/26 11:00:00,A,50-249,C10-S951_X_K,E_DI2_VLO,PC_ENT,LV,2018,55.90,,
ESTAT:ISOC_E_DII(1.0),27/02/26 11:00:00,A,50-249,C10-S951_X_K,E_DI2_VLO,PC_ENT,LV,2020,41.65,,
ESTAT:ISOC_E_DII(1.0),27/02/26 11:00:00,A,50-249,C10-S951_X_K,E_DI2_VLO,PC_ENT,ME,2018,46.65,,
ESTAT:ISOC_E_DII(1.0),27/02/26 11:00:00,A,50-249,C10-S951_X_K,E_DI2_VLO,PC_ENT,ME,2020,34.40,,
ESTAT:ISOC_E_DII(1.0),27/02/26 11:00:00,A,50-249,C10-S951_X_K,E_DI2_VLO,PC_ENT,MK,2020,62.61,,
ESTAT:ISOC_E_DII(1.0),27/02/26 11:00:00,A,50-249,C10-S951_X_K,E_DI2_VLO,PC_ENT,MT,2018,18.51,,
ESTAT:ISOC_E_DII(1.0),27/02/26 11:00:00,A,50-249,C10-S951_X_K,E_DI2_VLO,PC_ENT,MT,2020,16.17,,
ESTAT:ISOC_E_DII(1.0),27/02/26 11:00:00,A,50-249,C10-S951_X_K,E_DI2_VLO,PC_ENT,NL,2018,15.05,,
ESTAT:ISOC_E_DII(1.0),27/02/26 11:00:00,A,50-249,C10-S951_X_K,E_DI2_VLO,PC_ENT,NL,2020,12.72,,
ESTAT:ISOC_E_DII(1.0),27/02/26 11:00:00,A,50-249,C10-S951_X_K,E_DI2_VLO,PC_ENT,NO,2018,14.30,,
ESTAT:ISOC_E_DII(1.0),27/02/26 11:00:00,A,50-249,C10-S951_X_K,E_DI2_VLO,PC_ENT,NO,2020,7.70,,
ESTAT:ISOC_E_DII(1.0),27/02/26 11:00:00,A,50-249,C10-S951_X_K,E_DI2_VLO,PC_ENT,PL,2018,45.73,,
ESTAT:ISOC_E_DII(1.0),27/02/26 11:00:00,A,50-249,C10-S951_X_K,E_DI2_VLO,PC_ENT,PL,2020,31.03,,
ESTAT:ISOC_E_DII(1.0),27/02/26 11:00:00,A,50-249,C10-S951_X_K,E_DI2_VLO,PC_ENT,PT,2018,,u,
ESTAT:ISOC_E_DII(1.0),27/02/26 11:00:00,A,50-249,C10-S951_X_K,E_DI2_VLO,PC_ENT,PT,2020,,u,
ESTAT:ISOC_E_DII(1.0),27/02/26 11:00:00,A,50-249,C10-S951_X_K,E_DI2_VLO,PC_ENT,RO,2018,52.96,,
ESTAT:ISOC_E_DII(1.0),27/02/26 11:00:00,A,50-249,C10-S951_X_K,E_DI2_VLO,PC_ENT,RO,2020,52.06,,
ESTAT:ISOC_E_DII(1.0),27/02/26 11:00:00,A,50-249,C10-S951_X_K,E_DI2_VLO,PC_ENT,RS,2020,28.56,,
ESTAT:ISOC_E_DII(1.0),27/02/26 11:00:00,A,50-249,C10-S951_X_K,E_DI2_VLO,PC_ENT,SE,2018,12.56,,
ESTAT:ISOC_E_DII(1.0),27/02/26 11:00:00,A,50-249,C10-S951_X_K,E_DI2_VLO,PC_ENT,SE,2020,5.08,,
ESTAT:ISOC_E_DII(1.0),27/02/26 11:00:00,A,50-249,C10-S951_X_K,E_DI2_VLO,PC_ENT,SI,2018,20.72,,
ESTAT:ISOC_E_DII(1.0),27/02/26 11:00:00,A,50-249,C10-S951_X_K,E_DI2_VLO,PC_ENT,SI,2020,22.75,,
ESTAT:ISOC_E_DII(1.0),27/02/26 11:00:00,A,50-249,C10-S951_X_K,E_DI2_VLO,PC_ENT,SK,2018,46.88,,
ESTAT:ISOC_E_DII(1.0),27/02/26 11:00:00,A,50-249,C10-S951_X_K,E_DI2_VLO,PC_ENT,SK,2020,38.35,,
ESTAT:ISOC_E_DII(1.0),27/02/26 11:00:00,A,50-249,C10-S951_X_K,E_DI2_VLO,PC_ENT,UK,2018,30.05,,
ESTAT:ISOC_E_DII(1.0),27/02/26 11:00:00,A,50-249,C10-S951_X_K,E_DI2_VLO,PC_ENT,UK,2020,22.37,,
ESTAT:ISOC_E_DII(1.0),27/02/26 11:00:00,A,50-249,C10-S951_X_K,E_DI3_GELO,PC_ENT,AT,2021,84.15,,
ESTAT:ISOC_E_DII(1.0),27/02/26 11:00:00,A,50-249,C10-S951_X_K,E_DI3_GELO,PC_ENT,AT,2023,78.86,,
ESTAT:ISOC_E_DII(1.0),27/02/26 11:00:00,A,50-249,C10-S951_X_K,E_DI3_GELO,PC_ENT,AT,2025,88.77,,
ESTAT:ISOC_E_DII(1.0),27/02/26 11:00:00,A,50-249,C10-S951_X_K,E_DI3_GELO,PC_ENT,BA,2021,45.97,,
ESTAT:ISOC_E_DII(1.0),27/02/26 11:00:00,A,50-249,C10-S951_X_K,E_DI3_GELO,PC_ENT,BA,2023,58.41,,
ESTAT:ISOC_E_DII(1.0),27/02/26 11:00:00,A,50-249,C10-S951_X_K,E_DI3_GELO,PC_ENT,BA,2025,74.27,,
ESTAT:ISOC_E_DII(1.0),27/02/26 11:00:00,A,50-249,C10-S951_X_K,E_DI3_GELO,PC_ENT,BE,2021,79.64,,
ESTAT:ISOC_E_DII(1.0),27/02/26 11:00:00,A,50-249,C10-S951_X_K,E_DI3_GELO,PC_ENT,BE,2023,89.85,,
ESTAT:ISOC_E_DII(1.0),27/02/26 11:00:00,A,50-249,C10-S951_X_K,E_DI3_GELO,PC_ENT,BE,2025,93.16,,
ESTAT:ISOC_E_DII(1.0),27/02/26 11:00:00,A,50-249,C10-S951_X_K,E_DI3_GELO,PC_ENT,BG,2021,39.88,,
ESTAT:ISOC_E_DII(1.0),27/02/26 11:00:00,A,50-249,C10-S951_X_K,E_DI3_GELO,PC_ENT,BG,2023,44.00,,
ESTAT:ISOC_E_DII(1.0),27/02/26 11:00:00,A,50-249,C10-S951_X_K,E_DI3_GELO,PC_ENT,BG,2025,55.38,,
ESTAT:ISOC_E_DII(1.0),27/02/26 11:00:00,A,50-249,C10-S951_X_K,E_DI3_GELO,PC_ENT,CY,2021,83.91,,
ESTAT:ISOC_E_DII(1.0),27/02/26 11:00:00,A,50-249,C10-S951_X_K,E_DI3_GELO,PC_ENT,CY,2023,87.24,,
ESTAT:ISOC_E_DII(1.0),27/02/26 11:00:00,A,50-249,C10-S951_X_K,E_DI3_GELO,PC_ENT,CY,2025,90.04,,
ESTAT:ISOC_E_DII(1.0),27/02/26 11:00:00,A,50-249,C10-S951_X_K,E_DI3_GELO,PC_ENT,CZ,2021,66.17,,
ESTAT:ISOC_E_DII(1.0),27/02/26 11:00:00,A,50-249,C10-S951_X_K,E_DI3_GELO,PC_ENT,CZ,2023,66.06,,
ESTAT:ISOC_E_DII(1.0),27/02/26 11:00:00,A,50-249,C10-S951_X_K,E_DI3_GELO,PC_ENT,CZ,2025,86.74,,
ESTAT:ISOC_E_DII(1.0),27/02/26 11:00:00,A,50-249,C10-S951_X_K,E_DI3_GELO,PC_ENT,DE,2021,77.33,,
ESTAT:ISOC_E_DII(1.0),27/02/26 11:00:00,A,50-249,C10-S951_X_K,E_DI3_GELO,PC_ENT,DE,2023,79.96,,
ESTAT:ISOC_E_DII(1.0),27/02/26 11:00:00,A,50-249,C10-S951_X_K,E_DI3_GELO,PC_ENT,DE,2025,88.12,,
ESTAT:ISOC_E_DII(1.0),27/02/26 11:00:00,A,50-249,C10-S951_X_K,E_DI3_GELO,PC_ENT,DK,2021,92.34,,
ESTAT:ISOC_E_DII(1.0),27/02/26 11:00:00,A,50-249,C10-S951_X_K,E_DI3_GELO,PC_ENT,DK,2023,89.09,,
ESTAT:ISOC_E_DII(1.0),27/02/26 11:00:00,A,50-249,C10-S951_X_K,E_DI3_GELO,PC_ENT,DK,2025,97.20,,
ESTAT:ISOC_E_DII(1.0),27/02/26 11:00:00,A,50-249,C10-S951_X_K,E_DI3_GELO,PC_ENT,EA,2021,76.57,,
ESTAT:ISOC_E_DII(1.0),27/02/26 11:00:00,A,50-249,C10-S951_X_K,E_DI3_GELO,PC_ENT,EA,2023,78.77,,
ESTAT:ISOC_E_DII(1.0),27/02/26 11:00:00,A,50-249,C10-S951_X_K,E_DI3_GELO,PC_ENT,EA,2025,88.82,,
ESTAT:ISOC_E_DII(1.0),27/02/26 11:00:00,A,50-249,C10-S951_X_K,E_DI3_GELO,PC_ENT,EE,2021,70.11,,
ESTAT:ISOC_E_DII(1.0),27/02/26 11:00:00,A,50-249,C10-S951_X_K,E_DI3_GELO,PC_ENT,EE,2023,75.39,,
ESTAT:ISOC_E_DII(1.0),27/02/26 11:00:00,A,50-249,C10-S951_X_K,E_DI3_GELO,PC_ENT,EE,2025,90.33,d,
ESTAT:ISOC_E_DII(1.0),27/02/26 11:00:00,A,50-249,C10-S951_X_K,E_DI3_GELO,PC_ENT,EL,2021,61.29,,
ESTAT:ISOC_E_DII(1.0),27/02/26 11:00:00,A,50-249,C10-S951_X_K,E_DI3_GELO,PC_ENT,EL,2023,60.09,,
ESTAT:ISOC_E_DII(1.0),27/02/26 11:00:00,A,50-249,C10-S951_X_K,E_DI3_GELO,PC_ENT,EL,2025,71.06,,
ESTAT:ISOC_E_DII(1.0),27/02/26 11:00:00,A,50-249,C10-S951_X_K,E_DI3_GELO,PC_ENT,ES,2021,76.65,,
ESTAT:ISOC_E_DII(1.0),27/02/26 11:00:00,A,50-249,C10-S951_X_K,E_DI3_GELO,PC_ENT,ES,2023,79.20,,
ESTAT:ISOC_E_DII(1.0),27/02/26 11:00:00,A,50-249,C10-S951_X_K,E_DI3_GELO,PC_ENT,ES,2025,89.19,,
ESTAT:ISOC_E_DII(1.0),27/02/26 11:00:00,A,50-249,C10-S951_X_K,E_DI3_GELO,PC_ENT,EU27_2020,2021,72.85,,
ESTAT:ISOC_E_DII(1.0),27/02/26 11:00:00,A,50-249,C10-S951_X_K,E_DI3_GELO,PC_ENT,EU27_2020,2023,76.10,,
ESTAT:ISOC_E_DII(1.0),27/02/26 11:00:00,A,50-249,C10-S951_X_K,E_DI3_GELO,PC_ENT,EU27_2020,2025,86.67,,
ESTAT:ISOC_E_DII(1.0),27/02/26 11:00:00,A,50-249,C10-S951_X_K,E_DI3_GELO,PC_ENT,FI,2021,93.68,,
ESTAT:ISOC_E_DII(1.0),27/02/26 11:00:00,A,50-249,C10-S951_X_K,E_DI3_GELO,PC_ENT,FI,2023,96.86,,
ESTAT:ISOC_E_DII(1.0),27/02/26 11:00:00,A,50-249,C10-S951_X_K,E_DI3_GELO,PC_ENT,FI,2025,98.99,,
ESTAT:ISOC_E_DII(1.0),27/02/26 11:00:00,A,50-249,C10-S951_X_K,E_DI3_GELO,PC_ENT,FR,2021,72.22,,
ESTAT:ISOC_E_DII(1.0),27/02/26 11:00:00,A,50-249,C10-S951_X_K,E_DI3_GELO,PC_ENT,FR,2023,74.41,b,
ESTAT:ISOC_E_DII(1.0),27/02/26 11:00:00,A,50-249,C10-S951_X_K,E_DI3_GELO,PC_ENT,FR,2025,90.94,,
ESTAT:ISOC_E_DII(1.0),27/02/26 11:00:00,A,50-249,C10-S951_X_K,E_DI3_GELO,PC_ENT,HR,2021,65.12,,
ESTAT:ISOC_E_DII(1.0),27/02/26 11:00:00,A,50-249,C10-S951_X_K,E_DI3_GELO,PC_ENT,HR,2023,71.99,,
ESTAT:ISOC_E_DII(1.0),27/02/26 11:00:00,A,50-249,C10-S951_X_K,E_DI3_GELO,PC_ENT,HR,2025,83.35,,
ESTAT:ISOC_E_DII(1.0),27/02/26 11:00:00,A,50-249,C10-S951_X_K,E_DI3_GELO,PC_ENT,HU,2021,53.40,,
ESTAT:ISOC_E_DII(1.0),27/02/26 11:00:00,A,50-249,C10-S951_X_K,E_DI3_GELO,PC_ENT,HU,2023,72.48,,
ESTAT:ISOC_E_DII(1.0),27/02/26 11:00:00,A,50-249,C10-S951_X_K,E_DI3_GELO,PC_ENT,HU,2025,79.97,,
ESTAT:ISOC_E_DII(1.0),27/02/26 11:00:00,A,50-249,C10-S951_X_K,E_DI3_GELO,PC_ENT,IE,2021,82.67,,
ESTAT:ISOC_E_DII(1.0),27/02/26 11:00:00,A,50-249,C10-S951_X_K,E_DI3_GELO,PC_ENT,IE,2023,86.15,,
ESTAT:ISOC_E_DII(1.0),27/02/26 11:00:00,A,50-249,C10-S951_X_K,E_DI3_GELO,PC_ENT,IE,2025,91.65,,
ESTAT:ISOC_E_DII(1.0),27/02/26 11:00:00,A,50-249,C10-S951_X_K,E_DI3_GELO,PC_ENT,IT,2021,76.72,,
ESTAT:ISOC_E_DII(1.0),27/02/26 11:00:00,A,50-249,C10-S951_X_K,E_DI3_GELO,PC_ENT,IT,2023,77.37,,
ESTAT:ISOC_E_DII(1.0),27/02/26 11:00:00,A,50-249,C10-S951_X_K,E_DI3_GELO,PC_ENT,IT,2025,91.60,,
ESTAT:ISOC_E_DII(1.0),27/02/26 11:00:00,A,50-249,C10-S951_X_K,E_DI3_GELO,PC_ENT,LT,2021,73.68,,
ESTAT:ISOC_E_DII(1.0),27/02/26 11:00:00,A,50-249,C10-S951_X_K,E_DI3_GELO,PC_ENT,LT,2023,77.19,,
ESTAT:ISOC_E_DII(1.0),27/02/26 11:00:00,A,50-249,C10-S951_X_K,E_DI3_GELO,PC_ENT,LT,2025,89.46,,
ESTAT:ISOC_E_DII(1.0),27/02/26 11:00:00,A,50-249,C10-S951_X_K,E_DI3_GELO,PC_ENT,LU,2021,72.69,,
ESTAT:ISOC_E_DII(1.0),27/02/26 11:00:00,A,50-249,C10-S951_X_K,E_DI3_GELO,PC_ENT,LU,2023,74.82,,
ESTAT:ISOC_E_DII(1.0),27/02/26 11:00:00,A,50-249,C10-S951_X_K,E_DI3_GELO,PC_ENT,LU,2025,88.37,,
ESTAT:ISOC_E_DII(1.0),27/02/26 11:00:00,A,50-249,C10-S951_X_K,E_DI3_GELO,PC_ENT,LV,2021,58.57,,
ESTAT:ISOC_E_DII(1.0),27/02/26 11:00:00,A,50-249,C10-S951_X_K,E_DI3_GELO,PC_ENT,LV,2023,68.44,,
ESTAT:ISOC_E_DII(1.0),27/02/26 11:00:00,A,50-249,C10-S951_X_K,E_DI3_GELO,PC_ENT,LV,2025,77.90,,
ESTAT:ISOC_E_DII(1.0),27/02/26 11:00:00,A,50-249,C10-S951_X_K,E_DI3_GELO,PC_ENT,ME,2021,60.48,,
ESTAT:ISOC_E_DII(1.0),27/02/26 11:00:00,A,50-249,C10-S951_X_K,E_DI3_GELO,PC_ENT,ME,2023,74.02,,
ESTAT:ISOC_E_DII(1.0),27/02/26 11:00:00,A,50-249,C10-S951_X_K,E_DI3_GELO,PC_ENT,ME,2025,88.85,,
ESTAT:ISOC_E_DII(1.0),27/02/26 11:00:00,A,50-249,C10-S951_X_K,E_DI3_GELO,PC_ENT,MK,2021,29.65,,
ESTAT:ISOC_E_DII(1.0),27/02/26 11:00:00,A,50-249,C10-S951_X_K,E_DI3_GELO,PC_ENT,MT,2021,89.52,,
ESTAT:ISOC_E_DII(1.0),27/02/26 11:00:00,A,50-249,C10-S951_X_K,E_DI3_GELO,PC_ENT,MT,2023,91.13,,
ESTAT:ISOC_E_DII(1.0),27/02/26 11:00:00,A,50-249,C10-S951_X_K,E_DI3_GELO,PC_ENT,MT,2025,93.76,,
ESTAT:ISOC_E_DII(1.0),27/02/26 11:00:00,A,50-249,C10-S951_X_K,E_DI3_GELO,PC_ENT,NL,2021,87.77,,
ESTAT:ISOC_E_DII(1.0),27/02/26 11:00:00,A,50-249,C10-S951_X_K,E_DI3_GELO,PC_ENT,NL,2023,92.10,,
ESTAT:ISOC_E_DII(1.0),27/02/26 11:00:00,A,50-249,C10-S951_X_K,E_DI3_GELO,PC_ENT,NL,2025,95.77,,
ESTAT:ISOC_E_DII(1.0),27/02/26 11:00:00,A,50-249,C10-S951_X_K,E_DI3_GELO,PC_ENT,NO,2021,89.52,,
ESTAT:ISOC_E_DII(1.0),27/02/26 11:00:00,A,50-249,C10-S951_X_K,E_DI3_GELO,PC_ENT,NO,2023,92.00,,
ESTAT:ISOC_E_DII(1.0),27/02/26 11:00:00,A,50-249,C10-S951_X_K,E_DI3_GELO,PC_ENT,NO,2025,94.11,,
ESTAT:ISOC_E_DII(1.0),27/02/26 11:00:00,A,50-249,C10-S951_X_K,E_DI3_GELO,PC_ENT,PL,2021,61.61,,
ESTAT:ISOC_E_DII(1.0),27/02/26 11:00:00,A,50-249,C10-S951_X_K,E_DI3_GELO,PC_ENT,PL,2023,71.56,,
ESTAT:ISOC_E_DII(1.0),27/02/26 11:00:00,A,50-249,C10-S951_X_K,E_DI3_GELO,PC_ENT,PL,2025,82.21,,
ESTAT:ISOC_E_DII(1.0),27/02/26 11:00:00,A,50-249,C10-S951_X_K,E_DI3_GELO,PC_ENT,PT,2021,,u,
ESTAT:ISOC_E_DII(1.0),27/02/26 11:00:00,A,50-249,C10-S951_X_K,E_DI3_GELO,PC_ENT,PT,2023,,u,
ESTAT:ISOC_E_DII(1.0),27/02/26 11:00:00,A,50-249,C10-S951_X_K,E_DI3_GELO,PC_ENT,PT,2025,83.50,,
ESTAT:ISOC_E_DII(1.0),27/02/26 11:00:00,A,50-249,C10-S951_X_K,E_DI3_GELO,PC_ENT,RO,2021,31.31,,
ESTAT:ISOC_E_DII(1.0),27/02/26 11:00:00,A,50-249,C10-S951_X_K,E_DI3_GELO,PC_ENT,RO,2023,37.08,,
ESTAT:ISOC_E_DII(1.0),27/02/26 11:00:00,A,50-249,C10-S951_X_K,E_DI3_GELO,PC_ENT,RO,2025,57.96,,
ESTAT:ISOC_E_DII(1.0),27/02/26 11:00:00,A,50-249,C10-S951_X_K,E_DI3_GELO,PC_ENT,RS,2021,51.14,,
ESTAT:ISOC_E_DII(1.0),27/02/26 11:00:00,A,50-249,C10-S951_X_K,E_DI3_GELO,PC_ENT,RS,2023,58.06,,
ESTAT:ISOC_E_DII(1.0),27/02/26 11:00:00,A,50-249,C10-S951_X_K,E_DI3_GELO,PC_ENT,RS,2025,63.60,,
ESTAT:ISOC_E_DII(1.0),27/02/26 11:00:00,A,50-249,C10-S951_X_K,E_DI3_GELO,PC_ENT,SE,2021,95.60,,
ESTAT:ISOC_E_DII(1.0),27/02/26 11:00:00,A,50-249,C10-S951_X_K,E_DI3_GELO,PC_ENT,SE,2023,92.78,b,
ESTAT:ISOC_E_DII(1.0),27/02/26 11:00:00,A,50-249,C10-S951_X_K,E_DI3_GELO,PC_ENT,SE,2025,95.24,,
ESTAT:ISOC_E_DII(1.0),27/02/26 11:00:00,A,50-249,C10-S951_X_K,E_DI3_GELO,PC_ENT,SI,2021,75.69,,
ESTAT:ISOC_E_DII(1.0),27/02/26 11:00:00,A,50-249,C10-S951_X_K,E_DI3_GELO,PC_ENT,SI,2023,73.23,,
ESTAT:ISOC_E_DII(1.0),27/02/26 11:00:00,A,50-249,C10-S951_X_K,E_DI3_GELO,PC_ENT,SI,2025,86.49,,
ESTAT:ISOC_E_DII(1.0),27/02/26 11:00:00,A,50-249,C10-S951_X_K,E_DI3_GELO,PC_ENT,SK,2021,57.95,,
ESTAT:ISOC_E_DII(1.0),27/02/26 11:00:00,A,50-249,C10-S951_X_K,E_DI3_GELO,PC_ENT,SK,2023,57.89,,
ESTAT:ISOC_E_DII(1.0),27/02/26 11:00:00,A,50-249,C10-S951_X_K,E_DI3_GELO,PC_ENT,SK,2025,76.85,,
ESTAT:ISOC_E_DII(1.0),27/02/26 11:00:00,A,50-249,C10-S951_X_K,E_DI3_GELO,PC_ENT,TR,2025,58.51,,
ESTAT:ISOC_E_DII(1.0),27/02/26 11:00:00,A,50-249,C10-S951_X_K,E_DI3_HI,PC_ENT,AT,2021,35.82,,
ESTAT:ISOC_E_DII(1.0),27/02/26 11:00:00,A,50-249,C10-S951_X_K,E_DI3_HI,PC_ENT,AT,2023,35.62,,
ESTAT:ISOC_E_DII(1.0),27/02/26 11:00:00,A,50-249,C10-S951_X_K,E_DI3_HI,PC_ENT,AT,2025,40.29,,
ESTAT:ISOC_E_DII(1.0),27/02/26 11:00:00,A,50-249,C10-S951_X_K,E_DI3_HI,PC_ENT,BA,2021,12.01,,
ESTAT:ISOC_E_DII(1.0),27/02/26 11:00:00,A,50-249,C10-S951_X_K,E_DI3_HI,PC_ENT,BA,2023,15.79,,
ESTAT:ISOC_E_DII(1.0),27/02/26 11:00:00,A,50-249,C10-S951_X_K,E_DI3_HI,PC_ENT,BA,2025,27.18,,
ESTAT:ISOC_E_DII(1.0),27/02/26 11:00:00,A,50-249,C10-S951_X_K,E_DI3_HI,PC_ENT,BE,2021,37.61,,
ESTAT:ISOC_E_DII(1.0),27/02/26 11:00:00,A,50-249,C10-S951_X_K,E_DI3_HI,PC_ENT,BE,2023,41.60,,
ESTAT:ISOC_E_DII(1.0),27/02/26 11:00:00,A,50-249,C10-S951_X_K,E_DI3_HI,PC_ENT,BE,2025,36.65,,
ESTAT:ISOC_E_DII(1.0),27/02/26 11:00:00,A,50-249,C10-S951_X_K,E_DI3_HI,PC_ENT,BG,2021,11.76,,
ESTAT:ISOC_E_DII(1.0),27/02/26 11:00:00,A,50-249,C10-S951_X_K,E_DI3_HI,PC_ENT,BG,2023,13.19,,
ESTAT:ISOC_E_DII(1.0),27/02/26 11:00:00,A,50-249,C10-S951_X_K,E_DI3_HI,PC_ENT,BG,2025,18.83,,
ESTAT:ISOC_E_DII(1.0),27/02/26 11:00:00,A,50-249,C10-S951_X_K,E_DI3_HI,PC_ENT,CY,2021,37.94,,
ESTAT:ISOC_E_DII(1.0),27/02/26 11:00:00,A,50-249,C10-S951_X_K,E_DI3_HI,PC_ENT,CY,2023,40.91,,
ESTAT:ISOC_E_DII(1.0),27/02/26 11:00:00,A,50-249,C10-S951_X_K,E_DI3_HI,PC_ENT,CY,2025,42.66,,
ESTAT:ISOC_E_DII(1.0),27/02/26 11:00:00,A,50-249,C10-S951_X_K,E_DI3_HI,PC_ENT,CZ,2021,23.16,,
ESTAT:ISOC_E_DII(1.0),27/02/26 11:00:00,A,50-249,C10-S951_X_K,E_DI3_HI,PC_ENT,CZ,2023,25.61,,
ESTAT:ISOC_E_DII(1.0),27/02/26 11:00:00,A,50-249,C10-S951_X_K,E_DI3_HI,PC_ENT,CZ,2025,39.93,,
ESTAT:ISOC_E_DII(1.0),27/02/26 11:00:00,A,50-249,C10-S951_X_K,E_DI3_HI,PC_ENT,DE,2021,31.94,,
ESTAT:ISOC_E_DII(1.0),27/02/26 11:00:00,A,50-249,C10-S951_X_K,E_DI3_HI,PC_ENT,DE,2023,34.15,,
ESTAT:ISOC_E_DII(1.0),27/02/26 11:00:00,A,50-249,C10-S951_X_K,E_DI3_HI,PC_ENT,DE,2025,39.66,,
ESTAT:ISOC_E_DII(1.0),27/02/26 11:00:00,A,50-249,C10-S951_X_K,E_DI3_HI,PC_ENT,DK,2021,45.43,,
ESTAT:ISOC_E_DII(1.0),27/02/26 11:00:00,A,50-249,C10-S951_X_K,E_DI3_HI,PC_ENT,DK,2023,47.72,,
ESTAT:ISOC_E_DII(1.0),27/02/26 11:00:00,A,50-249,C10-S951_X_K,E_DI3_HI,PC_ENT,DK,2025,42.88,,
ESTAT:ISOC_E_DII(1.0),27/02/26 11:00:00,A,50-249,C10-S951_X_K,E_DI3_HI,PC_ENT,EA,2021,32.43,,
ESTAT:ISOC_E_DII(1.0),27/02/26 11:00:00,A,50-249,C10-S951_X_K,E_DI3_HI,PC_ENT,EA,2023,33.85,,
ESTAT:ISOC_E_DII(1.0),27/02/26 11:00:00,A,50-249,C10-S951_X_K,E_DI3_HI,PC_ENT,EA,2025,39.99,,
ESTAT:ISOC_E_DII(1.0),27/02/26 11:00:00,A,50-249,C10-S951_X_K,E_DI3_HI,PC_ENT,EE,2021,28.17,,
ESTAT:ISOC_E_DII(1.0),27/02/26 11:00:00,A,50-249,C10-S951_X_K,E_DI3_HI,PC_ENT,EE,2023,31.55,,
ESTAT:ISOC_E_DII(1.0),27/02/26 11:00:00,A,50-249,C10-S951_X_K,E_DI3_HI,PC_ENT,EE,2025,47.23,d,
ESTAT:ISOC_E_DII(1.0),27/02/26 11:00:00,A,50-249,C10-S951_X_K,E_DI3_HI,PC_ENT,EL,2021,29.15,,
ESTAT:ISOC_E_DII(1.0),27/02/26 11:00:00,A,50-249,C10-S951_X_K,E_DI3_HI,PC_ENT,EL,2023,23.14,,
ESTAT:ISOC_E_DII(1.0),27/02/26 11:00:00,A,50-249,C10-S951_X_K,E_DI3_HI,PC_ENT,EL,2025,25.64,,
ESTAT:ISOC_E_DII(1.0),27/02/26 11:00:00,A,50-249,C10-S951_X_K,E_DI3_HI,PC_ENT,ES,2021,34.91,,
ESTAT:ISOC_E_DII(1.0),27/02/26 11:00:00,A,50-249,C10-S951_X_K,E_DI3_HI,PC_ENT,ES,2023,34.98,,
ESTAT:ISOC_E_DII(1.0),27/02/26 11:00:00,A,50-249,C10-S951_X_K,E_DI3_HI,PC_ENT,ES,2025,39.55,,
ESTAT:ISOC_E_DII(1.0),27/02/26 11:00:00,A,50-249,C10-S951_X_K,E_DI3_HI,PC_ENT,EU27_2020,2021,30.33,,
ESTAT:ISOC_E_DII(1.0),27/02/26 11:00:00,A,50-249,C10-S951_X_K,E_DI3_HI,PC_ENT,EU27_2020,2023,32.35,,
ESTAT:ISOC_E_DII(1.0),27/02/26 11:00:00,A,50-249,C10-S951_X_K,E_DI3_HI,PC_ENT,EU27_2020,2025,38.56,,
ESTAT:ISOC_E_DII(1.0),27/02/26 11:00:00,A,50-249,C10-S951_X_K,E_DI3_HI,PC_ENT,FI,2021,50.96,,
ESTAT:ISOC_E_DII(1.0),27/02/26 11:00:00,A,50-249,C10-S951_X_K,E_DI3_HI,PC_ENT,FI,2023,51.17,,
ESTAT:ISOC_E_DII(1.0),27/02/26 11:00:00,A,50-249,C10-S951_X_K,E_DI3_HI,PC_ENT,FI,2025,44.43,,
ESTAT:ISOC_E_DII(1.0),27/02/26 11:00:00,A,50-249,C10-S951_X_K,E_DI3_HI,PC_ENT,FR,2021,27.12,,
ESTAT:ISOC_E_DII(1.0),27/02/26 11:00:00,A,50-249,C10-S951_X_K,E_DI3_HI,PC_ENT,FR,2023,27.52,b,
ESTAT:ISOC_E_DII(1.0),27/02/26 11:00:00,A,50-249,C10-S951_X_K,E_DI3_HI,PC_ENT,FR,2025,40.05,,
ESTAT:ISOC_E_DII(1.0),27/02/26 11:00:00,A,50-249,C10-S951_X_K,E_DI3_HI,PC_ENT,HR,2021,22.61,,
ESTAT:ISOC_E_DII(1.0),27/02/26 11:00:00,A,50-249,C10-S951_X_K,E_DI3_HI,PC_ENT,HR,2023,27.44,,
ESTAT:ISOC_E_DII(1.0),27/02/26 11:00:00,A,50-249,C10-S951_X_K,E_DI3_HI,PC_ENT,HR,2025,33.46,,
ESTAT:ISOC_E_DII(1.0),27/02/26 11:00:00,A,50-249,C10-S951_X_K,E_DI3_HI,PC_ENT,HU,2021,19.05,,
ESTAT:ISOC_E_DII(1.0),27/02/26 11:00:00,A,50-249,C10-S951_X_K,E_DI3_HI,PC_ENT,HU,2023,27.61,,
ESTAT:ISOC_E_DII(1.0),27/02/26 11:00:00,A,50-249,C10-S951_X_K,E_DI3_HI,PC_ENT,HU,2025,36.60,,
ESTAT:ISOC_E_DII(1.0),27/02/26 11:00:00,A,50-249,C10-S951_X_K,E_DI3_HI,PC_ENT,IE,2021,39.01,,
ESTAT:ISOC_E_DII(1.0),27/02/26 11:00:00,A,50-249,C10-S951_X_K,E_DI3_HI,PC_ENT,IE,2023,39.51,,
ESTAT:ISOC_E_DII(1.0),27/02/26 11:00:00,A,50-249,C10-S951_X_K,E_DI3_HI,PC_ENT,IE,2025,43.90,,
ESTAT:ISOC_E_DII(1.0),27/02/26 11:00:00,A,50-249,C10-S951_X_K,E_DI3_HI,PC_ENT,IT,2021,30.13,,
ESTAT:ISOC_E_DII(1.0),27/02/26 11:00:00,A,50-249,C10-S951_X_K,E_DI3_HI,PC_ENT,IT,2023,33.08,,
ESTAT:ISOC_E_DII(1.0),27/02/26 11:00:00,A,50-249,C10-S951_X_K,E_DI3_HI,PC_ENT,IT,2025,45.82,,
ESTAT:ISOC_E_DII(1.0),27/02/26 11:00:00,A,50-249,C10-S951_X_K,E_DI3_HI,PC_ENT,LT,2021,28.87,,
ESTAT:ISOC_E_DII(1.0),27/02/26 11:00:00,A,50-249,C10-S951_X_K,E_DI3_HI,PC_ENT,LT,2023,30.95,,
ESTAT:ISOC_E_DII(1.0),27/02/26 11:00:00,A,50-249,C10-S951_X_K,E_DI3_HI,PC_ENT,LT,2025,39.66,,
ESTAT:ISOC_E_DII(1.0),27/02/26 11:00:00,A,50-249,C10-S951_X_K,E_DI3_HI,PC_ENT,LU,2021,29.28,,
ESTAT:ISOC_E_DII(1.0),27/02/26 11:00:00,A,50-249,C10-S951_X_K,E_DI3_HI,PC_ENT,LU,2023,31.27,,
ESTAT:ISOC_E_DII(1.0),27/02/26 11:00:00,A,50-249,C10-S951_X_K,E_DI3_HI,PC_ENT,LU,2025,38.20,,
ESTAT:ISOC_E_DII(1.0),27/02/26 11:00:00,A,50-249,C10-S951_X_K,E_DI3_HI,PC_ENT,LV,2021,22.39,,
ESTAT:ISOC_E_DII(1.0),27/02/26 11:00:00,A,50-249,C10-S951_X_K,E_DI3_HI,PC_ENT,LV,2023,29.57,,
ESTAT:ISOC_E_DII(1.0),27/02/26 11:00:00,A,50-249,C10-S951_X_K,E_DI3_HI,PC_ENT,LV,2025,28.49,,
ESTAT:ISOC_E_DII(1.0),27/02/26 11:00:00,A,50-249,C10-S951_X_K,E_DI3_HI,PC_ENT,ME,2021,21.40,,
ESTAT:ISOC_E_DII(1.0),27/02/26 11:00:00,A,50-249,C10-S951_X_K,E_DI3_HI,PC_ENT,ME,2023,30.32,,
ESTAT:ISOC_E_DII(1.0),27/02/26 11:00:00,A,50-249,C10-S951_X_K,E_DI3_HI,PC_ENT,ME,2025,32.79,,
ESTAT:ISOC_E_DII(1.0),27/02/26 11:00:00,A,50-249,C10-S951_X_K,E_DI3_HI,PC_ENT,MK,2021,11.77,,
ESTAT:ISOC_E_DII(1.0),27/02/26 11:00:00,A,50-249,C10-S951_X_K,E_DI3_HI,PC_ENT,MT,2021,41.34,,
ESTAT:ISOC_E_DII(1.0),27/02/26 11:00:00,A,50-249,C10-S951_X_K,E_DI3_HI,PC_ENT,MT,2023,44.60,,
ESTAT:ISOC_E_DII(1.0),27/02/26 11:00:00,A,50-249,C10-S951_X_K,E_DI3_HI,PC_ENT,MT,2025,46.05,,
ESTAT:ISOC_E_DII(1.0),27/02/26 11:00:00,A,50-249,C10-S951_X_K,E_DI3_HI,PC_ENT,NL,2021,48.42,,
ESTAT:ISOC_E_DII(1.0),27/02/26 11:00:00,A,50-249,C10-S951_X_K,E_DI3_HI,PC_ENT,NL,2023,51.01,,
ESTAT:ISOC_E_DII(1.0),27/02/26 11:00:00,A,50-249,C10-S951_X_K,E_DI3_HI,PC_ENT,NL,2025,45.95,,
ESTAT:ISOC_E_DII(1.0),27/02/26 11:00:00,A,50-249,C10-S951_X_K,E_DI3_HI,PC_ENT,NO,2021,43.46,,
ESTAT:ISOC_E_DII(1.0),27/02/26 11:00:00,A,50-249,C10-S951_X_K,E_DI3_HI,PC_ENT,NO,2023,43.39,,
ESTAT:ISOC_E_DII(1.0),27/02/26 11:00:00,A,50-249,C10-S951_X_K,E_DI3_HI,PC_ENT,NO,2025,45.63,,
ESTAT:ISOC_E_DII(1.0),27/02/26 11:00:00,A,50-249,C10-S951_X_K,E_DI3_HI,PC_ENT,PL,2021,20.41,,
ESTAT:ISOC_E_DII(1.0),27/02/26 11:00:00,A,50-249,C10-S951_X_K,E_DI3_HI,PC_ENT,PL,2023,27.92,,
ESTAT:ISOC_E_DII(1.0),27/02/26 11:00:00,A,50-249,C10-S951_X_K,E_DI3_HI,PC_ENT,PL,2025,36.23,,
ESTAT:ISOC_E_DII(1.0),27/02/26 11:00:00,A,50-249,C10-S951_X_K,E_DI3_HI,PC_ENT,PT,2021,25.87,,
ESTAT:ISOC_E_DII(1.0),27/02/26 11:00:00,A,50-249,C10-S951_X_K,E_DI3_HI,PC_ENT,PT,2023,,u,
ESTAT:ISOC_E_DII(1.0),27/02/26 11:00:00,A,50-249,C10-S951_X_K,E_DI3_HI,PC_ENT,PT,2025,,u,
ESTAT:ISOC_E_DII(1.0),27/02/26 11:00:00,A,50-249,C10-S951_X_K,E_DI3_HI,PC_ENT,RO,2021,8.39,,
ESTAT:ISOC_E_DII(1.0),27/02/26 11:00:00,A,50-249,C10-S951_X_K,E_DI3_HI,PC_ENT,RO,2023,11.62,,
ESTAT:ISOC_E_DII(1.0),27/02/26 11:00:00,A,50-249,C10-S951_X_K,E_DI3_HI,PC_ENT,RO,2025,18.12,,
ESTAT:ISOC_E_DII(1.0),27/02/26 11:00:00,A,50-249,C10-S951_X_K,E_DI3_HI,PC_ENT,RS,2021,16.35,,
ESTAT:ISOC_E_DII(1.0),27/02/26 11:00:00,A,50-249,C10-S951_X_K,E_DI3_HI,PC_ENT,RS,2023,21.61,,
ESTAT:ISOC_E_DII(1.0),27/02/26 11:00:00,A,50-249,C10-S951_X_K,E_DI3_HI,PC_ENT,RS,2025,21.81,,
ESTAT:ISOC_E_DII(1.0),27/02/26 11:00:00,A,50-249,C10-S951_X_K,E_DI3_HI,PC_ENT,SE,2021,54.71,,
ESTAT:ISOC_E_DII(1.0),27/02/26 11:00:00,A,50-249,C10-S951_X_K,E_DI3_HI,PC_ENT,SE,2023,45.90,b,
ESTAT:ISOC_E_DII(1.0),27/02/26 11:00:00,A,50-249,C10-S951_X_K,E_DI3_HI,PC_ENT,SE,2025,41.16,,
ESTAT:ISOC_E_DII(1.0),27/02/26 11:00:00,A,50-249,C10-S951_X_K,E_DI3_HI,PC_ENT,SI,2021,31.19,,
ESTAT:ISOC_E_DII(1.0),27/02/26 11:00:00,A,50-249,C10-S951_X_K,E_DI3_HI,PC_ENT,SI,2023,28.52,,
ESTAT:ISOC_E_DII(1.0),27/02/26 11:00:00,A,50-249,C10-S951_X_K,E_DI3_HI,PC_ENT,SI,2025,37.56,,
ESTAT:ISOC_E_DII(1.0),27/02/26 11:00:00,A,50-249,C10-S951_X_K,E_DI3_HI,PC_ENT,SK,2021,17.90,,
ESTAT:ISOC_E_DII(1.0),27/02/26 11:00:00,A,50-249,C10-S951_X_K,E_DI3_HI,PC_ENT,SK,2023,19.64,,
ESTAT:ISOC_E_DII(1.0),27/02/26 11:00:00,A,50-249,C10-S951_X_K,E_DI3_HI,PC_ENT,SK,2025,30.17,,
ESTAT:ISOC_E_DII(1.0),27/02/26 11:00:00,A,50-249,C10-S951_X_K,E_DI3_HI,PC_ENT,TR,2025,18.60,,
ESTAT:ISOC_E_DII(1.0),27/02/26 11:00:00,A,50-249,C10-S951_X_K,E_DI3_LO,PC_ENT,AT,2021,36.55,,
ESTAT:ISOC_E_DII(1.0),27/02/26 11:00:00,A,50-249,C10-S951_X_K,E_DI3_LO,PC_ENT,AT,2023,31.97,,
ESTAT:ISOC_E_DII(1.0),27/02/26 11:00:00,A,50-249,C10-S951_X_K,E_DI3_LO,PC_ENT,AT,2025,28.04,,
ESTAT:ISOC_E_DII(1.0),27/02/26 11:00:00,A,50-249,C10-S951_X_K,E_DI3_LO,PC_ENT,BA,2021,32.10,,
ESTAT:ISOC_E_DII(1.0),27/02/26 11:00:00,A,50-249,C10-S951_X_K,E_DI3_LO,PC_ENT,BA,2023,39.97,,
ESTAT:ISOC_E_DII(1.0),27/02/26 11:00:00,A,50-249,C10-S951_X_K,E_DI3_LO,PC_ENT,BA,2025,42.47,,
ESTAT:ISOC_E_DII(1.0),27/02/26 11:00:00,A,50-249,C10-S951_X_K,E_DI3_LO,PC_ENT,BE,2021,37.06,,
ESTAT:ISOC_E_DII(1.0),27/02/26 11:00:00,A,50-249,C10-S951_X_K,E_DI3_LO,PC_ENT,BE,2023,30.17,,
ESTAT:ISOC_E_DII(1.0),27/02/26 11:00:00,A,50-249,C10-S951_X_K,E_DI3_LO,PC_ENT,BE,2025,16.25,,
ESTAT:ISOC_E_DII(1.0),27/02/26 11:00:00,A,50-249,C10-S951_X_K,E_DI3_LO,PC_ENT,BG,2021,26.32,,
ESTAT:ISOC_E_DII(1.0),27/02/26 11:00:00,A,50-249,C10-S951_X_K,E_DI3_LO,PC_ENT,BG,2023,27.10,,
ESTAT:ISOC_E_DII(1.0),27/02/26 11:00:00,A,50-249,C10-S951_X_K,E_DI3_LO,PC_ENT,BG,2025,32.58,,
ESTAT:ISOC_E_DII(1.0),27/02/26 11:00:00,A,50-249,C10-S951_X_K,E_DI3_LO,PC_ENT,CY,2021,39.07,,
ESTAT:ISOC_E_DII(1.0),27/02/26 11:00:00,A,50-249,C10-S951_X_K,E_DI3_LO,PC_ENT,CY,2023,34.89,,
ESTAT:ISOC_E_DII(1.0),27/02/26 11:00:00,A,50-249,C10-S951_X_K,E_DI3_LO,PC_ENT,CY,2025,30.67,,
ESTAT:ISOC_E_DII(1.0),27/02/26 11:00:00,A,50-249,C10-S951_X_K,E_DI3_LO,PC_ENT,CZ,2021,37.55,,
ESTAT:ISOC_E_DII(1.0),27/02/26 11:00:00,A,50-249,C10-S951_X_K,E_DI3_LO,PC_ENT,CZ,2023,32.59,,
ESTAT:ISOC_E_DII(1.0),27/02/26 11:00:00,A,50-249,C10-S951_X_K,E_DI3_LO,PC_ENT,CZ,2025,26.11,,
ESTAT:ISOC_E_DII(1.0),27/02/26 11:00:00,A,50-249,C10-S951_X_K,E_DI3_LO,PC_ENT,DE,2021,38.20,,
ESTAT:ISOC_E_DII(1.0),27/02/26 11:00:00,A,50-249,C10-S951_X_K,E_DI3_LO,PC_ENT,DE,2023,35.35,,
ESTAT:ISOC_E_DII(1.0),27/02/26 11:00:00,A,50-249,C10-S951_X_K,E_DI3_LO,PC_ENT,DE,2025,30.18,,
ESTAT:ISOC_E_DII(1.0),27/02/26 11:00:00,A,50-249,C10-S951_X_K,E_DI3_LO,PC_ENT,DK,2021,29.09,,
ESTAT:ISOC_E_DII(1.0),27/02/26 11:00:00,A,50-249,C10-S951_X_K,E_DI3_LO,PC_ENT,DK,2023,32.11,,
ESTAT:ISOC_E_DII(1.0),27/02/26 11:00:00,A,50-249,C10-S951_X_K,E_DI3_LO,PC_ENT,DK,2025,12.16,,
ESTAT:ISOC_E_DII(1.0),27/02/26 11:00:00,A,50-249,C10-S951_X_K,E_DI3_LO,PC_ENT,EA,2021,38.10,,
ESTAT:ISOC_E_DII(1.0),27/02/26 11:00:00,A,50-249,C10-S951_X_K,E_DI3_LO,PC_ENT,EA,2023,34.51,,
ESTAT:ISOC_E_DII(1.0),27/02/26 11:00:00,A,50-249,C10-S951_X_K,E_DI3_LO,PC_ENT,EA,2025,28.21,,
ESTAT:ISOC_E_DII(1.0),27/02/26 11:00:00,A,50-249,C10-S951_X_K,E_DI3_LO,PC_ENT,EE,2021,37.48,,
ESTAT:ISOC_E_DII(1.0),27/02/26 11:00:00,A,50-249,C10-S951_X_K,E_DI3_LO,PC_ENT,EE,2023,35.74,,
ESTAT:ISOC_E_DII(1.0),27/02/26 11:00:00,A,50-249,C10-S951_X_K,E_DI3_LO,PC_ENT,EE,2025,26.82,d,
ESTAT:ISOC_E_DII(1.0),27/02/26 11:00:00,A,50-249,C10-S951_X_K,E_DI3_LO,PC_ENT,EL,2021,29.52,,
ESTAT:ISOC_E_DII(1.0),27/02/26 11:00:00,A,50-249,C10-S951_X_K,E_DI3_LO,PC_ENT,EL,2023,31.76,,
ESTAT:ISOC_E_DII(1.0),27/02/26 11:00:00,A,50-249,C10-S951_X_K,E_DI3_LO,PC_ENT,EL,2025,31.93,,
ESTAT:ISOC_E_DII(1.0),27/02/26 11:00:00,A,50-249,C10-S951_X_K,E_DI3_LO,PC_ENT,ES,2021,34.57,,
ESTAT:ISOC_E_DII(1.0),27/02/26 11:00:00,A,50-249,C10-S951_X_K,E_DI3_LO,PC_ENT,ES,2023,30.19,,
ESTAT:ISOC_E_DII(1.0),27/02/26 11:00:00,A,50-249,C10-S951_X_K,E_DI3_LO,PC_ENT,ES,2025,26.63,,
ESTAT:ISOC_E_DII(1.0),27/02/26 11:00:00,A,50-249,C10-S951_X_K,E_DI3_LO,PC_ENT,EU27_2020,2021,36.44,,
ESTAT:ISOC_E_DII(1.0),27/02/26 11:00:00,A,50-249,C10-S951_X_K,E_DI3_LO,PC_ENT,EU27_2020,2023,34.08,,
ESTAT:ISOC_E_DII(1.0),27/02/26 11:00:00,A,50-249,C10-S951_X_K,E_DI3_LO,PC_ENT,EU27_2020,2025,28.60,,
ESTAT:ISOC_E_DII(1.0),27/02/26 11:00:00,A,50-249,C10-S951_X_K,E_DI3_LO,PC_ENT,FI,2021,25.12,,
ESTAT:ISOC_E_DII(1.0),27/02/26 11:00:00,A,50-249,C10-S951_X_K,E_DI3_LO,PC_ENT,FI,2023,19.93,,
ESTAT:ISOC_E_DII(1.0),27/02/26 11:00:00,A,50-249,C10-S951_X_K,E_DI3_LO,PC_ENT,FI,2025,12.85,,
ESTAT:ISOC_E_DII(1.0),27/02/26 11:00:00,A,50-249,C10-S951_X_K,E_DI3_LO,PC_ENT,FR,2021,44.00,,
ESTAT:ISOC_E_DII(1.0),27/02/26 11:00:00,A,50-249,C10-S951_X_K,E_DI3_LO,PC_ENT,FR,2023,40.33,b,
ESTAT:ISOC_E_DII(1.0),27/02/26 11:00:00,A,50-249,C10-S951_X_K,E_DI3_LO,PC_ENT,FR,2025,30.15,,
ESTAT:ISOC_E_DII(1.0),27/02/26 11:00:00,A,50-249,C10-S951_X_K,E_DI3_LO,PC_ENT,HR,2021,35.96,,
ESTAT:ISOC_E_DII(1.0),27/02/26 11:00:00,A,50-249,C10-S951_X_K,E_DI3_LO,PC_ENT,HR,2023,34.49,,
ESTAT:ISOC_E_DII(1.0),27/02/26 11:00:00,A,50-249,C10-S951_X_K,E_DI3_LO,PC_ENT,HR,2025,32.34,,
ESTAT:ISOC_E_DII(1.0),27/02/26 11:00:00,A,50-249,C10-S951_X_K,E_DI3_LO,PC_ENT,HU,2021,31.30,,
ESTAT:ISOC_E_DII(1.0),27/02/26 11:00:00,A,50-249,C10-S951_X_K,E_DI3_LO,PC_ENT,HU,2023,37.90,,
ESTAT:ISOC_E_DII(1.0),27/02/26 11:00:00,A,50-249,C10-S951_X_K,E_DI3_LO,PC_ENT,HU,2025,31.71,,
ESTAT:ISOC_E_DII(1.0),27/02/26 11:00:00,A,50-249,C10-S951_X_K,E_DI3_LO,PC_ENT,IE,2021,33.11,,
ESTAT:ISOC_E_DII(1.0),27/02/26 11:00:00,A,50-249,C10-S951_X_K,E_DI3_LO,PC_ENT,IE,2023,28.96,,
ESTAT:ISOC_E_DII(1.0),27/02/26 11:00:00,A,50-249,C10-S951_X_K,E_DI3_LO,PC_ENT,IE,2025,25.21,,
ESTAT:ISOC_E_DII(1.0),27/02/26 11:00:00,A,50-249,C10-S951_X_K,E_DI3_LO,PC_ENT,IT,2021,41.71,,
ESTAT:ISOC_E_DII(1.0),27/02/26 11:00:00,A,50-249,C10-S951_X_K,E_DI3_LO,PC_ENT,IT,2023,38.43,,
ESTAT:ISOC_E_DII(1.0),27/02/26 11:00:00,A,50-249,C10-S951_X_K,E_DI3_LO,PC_ENT,IT,2025,30.50,,
ESTAT:ISOC_E_DII(1.0),27/02/26 11:00:00,A,50-249,C10-S951_X_K,E_DI3_LO,PC_ENT,LT,2021,38.02,,
ESTAT:ISOC_E_DII(1.0),27/02/26 11:00:00,A,50-249,C10-S951_X_K,E_DI3_LO,PC_ENT,LT,2023,38.09,,
ESTAT:ISOC_E_DII(1.0),27/02/26 11:00:00,A,50-249,C10-S951_X_K,E_DI3_LO,PC_ENT,LT,2025,25.91,,
ESTAT:ISOC_E_DII(1.0),27/02/26 11:00:00,A,50-249,C10-S951_X_K,E_DI3_LO,PC_ENT,LU,2021,37.82,,
ESTAT:ISOC_E_DII(1.0),27/02/26 11:00:00,A,50-249,C10-S951_X_K,E_DI3_LO,PC_ENT,LU,2023,35.76,,
ESTAT:ISOC_E_DII(1.0),27/02/26 11:00:00,A,50-249,C10-S951_X_K,E_DI3_LO,PC_ENT,LU,2025,32.53,,
ESTAT:ISOC_E_DII(1.0),27/02/26 11:00:00,A,50-249,C10-S951_X_K,E_DI3_LO,PC_ENT,LV,2021,33.32,,
ESTAT:ISOC_E_DII(1.0),27/02/26 11:00:00,A,50-249,C10-S951_X_K,E_DI3_LO,PC_ENT,LV,2023,28.96,,
ESTAT:ISOC_E_DII(1.0),27/02/26 11:00:00,A,50-249,C10-S951_X_K,E_DI3_LO,PC_ENT,LV,2025,33.57,,
ESTAT:ISOC_E_DII(1.0),27/02/26 11:00:00,A,50-249,C10-S951_X_K,E_DI3_LO,PC_ENT,ME,2021,35.16,,
ESTAT:ISOC_E_DII(1.0),27/02/26 11:00:00,A,50-249,C10-S951_X_K,E_DI3_LO,PC_ENT,ME,2023,35.27,,
ESTAT:ISOC_E_DII(1.0),27/02/26 11:00:00,A,50-249,C10-S951_X_K,E_DI3_LO,PC_ENT,ME,2025,49.80,,
ESTAT:ISOC_E_DII(1.0),27/02/26 11:00:00,A,50-249,C10-S951_X_K,E_DI3_LO,PC_ENT,MK,2021,17.21,,
ESTAT:ISOC_E_DII(1.0),27/02/26 11:00:00,A,50-249,C10-S951_X_K,E_DI3_LO,PC_ENT,MT,2021,31.27,,
ESTAT:ISOC_E_DII(1.0),27/02/26 11:00:00,A,50-249,C10-S951_X_K,E_DI3_LO,PC_ENT,MT,2023,27.76,,
ESTAT:ISOC_E_DII(1.0),27/02/26 11:00:00,A,50-249,C10-S951_X_K,E_DI3_LO,PC_ENT,MT,2025,20.25,,
ESTAT:ISOC_E_DII(1.0),27/02/26 11:00:00,A,50-249,C10-S951_X_K,E_DI3_LO,PC_ENT,NL,2021,35.15,,
ESTAT:ISOC_E_DII(1.0),27/02/26 11:00:00,A,50-249,C10-S951_X_K,E_DI3_LO,PC_ENT,NL,2023,23.67,,
ESTAT:ISOC_E_DII(1.0),27/02/26 11:00:00,A,50-249,C10-S951_X_K,E_DI3_LO,PC_ENT,NL,2025,13.29,,
ESTAT:ISOC_E_DII(1.0),27/02/26 11:00:00,A,50-249,C10-S951_X_K,E_DI3_LO,PC_ENT,NO,2021,33.49,,
ESTAT:ISOC_E_DII(1.0),27/02/26 11:00:00,A,50-249,C10-S951_X_K,E_DI3_LO,PC_ENT,NO,2023,33.08,,
ESTAT:ISOC_E_DII(1.0),27/02/26 11:00:00,A,50-249,C10-S951_X_K,E_DI3_LO,PC_ENT,NO,2025,21.39,,
ESTAT:ISOC_E_DII(1.0),27/02/26 11:00:00,A,50-249,C10-S951_X_K,E_DI3_LO,PC_ENT,PL,2021,36.66,,
ESTAT:ISOC_E_DII(1.0),27/02/26 11:00:00,A,50-249,C10-S951_X_K,E_DI3_LO,PC_ENT,PL,2023,36.87,,
ESTAT:ISOC_E_DII(1.0),27/02/26 11:00:00,A,50-249,C10-S951_X_K,E_DI3_LO,PC_ENT,PL,2025,34.63,,
ESTAT:ISOC_E_DII(1.0),27/02/26 11:00:00,A,50-249,C10-S951_X_K,E_DI3_LO,PC_ENT,PT,2021,,u,
ESTAT:ISOC_E_DII(1.0),27/02/26 11:00:00,A,50-249,C10-S951_X_K,E_DI3_LO,PC_ENT,PT,2023,,u,
ESTAT:ISOC_E_DII(1.0),27/02/26 11:00:00,A,50-249,C10-S951_X_K,E_DI3_LO,PC_ENT,PT,2025,,u,
ESTAT:ISOC_E_DII(1.0),27/02/26 11:00:00,A,50-249,C10-S951_X_K,E_DI3_LO,PC_ENT,RO,2021,21.74,,
ESTAT:ISOC_E_DII(1.0),27/02/26 11:00:00,A,50-249,C10-S951_X_K,E_DI3_LO,PC_ENT,RO,2023,23.54,,
ESTAT:ISOC_E_DII(1.0),27/02/26 11:00:00,A,50-249,C10-S951_X_K,E_DI3_LO,PC_ENT,RO,2025,35.04,,
ESTAT:ISOC_E_DII(1.0),27/02/26 11:00:00,A,50-249,C10-S951_X_K,E_DI3_LO,PC_ENT,RS,2021,31.56,,
ESTAT:ISOC_E_DII(1.0),27/02/26 11:00:00,A,50-249,C10-S951_X_K,E_DI3_LO,PC_ENT,RS,2023,31.61,,
ESTAT:ISOC_E_DII(1.0),27/02/26 11:00:00,A,50-249,C10-S951_X_K,E_DI3_LO,PC_ENT,RS,2025,34.14,,
ESTAT:ISOC_E_DII(1.0),27/02/26 11:00:00,A,50-249,C10-S951_X_K,E_DI3_LO,PC_ENT,SE,2021,21.39,,
ESTAT:ISOC_E_DII(1.0),27/02/26 11:00:00,A,50-249,C10-S951_X_K,E_DI3_LO,PC_ENT,SE,2023,31.96,b,
ESTAT:ISOC_E_DII(1.0),27/02/26 11:00:00,A,50-249,C10-S951_X_K,E_DI3_LO,PC_ENT,SE,2025,22.54,,
ESTAT:ISOC_E_DII(1.0),27/02/26 11:00:00,A,50-249,C10-S951_X_K,E_DI3_LO,PC_ENT,SI,2021,35.57,,
ESTAT:ISOC_E_DII(1.0),27/02/26 11:00:00,A,50-249,C10-S951_X_K,E_DI3_LO,PC_ENT,SI,2023,34.78,,
ESTAT:ISOC_E_DII(1.0),27/02/26 11:00:00,A,50-249,C10-S951_X_K,E_DI3_LO,PC_ENT,SI,2025,36.66,,
ESTAT:ISOC_E_DII(1.0),27/02/26 11:00:00,A,50-249,C10-S951_X_K,E_DI3_LO,PC_ENT,SK,2021,36.20,,
ESTAT:ISOC_E_DII(1.0),27/02/26 11:00:00,A,50-249,C10-S951_X_K,E_DI3_LO,PC_ENT,SK,2023,33.68,,
ESTAT:ISOC_E_DII(1.0),27/02/26 11:00:00,A,50-249,C10-S951_X_K,E_DI3_LO,PC_ENT,SK,2025,35.84,,
ESTAT:ISOC_E_DII(1.0),27/02/26 11:00:00,A,50-249,C10-S951_X_K,E_DI3_LO,PC_ENT,TR,2025,36.13,,
ESTAT:ISOC_E_DII(1.0),27/02/26 11:00:00,A,50-249,C10-S951_X_K,E_DI3_VHI,PC_ENT,AT,2021,11.77,,
ESTAT:ISOC_E_DII(1.0),27/02/26 11:00:00,A,50-249,C10-S951_X_K,E_DI3_VHI,PC_ENT,AT,2023,11.27,,
ESTAT:ISOC_E_DII(1.0),27/02/26 11:00:00,A,50-249,C10-S951_X_K,E_DI3_VHI,PC_ENT,AT,2025,20.44,,
ESTAT:ISOC_E_DII(1.0),27/02/26 11:00:00,A,50-249,C10-S951_X_K,E_DI3_VHI,PC_ENT,BA,2021,1.86,,
ESTAT:ISOC_E_DII(1.0),27/02/26 11:00:00,A,50-249,C10-S951_X_K,E_DI3_VHI,PC_ENT,BA,2023,2.65,,
ESTAT:ISOC_E_DII(1.0),27/02/26 11:00:00,A,50-249,C10-S951_X_K,E_DI3_VHI,PC_ENT,BA,2025,4.62,,
ESTAT:ISOC_E_DII(1.0),27/02/26 11:00:00,A,50-249,C10-S951_X_K,E_DI3_VHI,PC_ENT,BE,2021,4.97,,
ESTAT:ISOC_E_DII(1.0),27/02/26 11:00:00,A,50-249,C10-S951_X_K,E_DI3_VHI,PC_ENT,BE,2023,18.08,,
ESTAT:ISOC_E_DII(1.0),27/02/26 11:00:00,A,50-249,C10-S951_X_K,E_DI3_VHI,PC_ENT,BE,2025,40.26,,
ESTAT:ISOC_E_DII(1.0),27/02/26 11:00:00,A,50-249,C10-S951_X_K,E_DI3_VHI,PC_ENT,BG,2021,1.81,,
ESTAT:ISOC_E_DII(1.0),27/02/26 11:00:00,A,50-249,C10-S951_X_K,E_DI3_VHI,PC_ENT,BG,2023,3.70,,
ESTAT:ISOC_E_DII(1.0),27/02/26 11:00:00,A,50-249,C10-S951_X_K,E_DI3_VHI,PC_ENT,BG,2025,3.96,,
ESTAT:ISOC_E_DII(1.0),27/02/26 11:00:00,A,50-249,C10-S951_X_K,E_DI3_VHI,PC_ENT,CY,2021,6.90,,
ESTAT:ISOC_E_DII(1.0),27/02/26 11:00:00,A,50-249,C10-S951_X_K,E_DI3_VHI,PC_ENT,CY,2023,11.43,,
ESTAT:ISOC_E_DII(1.0),27/02/26 11:00:00,A,50-249,C10-S951_X_K,E_DI3_VHI,PC_ENT,CY,2025,16.72,,
ESTAT:ISOC_E_DII(1.0),27/02/26 11:00:00,A,50-249,C10-S951_X_K,E_DI3_VHI,PC_ENT,CZ,2021,5.46,,
ESTAT:ISOC_E_DII(1.0),27/02/26 11:00:00,A,50-249,C10-S951_X_K,E_DI3_VHI,PC_ENT,CZ,2023,7.86,,
ESTAT:ISOC_E_DII(1.0),27/02/26 11:00:00,A,50-249,C10-S951_X_K,E_DI3_VHI,PC_ENT,CZ,2025,20.70,,
ESTAT:ISOC_E_DII(1.0),27/02/26 11:00:00,A,50-249,C10-S951_X_K,E_DI3_VHI,PC_ENT,DE,2021,7.19,,
ESTAT:ISOC_E_DII(1.0),27/02/26 11:00:00,A,50-249,C10-S951_X_K,E_DI3_VHI,PC_ENT,DE,2023,10.45,,
ESTAT:ISOC_E_DII(1.0),27/02/26 11:00:00,A,50-249,C10-S951_X_K,E_DI3_VHI,PC_ENT,DE,2025,18.29,,
ESTAT:ISOC_E_DII(1.0),27/02/26 11:00:00,A,50-249,C10-S951_X_K,E_DI3_VHI,PC_ENT,DK,2021,17.82,,
ESTAT:ISOC_E_DII(1.0),27/02/26 11:00:00,A,50-249,C10-S951_X_K,E_DI3_VHI,PC_ENT,DK,2023,9.26,,
ESTAT:ISOC_E_DII(1.0),27/02/26 11:00:00,A,50-249,C10-S951_X_K,E_DI3_VHI,PC_ENT,DK,2025,42.16,,
ESTAT:ISOC_E_DII(1.0),27/02/26 11:00:00,A,50-249,C10-S951_X_K,E_DI3_VHI,PC_ENT,EA,2021,6.04,,
ESTAT:ISOC_E_DII(1.0),27/02/26 11:00:00,A,50-249,C10-S951_X_K,E_DI3_VHI,PC_ENT,EA,2023,10.41,,
ESTAT:ISOC_E_DII(1.0),27/02/26 11:00:00,A,50-249,C10-S951_X_K,E_DI3_VHI,PC_ENT,EA,2025,20.62,,
ESTAT:ISOC_E_DII(1.0),27/02/26 11:00:00,A,50-249,C10-S951_X_K,E_DI3_VHI,PC_ENT,EE,2021,4.45,,
ESTAT:ISOC_E_DII(1.0),27/02/26 11:00:00,A,50-249,C10-S951_X_K,E_DI3_VHI,PC_ENT,EE,2023,8.10,,
ESTAT:ISOC_E_DII(1.0),27/02/26 11:00:00,A,50-249,C10-S951_X_K,E_DI3_VHI,PC_ENT,EE,2025,16.28,d,
ESTAT:ISOC_E_DII(1.0),27/02/26 11:00:00,A,50-249,C10-S951_X_K,E_DI3_VHI,PC_ENT,EL,2021,2.63,,
ESTAT:ISOC_E_DII(1.0),27/02/26 11:00:00,A,50-249,C10-S951_X_K,E_DI3_VHI,PC_ENT,EL,2023,5.19,,
ESTAT:ISOC_E_DII(1.0),27/02/26 11:00:00,A,50-249,C10-S951_X_K,E_DI3_VHI,PC_ENT,EL,2025,13.50,,
ESTAT:ISOC_E_DII(1.0),27/02/26 11:00:00,A,50-249,C10-S951_X_K,E_DI3_VHI,PC_ENT,ES,2021,7.17,,
ESTAT:ISOC_E_DII(1.0),27/02/26 11:00:00,A,50-249,C10-S951_X_K,E_DI3_VHI,PC_ENT,ES,2023,14.04,,
ESTAT:ISOC_E_DII(1.0),27/02/26 11:00:00,A,50-249,C10-S951_X_K,E_DI3_VHI,PC_ENT,ES,2025,23.01,,
ESTAT:ISOC_E_DII(1.0),27/02/26 11:00:00,A,50-249,C10-S951_X_K,E_DI3_VHI,PC_ENT,EU27_2020,2021,6.08,,
ESTAT:ISOC_E_DII(1.0),27/02/26 11:00:00,A,50-249,C10-S951_X_K,E_DI3_VHI,PC_ENT,EU27_2020,2023,9.67,,
ESTAT:ISOC_E_DII(1.0),27/02/26 11:00:00,A,50-249,C10-S951_X_K,E_DI3_VHI,PC_ENT,EU27_2020,2025,19.51,,
ESTAT:ISOC_E_DII(1.0),27/02/26 11:00:00,A,50-249,C10-S951_X_K,E_DI3_VHI,PC_ENT,FI,2021,17.61,,
ESTAT:ISOC_E_DII(1.0),27/02/26 11:00:00,A,50-249,C10-S951_X_K,E_DI3_VHI,PC_ENT,FI,2023,25.76,,
ESTAT:ISOC_E_DII(1.0),27/02/26 11:00:00,A,50-249,C10-S951_X_K,E_DI3_VHI,PC_ENT,FI,2025,41.70,,
ESTAT:ISOC_E_DII(1.0),27/02/26 11:00:00,A,50-249,C10-S951_X_K,E_DI3_VHI,PC_ENT,FR,2021,1.09,,
ESTAT:ISOC_E_DII(1.0),27/02/26 11:00:00,A,50-249,C10-S951_X_K,E_DI3_VHI,PC_ENT,FR,2023,6.56,b,
ESTAT:ISOC_E_DII(1.0),27/02/26 11:00:00,A,50-249,C10-S951_X_K,E_DI3_VHI,PC_ENT,FR,2025,20.74,,
ESTAT:ISOC_E_DII(1.0),27/02/26 11:00:00,A,50-249,C10-S951_X_K,E_DI3_VHI,PC_ENT,HR,2021,6.55,,
ESTAT:ISOC_E_DII(1.0),27/02/26 11:00:00,A,50-249,C10-S951_X_K,E_DI3_VHI,PC_ENT,HR,2023,10.06,,
ESTAT:ISOC_E_DII(1.0),27/02/26 11:00:00,A,50-249,C10-S951_X_K,E_DI3_VHI,PC_ENT,HR,2025,17.55,,
ESTAT:ISOC_E_DII(1.0),27/02/26 11:00:00,A,50-249,C10-S951_X_K,E_DI3_VHI,PC_ENT,HU,2021,3.04,,
ESTAT:ISOC_E_DII(1.0),27/02/26 11:00:00,A,50-249,C10-S951_X_K,E_DI3_VHI,PC_ENT,HU,2023,6.98,,
ESTAT:ISOC_E_DII(1.0),27/02/26 11:00:00,A,50-249,C10-S951_X_K,E_DI3_VHI,PC_ENT,HU,2025,11.66,,
ESTAT:ISOC_E_DII(1.0),27/02/26 11:00:00,A,50-249,C10-S951_X_K,E_DI3_VHI,PC_ENT,IE,2021,10.55,,
ESTAT:ISOC_E_DII(1.0),27/02/26 11:00:00,A,50-249,C10-S951_X_K,E_DI3_VHI,PC_ENT,IE,2023,17.68,,
ESTAT:ISOC_E_DII(1.0),27/02/26 11:00:00,A,50-249,C10-S951_X_K,E_DI3_VHI,PC_ENT,IE,2025,22.54,,
ESTAT:ISOC_E_DII(1.0),27/02/26 11:00:00,A,50-249,C10-S951_X_K,E_DI3_VHI,PC_ENT,IT,2021,4.89,,
ESTAT:ISOC_E_DII(1.0),27/02/26 11:00:00,A,50-249,C10-S951_X_K,E_DI3_VHI,PC_ENT,IT,2023,5.87,,
ESTAT:ISOC_E_DII(1.0),27/02/26 11:00:00,A,50-249,C10-S951_X_K,E_DI3_VHI,PC_ENT,IT,2025,15.27,,
ESTAT:ISOC_E_DII(1.0),27/02/26 11:00:00,A,50-249,C10-S951_X_K,E_DI3_VHI,PC_ENT,LT,2021,6.79,,
ESTAT:ISOC_E_DII(1.0),27/02/26 11:00:00,A,50-249,C10-S951_X_K,E_DI3_VHI,PC_ENT,LT,2023,8.15,,
ESTAT:ISOC_E_DII(1.0),27/02/26 11:00:00,A,50-249,C10-S951_X_K,E_DI3_VHI,PC_ENT,LT,2025,23.90,,
ESTAT:ISOC_E_DII(1.0),27/02/26 11:00:00,A,50-249,C10-S951_X_K,E_DI3_VHI,PC_ENT,LU,2021,5.59,,
ESTAT:ISOC_E_DII(1.0),27/02/26 11:00:00,A,50-249,C10-S951_X_K,E_DI3_VHI,PC_ENT,LU,2023,7.79,,
ESTAT:ISOC_E_DII(1.0),27/02/26 11:00:00,A,50-249,C10-S951_X_K,E_DI3_VHI,PC_ENT,LU,2025,17.64,,
ESTAT:ISOC_E_DII(1.0),27/02/26 11:00:00,A,50-249,C10-S951_X_K,E_DI3_VHI,PC_ENT,LV,2021,2.87,,
ESTAT:ISOC_E_DII(1.0),27/02/26 11:00:00,A,50-249,C10-S951_X_K,E_DI3_VHI,PC_ENT,LV,2023,9.91,,
ESTAT:ISOC_E_DII(1.0),27/02/26 11:00:00,A,50-249,C10-S951_X_K,E_DI3_VHI,PC_ENT,LV,2025,15.84,,
ESTAT:ISOC_E_DII(1.0),27/02/26 11:00:00,A,50-249,C10-S951_X_K,E_DI3_VHI,PC_ENT,ME,2021,3.92,,
ESTAT:ISOC_E_DII(1.0),27/02/26 11:00:00,A,50-249,C10-S951_X_K,E_DI3_VHI,PC_ENT,ME,2023,8.42,,
ESTAT:ISOC_E_DII(1.0),27/02/26 11:00:00,A,50-249,C10-S951_X_K,E_DI3_VHI,PC_ENT,ME,2025,6.26,,
ESTAT:ISOC_E_DII(1.0),27/02/26 11:00:00,A,50-249,C10-S951_X_K,E_DI3_VHI,PC_ENT,MK,2021,0.67,,
ESTAT:ISOC_E_DII(1.0),27/02/26 11:00:00,A,50-249,C10-S951_X_K,E_DI3_VHI,PC_ENT,MT,2021,16.91,,
ESTAT:ISOC_E_DII(1.0),27/02/26 11:00:00,A,50-249,C10-S951_X_K,E_DI3_VHI,PC_ENT,MT,2023,18.77,,
ESTAT:ISOC_E_DII(1.0),27/02/26 11:00:00,A,50-249,C10-S951_X_K,E_DI3_VHI,PC_ENT,MT,2025,27.46,,
ESTAT:ISOC_E_DII(1.0),27/02/26 11:00:00,A,50-249,C10-S951_X_K,E_DI3_VHI,PC_ENT,NL,2021,4.21,,
ESTAT:ISOC_E_DII(1.0),27/02/26 11:00:00,A,50-249,C10-S951_X_K,E_DI3_VHI,PC_ENT,NL,2023,17.42,,
ESTAT:ISOC_E_DII(1.0),27/02/26 11:00:00,A,50-249,C10-S951_X_K,E_DI3_VHI,PC_ENT,NL,2025,36.53,,
ESTAT:ISOC_E_DII(1.0),27/02/26 11:00:00,A,50-249,C10-S951_X_K,E_DI3_VHI,PC_ENT,NO,2021,12.57,,
ESTAT:ISOC_E_DII(1.0),27/02/26 11:00:00,A,50-249,C10-S951_X_K,E_DI3_VHI,PC_ENT,NO,2023,15.53,,
ESTAT:ISOC_E_DII(1.0),27/02/26 11:00:00,A,50-249,C10-S951_X_K,E_DI3_VHI,PC_ENT,NO,2025,27.09,,
ESTAT:ISOC_E_DII(1.0),27/02/26 11:00:00,A,50-249,C10-S951_X_K,E_DI3_VHI,PC_ENT,PL,2021,4.54,,
ESTAT:ISOC_E_DII(1.0),27/02/26 11:00:00,A,50-249,C10-S951_X_K,E_DI3_VHI,PC_ENT,PL,2023,6.78,,
ESTAT:ISOC_E_DII(1.0),27/02/26 11:00:00,A,50-249,C10-S951_X_K,E_DI3_VHI,PC_ENT,PL,2025,11.35,,
ESTAT:ISOC_E_DII(1.0),27/02/26 11:00:00,A,50-249,C10-S951_X_K,E_DI3_VHI,PC_ENT,PT,2021,7.27,,
ESTAT:ISOC_E_DII(1.0),27/02/26 11:00:00,A,50-249,C10-S951_X_K,E_DI3_VHI,PC_ENT,PT,2023,10.19,,
ESTAT:ISOC_E_DII(1.0),27/02/26 11:00:00,A,50-249,C10-S951_X_K,E_DI3_VHI,PC_ENT,PT,2025,17.20,,
ESTAT:ISOC_E_DII(1.0),27/02/26 11:00:00,A,50-249,C10-S951_X_K,E_DI3_VHI,PC_ENT,RO,2021,1.19,,
ESTAT:ISOC_E_DII(1.0),27/02/26 11:00:00,A,50-249,C10-S951_X_K,E_DI3_VHI,PC_ENT,RO,2023,1.91,,
ESTAT:ISOC_E_DII(1.0),27/02/26 11:00:00,A,50-249,C10-S951_X_K,E_DI3_VHI,PC_ENT,RO,2025,4.80,,
ESTAT:ISOC_E_DII(1.0),27/02/26 11:00:00,A,50-249,C10-S951_X_K,E_DI3_VHI,PC_ENT,RS,2021,3.24,,
ESTAT:ISOC_E_DII(1.0),27/02/26 11:00:00,A,50-249,C10-S951_X_K,E_DI3_VHI,PC_ENT,RS,2023,4.84,,
ESTAT:ISOC_E_DII(1.0),27/02/26 11:00:00,A,50-249,C10-S951_X_K,E_DI3_VHI,PC_ENT,RS,2025,7.65,,
ESTAT:ISOC_E_DII(1.0),27/02/26 11:00:00,A,50-249,C10-S951_X_K,E_DI3_VHI,PC_ENT,SE,2021,19.50,,
ESTAT:ISOC_E_DII(1.0),27/02/26 11:00:00,A,50-249,C10-S951_X_K,E_DI3_VHI,PC_ENT,SE,2023,14.93,b,
ESTAT:ISOC_E_DII(1.0),27/02/26 11:00:00,A,50-249,C10-S951_X_K,E_DI3_VHI,PC_ENT,SE,2025,31.54,,
ESTAT:ISOC_E_DII(1.0),27/02/26 11:00:00,A,50-249,C10-S951_X_K,E_DI3_VHI,PC_ENT,SI,2021,8.93,,
ESTAT:ISOC_E_DII(1.0),27/02/26 11:00:00,A,50-249,C10-S951_X_K,E_DI3_VHI,PC_ENT,SI,2023,9.93,,
ESTAT:ISOC_E_DII(1.0),27/02/26 11:00:00,A,50-249,C10-S951_X_K,E_DI3_VHI,PC_ENT,SI,2025,12.27,,
ESTAT:ISOC_E_DII(1.0),27/02/26 11:00:00,A,50-249,C10-S951_X_K,E_DI3_VHI,PC_ENT,SK,2021,3.86,,
ESTAT:ISOC_E_DII(1.0),27/02/26 11:00:00,A,50-249,C10-S951_X_K,E_DI3_VHI,PC_ENT,SK,2023,4.57,,
ESTAT:ISOC_E_DII(1.0),27/02/26 11:00:00,A,50-249,C10-S951_X_K,E_DI3_VHI,PC_ENT,SK,2025,10.84,,
ESTAT:ISOC_E_DII(1.0),27/02/26 11:00:00,A,50-249,C10-S951_X_K,E_DI3_VHI,PC_ENT,TR,2025,3.79,,
ESTAT:ISOC_E_DII(1.0),27/02/26 11:00:00,A,50-249,C10-S951_X_K,E_DI3_VLO,PC_ENT,AT,2021,15.85,,
ESTAT:ISOC_E_DII(1.0),27/02/26 11:00:00,A,50-249,C10-S951_X_K,E_DI3_VLO,PC_ENT,AT,2023,21.14,,
ESTAT:ISOC_E_DII(1.0),27/02/26 11:00:00,A,50-249,C10-S951_X_K,E_DI3_VLO,PC_ENT,AT,2025,11.23,,
ESTAT:ISOC_E_DII(1.0),27/02/26 11:00:00,A,50-249,C10-S951_X_K,E_DI3_VLO,PC_ENT,BA,2021,54.03,,
ESTAT:ISOC_E_DII(1.0),27/02/26 11:00:00,A,50-249,C10-S951_X_K,E_DI3_VLO,PC_ENT,BA,2023,41.59,,
ESTAT:ISOC_E_DII(1.0),27/02/26 11:00:00,A,50-249,C10-S951_X_K,E_DI3_VLO,PC_ENT,BA,2025,25.73,,
ESTAT:ISOC_E_DII(1.0),27/02/26 11:00:00,A,50-249,C10-S951_X_K,E_DI3_VLO,PC_ENT,BE,2021,20.36,,
ESTAT:ISOC_E_DII(1.0),27/02/26 11:00:00,A,50-249,C10-S951_X_K,E_DI3_VLO,PC_ENT,BE,2023,10.15,,
ESTAT:ISOC_E_DII(1.0),27/02/26 11:00:00,A,50-249,C10-S951_X_K,E_DI3_VLO,PC_ENT,BE,2025,6.84,,
ESTAT:ISOC_E_DII(1.0),27/02/26 11:00:00,A,50-249,C10-S951_X_K,E_DI3_VLO,PC_ENT,BG,2021,60.12,,
ESTAT:ISOC_E_DII(1.0),27/02/26 11:00:00,A,50-249,C10-S951_X_K,E_DI3_VLO,PC_ENT,BG,2023,56.00,,
ESTAT:ISOC_E_DII(1.0),27/02/26 11:00:00,A,50-249,C10-S951_X_K,E_DI3_VLO,PC_ENT,BG,2025,44.63,,
ESTAT:ISOC_E_DII(1.0),27/02/26 11:00:00,A,50-249,C10-S951_X_K,E_DI3_VLO,PC_ENT,CY,2021,16.09,,
ESTAT:ISOC_E_DII(1.0),27/02/26 11:00:00,A,50-249,C10-S951_X_K,E_DI3_VLO,PC_ENT,CY,2023,12.76,,
ESTAT:ISOC_E_DII(1.0),27/02/26 11:00:00,A,50-249,C10-S951_X_K,E_DI3_VLO,PC_ENT,CY,2025,9.96,,
ESTAT:ISOC_E_DII(1.0),27/02/26 11:00:00,A,50-249,C10-S951_X_K,E_DI3_VLO,PC_ENT,CZ,2021,33.83,,
ESTAT:ISOC_E_DII(1.0),27/02/26 11:00:00,A,50-249,C10-S951_X_K,E_DI3_VLO,PC_ENT,CZ,2023,33.94,,
ESTAT:ISOC_E_DII(1.0),27/02/26 11:00:00,A,50-249,C10-S951_X_K,E_DI3_VLO,PC_ENT,CZ,2025,13.26,,
ESTAT:ISOC_E_DII(1.0),27/02/26 11:00:00,A,50-249,C10-S951_X_K,E_DI3_VLO,PC_ENT,DE,2021,22.67,,
ESTAT:ISOC_E_DII(1.0),27/02/26 11:00:00,A,50-249,C10-S951_X_K,E_DI3_VLO,PC_ENT,DE,2023,20.04,,
ESTAT:ISOC_E_DII(1.0),27/02/26 11:00:00,A,50-249,C10-S951_X_K,E_DI3_VLO,PC_ENT,DE,2025,11.88,,
ESTAT:ISOC_E_DII(1.0),27/02/26 11:00:00,A,50-249,C10-S951_X_K,E_DI3_VLO,PC_ENT,DK,2021,7.66,,
ESTAT:ISOC_E_DII(1.0),27/02/26 11:00:00,A,50-249,C10-S951_X_K,E_DI3_VLO,PC_ENT,DK,2023,10.91,,
ESTAT:ISOC_E_DII(1.0),27/02/26 11:00:00,A,50-249,C10-S951_X_K,E_DI3_VLO,PC_ENT,DK,2025,2.80,,
ESTAT:ISOC_E_DII(1.0),27/02/26 11:00:00,A,50-249,C10-S951_X_K,E_DI3_VLO,PC_ENT,EA,2021,23.43,,
ESTAT:ISOC_E_DII(1.0),27/02/26 11:00:00,A,50-249,C10-S951_X_K,E_DI3_VLO,PC_ENT,EA,2023,21.23,,
ESTAT:ISOC_E_DII(1.0),27/02/26 11:00:00,A,50-249,C10-S951_X_K,E_DI3_VLO,PC_ENT,EA,2025,11.18,,
ESTAT:ISOC_E_DII(1.0),27/02/26 11:00:00,A,50-249,C10-S951_X_K,E_DI3_VLO,PC_ENT,EE,2021,29.89,,
ESTAT:ISOC_E_DII(1.0),27/02/26 11:00:00,A,50-249,C10-S951_X_K,E_DI3_VLO,PC_ENT,EE,2023,24.61,,
ESTAT:ISOC_E_DII(1.0),27/02/26 11:00:00,A,50-249,C10-S951_X_K,E_DI3_VLO,PC_ENT,EE,2025,9.67,d,
ESTAT:ISOC_E_DII(1.0),27/02/26 11:00:00,A,50-249,C10-S951_X_K,E_DI3_VLO,PC_ENT,EL,2021,38.71,,
ESTAT:ISOC_E_DII(1.0),27/02/26 11:00:00,A,50-249,C10-S951_X_K,E_DI3_VLO,PC_ENT,EL,2023,39.91,,
ESTAT:ISOC_E_DII(1.0),27/02/26 11:00:00,A,50-249,C10-S951_X_K,E_DI3_VLO,PC_ENT,EL,2025,28.94,,
ESTAT:ISOC_E_DII(1.0),27/02/26 11:00:00,A,50-249,C10-S951_X_K,E_DI3_VLO,PC_ENT,ES,2021,23.35,,
ESTAT:ISOC_E_DII(1.0),27/02/26 11:00:00,A,50-249,C10-S951_X_K,E_DI3_VLO,PC_ENT,ES,2023,20.80,,
ESTAT:ISOC_E_DII(1.0),27/02/26 11:00:00,A,50-249,C10-S951_X_K,E_DI3_VLO,PC_ENT,ES,2025,10.81,,
ESTAT:ISOC_E_DII(1.0),27/02/26 11:00:00,A,50-249,C10-S951_X_K,E_DI3_VLO,PC_ENT,EU27_2020,2021,27.15,,
ESTAT:ISOC_E_DII(1.0),27/02/26 11:00:00,A,50-249,C10-S951_X_K,E_DI3_VLO,PC_ENT,EU27_2020,2023,23.90,,
ESTAT:ISOC_E_DII(1.0),27/02/26 11:00:00,A,50-249,C10-S951_X_K,E_DI3_VLO,PC_ENT,EU27_2020,2025,13.33,,
ESTAT:ISOC_E_DII(1.0),27/02/26 11:00:00,A,50-249,C10-S951_X_K,E_DI3_VLO,PC_ENT,FI,2021,6.32,,
ESTAT:ISOC_E_DII(1.0),27/02/26 11:00:00,A,50-249,C10-S951_X_K,E_DI3_VLO,PC_ENT,FI,2023,3.14,,
ESTAT:ISOC_E_DII(1.0),27/02/26 11:00:00,A,50-249,C10-S951_X_K,E_DI3_VLO,PC_ENT,FI,2025,1.01,,
ESTAT:ISOC_E_DII(1.0),27/02/26 11:00:00,A,50-249,C10-S951_X_K,E_DI3_VLO,PC_ENT,FR,2021,27.78,,
ESTAT:ISOC_E_DII(1.0),27/02/26 11:00:00,A,50-249,C10-S951_X_K,E_DI3_VLO,PC_ENT,FR,2023,25.59,b,
ESTAT:ISOC_E_DII(1.0),27/02/26 11:00:00,A,50-249,C10-S951_X_K,E_DI3_VLO,PC_ENT,FR,2025,9.06,,
ESTAT:ISOC_E_DII(1.0),27/02/26 11:00:00,A,50-249,C10-S951_X_K,E_DI3_VLO,PC_ENT,HR,2021,34.88,,
ESTAT:ISOC_E_DII(1.0),27/02/26 11:00:00,A,50-249,C10-S951_X_K,E_DI3_VLO,PC_ENT,HR,2023,28.01,,
ESTAT:ISOC_E_DII(1.0),27/02/26 11:00:00,A,50-249,C10-S951_X_K,E_DI3_VLO,PC_ENT,HR,2025,16.65,,
ESTAT:ISOC_E_DII(1.0),27/02/26 11:00:00,A,50-249,C10-S951_X_K,E_DI3_VLO,PC_ENT,HU,2021,46.44,,
ESTAT:ISOC_E_DII(1.0),27/02/26 11:00:00,A,50-249,C10-S951_X_K,E_DI3_VLO,PC_ENT,HU,2023,27.52,,
ESTAT:ISOC_E_DII(1.0),27/02/26 11:00:00,A,50-249,C10-S951_X_K,E_DI3_VLO,PC_ENT,HU,2025,20.03,,
ESTAT:ISOC_E_DII(1.0),27/02/26 11:00:00,A,50-249,C10-S951_X_K,E_DI3_VLO,PC_ENT,IE,2021,17.33,,
ESTAT:ISOC_E_DII(1.0),27/02/26 11:00:00,A,50-249,C10-S951_X_K,E_DI3_VLO,PC_ENT,IE,2023,13.85,,
ESTAT:ISOC_E_DII(1.0),27/02/26 11:00:00,A,50-249,C10-S951_X_K,E_DI3_VLO,PC_ENT,IE,2025,8.35,,
ESTAT:ISOC_E_DII(1.0),27/02/26 11:00:00,A,50-249,C10-S951_X_K,E_DI3_VLO,PC_ENT,IT,2021,23.28,,
ESTAT:ISOC_E_DII(1.0),27/02/26 11:00:00,A,50-249,C10-S951_X_K,E_DI3_VLO,PC_ENT,IT,2023,22.63,,
ESTAT:ISOC_E_DII(1.0),27/02/26 11:00:00,A,50-249,C10-S951_X_K,E_DI3_VLO,PC_ENT,IT,2025,8.40,,
ESTAT:ISOC_E_DII(1.0),27/02/26 11:00:00,A,50-249,C10-S951_X_K,E_DI3_VLO,PC_ENT,LT,2021,26.33,,
ESTAT:ISOC_E_DII(1.0),27/02/26 11:00:00,A,50-249,C10-S951_X_K,E_DI3_VLO,PC_ENT,LT,2023,22.81,,
ESTAT:ISOC_E_DII(1.0),27/02/26 11:00:00,A,50-249,C10-S951_X_K,E_DI3_VLO,PC_ENT,LT,2025,10.54,,
ESTAT:ISOC_E_DII(1.0),27/02/26 11:00:00,A,50-249,C10-S951_X_K,E_DI3_VLO,PC_ENT,LU,2021,27.31,,
ESTAT:ISOC_E_DII(1.0),27/02/26 11:00:00,A,50-249,C10-S951_X_K,E_DI3_VLO,PC_ENT,LU,2023,25.18,,
ESTAT:ISOC_E_DII(1.0),27/02/26 11:00:00,A,50-249,C10-S951_X_K,E_DI3_VLO,PC_ENT,LU,2025,11.63,,
ESTAT:ISOC_E_DII(1.0),27/02/26 11:00:00,A,50-249,C10-S951_X_K,E_DI3_VLO,PC_ENT,LV,2021,41.43,,
ESTAT:ISOC_E_DII(1.0),27/02/26 11:00:00,A,50-249,C10-S951_X_K,E_DI3_VLO,PC_ENT,LV,2023,31.56,,
ESTAT:ISOC_E_DII(1.0),27/02/26 11:00:00,A,50-249,C10-S951_X_K,E_DI3_VLO,PC_ENT,LV,2025,22.10,,
ESTAT:ISOC_E_DII(1.0),27/02/26 11:00:00,A,50-249,C10-S951_X_K,E_DI3_VLO,PC_ENT,ME,2021,39.52,,
ESTAT:ISOC_E_DII(1.0),27/02/26 11:00:00,A,50-249,C10-S951_X_K,E_DI3_VLO,PC_ENT,ME,2023,25.98,,
ESTAT:ISOC_E_DII(1.0),27/02/26 11:00:00,A,50-249,C10-S951_X_K,E_DI3_VLO,PC_ENT,ME,2025,11.15,,
ESTAT:ISOC_E_DII(1.0),27/02/26 11:00:00,A,50-249,C10-S951_X_K,E_DI3_VLO,PC_ENT,MK,2021,70.35,,
ESTAT:ISOC_E_DII(1.0),27/02/26 11:00:00,A,50-249,C10-S951_X_K,E_DI3_VLO,PC_ENT,MT,2021,10.48,,
ESTAT:ISOC_E_DII(1.0),27/02/26 11:00:00,A,50-249,C10-S951_X_K,E_DI3_VLO,PC_ENT,MT,2023,8.87,,
ESTAT:ISOC_E_DII(1.0),27/02/26 11:00:00,A,50-249,C10-S951_X_K,E_DI3_VLO,PC_ENT,MT,2025,6.24,,
ESTAT:ISOC_E_DII(1.0),27/02/26 11:00:00,A,50-249,C10-S951_X_K,E_DI3_VLO,PC_ENT,NL,2021,12.23,,
ESTAT:ISOC_E_DII(1.0),27/02/26 11:00:00,A,50-249,C10-S951_X_K,E_DI3_VLO,PC_ENT,NL,2023,7.90,,
ESTAT:ISOC_E_DII(1.0),27/02/26 11:00:00,A,50-249,C10-S951_X_K,E_DI3_VLO,PC_ENT,NL,2025,4.23,,
ESTAT:ISOC_E_DII(1.0),27/02/26 11:00:00,A,50-249,C10-S951_X_K,E_DI3_VLO,PC_ENT,NO,2021,10.48,,
ESTAT:ISOC_E_DII(1.0),27/02/26 11:00:00,A,50-249,C10-S951_X_K,E_DI3_VLO,PC_ENT,NO,2023,8.00,,
ESTAT:ISOC_E_DII(1.0),27/02/26 11:00:00,A,50-249,C10-S951_X_K,E_DI3_VLO,PC_ENT,NO,2025,5.89,,
ESTAT:ISOC_E_DII(1.0),27/02/26 11:00:00,A,50-249,C10-S951_X_K,E_DI3_VLO,PC_ENT,PL,2021,38.39,,
ESTAT:ISOC_E_DII(1.0),27/02/26 11:00:00,A,50-249,C10-S951_X_K,E_DI3_VLO,PC_ENT,PL,2023,28.44,,
ESTAT:ISOC_E_DII(1.0),27/02/26 11:00:00,A,50-249,C10-S951_X_K,E_DI3_VLO,PC_ENT,PL,2025,17.79,,
ESTAT:ISOC_E_DII(1.0),27/02/26 11:00:00,A,50-249,C10-S951_X_K,E_DI3_VLO,PC_ENT,PT,2021,31.36,,
ESTAT:ISOC_E_DII(1.0),27/02/26 11:00:00,A,50-249,C10-S951_X_K,E_DI3_VLO,PC_ENT,PT,2023,,u,
ESTAT:ISOC_E_DII(1.0),27/02/26 11:00:00,A,50-249,C10-S951_X_K,E_DI3_VLO,PC_ENT,PT,2025,,u,
ESTAT:ISOC_E_DII(1.0),27/02/26 11:00:00,A,50-249,C10-S951_X_K,E_DI3_VLO,PC_ENT,RO,2021,68.69,,
ESTAT:ISOC_E_DII(1.0),27/02/26 11:00:00,A,50-249,C10-S951_X_K,E_DI3_VLO,PC_ENT,RO,2023,62.92,,
ESTAT:ISOC_E_DII(1.0),27/02/26 11:00:00,A,50-249,C10-S951_X_K,E_DI3_VLO,PC_ENT,RO,2025,42.04,,
ESTAT:ISOC_E_DII(1.0),27/02/26 11:00:00,A,50-249,C10-S951_X_K,E_DI3_VLO,PC_ENT,RS,2021,48.86,,
ESTAT:ISOC_E_DII(1.0),27/02/26 11:00:00,A,50-249,C10-S951_X_K,E_DI3_VLO,PC_ENT,RS,2023,41.94,,
ESTAT:ISOC_E_DII(1.0),27/02/26 11:00:00,A,50-249,C10-S951_X_K,E_DI3_VLO,PC_ENT,RS,2025,36.40,,
ESTAT:ISOC_E_DII(1.0),27/02/26 11:00:00,A,50-249,C10-S951_X_K,E_DI3_VLO,PC_ENT,SE,2021,4.40,,
ESTAT:ISOC_E_DII(1.0),27/02/26 11:00:00,A,50-249,C10-S951_X_K,E_DI3_VLO,PC_ENT,SE,2023,7.22,b,
ESTAT:ISOC_E_DII(1.0),27/02/26 11:00:00,A,50-249,C10-S951_X_K,E_DI3_VLO,PC_ENT,SE,2025,4.76,,
ESTAT:ISOC_E_DII(1.0),27/02/26 11:00:00,A,50-249,C10-S951_X_K,E_DI3_VLO,PC_ENT,SI,2021,24.31,,
ESTAT:ISOC_E_DII(1.0),27/02/26 11:00:00,A,50-249,C10-S951_X_K,E_DI3_VLO,PC_ENT,SI,2023,26.77,,
ESTAT:ISOC_E_DII(1.0),27/02/26 11:00:00,A,50-249,C10-S951_X_K,E_DI3_VLO,PC_ENT,SI,2025,13.51,,
ESTAT:ISOC_E_DII(1.0),27/02/26 11:00:00,A,50-249,C10-S951_X_K,E_DI3_VLO,PC_ENT,SK,2021,42.05,,
ESTAT:ISOC_E_DII(1.0),27/02/26 11:00:00,A,50-249,C10-S951_X_K,E_DI3_VLO,PC_ENT,SK,2023,42.12,,
ESTAT:ISOC_E_DII(1.0),27/02/26 11:00:00,A,50-249,C10-S951_X_K,E_DI3_VLO,PC_ENT,SK,2025,23.15,,
ESTAT:ISOC_E_DII(1.0),27/02/26 11:00:00,A,50-249,C10-S951_X_K,E_DI3_VLO,PC_ENT,TR,2025,41.49,,
ESTAT:ISOC_E_DII(1.0),27/02/26 11:00:00,A,50-249,C10-S951_X_K,E_DI4_GELO,PC_ENT,AT,2022,89.29,,
ESTAT:ISOC_E_DII(1.0),27/02/26 11:00:00,A,50-249,C10-S951_X_K,E_DI4_GELO,PC_ENT,AT,2024,91.33,,
ESTAT:ISOC_E_DII(1.0),27/02/26 11:00:00,A,50-249,C10-S951_X_K,E_DI4_GELO,PC_ENT,BA,2022,65.37,,
ESTAT:ISOC_E_DII(1.0),27/02/26 11:00:00,A,50-249,C10-S951_X_K,E_DI4_GELO,PC_ENT,BA,2024,63.90,,
ESTAT:ISOC_E_DII(1.0),27/02/26 11:00:00,A,50-249,C10-S951_X_K,E_DI4_GELO,PC_ENT,BE,2022,93.38,,
ESTAT:ISOC_E_DII(1.0),27/02/26 11:00:00,A,50-249,C10-S951_X_K,E_DI4_GELO,PC_ENT,BE,2024,94.74,,
ESTAT:ISOC_E_DII(1.0),27/02/26 11:00:00,A,50-249,C10-S951_X_K,E_DI4_GELO,PC_ENT,BG,2022,66.33,,
ESTAT:ISOC_E_DII(1.0),27/02/26 11:00:00,A,50-249,C10-S951_X_K,E_DI4_GELO,PC_ENT,BG,2024,69.77,,
ESTAT:ISOC_E_DII(1.0),27/02/26 11:00:00,A,50-249,C10-S951_X_K,E_DI4_GELO,PC_ENT,CY,2022,89.30,,
ESTAT:ISOC_E_DII(1.0),27/02/26 11:00:00,A,50-249,C10-S951_X_K,E_DI4_GELO,PC_ENT,CY,2024,92.39,,
ESTAT:ISOC_E_DII(1.0),27/02/26 11:00:00,A,50-249,C10-S951_X_K,E_DI4_GELO,PC_ENT,CZ,2022,87.98,,
ESTAT:ISOC_E_DII(1.0),27/02/26 11:00:00,A,50-249,C10-S951_X_K,E_DI4_GELO,PC_ENT,CZ,2024,87.63,,
ESTAT:ISOC_E_DII(1.0),27/02/26 11:00:00,A,50-249,C10-S951_X_K,E_DI4_GELO,PC_ENT,DE,2022,93.21,,
ESTAT:ISOC_E_DII(1.0),27/02/26 11:00:00,A,50-249,C10-S951_X_K,E_DI4_GELO,PC_ENT,DE,2024,93.87,,
ESTAT:ISOC_E_DII(1.0),27/02/26 11:00:00,A,50-249,C10-S951_X_K,E_DI4_GELO,PC_ENT,DK,2022,98.90,,
ESTAT:ISOC_E_DII(1.0),27/02/26 11:00:00,A,50-249,C10-S951_X_K,E_DI4_GELO,PC_ENT,DK,2024,98.39,,
ESTAT:ISOC_E_DII(1.0),27/02/26 11:00:00,A,50-249,C10-S951_X_K,E_DI4_GELO,PC_ENT,EA,2022,89.51,,
ESTAT:ISOC_E_DII(1.0),27/02/26 11:00:00,A,50-249,C10-S951_X_K,E_DI4_GELO,PC_ENT,EA,2024,90.36,,
ESTAT:ISOC_E_DII(1.0),27/02/26 11:00:00,A,50-249,C10-S951_X_K,E_DI4_GELO,PC_ENT,EE,2022,86.44,,
ESTAT:ISOC_E_DII(1.0),27/02/26 11:00:00,A,50-249,C10-S951_X_K,E_DI4_GELO,PC_ENT,EE,2024,90.42,,
ESTAT:ISOC_E_DII(1.0),27/02/26 11:00:00,A,50-249,C10-S951_X_K,E_DI4_GELO,PC_ENT,EL,2022,74.05,,
ESTAT:ISOC_E_DII(1.0),27/02/26 11:00:00,A,50-249,C10-S951_X_K,E_DI4_GELO,PC_ENT,EL,2024,69.91,,
ESTAT:ISOC_E_DII(1.0),27/02/26 11:00:00,A,50-249,C10-S951_X_K,E_DI4_GELO,PC_ENT,ES,2022,86.04,,
ESTAT:ISOC_E_DII(1.0),27/02/26 11:00:00,A,50-249,C10-S951_X_K,E_DI4_GELO,PC_ENT,ES,2024,88.08,,
ESTAT:ISOC_E_DII(1.0),27/02/26 11:00:00,A,50-249,C10-S951_X_K,E_DI4_GELO,PC_ENT,EU27_2020,2022,87.83,,
ESTAT:ISOC_E_DII(1.0),27/02/26 11:00:00,A,50-249,C10-S951_X_K,E_DI4_GELO,PC_ENT,EU27_2020,2024,89.48,,
ESTAT:ISOC_E_DII(1.0),27/02/26 11:00:00,A,50-249,C10-S951_X_K,E_DI4_GELO,PC_ENT,FI,2022,98.47,,
ESTAT:ISOC_E_DII(1.0),27/02/26 11:00:00,A,50-249,C10-S951_X_K,E_DI4_GELO,PC_ENT,FI,2024,98.77,,
ESTAT:ISOC_E_DII(1.0),27/02/26 11:00:00,A,50-249,C10-S951_X_K,E_DI4_GELO,PC_ENT,FR,2022,84.57,b,
ESTAT:ISOC_E_DII(1.0),27/02/26 11:00:00,A,50-249,C10-S951_X_K,E_DI4_GELO,PC_ENT,FR,2024,88.05,,
ESTAT:ISOC_E_DII(1.0),27/02/26 11:00:00,A,50-249,C10-S951_X_K,E_DI4_GELO,PC_ENT,HR,2022,81.25,,
ESTAT:ISOC_E_DII(1.0),27/02/26 11:00:00,A,50-249,C10-S951_X_K,E_DI4_GELO,PC_ENT,HR,2024,83.96,,
ESTAT:ISOC_E_DII(1.0),27/02/26 11:00:00,A,50-249,C10-S951_X_K,E_DI4_GELO,PC_ENT,HU,2022,79.12,,
ESTAT:ISOC_E_DII(1.0),27/02/26 11:00:00,A,50-249,C10-S951_X_K,E_DI4_GELO,PC_ENT,HU,2024,81.09,,
ESTAT:ISOC_E_DII(1.0),27/02/26 11:00:00,A,50-249,C10-S951_X_K,E_DI4_GELO,PC_ENT,IE,2022,92.46,,
ESTAT:ISOC_E_DII(1.0),27/02/26 11:00:00,A,50-249,C10-S951_X_K,E_DI4_GELO,PC_ENT,IE,2024,92.35,,
ESTAT:ISOC_E_DII(1.0),27/02/26 11:00:00,A,50-249,C10-S951_X_K,E_DI4_GELO,PC_ENT,IT,2022,89.60,,
ESTAT:ISOC_E_DII(1.0),27/02/26 11:00:00,A,50-249,C10-S951_X_K,E_DI4_GELO,PC_ENT,IT,2024,90.34,,
ESTAT:ISOC_E_DII(1.0),27/02/26 11:00:00,A,50-249,C10-S951_X_K,E_DI4_GELO,PC_ENT,LT,2022,85.20,,
ESTAT:ISOC_E_DII(1.0),27/02/26 11:00:00,A,50-249,C10-S951_X_K,E_DI4_GELO,PC_ENT,LT,2024,87.49,,
ESTAT:ISOC_E_DII(1.0),27/02/26 11:00:00,A,50-249,C10-S951_X_K,E_DI4_GELO,PC_ENT,LU,2022,84.40,,
ESTAT:ISOC_E_DII(1.0),27/02/26 11:00:00,A,50-249,C10-S951_X_K,E_DI4_GELO,PC_ENT,LU,2024,86.82,,
ESTAT:ISOC_E_DII(1.0),27/02/26 11:00:00,A,50-249,C10-S951_X_K,E_DI4_GELO,PC_ENT,LV,2022,74.18,,
ESTAT:ISOC_E_DII(1.0),27/02/26 11:00:00,A,50-249,C10-S951_X_K,E_DI4_GELO,PC_ENT,LV,2024,81.27,,
ESTAT:ISOC_E_DII(1.0),27/02/26 11:00:00,A,50-249,C10-S951_X_K,E_DI4_GELO,PC_ENT,ME,2022,71.61,,
ESTAT:ISOC_E_DII(1.0),27/02/26 11:00:00,A,50-249,C10-S951_X_K,E_DI4_GELO,PC_ENT,ME,2024,83.99,,
ESTAT:ISOC_E_DII(1.0),27/02/26 11:00:00,A,50-249,C10-S951_X_K,E_DI4_GELO,PC_ENT,MK,2022,,u,
ESTAT:ISOC_E_DII(1.0),27/02/26 11:00:00,A,50-249,C10-S951_X_K,E_DI4_GELO,PC_ENT,MT,2022,94.64,,
ESTAT:ISOC_E_DII(1.0),27/02/26 11:00:00,A,50-249,C10-S951_X_K,E_DI4_GELO,PC_ENT,MT,2024,93.56,,
ESTAT:ISOC_E_DII(1.0),27/02/26 11:00:00,A,50-249,C10-S951_X_K,E_DI4_GELO,PC_ENT,NL,2022,93.99,,
ESTAT:ISOC_E_DII(1.0),27/02/26 11:00:00,A,50-249,C10-S951_X_K,E_DI4_GELO,PC_ENT,NL,2024,94.18,,
ESTAT:ISOC_E_DII(1.0),27/02/26 11:00:00,A,50-249,C10-S951_X_K,E_DI4_GELO,PC_ENT,NO,2022,96.61,,
ESTAT:ISOC_E_DII(1.0),27/02/26 11:00:00,A,50-249,C10-S951_X_K,E_DI4_GELO,PC_ENT,NO,2024,97.10,,
ESTAT:ISOC_E_DII(1.0),27/02/26 11:00:00,A,50-249,C10-S951_X_K,E_DI4_GELO,PC_ENT,PL,2022,84.17,,
ESTAT:ISOC_E_DII(1.0),27/02/26 11:00:00,A,50-249,C10-S951_X_K,E_DI4_GELO,PC_ENT,PL,2024,89.20,,
ESTAT:ISOC_E_DII(1.0),27/02/26 11:00:00,A,50-249,C10-S951_X_K,E_DI4_GELO,PC_ENT,PT,2022,,u,
ESTAT:ISOC_E_DII(1.0),27/02/26 11:00:00,A,50-249,C10-S951_X_K,E_DI4_GELO,PC_ENT,PT,2024,90.45,,
ESTAT:ISOC_E_DII(1.0),27/02/26 11:00:00,A,50-249,C10-S951_X_K,E_DI4_GELO,PC_ENT,RO,2022,65.33,,
ESTAT:ISOC_E_DII(1.0),27/02/26 11:00:00,A,50-249,C10-S951_X_K,E_DI4_GELO,PC_ENT,RO,2024,77.34,,
ESTAT:ISOC_E_DII(1.0),27/02/26 11:00:00,A,50-249,C10-S951_X_K,E_DI4_GELO,PC_ENT,RS,2022,82.19,,
ESTAT:ISOC_E_DII(1.0),27/02/26 11:00:00,A,50-249,C10-S951_X_K,E_DI4_GELO,PC_ENT,RS,2024,92.28,,
ESTAT:ISOC_E_DII(1.0),27/02/26 11:00:00,A,50-249,C10-S951_X_K,E_DI4_GELO,PC_ENT,SE,2022,98.01,,
ESTAT:ISOC_E_DII(1.0),27/02/26 11:00:00,A,50-249,C10-S951_X_K,E_DI4_GELO,PC_ENT,SE,2024,97.27,b,
ESTAT:ISOC_E_DII(1.0),27/02/26 11:00:00,A,50-249,C10-S951_X_K,E_DI4_GELO,PC_ENT,SI,2022,87.58,,
ESTAT:ISOC_E_DII(1.0),27/02/26 11:00:00,A,50-249,C10-S951_X_K,E_DI4_GELO,PC_ENT,SI,2024,84.80,,
ESTAT:ISOC_E_DII(1.0),27/02/26 11:00:00,A,50-249,C10-S951_X_K,E_DI4_GELO,PC_ENT,SK,2022,79.48,,
ESTAT:ISOC_E_DII(1.0),27/02/26 11:00:00,A,50-249,C10-S951_X_K,E_DI4_GELO,PC_ENT,SK,2024,84.35,,
ESTAT:ISOC_E_DII(1.0),27/02/26 11:00:00,A,50-249,C10-S951_X_K,E_DI4_HI,PC_ENT,AT,2022,47.77,,
ESTAT:ISOC_E_DII(1.0),27/02/26 11:00:00,A,50-249,C10-S951_X_K,E_DI4_HI,PC_ENT,AT,2024,43.58,,
ESTAT:ISOC_E_DII(1.0),27/02/26 11:00:00,A,50-249,C10-S951_X_K,E_DI4_HI,PC_ENT,BA,2022,24.50,,
ESTAT:ISOC_E_DII(1.0),27/02/26 11:00:00,A,50-249,C10-S951_X_K,E_DI4_HI,PC_ENT,BA,2024,23.20,,
ESTAT:ISOC_E_DII(1.0),27/02/26 11:00:00,A,50-249,C10-S951_X_K,E_DI4_HI,PC_ENT,BE,2022,47.00,,
ESTAT:ISOC_E_DII(1.0),27/02/26 11:00:00,A,50-249,C10-S951_X_K,E_DI4_HI,PC_ENT,BE,2024,42.49,,
ESTAT:ISOC_E_DII(1.0),27/02/26 11:00:00,A,50-249,C10-S951_X_K,E_DI4_HI,PC_ENT,BG,2022,25.62,,
ESTAT:ISOC_E_DII(1.0),27/02/26 11:00:00,A,50-249,C10-S951_X_K,E_DI4_HI,PC_ENT,BG,2024,23.76,,
ESTAT:ISOC_E_DII(1.0),27/02/26 11:00:00,A,50-249,C10-S951_X_K,E_DI4_HI,PC_ENT,CY,2022,52.30,,
ESTAT:ISOC_E_DII(1.0),27/02/26 11:00:00,A,50-249,C10-S951_X_K,E_DI4_HI,PC_ENT,CY,2024,46.26,,
ESTAT:ISOC_E_DII(1.0),27/02/26 11:00:00,A,50-249,C10-S951_X_K,E_DI4_HI,PC_ENT,CZ,2022,45.31,,
ESTAT:ISOC_E_DII(1.0),27/02/26 11:00:00,A,50-249,C10-S951_X_K,E_DI4_HI,PC_ENT,CZ,2024,41.89,,
ESTAT:ISOC_E_DII(1.0),27/02/26 11:00:00,A,50-249,C10-S951_X_K,E_DI4_HI,PC_ENT,DE,2022,50.97,,
ESTAT:ISOC_E_DII(1.0),27/02/26 11:00:00,A,50-249,C10-S951_X_K,E_DI4_HI,PC_ENT,DE,2024,45.91,,
ESTAT:ISOC_E_DII(1.0),27/02/26 11:00:00,A,50-249,C10-S951_X_K,E_DI4_HI,PC_ENT,DK,2022,53.70,,
ESTAT:ISOC_E_DII(1.0),27/02/26 11:00:00,A,50-249,C10-S951_X_K,E_DI4_HI,PC_ENT,DK,2024,44.30,,
ESTAT:ISOC_E_DII(1.0),27/02/26 11:00:00,A,50-249,C10-S951_X_K,E_DI4_HI,PC_ENT,EA,2022,47.08,,
ESTAT:ISOC_E_DII(1.0),27/02/26 11:00:00,A,50-249,C10-S951_X_K,E_DI4_HI,PC_ENT,EA,2024,42.88,,
ESTAT:ISOC_E_DII(1.0),27/02/26 11:00:00,A,50-249,C10-S951_X_K,E_DI4_HI,PC_ENT,EE,2022,44.38,,
ESTAT:ISOC_E_DII(1.0),27/02/26 11:00:00,A,50-249,C10-S951_X_K,E_DI4_HI,PC_ENT,EE,2024,43.08,,
ESTAT:ISOC_E_DII(1.0),27/02/26 11:00:00,A,50-249,C10-S951_X_K,E_DI4_HI,PC_ENT,EL,2022,44.60,,
ESTAT:ISOC_E_DII(1.0),27/02/26 11:00:00,A,50-249,C10-S951_X_K,E_DI4_HI,PC_ENT,EL,2024,20.97,,
ESTAT:ISOC_E_DII(1.0),27/02/26 11:00:00,A,50-249,C10-S951_X_K,E_DI4_HI,PC_ENT,ES,2022,41.63,,
ESTAT:ISOC_E_DII(1.0),27/02/26 11:00:00,A,50-249,C10-S951_X_K,E_DI4_HI,PC_ENT,ES,2024,42.17,,
ESTAT:ISOC_E_DII(1.0),27/02/26 11:00:00,A,50-249,C10-S951_X_K,E_DI4_HI,PC_ENT,EU27_2020,2022,45.91,,
ESTAT:ISOC_E_DII(1.0),27/02/26 11:00:00,A,50-249,C10-S951_X_K,E_DI4_HI,PC_ENT,EU27_2020,2024,42.22,,
ESTAT:ISOC_E_DII(1.0),27/02/26 11:00:00,A,50-249,C10-S951_X_K,E_DI4_HI,PC_ENT,FI,2022,61.22,,
ESTAT:ISOC_E_DII(1.0),27/02/26 11:00:00,A,50-249,C10-S951_X_K,E_DI4_HI,PC_ENT,FI,2024,46.37,,
ESTAT:ISOC_E_DII(1.0),27/02/26 11:00:00,A,50-249,C10-S951_X_K,E_DI4_HI,PC_ENT,FR,2022,38.31,b,
ESTAT:ISOC_E_DII(1.0),27/02/26 11:00:00,A,50-249,C10-S951_X_K,E_DI4_HI,PC_ENT,FR,2024,39.92,,
ESTAT:ISOC_E_DII(1.0),27/02/26 11:00:00,A,50-249,C10-S951_X_K,E_DI4_HI,PC_ENT,HR,2022,35.61,,
ESTAT:ISOC_E_DII(1.0),27/02/26 11:00:00,A,50-249,C10-S951_X_K,E_DI4_HI,PC_ENT,HR,2024,33.94,,
ESTAT:ISOC_E_DII(1.0),27/02/26 11:00:00,A,50-249,C10-S951_X_K,E_DI4_HI,PC_ENT,HU,2022,41.38,,
ESTAT:ISOC_E_DII(1.0),27/02/26 11:00:00,A,50-249,C10-S951_X_K,E_DI4_HI,PC_ENT,HU,2024,36.55,,
ESTAT:ISOC_E_DII(1.0),27/02/26 11:00:00,A,50-249,C10-S951_X_K,E_DI4_HI,PC_ENT,IE,2022,53.11,,
ESTAT:ISOC_E_DII(1.0),27/02/26 11:00:00,A,50-249,C10-S951_X_K,E_DI4_HI,PC_ENT,IE,2024,46.78,,
ESTAT:ISOC_E_DII(1.0),27/02/26 11:00:00,A,50-249,C10-S951_X_K,E_DI4_HI,PC_ENT,IT,2022,47.49,,
ESTAT:ISOC_E_DII(1.0),27/02/26 11:00:00,A,50-249,C10-S951_X_K,E_DI4_HI,PC_ENT,IT,2024,45.19,,
ESTAT:ISOC_E_DII(1.0),27/02/26 11:00:00,A,50-249,C10-S951_X_K,E_DI4_HI,PC_ENT,LT,2022,39.35,,
ESTAT:ISOC_E_DII(1.0),27/02/26 11:00:00,A,50-249,C10-S951_X_K,E_DI4_HI,PC_ENT,LT,2024,39.51,,
ESTAT:ISOC_E_DII(1.0),27/02/26 11:00:00,A,50-249,C10-S951_X_K,E_DI4_HI,PC_ENT,LU,2022,45.12,,
ESTAT:ISOC_E_DII(1.0),27/02/26 11:00:00,A,50-249,C10-S951_X_K,E_DI4_HI,PC_ENT,LU,2024,39.67,,
ESTAT:ISOC_E_DII(1.0),27/02/26 11:00:00,A,50-249,C10-S951_X_K,E_DI4_HI,PC_ENT,LV,2022,35.17,,
ESTAT:ISOC_E_DII(1.0),27/02/26 11:00:00,A,50-249,C10-S951_X_K,E_DI4_HI,PC_ENT,LV,2024,35.61,,
ESTAT:ISOC_E_DII(1.0),27/02/26 11:00:00,A,50-249,C10-S951_X_K,E_DI4_HI,PC_ENT,ME,2022,25.55,,
ESTAT:ISOC_E_DII(1.0),27/02/26 11:00:00,A,50-249,C10-S951_X_K,E_DI4_HI,PC_ENT,ME,2024,39.80,,
ESTAT:ISOC_E_DII(1.0),27/02/26 11:00:00,A,50-249,C10-S951_X_K,E_DI4_HI,PC_ENT,MK,2022,15.34,,
ESTAT:ISOC_E_DII(1.0),27/02/26 11:00:00,A,50-249,C10-S951_X_K,E_DI4_HI,PC_ENT,MT,2022,51.21,,
ESTAT:ISOC_E_DII(1.0),27/02/26 11:00:00,A,50-249,C10-S951_X_K,E_DI4_HI,PC_ENT,MT,2024,45.26,,
ESTAT:ISOC_E_DII(1.0),27/02/26 11:00:00,A,50-249,C10-S951_X_K,E_DI4_HI,PC_ENT,NL,2022,54.75,,
ESTAT:ISOC_E_DII(1.0),27/02/26 11:00:00,A,50-249,C10-S951_X_K,E_DI4_HI,PC_ENT,NL,2024,46.55,,
ESTAT:ISOC_E_DII(1.0),27/02/26 11:00:00,A,50-249,C10-S951_X_K,E_DI4_HI,PC_ENT,NO,2022,53.82,,
ESTAT:ISOC_E_DII(1.0),27/02/26 11:00:00,A,50-249,C10-S951_X_K,E_DI4_HI,PC_ENT,NO,2024,47.70,,
ESTAT:ISOC_E_DII(1.0),27/02/26 11:00:00,A,50-249,C10-S951_X_K,E_DI4_HI,PC_ENT,PL,2022,45.00,,
ESTAT:ISOC_E_DII(1.0),27/02/26 11:00:00,A,50-249,C10-S951_X_K,E_DI4_HI,PC_ENT,PL,2024,44.09,,
ESTAT:ISOC_E_DII(1.0),27/02/26 11:00:00,A,50-249,C10-S951_X_K,E_DI4_HI,PC_ENT,PT,2022,,u,
ESTAT:ISOC_E_DII(1.0),27/02/26 11:00:00,A,50-249,C10-S951_X_K,E_DI4_HI,PC_ENT,PT,2024,,u,
ESTAT:ISOC_E_DII(1.0),27/02/26 11:00:00,A,50-249,C10-S951_X_K,E_DI4_HI,PC_ENT,RO,2022,26.14,,
ESTAT:ISOC_E_DII(1.0),27/02/26 11:00:00,A,50-249,C10-S951_X_K,E_DI4_HI,PC_ENT,RO,2024,26.74,,
ESTAT:ISOC_E_DII(1.0),27/02/26 11:00:00,A,50-249,C10-S951_X_K,E_DI4_HI,PC_ENT,RS,2022,35.84,,
ESTAT:ISOC_E_DII(1.0),27/02/26 11:00:00,A,50-249,C10-S951_X_K,E_DI4_HI,PC_ENT,RS,2024,38.41,,
ESTAT:ISOC_E_DII(1.0),27/02/26 11:00:00,A,50-249,C10-S951_X_K,E_DI4_HI,PC_ENT,SE,2022,59.22,,
ESTAT:ISOC_E_DII(1.0),27/02/26 11:00:00,A,50-249,C10-S951_X_K,E_DI4_HI,PC_ENT,SE,2024,53.59,b,
ESTAT:ISOC_E_DII(1.0),27/02/26 11:00:00,A,50-249,C10-S951_X_K,E_DI4_HI,PC_ENT,SI,2022,44.32,,
ESTAT:ISOC_E_DII(1.0),27/02/26 11:00:00,A,50-249,C10-S951_X_K,E_DI4_HI,PC_ENT,SI,2024,41.31,,
ESTAT:ISOC_E_DII(1.0),27/02/26 11:00:00,A,50-249,C10-S951_X_K,E_DI4_HI,PC_ENT,SK,2022,32.90,,
ESTAT:ISOC_E_DII(1.0),27/02/26 11:00:00,A,50-249,C10-S951_X_K,E_DI4_HI,PC_ENT,SK,2024,38.61,,
ESTAT:ISOC_E_DII(1.0),27/02/26 11:00:00,A,50-249,C10-S951_X_K,E_DI4_LO,PC_ENT,AT,2022,28.97,,
ESTAT:ISOC_E_DII(1.0),27/02/26 11:00:00,A,50-249,C10-S951_X_K,E_DI4_LO,PC_ENT,AT,2024,28.66,,
ESTAT:ISOC_E_DII(1.0),27/02/26 11:00:00,A,50-249,C10-S951_X_K,E_DI4_LO,PC_ENT,BA,2022,35.99,,
ESTAT:ISOC_E_DII(1.0),27/02/26 11:00:00,A,50-249,C10-S951_X_K,E_DI4_LO,PC_ENT,BA,2024,35.19,,
ESTAT:ISOC_E_DII(1.0),27/02/26 11:00:00,A,50-249,C10-S951_X_K,E_DI4_LO,PC_ENT,BE,2022,24.55,,
ESTAT:ISOC_E_DII(1.0),27/02/26 11:00:00,A,50-249,C10-S951_X_K,E_DI4_LO,PC_ENT,BE,2024,19.48,,
ESTAT:ISOC_E_DII(1.0),27/02/26 11:00:00,A,50-249,C10-S951_X_K,E_DI4_LO,PC_ENT,BG,2022,38.37,,
ESTAT:ISOC_E_DII(1.0),27/02/26 11:00:00,A,50-249,C10-S951_X_K,E_DI4_LO,PC_ENT,BG,2024,40.47,,
ESTAT:ISOC_E_DII(1.0),27/02/26 11:00:00,A,50-249,C10-S951_X_K,E_DI4_LO,PC_ENT,CY,2022,29.48,,
ESTAT:ISOC_E_DII(1.0),27/02/26 11:00:00,A,50-249,C10-S951_X_K,E_DI4_LO,PC_ENT,CY,2024,29.25,,
ESTAT:ISOC_E_DII(1.0),27/02/26 11:00:00,A,50-249,C10-S951_X_K,E_DI4_LO,PC_ENT,CZ,2022,34.52,,
ESTAT:ISOC_E_DII(1.0),27/02/26 11:00:00,A,50-249,C10-S951_X_K,E_DI4_LO,PC_ENT,CZ,2024,31.09,,
ESTAT:ISOC_E_DII(1.0),27/02/26 11:00:00,A,50-249,C10-S951_X_K,E_DI4_LO,PC_ENT,DE,2022,31.92,,
ESTAT:ISOC_E_DII(1.0),27/02/26 11:00:00,A,50-249,C10-S951_X_K,E_DI4_LO,PC_ENT,DE,2024,28.10,,
ESTAT:ISOC_E_DII(1.0),27/02/26 11:00:00,A,50-249,C10-S951_X_K,E_DI4_LO,PC_ENT,DK,2022,17.98,,
ESTAT:ISOC_E_DII(1.0),27/02/26 11:00:00,A,50-249,C10-S951_X_K,E_DI4_LO,PC_ENT,DK,2024,17.05,,
ESTAT:ISOC_E_DII(1.0),27/02/26 11:00:00,A,50-249,C10-S951_X_K,E_DI4_LO,PC_ENT,EA,2022,32.29,,
ESTAT:ISOC_E_DII(1.0),27/02/26 11:00:00,A,50-249,C10-S951_X_K,E_DI4_LO,PC_ENT,EA,2024,31.37,,
ESTAT:ISOC_E_DII(1.0),27/02/26 11:00:00,A,50-249,C10-S951_X_K,E_DI4_LO,PC_ENT,EE,2022,32.06,,
ESTAT:ISOC_E_DII(1.0),27/02/26 11:00:00,A,50-249,C10-S951_X_K,E_DI4_LO,PC_ENT,EE,2024,29.23,,
ESTAT:ISOC_E_DII(1.0),27/02/26 11:00:00,A,50-249,C10-S951_X_K,E_DI4_LO,PC_ENT,EL,2022,23.97,,
ESTAT:ISOC_E_DII(1.0),27/02/26 11:00:00,A,50-249,C10-S951_X_K,E_DI4_LO,PC_ENT,EL,2024,43.43,,
ESTAT:ISOC_E_DII(1.0),27/02/26 11:00:00,A,50-249,C10-S951_X_K,E_DI4_LO,PC_ENT,ES,2022,34.22,,
ESTAT:ISOC_E_DII(1.0),27/02/26 11:00:00,A,50-249,C10-S951_X_K,E_DI4_LO,PC_ENT,ES,2024,31.31,,
ESTAT:ISOC_E_DII(1.0),27/02/26 11:00:00,A,50-249,C10-S951_X_K,E_DI4_LO,PC_ENT,EU27_2020,2022,31.95,,
ESTAT:ISOC_E_DII(1.0),27/02/26 11:00:00,A,50-249,C10-S951_X_K,E_DI4_LO,PC_ENT,EU27_2020,2024,31.71,,
ESTAT:ISOC_E_DII(1.0),27/02/26 11:00:00,A,50-249,C10-S951_X_K,E_DI4_LO,PC_ENT,FI,2022,17.34,,
ESTAT:ISOC_E_DII(1.0),27/02/26 11:00:00,A,50-249,C10-S951_X_K,E_DI4_LO,PC_ENT,FI,2024,16.07,,
ESTAT:ISOC_E_DII(1.0),27/02/26 11:00:00,A,50-249,C10-S951_X_K,E_DI4_LO,PC_ENT,FR,2022,40.68,b,
ESTAT:ISOC_E_DII(1.0),27/02/26 11:00:00,A,50-249,C10-S951_X_K,E_DI4_LO,PC_ENT,FR,2024,41.99,,
ESTAT:ISOC_E_DII(1.0),27/02/26 11:00:00,A,50-249,C10-S951_X_K,E_DI4_LO,PC_ENT,HR,2022,34.21,,
ESTAT:ISOC_E_DII(1.0),27/02/26 11:00:00,A,50-249,C10-S951_X_K,E_DI4_LO,PC_ENT,HR,2024,35.26,,
ESTAT:ISOC_E_DII(1.0),27/02/26 11:00:00,A,50-249,C10-S951_X_K,E_DI4_LO,PC_ENT,HU,2022,29.99,,
ESTAT:ISOC_E_DII(1.0),27/02/26 11:00:00,A,50-249,C10-S951_X_K,E_DI4_LO,PC_ENT,HU,2024,35.19,,
ESTAT:ISOC_E_DII(1.0),27/02/26 11:00:00,A,50-249,C10-S951_X_K,E_DI4_LO,PC_ENT,IE,2022,29.58,,
ESTAT:ISOC_E_DII(1.0),27/02/26 11:00:00,A,50-249,C10-S951_X_K,E_DI4_LO,PC_ENT,IE,2024,24.51,,
ESTAT:ISOC_E_DII(1.0),27/02/26 11:00:00,A,50-249,C10-S951_X_K,E_DI4_LO,PC_ENT,IT,2022,32.99,,
ESTAT:ISOC_E_DII(1.0),27/02/26 11:00:00,A,50-249,C10-S951_X_K,E_DI4_LO,PC_ENT,IT,2024,33.43,,
ESTAT:ISOC_E_DII(1.0),27/02/26 11:00:00,A,50-249,C10-S951_X_K,E_DI4_LO,PC_ENT,LT,2022,36.37,,
ESTAT:ISOC_E_DII(1.0),27/02/26 11:00:00,A,50-249,C10-S951_X_K,E_DI4_LO,PC_ENT,LT,2024,37.00,,
ESTAT:ISOC_E_DII(1.0),27/02/26 11:00:00,A,50-249,C10-S951_X_K,E_DI4_LO,PC_ENT,LU,2022,33.14,,
ESTAT:ISOC_E_DII(1.0),27/02/26 11:00:00,A,50-249,C10-S951_X_K,E_DI4_LO,PC_ENT,LU,2024,31.54,,
ESTAT:ISOC_E_DII(1.0),27/02/26 11:00:00,A,50-249,C10-S951_X_K,E_DI4_LO,PC_ENT,LV,2022,30.42,,
ESTAT:ISOC_E_DII(1.0),27/02/26 11:00:00,A,50-249,C10-S951_X_K,E_DI4_LO,PC_ENT,LV,2024,33.08,,
ESTAT:ISOC_E_DII(1.0),27/02/26 11:00:00,A,50-249,C10-S951_X_K,E_DI4_LO,PC_ENT,ME,2022,33.67,,
ESTAT:ISOC_E_DII(1.0),27/02/26 11:00:00,A,50-249,C10-S951_X_K,E_DI4_LO,PC_ENT,ME,2024,35.06,,
ESTAT:ISOC_E_DII(1.0),27/02/26 11:00:00,A,50-249,C10-S951_X_K,E_DI4_LO,PC_ENT,MK,2022,37.94,,
ESTAT:ISOC_E_DII(1.0),27/02/26 11:00:00,A,50-249,C10-S951_X_K,E_DI4_LO,PC_ENT,MT,2022,27.73,,
ESTAT:ISOC_E_DII(1.0),27/02/26 11:00:00,A,50-249,C10-S951_X_K,E_DI4_LO,PC_ENT,MT,2024,22.59,,
ESTAT:ISOC_E_DII(1.0),27/02/26 11:00:00,A,50-249,C10-S951_X_K,E_DI4_LO,PC_ENT,NL,2022,25.87,,
ESTAT:ISOC_E_DII(1.0),27/02/26 11:00:00,A,50-249,C10-S951_X_K,E_DI4_LO,PC_ENT,NL,2024,23.71,,
ESTAT:ISOC_E_DII(1.0),27/02/26 11:00:00,A,50-249,C10-S951_X_K,E_DI4_LO,PC_ENT,NO,2022,28.08,,
ESTAT:ISOC_E_DII(1.0),27/02/26 11:00:00,A,50-249,C10-S951_X_K,E_DI4_LO,PC_ENT,NO,2024,27.45,,
ESTAT:ISOC_E_DII(1.0),27/02/26 11:00:00,A,50-249,C10-S951_X_K,E_DI4_LO,PC_ENT,PL,2022,32.48,,
ESTAT:ISOC_E_DII(1.0),27/02/26 11:00:00,A,50-249,C10-S951_X_K,E_DI4_LO,PC_ENT,PL,2024,33.60,,
ESTAT:ISOC_E_DII(1.0),27/02/26 11:00:00,A,50-249,C10-S951_X_K,E_DI4_LO,PC_ENT,PT,2022,,u,
ESTAT:ISOC_E_DII(1.0),27/02/26 11:00:00,A,50-249,C10-S951_X_K,E_DI4_LO,PC_ENT,PT,2024,,u,
ESTAT:ISOC_E_DII(1.0),27/02/26 11:00:00,A,50-249,C10-S951_X_K,E_DI4_LO,PC_ENT,RO,2022,37.15,,
ESTAT:ISOC_E_DII(1.0),27/02/26 11:00:00,A,50-249,C10-S951_X_K,E_DI4_LO,PC_ENT,RO,2024,46.63,,
ESTAT:ISOC_E_DII(1.0),27/02/26 11:00:00,A,50-249,C10-S951_X_K,E_DI4_LO,PC_ENT,RS,2022,35.14,,
ESTAT:ISOC_E_DII(1.0),27/02/26 11:00:00,A,50-249,C10-S951_X_K,E_DI4_LO,PC_ENT,RS,2024,37.82,,
ESTAT:ISOC_E_DII(1.0),27/02/26 11:00:00,A,50-249,C10-S951_X_K,E_DI4_LO,PC_ENT,SE,2022,13.12,,
ESTAT:ISOC_E_DII(1.0),27/02/26 11:00:00,A,50-249,C10-S951_X_K,E_DI4_LO,PC_ENT,SE,2024,16.73,b,
ESTAT:ISOC_E_DII(1.0),27/02/26 11:00:00,A,50-249,C10-S951_X_K,E_DI4_LO,PC_ENT,SI,2022,29.83,,
ESTAT:ISOC_E_DII(1.0),27/02/26 11:00:00,A,50-249,C10-S951_X_K,E_DI4_LO,PC_ENT,SI,2024,32.36,,
ESTAT:ISOC_E_DII(1.0),27/02/26 11:00:00,A,50-249,C10-S951_X_K,E_DI4_LO,PC_ENT,SK,2022,39.63,,
ESTAT:ISOC_E_DII(1.0),27/02/26 11:00:00,A,50-249,C10-S951_X_K,E_DI4_LO,PC_ENT,SK,2024,34.67,,
ESTAT:ISOC_E_DII(1.0),27/02/26 11:00:00,A,50-249,C10-S951_X_K,E_DI4_VHI,PC_ENT,AT,2022,12.55,,
ESTAT:ISOC_E_DII(1.0),27/02/26 11:00:00,A,50-249,C10-S951_X_K,E_DI4_VHI,PC_ENT,AT,2024,19.08,,
ESTAT:ISOC_E_DII(1.0),27/02/26 11:00:00,A,50-249,C10-S951_X_K,E_DI4_VHI,PC_ENT,BA,2022,4.87,,
ESTAT:ISOC_E_DII(1.0),27/02/26 11:00:00,A,50-249,C10-S951_X_K,E_DI4_VHI,PC_ENT,BA,2024,5.50,,
ESTAT:ISOC_E_DII(1.0),27/02/26 11:00:00,A,50-249,C10-S951_X_K,E_DI4_VHI,PC_ENT,BE,2022,21.83,,
ESTAT:ISOC_E_DII(1.0),27/02/26 11:00:00,A,50-249,C10-S951_X_K,E_DI4_VHI,PC_ENT,BE,2024,32.77,,
ESTAT:ISOC_E_DII(1.0),27/02/26 11:00:00,A,50-249,C10-S951_X_K,E_DI4_VHI,PC_ENT,BG,2022,2.34,,
ESTAT:ISOC_E_DII(1.0),27/02/26 11:00:00,A,50-249,C10-S951_X_K,E_DI4_VHI,PC_ENT,BG,2024,5.54,,
ESTAT:ISOC_E_DII(1.0),27/02/26 11:00:00,A,50-249,C10-S951_X_K,E_DI4_VHI,PC_ENT,CY,2022,7.51,,
ESTAT:ISOC_E_DII(1.0),27/02/26 11:00:00,A,50-249,C10-S951_X_K,E_DI4_VHI,PC_ENT,CY,2024,16.88,,
ESTAT:ISOC_E_DII(1.0),27/02/26 11:00:00,A,50-249,C10-S951_X_K,E_DI4_VHI,PC_ENT,CZ,2022,8.16,,
ESTAT:ISOC_E_DII(1.0),27/02/26 11:00:00,A,50-249,C10-S951_X_K,E_DI4_VHI,PC_ENT,CZ,2024,14.66,,
ESTAT:ISOC_E_DII(1.0),27/02/26 11:00:00,A,50-249,C10-S951_X_K,E_DI4_VHI,PC_ENT,DE,2022,10.32,,
ESTAT:ISOC_E_DII(1.0),27/02/26 11:00:00,A,50-249,C10-S951_X_K,E_DI4_VHI,PC_ENT,DE,2024,19.85,,
ESTAT:ISOC_E_DII(1.0),27/02/26 11:00:00,A,50-249,C10-S951_X_K,E_DI4_VHI,PC_ENT,DK,2022,27.22,,
ESTAT:ISOC_E_DII(1.0),27/02/26 11:00:00,A,50-249,C10-S951_X_K,E_DI4_VHI,PC_ENT,DK,2024,37.05,,
ESTAT:ISOC_E_DII(1.0),27/02/26 11:00:00,A,50-249,C10-S951_X_K,E_DI4_VHI,PC_ENT,EA,2022,10.14,,
ESTAT:ISOC_E_DII(1.0),27/02/26 11:00:00,A,50-249,C10-S951_X_K,E_DI4_VHI,PC_ENT,EA,2024,16.11,,
ESTAT:ISOC_E_DII(1.0),27/02/26 11:00:00,A,50-249,C10-S951_X_K,E_DI4_VHI,PC_ENT,EE,2022,10.00,,
ESTAT:ISOC_E_DII(1.0),27/02/26 11:00:00,A,50-249,C10-S951_X_K,E_DI4_VHI,PC_ENT,EE,2024,18.11,,
ESTAT:ISOC_E_DII(1.0),27/02/26 11:00:00,A,50-249,C10-S951_X_K,E_DI4_VHI,PC_ENT,EL,2022,5.48,,
ESTAT:ISOC_E_DII(1.0),27/02/26 11:00:00,A,50-249,C10-S951_X_K,E_DI4_VHI,PC_ENT,EL,2024,5.51,,
ESTAT:ISOC_E_DII(1.0),27/02/26 11:00:00,A,50-249,C10-S951_X_K,E_DI4_VHI,PC_ENT,ES,2022,10.19,,
ESTAT:ISOC_E_DII(1.0),27/02/26 11:00:00,A,50-249,C10-S951_X_K,E_DI4_VHI,PC_ENT,ES,2024,14.60,,
ESTAT:ISOC_E_DII(1.0),27/02/26 11:00:00,A,50-249,C10-S951_X_K,E_DI4_VHI,PC_ENT,EU27_2020,2022,9.97,,
ESTAT:ISOC_E_DII(1.0),27/02/26 11:00:00,A,50-249,C10-S951_X_K,E_DI4_VHI,PC_ENT,EU27_2020,2024,15.55,,
ESTAT:ISOC_E_DII(1.0),27/02/26 11:00:00,A,50-249,C10-S951_X_K,E_DI4_VHI,PC_ENT,FI,2022,19.92,,
ESTAT:ISOC_E_DII(1.0),27/02/26 11:00:00,A,50-249,C10-S951_X_K,E_DI4_VHI,PC_ENT,FI,2024,36.33,,
ESTAT:ISOC_E_DII(1.0),27/02/26 11:00:00,A,50-249,C10-S951_X_K,E_DI4_VHI,PC_ENT,FR,2022,5.59,b,
ESTAT:ISOC_E_DII(1.0),27/02/26 11:00:00,A,50-249,C10-S951_X_K,E_DI4_VHI,PC_ENT,FR,2024,6.14,,
ESTAT:ISOC_E_DII(1.0),27/02/26 11:00:00,A,50-249,C10-S951_X_K,E_DI4_VHI,PC_ENT,HR,2022,11.43,,
ESTAT:ISOC_E_DII(1.0),27/02/26 11:00:00,A,50-249,C10-S951_X_K,E_DI4_VHI,PC_ENT,HR,2024,14.76,,
ESTAT:ISOC_E_DII(1.0),27/02/26 11:00:00,A,50-249,C10-S951_X_K,E_DI4_VHI,PC_ENT,HU,2022,7.75,,
ESTAT:ISOC_E_DII(1.0),27/02/26 11:00:00,A,50-249,C10-S951_X_K,E_DI4_VHI,PC_ENT,HU,2024,9.35,,
ESTAT:ISOC_E_DII(1.0),27/02/26 11:00:00,A,50-249,C10-S951_X_K,E_DI4_VHI,PC_ENT,IE,2022,9.76,,
ESTAT:ISOC_E_DII(1.0),27/02/26 11:00:00,A,50-249,C10-S951_X_K,E_DI4_VHI,PC_ENT,IE,2024,21.06,,
ESTAT:ISOC_E_DII(1.0),27/02/26 11:00:00,A,50-249,C10-S951_X_K,E_DI4_VHI,PC_ENT,IT,2022,9.11,,
ESTAT:ISOC_E_DII(1.0),27/02/26 11:00:00,A,50-249,C10-S951_X_K,E_DI4_VHI,PC_ENT,IT,2024,11.72,,
ESTAT:ISOC_E_DII(1.0),27/02/26 11:00:00,A,50-249,C10-S951_X_K,E_DI4_VHI,PC_ENT,LT,2022,9.48,,
ESTAT:ISOC_E_DII(1.0),27/02/26 11:00:00,A,50-249,C10-S951_X_K,E_DI4_VHI,PC_ENT,LT,2024,10.99,,
ESTAT:ISOC_E_DII(1.0),27/02/26 11:00:00,A,50-249,C10-S951_X_K,E_DI4_VHI,PC_ENT,LU,2022,6.13,,
ESTAT:ISOC_E_DII(1.0),27/02/26 11:00:00,A,50-249,C10-S951_X_K,E_DI4_VHI,PC_ENT,LU,2024,15.62,,
ESTAT:ISOC_E_DII(1.0),27/02/26 11:00:00,A,50-249,C10-S951_X_K,E_DI4_VHI,PC_ENT,LV,2022,8.59,,
ESTAT:ISOC_E_DII(1.0),27/02/26 11:00:00,A,50-249,C10-S951_X_K,E_DI4_VHI,PC_ENT,LV,2024,12.57,,
ESTAT:ISOC_E_DII(1.0),27/02/26 11:00:00,A,50-249,C10-S951_X_K,E_DI4_VHI,PC_ENT,ME,2022,12.40,,
ESTAT:ISOC_E_DII(1.0),27/02/26 11:00:00,A,50-249,C10-S951_X_K,E_DI4_VHI,PC_ENT,ME,2024,9.13,,
ESTAT:ISOC_E_DII(1.0),27/02/26 11:00:00,A,50-249,C10-S951_X_K,E_DI4_VHI,PC_ENT,MK,2022,,u,
ESTAT:ISOC_E_DII(1.0),27/02/26 11:00:00,A,50-249,C10-S951_X_K,E_DI4_VHI,PC_ENT,MT,2022,15.71,,
ESTAT:ISOC_E_DII(1.0),27/02/26 11:00:00,A,50-249,C10-S951_X_K,E_DI4_VHI,PC_ENT,MT,2024,25.71,,
ESTAT:ISOC_E_DII(1.0),27/02/26 11:00:00,A,50-249,C10-S951_X_K,E_DI4_VHI,PC_ENT,NL,2022,13.36,,
ESTAT:ISOC_E_DII(1.0),27/02/26 11:00:00,A,50-249,C10-S951_X_K,E_DI4_VHI,PC_ENT,NL,2024,23.91,,
ESTAT:ISOC_E_DII(1.0),27/02/26 11:00:00,A,50-249,C10-S951_X_K,E_DI4_VHI,PC_ENT,NO,2022,14.71,,
ESTAT:ISOC_E_DII(1.0),27/02/26 11:00:00,A,50-249,C10-S951_X_K,E_DI4_VHI,PC_ENT,NO,2024,21.94,,
ESTAT:ISOC_E_DII(1.0),27/02/26 11:00:00,A,50-249,C10-S951_X_K,E_DI4_VHI,PC_ENT,PL,2022,6.68,,
ESTAT:ISOC_E_DII(1.0),27/02/26 11:00:00,A,50-249,C10-S951_X_K,E_DI4_VHI,PC_ENT,PL,2024,11.52,,
ESTAT:ISOC_E_DII(1.0),27/02/26 11:00:00,A,50-249,C10-S951_X_K,E_DI4_VHI,PC_ENT,PT,2022,12.79,,
ESTAT:ISOC_E_DII(1.0),27/02/26 11:00:00,A,50-249,C10-S951_X_K,E_DI4_VHI,PC_ENT,PT,2024,17.01,,
ESTAT:ISOC_E_DII(1.0),27/02/26 11:00:00,A,50-249,C10-S951_X_K,E_DI4_VHI,PC_ENT,RO,2022,2.04,,
ESTAT:ISOC_E_DII(1.0),27/02/26 11:00:00,A,50-249,C10-S951_X_K,E_DI4_VHI,PC_ENT,RO,2024,3.96,,
ESTAT:ISOC_E_DII(1.0),27/02/26 11:00:00,A,50-249,C10-S951_X_K,E_DI4_VHI,PC_ENT,RS,2022,11.21,,
ESTAT:ISOC_E_DII(1.0),27/02/26 11:00:00,A,50-249,C10-S951_X_K,E_DI4_VHI,PC_ENT,RS,2024,16.05,,
ESTAT:ISOC_E_DII(1.0),27/02/26 11:00:00,A,50-249,C10-S951_X_K,E_DI4_VHI,PC_ENT,SE,2022,25.68,,
ESTAT:ISOC_E_DII(1.0),27/02/26 11:00:00,A,50-249,C10-S951_X_K,E_DI4_VHI,PC_ENT,SE,2024,26.94,b,
ESTAT:ISOC_E_DII(1.0),27/02/26 11:00:00,A,50-249,C10-S951_X_K,E_DI4_VHI,PC_ENT,SI,2022,13.43,,
ESTAT:ISOC_E_DII(1.0),27/02/26 11:00:00,A,50-249,C10-S951_X_K,E_DI4_VHI,PC_ENT,SI,2024,11.14,,
ESTAT:ISOC_E_DII(1.0),27/02/26 11:00:00,A,50-249,C10-S951_X_K,E_DI4_VHI,PC_ENT,SK,2022,6.96,,
ESTAT:ISOC_E_DII(1.0),27/02/26 11:00:00,A,50-249,C10-S951_X_K,E_DI4_VHI,PC_ENT,SK,2024,11.06,,
ESTAT:ISOC_E_DII(1.0),27/02/26 11:00:00,A,50-249,C10-S951_X_K,E_DI4_VLO,PC_ENT,AT,2022,10.71,,
ESTAT:ISOC_E_DII(1.0),27/02/26 11:00:00,A,50-249,C10-S951_X_K,E_DI4_VLO,PC_ENT,AT,2024,8.67,,
ESTAT:ISOC_E_DII(1.0),27/02/26 11:00:00,A,50-249,C10-S951_X_K,E_DI4_VLO,PC_ENT,BA,2022,34.63,,
ESTAT:ISOC_E_DII(1.0),27/02/26 11:00:00,A,50-249,C10-S951_X_K,E_DI4_VLO,PC_ENT,BA,2024,36.10,,
ESTAT:ISOC_E_DII(1.0),27/02/26 11:00:00,A,50-249,C10-S951_X_K,E_DI4_VLO,PC_ENT,BE,2022,6.62,,
ESTAT:ISOC_E_DII(1.0),27/02/26 11:00:00,A,50-249,C10-S951_X_K,E_DI4_VLO,PC_ENT,BE,2024,5.26,,
ESTAT:ISOC_E_DII(1.0),27/02/26 11:00:00,A,50-249,C10-S951_X_K,E_DI4_VLO,PC_ENT,BG,2022,33.67,,
ESTAT:ISOC_E_DII(1.0),27/02/26 11:00:00,A,50-249,C10-S951_X_K,E_DI4_VLO,PC_ENT,BG,2024,30.23,,
ESTAT:ISOC_E_DII(1.0),27/02/26 11:00:00,A,50-249,C10-S951_X_K,E_DI4_VLO,PC_ENT,CY,2022,10.70,,
ESTAT:ISOC_E_DII(1.0),27/02/26 11:00:00,A,50-249,C10-S951_X_K,E_DI4_VLO,PC_ENT,CY,2024,7.61,,
ESTAT:ISOC_E_DII(1.0),27/02/26 11:00:00,A,50-249,C10-S951_X_K,E_DI4_VLO,PC_ENT,CZ,2022,12.02,,
ESTAT:ISOC_E_DII(1.0),27/02/26 11:00:00,A,50-249,C10-S951_X_K,E_DI4_VLO,PC_ENT,CZ,2024,12.37,,
ESTAT:ISOC_E_DII(1.0),27/02/26 11:00:00,A,50-249,C10-S951_X_K,E_DI4_VLO,PC_ENT,DE,2022,6.79,,
ESTAT:ISOC_E_DII(1.0),27/02/26 11:00:00,A,50-249,C10-S951_X_K,E_DI4_VLO,PC_ENT,DE,2024,6.13,,
ESTAT:ISOC_E_DII(1.0),27/02/26 11:00:00,A,50-249,C10-S951_X_K,E_DI4_VLO,PC_ENT,DK,2022,1.10,,
ESTAT:ISOC_E_DII(1.0),27/02/26 11:00:00,A,50-249,C10-S951_X_K,E_DI4_VLO,PC_ENT,DK,2024,1.61,,
ESTAT:ISOC_E_DII(1.0),27/02/26 11:00:00,A,50-249,C10-S951_X_K,E_DI4_VLO,PC_ENT,EA,2022,10.49,,
ESTAT:ISOC_E_DII(1.0),27/02/26 11:00:00,A,50-249,C10-S951_X_K,E_DI4_VLO,PC_ENT,EA,2024,9.64,,
ESTAT:ISOC_E_DII(1.0),27/02/26 11:00:00,A,50-249,C10-S951_X_K,E_DI4_VLO,PC_ENT,EE,2022,13.56,,
ESTAT:ISOC_E_DII(1.0),27/02/26 11:00:00,A,50-249,C10-S951_X_K,E_DI4_VLO,PC_ENT,EE,2024,9.58,,
ESTAT:ISOC_E_DII(1.0),27/02/26 11:00:00,A,50-249,C10-S951_X_K,E_DI4_VLO,PC_ENT,EL,2022,25.95,,
ESTAT:ISOC_E_DII(1.0),27/02/26 11:00:00,A,50-249,C10-S951_X_K,E_DI4_VLO,PC_ENT,EL,2024,30.09,,
ESTAT:ISOC_E_DII(1.0),27/02/26 11:00:00,A,50-249,C10-S951_X_K,E_DI4_VLO,PC_ENT,ES,2022,13.96,,
ESTAT:ISOC_E_DII(1.0),27/02/26 11:00:00,A,50-249,C10-S951_X_K,E_DI4_VLO,PC_ENT,ES,2024,11.92,,
ESTAT:ISOC_E_DII(1.0),27/02/26 11:00:00,A,50-249,C10-S951_X_K,E_DI4_VLO,PC_ENT,EU27_2020,2022,12.17,,
ESTAT:ISOC_E_DII(1.0),27/02/26 11:00:00,A,50-249,C10-S951_X_K,E_DI4_VLO,PC_ENT,EU27_2020,2024,10.52,,
ESTAT:ISOC_E_DII(1.0),27/02/26 11:00:00,A,50-249,C10-S951_X_K,E_DI4_VLO,PC_ENT,FI,2022,1.53,,
ESTAT:ISOC_E_DII(1.0),27/02/26 11:00:00,A,50-249,C10-S951_X_K,E_DI4_VLO,PC_ENT,FI,2024,1.23,,
ESTAT:ISOC_E_DII(1.0),27/02/26 11:00:00,A,50-249,C10-S951_X_K,E_DI4_VLO,PC_ENT,FR,2022,15.43,b,
ESTAT:ISOC_E_DII(1.0),27/02/26 11:00:00,A,50-249,C10-S951_X_K,E_DI4_VLO,PC_ENT,FR,2024,11.95,,
ESTAT:ISOC_E_DII(1.0),27/02/26 11:00:00,A,50-249,C10-S951_X_K,E_DI4_VLO,PC_ENT,HR,2022,18.75,,
ESTAT:ISOC_E_DII(1.0),27/02/26 11:00:00,A,50-249,C10-S951_X_K,E_DI4_VLO,PC_ENT,HR,2024,16.04,,
ESTAT:ISOC_E_DII(1.0),27/02/26 11:00:00,A,50-249,C10-S951_X_K,E_DI4_VLO,PC_ENT,HU,2022,20.88,,
ESTAT:ISOC_E_DII(1.0),27/02/26 11:00:00,A,50-249,C10-S951_X_K,E_DI4_VLO,PC_ENT,HU,2024,18.91,,
ESTAT:ISOC_E_DII(1.0),27/02/26 11:00:00,A,50-249,C10-S951_X_K,E_DI4_VLO,PC_ENT,IE,2022,7.54,,
ESTAT:ISOC_E_DII(1.0),27/02/26 11:00:00,A,50-249,C10-S951_X_K,E_DI4_VLO,PC_ENT,IE,2024,7.65,,
ESTAT:ISOC_E_DII(1.0),27/02/26 11:00:00,A,50-249,C10-S951_X_K,E_DI4_VLO,PC_ENT,IT,2022,10.40,,
ESTAT:ISOC_E_DII(1.0),27/02/26 11:00:00,A,50-249,C10-S951_X_K,E_DI4_VLO,PC_ENT,IT,2024,9.66,,
ESTAT:ISOC_E_DII(1.0),27/02/26 11:00:00,A,50-249,C10-S951_X_K,E_DI4_VLO,PC_ENT,LT,2022,14.80,,
ESTAT:ISOC_E_DII(1.0),27/02/26 11:00:00,A,50-249,C10-S951_X_K,E_DI4_VLO,PC_ENT,LT,2024,12.51,,
ESTAT:ISOC_E_DII(1.0),27/02/26 11:00:00,A,50-249,C10-S951_X_K,E_DI4_VLO,PC_ENT,LU,2022,15.60,,
ESTAT:ISOC_E_DII(1.0),27/02/26 11:00:00,A,50-249,C10-S951_X_K,E_DI4_VLO,PC_ENT,LU,2024,13.18,,
ESTAT:ISOC_E_DII(1.0),27/02/26 11:00:00,A,50-249,C10-S951_X_K,E_DI4_VLO,PC_ENT,LV,2022,25.82,,
ESTAT:ISOC_E_DII(1.0),27/02/26 11:00:00,A,50-249,C10-S951_X_K,E_DI4_VLO,PC_ENT,LV,2024,18.73,,
ESTAT:ISOC_E_DII(1.0),27/02/26 11:00:00,A,50-249,C10-S951_X_K,E_DI4_VLO,PC_ENT,ME,2022,28.39,,
ESTAT:ISOC_E_DII(1.0),27/02/26 11:00:00,A,50-249,C10-S951_X_K,E_DI4_VLO,PC_ENT,ME,2024,16.01,,
ESTAT:ISOC_E_DII(1.0),27/02/26 11:00:00,A,50-249,C10-S951_X_K,E_DI4_VLO,PC_ENT,MK,2022,45.59,,
ESTAT:ISOC_E_DII(1.0),27/02/26 11:00:00,A,50-249,C10-S951_X_K,E_DI4_VLO,PC_ENT,MT,2022,5.36,,
ESTAT:ISOC_E_DII(1.0),27/02/26 11:00:00,A,50-249,C10-S951_X_K,E_DI4_VLO,PC_ENT,MT,2024,6.44,,
ESTAT:ISOC_E_DII(1.0),27/02/26 11:00:00,A,50-249,C10-S951_X_K,E_DI4_VLO,PC_ENT,NL,2022,6.01,,
ESTAT:ISOC_E_DII(1.0),27/02/26 11:00:00,A,50-249,C10-S951_X_K,E_DI4_VLO,PC_ENT,NL,2024,5.82,,
ESTAT:ISOC_E_DII(1.0),27/02/26 11:00:00,A,50-249,C10-S951_X_K,E_DI4_VLO,PC_ENT,NO,2022,3.39,,
ESTAT:ISOC_E_DII(1.0),27/02/26 11:00:00,A,50-249,C10-S951_X_K,E_DI4_VLO,PC_ENT,NO,2024,2.90,,
ESTAT:ISOC_E_DII(1.0),27/02/26 11:00:00,A,50-249,C10-S951_X_K,E_DI4_VLO,PC_ENT,PL,2022,15.83,,
ESTAT:ISOC_E_DII(1.0),27/02/26 11:00:00,A,50-249,C10-S951_X_K,E_DI4_VLO,PC_ENT,PL,2024,10.80,,
ESTAT:ISOC_E_DII(1.0),27/02/26 11:00:00,A,50-249,C10-S951_X_K,E_DI4_VLO,PC_ENT,PT,2022,13.11,,
ESTAT:ISOC_E_DII(1.0),27/02/26 11:00:00,A,50-249,C10-S951_X_K,E_DI4_VLO,PC_ENT,PT,2024,9.55,,
ESTAT:ISOC_E_DII(1.0),27/02/26 11:00:00,A,50-249,C10-S951_X_K,E_DI4_VLO,PC_ENT,RO,2022,34.67,,
ESTAT:ISOC_E_DII(1.0),27/02/26 11:00:00,A,50-249,C10-S951_X_K,E_DI4_VLO,PC_ENT,RO,2024,22.66,,
ESTAT:ISOC_E_DII(1.0),27/02/26 11:00:00,A,50-249,C10-S951_X_K,E_DI4_VLO,PC_ENT,RS,2022,17.81,,
ESTAT:ISOC_E_DII(1.0),27/02/26 11:00:00,A,50-249,C10-S951_X_K,E_DI4_VLO,PC_ENT,RS,2024,7.72,,
ESTAT:ISOC_E_DII(1.0),27/02/26 11:00:00,A,50-249,C10-S951_X_K,E_DI4_VLO,PC_ENT,SE,2022,1.99,,
ESTAT:ISOC_E_DII(1.0),27/02/26 11:00:00,A,50-249,C10-S951_X_K,E_DI4_VLO,PC_ENT,SE,2024,2.73,b,
ESTAT:ISOC_E_DII(1.0),27/02/26 11:00:00,A,50-249,C10-S951_X_K,E_DI4_VLO,PC_ENT,SI,2022,12.43,,
ESTAT:ISOC_E_DII(1.0),27/02/26 11:00:00,A,50-249,C10-S951_X_K,E_DI4_VLO,PC_ENT,SI,2024,15.20,,
ESTAT:ISOC_E_DII(1.0),27/02/26 11:00:00,A,50-249,C10-S951_X_K,E_DI4_VLO,PC_ENT,SK,2022,20.52,,
ESTAT:ISOC_E_DII(1.0),27/02/26 11:00:00,A,50-249,C10-S951_X_K,E_DI4_VLO,PC_ENT,SK,2024,15.65,,
ESTAT:ISOC_E_DII(1.0),27/02/26 11:00:00,A,50-249,C10-S951_X_K,E_DI_HI,PC_ENT,AT,2015,39.42,,
ESTAT:ISOC_E_DII(1.0),27/02/26 11:00:00,A,50-249,C10-S951_X_K,E_DI_HI,PC_ENT,AT,2016,28.54,b,
ESTAT:ISOC_E_DII(1.0),27/02/26 11:00:00,A,50-249,C10-S951_X_K,E_DI_HI,PC_ENT,AT,2017,36.32,b,
ESTAT:ISOC_E_DII(1.0),27/02/26 11:00:00,A,50-249,C10-S951_X_K,E_DI_HI,PC_ENT,AT,2018,25.97,b,
ESTAT:ISOC_E_DII(1.0),27/02/26 11:00:00,A,50-249,C10-S951_X_K,E_DI_HI,PC_ENT,AT,2019,41.27,b,
ESTAT:ISOC_E_DII(1.0),27/02/26 11:00:00,A,50-249,C10-S951_X_K,E_DI_HI,PC_ENT,BA,2018,15.88,b,
ESTAT:ISOC_E_DII(1.0),27/02/26 11:00:00,A,50-249,C10-S951_X_K,E_DI_HI,PC_ENT,BA,2019,15.91,b,
ESTAT:ISOC_E_DII(1.0),27/02/26 11:00:00,A,50-249,C10-S951_X_K,E_DI_HI,PC_ENT,BE,2015,38.38,,
ESTAT:ISOC_E_DII(1.0),27/02/26 11:00:00,A,50-249,C10-S951_X_K,E_DI_HI,PC_ENT,BE,2016,31.82,b,
ESTAT:ISOC_E_DII(1.0),27/02/26 11:00:00,A,50-249,C10-S951_X_K,E_DI_HI,PC_ENT,BE,2017,37.03,b,
ESTAT:ISOC_E_DII(1.0),27/02/26 11:00:00,A,50-249,C10-S951_X_K,E_DI_HI,PC_ENT,BE,2018,31.31,b,
ESTAT:ISOC_E_DII(1.0),27/02/26 11:00:00,A,50-249,C10-S951_X_K,E_DI_HI,PC_ENT,BE,2019,42.18,b,
ESTAT:ISOC_E_DII(1.0),27/02/26 11:00:00,A,50-249,C10-S951_X_K,E_DI_HI,PC_ENT,BG,2015,13.33,,
ESTAT:ISOC_E_DII(1.0),27/02/26 11:00:00,A,50-249,C10-S951_X_K,E_DI_HI,PC_ENT,BG,2016,12.30,b,
ESTAT:ISOC_E_DII(1.0),27/02/26 11:00:00,A,50-249,C10-S951_X_K,E_DI_HI,PC_ENT,BG,2017,15.42,b,
ESTAT:ISOC_E_DII(1.0),27/02/26 11:00:00,A,50-249,C10-S951_X_K,E_DI_HI,PC_ENT,BG,2018,11.49,b,
ESTAT:ISOC_E_DII(1.0),27/02/26 11:00:00,A,50-249,C10-S951_X_K,E_DI_HI,PC_ENT,BG,2019,16.88,b,
ESTAT:ISOC_E_DII(1.0),27/02/26 11:00:00,A,50-249,C10-S951_X_K,E_DI_HI,PC_ENT,CY,2015,32.23,,
ESTAT:ISOC_E_DII(1.0),27/02/26 11:00:00,A,50-249,C10-S951_X_K,E_DI_HI,PC_ENT,CY,2016,21.38,b,
ESTAT:ISOC_E_DII(1.0),27/02/26 11:00:00,A,50-249,C10-S951_X_K,E_DI_HI,PC_ENT,CY,2017,41.94,b,
ESTAT:ISOC_E_DII(1.0),27/02/26 11:00:00,A,50-249,C10-S951_X_K,E_DI_HI,PC_ENT,CY,2018,26.46,b,
ESTAT:ISOC_E_DII(1.0),27/02/26 11:00:00,A,50-249,C10-S951_X_K,E_DI_HI,PC_ENT,CY,2019,40.13,b,
ESTAT:ISOC_E_DII(1.0),27/02/26 11:00:00,A,50-249,C10-S951_X_K,E_DI_HI,PC_ENT,CZ,2015,23.70,,
ESTAT:ISOC_E_DII(1.0),27/02/26 11:00:00,A,50-249,C10-S951_X_K,E_DI_HI,PC_ENT,CZ,2016,20.00,b,
ESTAT:ISOC_E_DII(1.0),27/02/26 11:00:00,A,50-249,C10-S951_X_K,E_DI_HI,PC_ENT,CZ,2017,21.37,b,
ESTAT:ISOC_E_DII(1.0),27/02/26 11:00:00,A,50-249,C10-S951_X_K,E_DI_HI,PC_ENT,CZ,2018,19.61,b,
ESTAT:ISOC_E_DII(1.0),27/02/26 11:00:00,A,50-249,C10-S951_X_K,E_DI_HI,PC_ENT,CZ,2019,38.73,b,
ESTAT:ISOC_E_DII(1.0),27/02/26 11:00:00,A,50-249,C10-S951_X_K,E_DI_HI,PC_ENT,DE,2015,32.65,,
ESTAT:ISOC_E_DII(1.0),27/02/26 11:00:00,A,50-249,C10-S951_X_K,E_DI_HI,PC_ENT,DE,2016,17.45,b,
ESTAT:ISOC_E_DII(1.0),27/02/26 11:00:00,A,50-249,C10-S951_X_K,E_DI_HI,PC_ENT,DE,2017,34.16,b,
ESTAT:ISOC_E_DII(1.0),27/02/26 11:00:00,A,50-249,C10-S951_X_K,E_DI_HI,PC_ENT,DE,2018,23.98,b,
ESTAT:ISOC_E_DII(1.0),27/02/26 11:00:00,A,50-249,C10-S951_X_K,E_DI_HI,PC_ENT,DE,2019,34.85,b,
ESTAT:ISOC_E_DII(1.0),27/02/26 11:00:00,A,50-249,C10-S951_X_K,E_DI_HI,PC_ENT,DK,2015,46.74,,
ESTAT:ISOC_E_DII(1.0),27/02/26 11:00:00,A,50-249,C10-S951_X_K,E_DI_HI,PC_ENT,DK,2016,45.98,b,
ESTAT:ISOC_E_DII(1.0),27/02/26 11:00:00,A,50-249,C10-S951_X_K,E_DI_HI,PC_ENT,DK,2017,41.77,b,
ESTAT:ISOC_E_DII(1.0),27/02/26 11:00:00,A,50-249,C10-S951_X_K,E_DI_HI,PC_ENT,DK,2018,47.21,b,
ESTAT:ISOC_E_DII(1.0),27/02/26 11:00:00,A,50-249,C10-S951_X_K,E_DI_HI,PC_ENT,DK,2019,50.60,b,
ESTAT:ISOC_E_DII(1.0),27/02/26 11:00:00,A,50-249,C10-S951_X_K,E_DI_HI,PC_ENT,EA,2015,31.19,,
ESTAT:ISOC_E_DII(1.0),27/02/26 11:00:00,A,50-249,C10-S951_X_K,E_DI_HI,PC_ENT,EA,2016,22.21,b,
ESTAT:ISOC_E_DII(1.0),27/02/26 11:00:00,A,50-249,C10-S951_X_K,E_DI_HI,PC_ENT,EA,2017,32.95,,
ESTAT:ISOC_E_DII(1.0),27/02/26 11:00:00,A,50-249,C10-S951_X_K,E_DI_HI,PC_ENT,EA,2018,25.02,,
ESTAT:ISOC_E_DII(1.0),27/02/26 11:00:00,A,50-249,C10-S951_X_K,E_DI_HI,PC_ENT,EA,2019,35.64,,
ESTAT:ISOC_E_DII(1.0),27/02/26 11:00:00,A,50-249,C10-S951_X_K,E_DI_HI,PC_ENT,EE,2015,26.07,,
ESTAT:ISOC_E_DII(1.0),27/02/26 11:00:00,A,50-249,C10-S951_X_K,E_DI_HI,PC_ENT,EE,2016,24.38,b,
ESTAT:ISOC_E_DII(1.0),27/02/26 11:00:00,A,50-249,C10-S951_X_K,E_DI_HI,PC_ENT,EE,2017,26.93,b,
ESTAT:ISOC_E_DII(1.0),27/02/26 11:00:00,A,50-249,C10-S951_X_K,E_DI_HI,PC_ENT,EE,2018,27.05,b,
ESTAT:ISOC_E_DII(1.0),27/02/26 11:00:00,A,50-249,C10-S951_X_K,E_DI_HI,PC_ENT,EE,2019,28.41,b,
ESTAT:ISOC_E_DII(1.0),27/02/26 11:00:00,A,50-249,C10-S951_X_K,E_DI_HI,PC_ENT,EL,2015,20.95,,
ESTAT:ISOC_E_DII(1.0),27/02/26 11:00:00,A,50-249,C10-S951_X_K,E_DI_HI,PC_ENT,EL,2016,25.85,b,
ESTAT:ISOC_E_DII(1.0),27/02/26 11:00:00,A,50-249,C10-S951_X_K,E_DI_HI,PC_ENT,EL,2017,28.75,b,
ESTAT:ISOC_E_DII(1.0),27/02/26 11:00:00,A,50-249,C10-S951_X_K,E_DI_HI,PC_ENT,EL,2018,24.59,b,
ESTAT:ISOC_E_DII(1.0),27/02/26 11:00:00,A,50-249,C10-S951_X_K,E_DI_HI,PC_ENT,EL,2019,10.75,b,
ESTAT:ISOC_E_DII(1.0),27/02/26 11:00:00,A,50-249,C10-S951_X_K,E_DI_HI,PC_ENT,ES,2015,33.52,,
ESTAT:ISOC_E_DII(1.0),27/02/26 11:00:00,A,50-249,C10-S951_X_K,E_DI_HI,PC_ENT,ES,2016,27.10,b,
ESTAT:ISOC_E_DII(1.0),27/02/26 11:00:00,A,50-249,C10-S951_X_K,E_DI_HI,PC_ENT,ES,2017,34.77,b,
ESTAT:ISOC_E_DII(1.0),27/02/26 11:00:00,A,50-249,C10-S951_X_K,E_DI_HI,PC_ENT,ES,2018,20.46,b,
ESTAT:ISOC_E_DII(1.0),27/02/26 11:00:00,A,50-249,C10-S951_X_K,E_DI_HI,PC_ENT,ES,2019,32.70,b,
ESTAT:ISOC_E_DII(1.0),27/02/26 11:00:00,A,50-249,C10-S951_X_K,E_DI_HI,PC_ENT,EU15,2015,32.86,,
ESTAT:ISOC_E_DII(1.0),27/02/26 11:00:00,A,50-249,C10-S951_X_K,E_DI_HI,PC_ENT,EU15,2016,24.52,b,
ESTAT:ISOC_E_DII(1.0),27/02/26 11:00:00,A,50-249,C10-S951_X_K,E_DI_HI,PC_ENT,EU15,2017,33.00,,
ESTAT:ISOC_E_DII(1.0),27/02/26 11:00:00,A,50-249,C10-S951_X_K,E_DI_HI,PC_ENT,EU15,2018,26.78,,
ESTAT:ISOC_E_DII(1.0),27/02/26 11:00:00,A,50-249,C10-S951_X_K,E_DI_HI,PC_ENT,EU27_2007,2015,29.93,,
ESTAT:ISOC_E_DII(1.0),27/02/26 11:00:00,A,50-249,C10-S951_X_K,E_DI_HI,PC_ENT,EU27_2007,2016,22.78,b,
ESTAT:ISOC_E_DII(1.0),27/02/26 11:00:00,A,50-249,C10-S951_X_K,E_DI_HI,PC_ENT,EU27_2007,2017,30.02,,
ESTAT:ISOC_E_DII(1.0),27/02/26 11:00:00,A,50-249,C10-S951_X_K,E_DI_HI,PC_ENT,EU27_2007,2018,24.74,,
ESTAT:ISOC_E_DII(1.0),27/02/26 11:00:00,A,50-249,C10-S951_X_K,E_DI_HI,PC_ENT,EU27_2020,2015,29.09,,
ESTAT:ISOC_E_DII(1.0),27/02/26 11:00:00,A,50-249,C10-S951_X_K,E_DI_HI,PC_ENT,EU27_2020,2016,21.48,,
ESTAT:ISOC_E_DII(1.0),27/02/26 11:00:00,A,50-249,C10-S951_X_K,E_DI_HI,PC_ENT,EU27_2020,2017,30.15,,
ESTAT:ISOC_E_DII(1.0),27/02/26 11:00:00,A,50-249,C10-S951_X_K,E_DI_HI,PC_ENT,EU27_2020,2018,23.87,,
ESTAT:ISOC_E_DII(1.0),27/02/26 11:00:00,A,50-249,C10-S951_X_K,E_DI_HI,PC_ENT,EU27_2020,2019,33.19,,
ESTAT:ISOC_E_DII(1.0),27/02/26 11:00:00,A,50-249,C10-S951_X_K,E_DI_HI,PC_ENT,EU28,2015,29.88,,
ESTAT:ISOC_E_DII(1.0),27/02/26 11:00:00,A,50-249,C10-S951_X_K,E_DI_HI,PC_ENT,EU28,2016,22.76,b,
ESTAT:ISOC_E_DII(1.0),27/02/26 11:00:00,A,50-249,C10-S951_X_K,E_DI_HI,PC_ENT,EU28,2017,29.96,,
ESTAT:ISOC_E_DII(1.0),27/02/26 11:00:00,A,50-249,C10-S951_X_K,E_DI_HI,PC_ENT,EU28,2018,24.71,,
ESTAT:ISOC_E_DII(1.0),27/02/26 11:00:00,A,50-249,C10-S951_X_K,E_DI_HI,PC_ENT,EU28,2019,34.30,,
ESTAT:ISOC_E_DII(1.0),27/02/26 11:00:00,A,50-249,C10-S951_X_K,E_DI_HI,PC_ENT,FI,2015,41.70,,
ESTAT:ISOC_E_DII(1.0),27/02/26 11:00:00,A,50-249,C10-S951_X_K,E_DI_HI,PC_ENT,FI,2016,48.24,b,
ESTAT:ISOC_E_DII(1.0),27/02/26 11:00:00,A,50-249,C10-S951_X_K,E_DI_HI,PC_ENT,FI,2017,46.29,b,
ESTAT:ISOC_E_DII(1.0),27/02/26 11:00:00,A,50-249,C10-S951_X_K,E_DI_HI,PC_ENT,FI,2018,45.79,b,
ESTAT:ISOC_E_DII(1.0),27/02/26 11:00:00,A,50-249,C10-S951_X_K,E_DI_HI,PC_ENT,FI,2019,58.87,b,
ESTAT:ISOC_E_DII(1.0),27/02/26 11:00:00,A,50-249,C10-S951_X_K,E_DI_HI,PC_ENT,FR,2015,30.68,,
ESTAT:ISOC_E_DII(1.0),27/02/26 11:00:00,A,50-249,C10-S951_X_K,E_DI_HI,PC_ENT,FR,2016,21.48,b,
ESTAT:ISOC_E_DII(1.0),27/02/26 11:00:00,A,50-249,C10-S951_X_K,E_DI_HI,PC_ENT,FR,2017,32.07,b,
ESTAT:ISOC_E_DII(1.0),27/02/26 11:00:00,A,50-249,C10-S951_X_K,E_DI_HI,PC_ENT,FR,2018,23.77,b,
ESTAT:ISOC_E_DII(1.0),27/02/26 11:00:00,A,50-249,C10-S951_X_K,E_DI_HI,PC_ENT,FR,2019,38.13,b,
ESTAT:ISOC_E_DII(1.0),27/02/26 11:00:00,A,50-249,C10-S951_X_K,E_DI_HI,PC_ENT,HR,2015,23.04,,
ESTAT:ISOC_E_DII(1.0),27/02/26 11:00:00,A,50-249,C10-S951_X_K,E_DI_HI,PC_ENT,HR,2016,20.41,b,
ESTAT:ISOC_E_DII(1.0),27/02/26 11:00:00,A,50-249,C10-S951_X_K,E_DI_HI,PC_ENT,HR,2017,21.99,b,
ESTAT:ISOC_E_DII(1.0),27/02/26 11:00:00,A,50-249,C10-S951_X_K,E_DI_HI,PC_ENT,HR,2018,20.01,b,
ESTAT:ISOC_E_DII(1.0),27/02/26 11:00:00,A,50-249,C10-S951_X_K,E_DI_HI,PC_ENT,HR,2019,25.58,b,
ESTAT:ISOC_E_DII(1.0),27/02/26 11:00:00,A,50-249,C10-S951_X_K,E_DI_HI,PC_ENT,HU,2015,18.01,,
ESTAT:ISOC_E_DII(1.0),27/02/26 11:00:00,A,50-249,C10-S951_X_K,E_DI_HI,PC_ENT,HU,2016,16.81,b,
ESTAT:ISOC_E_DII(1.0),27/02/26 11:00:00,A,50-249,C10-S951_X_K,E_DI_HI,PC_ENT,HU,2017,18.81,b,
ESTAT:ISOC_E_DII(1.0),27/02/26 11:00:00,A,50-249,C10-S951_X_K,E_DI_HI,PC_ENT,HU,2018,18.83,b,
ESTAT:ISOC_E_DII(1.0),27/02/26 11:00:00,A,50-249,C10-S951_X_K,E_DI_HI,PC_ENT,HU,2019,19.88,b,
ESTAT:ISOC_E_DII(1.0),27/02/26 11:00:00,A,50-249,C10-S951_X_K,E_DI_HI,PC_ENT,IE,2015,30.97,,
ESTAT:ISOC_E_DII(1.0),27/02/26 11:00:00,A,50-249,C10-S951_X_K,E_DI_HI,PC_ENT,IE,2016,29.11,b,
ESTAT:ISOC_E_DII(1.0),27/02/26 11:00:00,A,50-249,C10-S951_X_K,E_DI_HI,PC_ENT,IE,2017,29.18,b,
ESTAT:ISOC_E_DII(1.0),27/02/26 11:00:00,A,50-249,C10-S951_X_K,E_DI_HI,PC_ENT,IE,2018,37.98,b,
ESTAT:ISOC_E_DII(1.0),27/02/26 11:00:00,A,50-249,C10-S951_X_K,E_DI_HI,PC_ENT,IE,2019,43.48,b,
ESTAT:ISOC_E_DII(1.0),27/02/26 11:00:00,A,50-249,C10-S951_X_K,E_DI_HI,PC_ENT,IT,2015,20.42,,
ESTAT:ISOC_E_DII(1.0),27/02/26 11:00:00,A,50-249,C10-S951_X_K,E_DI_HI,PC_ENT,IT,2016,15.66,b,
ESTAT:ISOC_E_DII(1.0),27/02/26 11:00:00,A,50-249,C10-S951_X_K,E_DI_HI,PC_ENT,IT,2017,23.39,b,
ESTAT:ISOC_E_DII(1.0),27/02/26 11:00:00,A,50-249,C10-S951_X_K,E_DI_HI,PC_ENT,IT,2018,20.25,b,
ESTAT:ISOC_E_DII(1.0),27/02/26 11:00:00,A,50-249,C10-S951_X_K,E_DI_HI,PC_ENT,IT,2019,31.77,b,
ESTAT:ISOC_E_DII(1.0),27/02/26 11:00:00,A,50-249,C10-S951_X_K,E_DI_HI,PC_ENT,LT,2015,26.55,,
ESTAT:ISOC_E_DII(1.0),27/02/26 11:00:00,A,50-249,C10-S951_X_K,E_DI_HI,PC_ENT,LT,2016,27.95,b,
ESTAT:ISOC_E_DII(1.0),27/02/26 11:00:00,A,50-249,C10-S951_X_K,E_DI_HI,PC_ENT,LT,2017,28.68,b,
ESTAT:ISOC_E_DII(1.0),27/02/26 11:00:00,A,50-249,C10-S951_X_K,E_DI_HI,PC_ENT,LT,2018,25.07,b,
ESTAT:ISOC_E_DII(1.0),27/02/26 11:00:00,A,50-249,C10-S951_X_K,E_DI_HI,PC_ENT,LT,2019,34.11,b,
ESTAT:ISOC_E_DII(1.0),27/02/26 11:00:00,A,50-249,C10-S951_X_K,E_DI_HI,PC_ENT,LU,2015,33.27,,
ESTAT:ISOC_E_DII(1.0),27/02/26 11:00:00,A,50-249,C10-S951_X_K,E_DI_HI,PC_ENT,LU,2016,27.40,b,
ESTAT:ISOC_E_DII(1.0),27/02/26 11:00:00,A,50-249,C10-S951_X_K,E_DI_HI,PC_ENT,LU,2017,34.58,b,
ESTAT:ISOC_E_DII(1.0),27/02/26 11:00:00,A,50-249,C10-S951_X_K,E_DI_HI,PC_ENT,LU,2018,25.73,b,
ESTAT:ISOC_E_DII(1.0),27/02/26 11:00:00,A,50-249,C10-S951_X_K,E_DI_HI,PC_ENT,LU,2019,42.76,b,
ESTAT:ISOC_E_DII(1.0),27/02/26 11:00:00,A,50-249,C10-S951_X_K,E_DI_HI,PC_ENT,LV,2015,16.59,,
ESTAT:ISOC_E_DII(1.0),27/02/26 11:00:00,A,50-249,C10-S951_X_K,E_DI_HI,PC_ENT,LV,2016,18.53,b,
ESTAT:ISOC_E_DII(1.0),27/02/26 11:00:00,A,50-249,C10-S951_X_K,E_DI_HI,PC_ENT,LV,2017,16.24,b,
ESTAT:ISOC_E_DII(1.0),27/02/26 11:00:00,A,50-249,C10-S951_X_K,E_DI_HI,PC_ENT,LV,2018,14.21,b,
ESTAT:ISOC_E_DII(1.0),27/02/26 11:00:00,A,50-249,C10-S951_X_K,E_DI_HI,PC_ENT,LV,2019,20.32,b,
ESTAT:ISOC_E_DII(1.0),27/02/26 11:00:00,A,50-249,C10-S951_X_K,E_DI_HI,PC_ENT,ME,2017,19.70,b,
ESTAT:ISOC_E_DII(1.0),27/02/26 11:00:00,A,50-249,C10-S951_X_K,E_DI_HI,PC_ENT,ME,2018,18.58,b,
ESTAT:ISOC_E_DII(1.0),27/02/26 11:00:00,A,50-249,C10-S951_X_K,E_DI_HI,PC_ENT,ME,2019,27.70,b,
ESTAT:ISOC_E_DII(1.0),27/02/26 11:00:00,A,50-249,C10-S951_X_K,E_DI_HI,PC_ENT,MK,2015,11.91,,
ESTAT:ISOC_E_DII(1.0),27/02/26 11:00:00,A,50-249,C10-S951_X_K,E_DI_HI,PC_ENT,MK,2016,11.84,b,
ESTAT:ISOC_E_DII(1.0),27/02/26 11:00:00,A,50-249,C10-S951_X_K,E_DI_HI,PC_ENT,MT,2015,32.92,,
ESTAT:ISOC_E_DII(1.0),27/02/26 11:00:00,A,50-249,C10-S951_X_K,E_DI_HI,PC_ENT,MT,2016,38.99,b,
ESTAT:ISOC_E_DII(1.0),27/02/26 11:00:00,A,50-249,C10-S951_X_K,E_DI_HI,PC_ENT,MT,2017,34.22,b,
ESTAT:ISOC_E_DII(1.0),27/02/26 11:00:00,A,50-249,C10-S951_X_K,E_DI_HI,PC_ENT,MT,2018,34.58,b,
ESTAT:ISOC_E_DII(1.0),27/02/26 11:00:00,A,50-249,C10-S951_X_K,E_DI_HI,PC_ENT,MT,2019,54.66,b,
ESTAT:ISOC_E_DII(1.0),27/02/26 11:00:00,A,50-249,C10-S951_X_K,E_DI_HI,PC_ENT,NL,2015,46.96,,
ESTAT:ISOC_E_DII(1.0),27/02/26 11:00:00,A,50-249,C10-S951_X_K,E_DI_HI,PC_ENT,NL,2016,40.46,b,
ESTAT:ISOC_E_DII(1.0),27/02/26 11:00:00,A,50-249,C10-S951_X_K,E_DI_HI,PC_ENT,NL,2017,48.74,b,
ESTAT:ISOC_E_DII(1.0),27/02/26 11:00:00,A,50-249,C10-S951_X_K,E_DI_HI,PC_ENT,NL,2018,44.04,b,
ESTAT:ISOC_E_DII(1.0),27/02/26 11:00:00,A,50-249,C10-S951_X_K,E_DI_HI,PC_ENT,NL,2019,49.75,b,
ESTAT:ISOC_E_DII(1.0),27/02/26 11:00:00,A,50-249,C10-S951_X_K,E_DI_HI,PC_ENT,NO,2015,41.18,,
ESTAT:ISOC_E_DII(1.0),27/02/26 11:00:00,A,50-249,C10-S951_X_K,E_DI_HI,PC_ENT,NO,2016,45.75,b,
ESTAT:ISOC_E_DII(1.0),27/02/26 11:00:00,A,50-249,C10-S951_X_K,E_DI_HI,PC_ENT,NO,2017,40.59,b,
ESTAT:ISOC_E_DII(1.0),27/02/26 11:00:00,A,50-249,C10-S951_X_K,E_DI_HI,PC_ENT,NO,2018,42.65,b,
ESTAT:ISOC_E_DII(1.0),27/02/26 11:00:00,A,50-249,C10-S951_X_K,E_DI_HI,PC_ENT,NO,2019,42.49,b,
ESTAT:ISOC_E_DII(1.0),27/02/26 11:00:00,A,50-249,C10-S951_X_K,E_DI_HI,PC_ENT,PL,2015,20.74,,
ESTAT:ISOC_E_DII(1.0),27/02/26 11:00:00,A,50-249,C10-S951_X_K,E_DI_HI,PC_ENT,PL,2016,15.60,b,
ESTAT:ISOC_E_DII(1.0),27/02/26 11:00:00,A,50-249,C10-S951_X_K,E_DI_HI,PC_ENT,PL,2017,18.93,b,
ESTAT:ISOC_E_DII(1.0),27/02/26 11:00:00,A,50-249,C10-S951_X_K,E_DI_HI,PC_ENT,PL,2018,16.18,b,
ESTAT:ISOC_E_DII(1.0),27/02/26 11:00:00,A,50-249,C10-S951_X_K,E_DI_HI,PC_ENT,PL,2019,17.18,b,
ESTAT:ISOC_E_DII(1.0),27/02/26 11:00:00,A,50-249,C10-S951_X_K,E_DI_HI,PC_ENT,PT,2015,27.24,,
ESTAT:ISOC_E_DII(1.0),27/02/26 11:00:00,A,50-249,C10-S951_X_K,E_DI_HI,PC_ENT,PT,2016,19.27,b,
ESTAT:ISOC_E_DII(1.0),27/02/26 11:00:00,A,50-249,C10-S951_X_K,E_DI_HI,PC_ENT,PT,2017,32.30,b,
ESTAT:ISOC_E_DII(1.0),27/02/26 11:00:00,A,50-249,C10-S951_X_K,E_DI_HI,PC_ENT,PT,2018,24.75,b,
ESTAT:ISOC_E_DII(1.0),27/02/26 11:00:00,A,50-249,C10-S951_X_K,E_DI_HI,PC_ENT,PT,2019,,bu,
ESTAT:ISOC_E_DII(1.0),27/02/26 11:00:00,A,50-249,C10-S951_X_K,E_DI_HI,PC_ENT,RO,2015,13.83,,
ESTAT:ISOC_E_DII(1.0),27/02/26 11:00:00,A,50-249,C10-S951_X_K,E_DI_HI,PC_ENT,RO,2016,9.95,b,
ESTAT:ISOC_E_DII(1.0),27/02/26 11:00:00,A,50-249,C10-S951_X_K,E_DI_HI,PC_ENT,RO,2017,12.64,b,
ESTAT:ISOC_E_DII(1.0),27/02/26 11:00:00,A,50-249,C10-S951_X_K,E_DI_HI,PC_ENT,RO,2018,12.19,b,
ESTAT:ISOC_E_DII(1.0),27/02/26 11:00:00,A,50-249,C10-S951_X_K,E_DI_HI,PC_ENT,RO,2019,14.76,b,
ESTAT:ISOC_E_DII(1.0),27/02/26 11:00:00,A,50-249,C10-S951_X_K,E_DI_HI,PC_ENT,RS,2017,25.78,b,
ESTAT:ISOC_E_DII(1.0),27/02/26 11:00:00,A,50-249,C10-S951_X_K,E_DI_HI,PC_ENT,RS,2018,23.68,b,
ESTAT:ISOC_E_DII(1.0),27/02/26 11:00:00,A,50-249,C10-S951_X_K,E_DI_HI,PC_ENT,RS,2019,27.18,b,
ESTAT:ISOC_E_DII(1.0),27/02/26 11:00:00,A,50-249,C10-S951_X_K,E_DI_HI,PC_ENT,SE,2015,42.91,,
ESTAT:ISOC_E_DII(1.0),27/02/26 11:00:00,A,50-249,C10-S951_X_K,E_DI_HI,PC_ENT,SE,2016,40.54,b,
ESTAT:ISOC_E_DII(1.0),27/02/26 11:00:00,A,50-249,C10-S951_X_K,E_DI_HI,PC_ENT,SE,2017,40.57,b,
ESTAT:ISOC_E_DII(1.0),27/02/26 11:00:00,A,50-249,C10-S951_X_K,E_DI_HI,PC_ENT,SE,2018,41.71,b,
ESTAT:ISOC_E_DII(1.0),27/02/26 11:00:00,A,50-249,C10-S951_X_K,E_DI_HI,PC_ENT,SE,2019,48.77,b,
ESTAT:ISOC_E_DII(1.0),27/02/26 11:00:00,A,50-249,C10-S951_X_K,E_DI_HI,PC_ENT,SI,2015,21.44,,
ESTAT:ISOC_E_DII(1.0),27/02/26 11:00:00,A,50-249,C10-S951_X_K,E_DI_HI,PC_ENT,SI,2016,20.91,b,
ESTAT:ISOC_E_DII(1.0),27/02/26 11:00:00,A,50-249,C10-S951_X_K,E_DI_HI,PC_ENT,SI,2017,26.78,b,
ESTAT:ISOC_E_DII(1.0),27/02/26 11:00:00,A,50-249,C10-S951_X_K,E_DI_HI,PC_ENT,SI,2018,29.35,b,
ESTAT:ISOC_E_DII(1.0),27/02/26 11:00:00,A,50-249,C10-S951_X_K,E_DI_HI,PC_ENT,SI,2019,27.16,b,
ESTAT:ISOC_E_DII(1.0),27/02/26 11:00:00,A,50-249,C10-S951_X_K,E_DI_HI,PC_ENT,SK,2015,21.65,,
ESTAT:ISOC_E_DII(1.0),27/02/26 11:00:00,A,50-249,C10-S951_X_K,E_DI_HI,PC_ENT,SK,2016,16.96,b,
ESTAT:ISOC_E_DII(1.0),27/02/26 11:00:00,A,50-249,C10-S951_X_K,E_DI_HI,PC_ENT,SK,2017,20.89,b,
ESTAT:ISOC_E_DII(1.0),27/02/26 11:00:00,A,50-249,C10-S951_X_K,E_DI_HI,PC_ENT,SK,2018,18.99,b,
ESTAT:ISOC_E_DII(1.0),27/02/26 11:00:00,A,50-249,C10-S951_X_K,E_DI_HI,PC_ENT,SK,2019,20.66,b,
ESTAT:ISOC_E_DII(1.0),27/02/26 11:00:00,A,50-249,C10-S951_X_K,E_DI_HI,PC_ENT,TR,2017,9.69,b,
ESTAT:ISOC_E_DII(1.0),27/02/26 11:00:00,A,50-249,C10-S951_X_K,E_DI_HI,PC_ENT,TR,2018,1.32,b,
ESTAT:ISOC_E_DII(1.0),27/02/26 11:00:00,A,50-249,C10-S951_X_K,E_DI_HI,PC_ENT,UK,2015,35.61,,
ESTAT:ISOC_E_DII(1.0),27/02/26 11:00:00,A,50-249,C10-S951_X_K,E_DI_HI,PC_ENT,UK,2016,31.59,b,
ESTAT:ISOC_E_DII(1.0),27/02/26 11:00:00,A,50-249,C10-S951_X_K,E_DI_HI,PC_ENT,UK,2017,28.65,b,
ESTAT:ISOC_E_DII(1.0),27/02/26 11:00:00,A,50-249,C10-S951_X_K,E_DI_HI,PC_ENT,UK,2018,30.65,b,
ESTAT:ISOC_E_DII(1.0),27/02/26 11:00:00,A,50-249,C10-S951_X_K,E_DI_HI,PC_ENT,UK,2019,42.19,b,
ESTAT:ISOC_E_DII(1.0),27/02/26 11:00:00,A,50-249,C10-S951_X_K,E_DI_LO,PC_ENT,AT,2015,40.65,,
ESTAT:ISOC_E_DII(1.0),27/02/26 11:00:00,A,50-249,C10-S951_X_K,E_DI_LO,PC_ENT,AT,2016,49.09,b,
ESTAT:ISOC_E_DII(1.0),27/02/26 11:00:00,A,50-249,C10-S951_X_K,E_DI_LO,PC_ENT,AT,2017,33.52,b,
ESTAT:ISOC_E_DII(1.0),27/02/26 11:00:00,A,50-249,C10-S951_X_K,E_DI_LO,PC_ENT,AT,2018,42.10,b,
ESTAT:ISOC_E_DII(1.0),27/02/26 11:00:00,A,50-249,C10-S951_X_K,E_DI_LO,PC_ENT,AT,2019,33.29,b,
ESTAT:ISOC_E_DII(1.0),27/02/26 11:00:00,A,50-249,C10-S951_X_K,E_DI_LO,PC_ENT,BA,2018,36.60,b,
ESTAT:ISOC_E_DII(1.0),27/02/26 11:00:00,A,50-249,C10-S951_X_K,E_DI_LO,PC_ENT,BA,2019,31.88,b,
ESTAT:ISOC_E_DII(1.0),27/02/26 11:00:00,A,50-249,C10-S951_X_K,E_DI_LO,PC_ENT,BE,2015,38.92,,
ESTAT:ISOC_E_DII(1.0),27/02/26 11:00:00,A,50-249,C10-S951_X_K,E_DI_LO,PC_ENT,BE,2016,45.32,b,
ESTAT:ISOC_E_DII(1.0),27/02/26 11:00:00,A,50-249,C10-S951_X_K,E_DI_LO,PC_ENT,BE,2017,32.18,b,
ESTAT:ISOC_E_DII(1.0),27/02/26 11:00:00,A,50-249,C10-S951_X_K,E_DI_LO,PC_ENT,BE,2018,38.07,b,
ESTAT:ISOC_E_DII(1.0),27/02/26 11:00:00,A,50-249,C10-S951_X_K,E_DI_LO,PC_ENT,BE,2019,30.48,b,
ESTAT:ISOC_E_DII(1.0),27/02/26 11:00:00,A,50-249,C10-S951_X_K,E_DI_LO,PC_ENT,BG,2015,38.96,,
ESTAT:ISOC_E_DII(1.0),27/02/26 11:00:00,A,50-249,C10-S951_X_K,E_DI_LO,PC_ENT,BG,2016,38.54,b,
ESTAT:ISOC_E_DII(1.0),27/02/26 11:00:00,A,50-249,C10-S951_X_K,E_DI_LO,PC_ENT,BG,2017,30.40,b,
ESTAT:ISOC_E_DII(1.0),27/02/26 11:00:00,A,50-249,C10-S951_X_K,E_DI_LO,PC_ENT,BG,2018,33.18,b,
ESTAT:ISOC_E_DII(1.0),27/02/26 11:00:00,A,50-249,C10-S951_X_K,E_DI_LO,PC_ENT,BG,2019,33.38,b,
ESTAT:ISOC_E_DII(1.0),27/02/26 11:00:00,A,50-249,C10-S951_X_K,E_DI_LO,PC_ENT,CY,2015,46.91,,
ESTAT:ISOC_E_DII(1.0),27/02/26 11:00:00,A,50-249,C10-S951_X_K,E_DI_LO,PC_ENT,CY,2016,52.47,b,
ESTAT:ISOC_E_DII(1.0),27/02/26 11:00:00,A,50-249,C10-S951_X_K,E_DI_LO,PC_ENT,CY,2017,37.87,b,
ESTAT:ISOC_E_DII(1.0),27/02/26 11:00:00,A,50-249,C10-S951_X_K,E_DI_LO,PC_ENT,CY,2018,48.47,b,
ESTAT:ISOC_E_DII(1.0),27/02/26 11:00:00,A,50-249,C10-S951_X_K,E_DI_LO,PC_ENT,CY,2019,38.32,b,
ESTAT:ISOC_E_DII(1.0),27/02/26 11:00:00,A,50-249,C10-S951_X_K,E_DI_LO,PC_ENT,CZ,2015,44.02,,
ESTAT:ISOC_E_DII(1.0),27/02/26 11:00:00,A,50-249,C10-S951_X_K,E_DI_LO,PC_ENT,CZ,2016,42.23,b,
ESTAT:ISOC_E_DII(1.0),27/02/26 11:00:00,A,50-249,C10-S951_X_K,E_DI_LO,PC_ENT,CZ,2017,39.06,b,
ESTAT:ISOC_E_DII(1.0),27/02/26 11:00:00,A,50-249,C10-S951_X_K,E_DI_LO,PC_ENT,CZ,2018,37.08,b,
ESTAT:ISOC_E_DII(1.0),27/02/26 11:00:00,A,50-249,C10-S951_X_K,E_DI_LO,PC_ENT,CZ,2019,38.73,b,
ESTAT:ISOC_E_DII(1.0),27/02/26 11:00:00,A,50-249,C10-S951_X_K,E_DI_LO,PC_ENT,DE,2015,45.65,,
ESTAT:ISOC_E_DII(1.0),27/02/26 11:00:00,A,50-249,C10-S951_X_K,E_DI_LO,PC_ENT,DE,2016,48.00,b,
ESTAT:ISOC_E_DII(1.0),27/02/26 11:00:00,A,50-249,C10-S951_X_K,E_DI_LO,PC_ENT,DE,2017,38.75,b,
ESTAT:ISOC_E_DII(1.0),27/02/26 11:00:00,A,50-249,C10-S951_X_K,E_DI_LO,PC_ENT,DE,2018,43.83,b,
ESTAT:ISOC_E_DII(1.0),27/02/26 11:00:00,A,50-249,C10-S951_X_K,E_DI_LO,PC_ENT,DE,2019,39.87,b,
ESTAT:ISOC_E_DII(1.0),27/02/26 11:00:00,A,50-249,C10-S951_X_K,E_DI_LO,PC_ENT,DK,2015,25.84,,
ESTAT:ISOC_E_DII(1.0),27/02/26 11:00:00,A,50-249,C10-S951_X_K,E_DI_LO,PC_ENT,DK,2016,28.85,b,
ESTAT:ISOC_E_DII(1.0),27/02/26 11:00:00,A,50-249,C10-S951_X_K,E_DI_LO,PC_ENT,DK,2017,29.68,b,
ESTAT:ISOC_E_DII(1.0),27/02/26 11:00:00,A,50-249,C10-S951_X_K,E_DI_LO,PC_ENT,DK,2018,28.26,b,
ESTAT:ISOC_E_DII(1.0),27/02/26 11:00:00,A,50-249,C10-S951_X_K,E_DI_LO,PC_ENT,DK,2019,21.97,b,
ESTAT:ISOC_E_DII(1.0),27/02/26 11:00:00,A,50-249,C10-S951_X_K,E_DI_LO,PC_ENT,EA,2015,42.47,,
ESTAT:ISOC_E_DII(1.0),27/02/26 11:00:00,A,50-249,C10-S951_X_K,E_DI_LO,PC_ENT,EA,2016,45.34,b,
ESTAT:ISOC_E_DII(1.0),27/02/26 11:00:00,A,50-249,C10-S951_X_K,E_DI_LO,PC_ENT,EA,2017,37.42,,
ESTAT:ISOC_E_DII(1.0),27/02/26 11:00:00,A,50-249,C10-S951_X_K,E_DI_LO,PC_ENT,EA,2018,40.42,,
ESTAT:ISOC_E_DII(1.0),27/02/26 11:00:00,A,50-249,C10-S951_X_K,E_DI_LO,PC_ENT,EA,2019,37.96,,
ESTAT:ISOC_E_DII(1.0),27/02/26 11:00:00,A,50-249,C10-S951_X_K,E_DI_LO,PC_ENT,EE,2015,43.36,,
ESTAT:ISOC_E_DII(1.0),27/02/26 11:00:00,A,50-249,C10-S951_X_K,E_DI_LO,PC_ENT,EE,2016,45.77,b,
ESTAT:ISOC_E_DII(1.0),27/02/26 11:00:00,A,50-249,C10-S951_X_K,E_DI_LO,PC_ENT,EE,2017,38.02,b,
ESTAT:ISOC_E_DII(1.0),27/02/26 11:00:00,A,50-249,C10-S951_X_K,E_DI_LO,PC_ENT,EE,2018,40.20,b,
ESTAT:ISOC_E_DII(1.0),27/02/26 11:00:00,A,50-249,C10-S951_X_K,E_DI_LO,PC_ENT,EE,2019,35.57,b,
ESTAT:ISOC_E_DII(1.0),27/02/26 11:00:00,A,50-249,C10-S951_X_K,E_DI_LO,PC_ENT,EL,2015,53.41,,
ESTAT:ISOC_E_DII(1.0),27/02/26 11:00:00,A,50-249,C10-S951_X_K,E_DI_LO,PC_ENT,EL,2016,47.04,b,
ESTAT:ISOC_E_DII(1.0),27/02/26 11:00:00,A,50-249,C10-S951_X_K,E_DI_LO,PC_ENT,EL,2017,37.85,b,
ESTAT:ISOC_E_DII(1.0),27/02/26 11:00:00,A,50-249,C10-S951_X_K,E_DI_LO,PC_ENT,EL,2018,43.84,b,
ESTAT:ISOC_E_DII(1.0),27/02/26 11:00:00,A,50-249,C10-S951_X_K,E_DI_LO,PC_ENT,EL,2019,46.56,b,
ESTAT:ISOC_E_DII(1.0),27/02/26 11:00:00,A,50-249,C10-S951_X_K,E_DI_LO,PC_ENT,ES,2015,37.37,,
ESTAT:ISOC_E_DII(1.0),27/02/26 11:00:00,A,50-249,C10-S951_X_K,E_DI_LO,PC_ENT,ES,2016,43.26,b,
ESTAT:ISOC_E_DII(1.0),27/02/26 11:00:00,A,50-249,C10-S951_X_K,E_DI_LO,PC_ENT,ES,2017,31.74,b,
ESTAT:ISOC_E_DII(1.0),27/02/26 11:00:00,A,50-249,C10-S951_X_K,E_DI_LO,PC_ENT,ES,2018,36.24,b,
ESTAT:ISOC_E_DII(1.0),27/02/26 11:00:00,A,50-249,C10-S951_X_K,E_DI_LO,PC_ENT,ES,2019,39.17,b,
ESTAT:ISOC_E_DII(1.0),27/02/26 11:00:00,A,50-249,C10-S951_X_K,E_DI_LO,PC_ENT,EU15,2015,41.84,,
ESTAT:ISOC_E_DII(1.0),27/02/26 11:00:00,A,50-249,C10-S951_X_K,E_DI_LO,PC_ENT,EU15,2016,44.56,b,
ESTAT:ISOC_E_DII(1.0),27/02/26 11:00:00,A,50-249,C10-S951_X_K,E_DI_LO,PC_ENT,EU15,2017,38.43,,
ESTAT:ISOC_E_DII(1.0),27/02/26 11:00:00,A,50-249,C10-S951_X_K,E_DI_LO,PC_ENT,EU15,2018,40.75,,
ESTAT:ISOC_E_DII(1.0),27/02/26 11:00:00,A,50-249,C10-S951_X_K,E_DI_LO,PC_ENT,EU27_2007,2015,41.63,,
ESTAT:ISOC_E_DII(1.0),27/02/26 11:00:00,A,50-249,C10-S951_X_K,E_DI_LO,PC_ENT,EU27_2007,2016,44.01,b,
ESTAT:ISOC_E_DII(1.0),27/02/26 11:00:00,A,50-249,C10-S951_X_K,E_DI_LO,PC_ENT,EU27_2007,2017,38.76,,
ESTAT:ISOC_E_DII(1.0),27/02/26 11:00:00,A,50-249,C10-S951_X_K,E_DI_LO,PC_ENT,EU27_2007,2018,40.26,,
ESTAT:ISOC_E_DII(1.0),27/02/26 11:00:00,A,50-249,C10-S951_X_K,E_DI_LO,PC_ENT,EU27_2020,2015,41.71,,
ESTAT:ISOC_E_DII(1.0),27/02/26 11:00:00,A,50-249,C10-S951_X_K,E_DI_LO,PC_ENT,EU27_2020,2016,44.06,,
ESTAT:ISOC_E_DII(1.0),27/02/26 11:00:00,A,50-249,C10-S951_X_K,E_DI_LO,PC_ENT,EU27_2020,2017,37.71,,
ESTAT:ISOC_E_DII(1.0),27/02/26 11:00:00,A,50-249,C10-S951_X_K,E_DI_LO,PC_ENT,EU27_2020,2018,39.46,,
ESTAT:ISOC_E_DII(1.0),27/02/26 11:00:00,A,50-249,C10-S951_X_K,E_DI_LO,PC_ENT,EU27_2020,2019,37.21,,
ESTAT:ISOC_E_DII(1.0),27/02/26 11:00:00,A,50-249,C10-S951_X_K,E_DI_LO,PC_ENT,EU28,2015,41.63,,
ESTAT:ISOC_E_DII(1.0),27/02/26 11:00:00,A,50-249,C10-S951_X_K,E_DI_LO,PC_ENT,EU28,2016,44.01,b,
ESTAT:ISOC_E_DII(1.0),27/02/26 11:00:00,A,50-249,C10-S951_X_K,E_DI_LO,PC_ENT,EU28,2017,38.75,,
ESTAT:ISOC_E_DII(1.0),27/02/26 11:00:00,A,50-249,C10-S951_X_K,E_DI_LO,PC_ENT,EU28,2018,40.22,,
ESTAT:ISOC_E_DII(1.0),27/02/26 11:00:00,A,50-249,C10-S951_X_K,E_DI_LO,PC_ENT,EU28,2019,37.23,,
ESTAT:ISOC_E_DII(1.0),27/02/26 11:00:00,A,50-249,C10-S951_X_K,E_DI_LO,PC_ENT,FI,2015,34.61,,
ESTAT:ISOC_E_DII(1.0),27/02/26 11:00:00,A,50-249,C10-S951_X_K,E_DI_LO,PC_ENT,FI,2016,31.62,b,
ESTAT:ISOC_E_DII(1.0),27/02/26 11:00:00,A,50-249,C10-S951_X_K,E_DI_LO,PC_ENT,FI,2017,44.23,b,
ESTAT:ISOC_E_DII(1.0),27/02/26 11:00:00,A,50-249,C10-S951_X_K,E_DI_LO,PC_ENT,FI,2018,28.39,b,
ESTAT:ISOC_E_DII(1.0),27/02/26 11:00:00,A,50-249,C10-S951_X_K,E_DI_LO,PC_ENT,FI,2019,19.93,b,
ESTAT:ISOC_E_DII(1.0),27/02/26 11:00:00,A,50-249,C10-S951_X_K,E_DI_LO,PC_ENT,FR,2015,41.50,,
ESTAT:ISOC_E_DII(1.0),27/02/26 11:00:00,A,50-249,C10-S951_X_K,E_DI_LO,PC_ENT,FR,2016,44.68,b,
ESTAT:ISOC_E_DII(1.0),27/02/26 11:00:00,A,50-249,C10-S951_X_K,E_DI_LO,PC_ENT,FR,2017,40.16,b,
ESTAT:ISOC_E_DII(1.0),27/02/26 11:00:00,A,50-249,C10-S951_X_K,E_DI_LO,PC_ENT,FR,2018,42.19,b,
ESTAT:ISOC_E_DII(1.0),27/02/26 11:00:00,A,50-249,C10-S951_X_K,E_DI_LO,PC_ENT,FR,2019,37.35,b,
ESTAT:ISOC_E_DII(1.0),27/02/26 11:00:00,A,50-249,C10-S951_X_K,E_DI_LO,PC_ENT,HR,2015,41.68,,
ESTAT:ISOC_E_DII(1.0),27/02/26 11:00:00,A,50-249,C10-S951_X_K,E_DI_LO,PC_ENT,HR,2016,42.81,b,
ESTAT:ISOC_E_DII(1.0),27/02/26 11:00:00,A,50-249,C10-S951_X_K,E_DI_LO,PC_ENT,HR,2017,37.58,b,
ESTAT:ISOC_E_DII(1.0),27/02/26 11:00:00,A,50-249,C10-S951_X_K,E_DI_LO,PC_ENT,HR,2018,35.67,b,
ESTAT:ISOC_E_DII(1.0),27/02/26 11:00:00,A,50-249,C10-S951_X_K,E_DI_LO,PC_ENT,HR,2019,33.77,b,
ESTAT:ISOC_E_DII(1.0),27/02/26 11:00:00,A,50-249,C10-S951_X_K,E_DI_LO,PC_ENT,HU,2015,39.97,,
ESTAT:ISOC_E_DII(1.0),27/02/26 11:00:00,A,50-249,C10-S951_X_K,E_DI_LO,PC_ENT,HU,2016,39.58,b,
ESTAT:ISOC_E_DII(1.0),27/02/26 11:00:00,A,50-249,C10-S951_X_K,E_DI_LO,PC_ENT,HU,2017,36.59,b,
ESTAT:ISOC_E_DII(1.0),27/02/26 11:00:00,A,50-249,C10-S951_X_K,E_DI_LO,PC_ENT,HU,2018,37.39,b,
ESTAT:ISOC_E_DII(1.0),27/02/26 11:00:00,A,50-249,C10-S951_X_K,E_DI_LO,PC_ENT,HU,2019,35.01,b,
ESTAT:ISOC_E_DII(1.0),27/02/26 11:00:00,A,50-249,C10-S951_X_K,E_DI_LO,PC_ENT,IE,2015,39.34,,
ESTAT:ISOC_E_DII(1.0),27/02/26 11:00:00,A,50-249,C10-S951_X_K,E_DI_LO,PC_ENT,IE,2016,44.88,b,
ESTAT:ISOC_E_DII(1.0),27/02/26 11:00:00,A,50-249,C10-S951_X_K,E_DI_LO,PC_ENT,IE,2017,43.92,b,
ESTAT:ISOC_E_DII(1.0),27/02/26 11:00:00,A,50-249,C10-S951_X_K,E_DI_LO,PC_ENT,IE,2018,35.21,b,
ESTAT:ISOC_E_DII(1.0),27/02/26 11:00:00,A,50-249,C10-S951_X_K,E_DI_LO,PC_ENT,IE,2019,35.56,b,
ESTAT:ISOC_E_DII(1.0),27/02/26 11:00:00,A,50-249,C10-S951_X_K,E_DI_LO,PC_ENT,IT,2015,43.11,,
ESTAT:ISOC_E_DII(1.0),27/02/26 11:00:00,A,50-249,C10-S951_X_K,E_DI_LO,PC_ENT,IT,2016,43.24,b,
ESTAT:ISOC_E_DII(1.0),27/02/26 11:00:00,A,50-249,C10-S951_X_K,E_DI_LO,PC_ENT,IT,2017,37.34,b,
ESTAT:ISOC_E_DII(1.0),27/02/26 11:00:00,A,50-249,C10-S951_X_K,E_DI_LO,PC_ENT,IT,2018,36.58,b,
ESTAT:ISOC_E_DII(1.0),27/02/26 11:00:00,A,50-249,C10-S951_X_K,E_DI_LO,PC_ENT,IT,2019,39.05,b,
ESTAT:ISOC_E_DII(1.0),27/02/26 11:00:00,A,50-249,C10-S951_X_K,E_DI_LO,PC_ENT,LT,2015,43.17,,
ESTAT:ISOC_E_DII(1.0),27/02/26 11:00:00,A,50-249,C10-S951_X_K,E_DI_LO,PC_ENT,LT,2016,41.43,b,
ESTAT:ISOC_E_DII(1.0),27/02/26 11:00:00,A,50-249,C10-S951_X_K,E_DI_LO,PC_ENT,LT,2017,41.95,b,
ESTAT:ISOC_E_DII(1.0),27/02/26 11:00:00,A,50-249,C10-S951_X_K,E_DI_LO,PC_ENT,LT,2018,42.21,b,
ESTAT:ISOC_E_DII(1.0),27/02/26 11:00:00,A,50-249,C10-S951_X_K,E_DI_LO,PC_ENT,LT,2019,37.76,b,
ESTAT:ISOC_E_DII(1.0),27/02/26 11:00:00,A,50-249,C10-S951_X_K,E_DI_LO,PC_ENT,LU,2015,40.90,,
ESTAT:ISOC_E_DII(1.0),27/02/26 11:00:00,A,50-249,C10-S951_X_K,E_DI_LO,PC_ENT,LU,2016,44.51,b,
ESTAT:ISOC_E_DII(1.0),27/02/26 11:00:00,A,50-249,C10-S951_X_K,E_DI_LO,PC_ENT,LU,2017,37.44,b,
ESTAT:ISOC_E_DII(1.0),27/02/26 11:00:00,A,50-249,C10-S951_X_K,E_DI_LO,PC_ENT,LU,2018,45.47,b,
ESTAT:ISOC_E_DII(1.0),27/02/26 11:00:00,A,50-249,C10-S951_X_K,E_DI_LO,PC_ENT,LU,2019,31.74,b,
ESTAT:ISOC_E_DII(1.0),27/02/26 11:00:00,A,50-249,C10-S951_X_K,E_DI_LO,PC_ENT,LV,2015,42.80,,
ESTAT:ISOC_E_DII(1.0),27/02/26 11:00:00,A,50-249,C10-S951_X_K,E_DI_LO,PC_ENT,LV,2016,43.26,b,
ESTAT:ISOC_E_DII(1.0),27/02/26 11:00:00,A,50-249,C10-S951_X_K,E_DI_LO,PC_ENT,LV,2017,39.51,b,
ESTAT:ISOC_E_DII(1.0),27/02/26 11:00:00,A,50-249,C10-S951_X_K,E_DI_LO,PC_ENT,LV,2018,42.04,b,
ESTAT:ISOC_E_DII(1.0),27/02/26 11:00:00,A,50-249,C10-S951_X_K,E_DI_LO,PC_ENT,LV,2019,37.49,b,
ESTAT:ISOC_E_DII(1.0),27/02/26 11:00:00,A,50-249,C10-S951_X_K,E_DI_LO,PC_ENT,ME,2017,49.35,b,
ESTAT:ISOC_E_DII(1.0),27/02/26 11:00:00,A,50-249,C10-S951_X_K,E_DI_LO,PC_ENT,ME,2018,45.49,b,
ESTAT:ISOC_E_DII(1.0),27/02/26 11:00:00,A,50-249,C10-S951_X_K,E_DI_LO,PC_ENT,ME,2019,42.43,b,
ESTAT:ISOC_E_DII(1.0),27/02/26 11:00:00,A,50-249,C10-S951_X_K,E_DI_LO,PC_ENT,MK,2015,38.25,,
ESTAT:ISOC_E_DII(1.0),27/02/26 11:00:00,A,50-249,C10-S951_X_K,E_DI_LO,PC_ENT,MK,2016,42.71,b,
ESTAT:ISOC_E_DII(1.0),27/02/26 11:00:00,A,50-249,C10-S951_X_K,E_DI_LO,PC_ENT,MT,2015,50.00,,
ESTAT:ISOC_E_DII(1.0),27/02/26 11:00:00,A,50-249,C10-S951_X_K,E_DI_LO,PC_ENT,MT,2016,44.19,b,
ESTAT:ISOC_E_DII(1.0),27/02/26 11:00:00,A,50-249,C10-S951_X_K,E_DI_LO,PC_ENT,MT,2017,40.90,b,
ESTAT:ISOC_E_DII(1.0),27/02/26 11:00:00,A,50-249,C10-S951_X_K,E_DI_LO,PC_ENT,MT,2018,44.18,b,
ESTAT:ISOC_E_DII(1.0),27/02/26 11:00:00,A,50-249,C10-S951_X_K,E_DI_LO,PC_ENT,MT,2019,34.10,b,
ESTAT:ISOC_E_DII(1.0),27/02/26 11:00:00,A,50-249,C10-S951_X_K,E_DI_LO,PC_ENT,NL,2015,35.34,,
ESTAT:ISOC_E_DII(1.0),27/02/26 11:00:00,A,50-249,C10-S951_X_K,E_DI_LO,PC_ENT,NL,2016,43.15,b,
ESTAT:ISOC_E_DII(1.0),27/02/26 11:00:00,A,50-249,C10-S951_X_K,E_DI_LO,PC_ENT,NL,2017,28.82,b,
ESTAT:ISOC_E_DII(1.0),27/02/26 11:00:00,A,50-249,C10-S951_X_K,E_DI_LO,PC_ENT,NL,2018,36.72,b,
ESTAT:ISOC_E_DII(1.0),27/02/26 11:00:00,A,50-249,C10-S951_X_K,E_DI_LO,PC_ENT,NL,2019,32.30,b,
ESTAT:ISOC_E_DII(1.0),27/02/26 11:00:00,A,50-249,C10-S951_X_K,E_DI_LO,PC_ENT,NO,2015,30.28,,
ESTAT:ISOC_E_DII(1.0),27/02/26 11:00:00,A,50-249,C10-S951_X_K,E_DI_LO,PC_ENT,NO,2016,28.06,b,
ESTAT:ISOC_E_DII(1.0),27/02/26 11:00:00,A,50-249,C10-S951_X_K,E_DI_LO,PC_ENT,NO,2017,32.65,b,
ESTAT:ISOC_E_DII(1.0),27/02/26 11:00:00,A,50-249,C10-S951_X_K,E_DI_LO,PC_ENT,NO,2018,29.38,b,
ESTAT:ISOC_E_DII(1.0),27/02/26 11:00:00,A,50-249,C10-S951_X_K,E_DI_LO,PC_ENT,NO,2019,35.44,b,
ESTAT:ISOC_E_DII(1.0),27/02/26 11:00:00,A,50-249,C10-S951_X_K,E_DI_LO,PC_ENT,PL,2015,42.61,,
ESTAT:ISOC_E_DII(1.0),27/02/26 11:00:00,A,50-249,C10-S951_X_K,E_DI_LO,PC_ENT,PL,2016,46.52,b,
ESTAT:ISOC_E_DII(1.0),27/02/26 11:00:00,A,50-249,C10-S951_X_K,E_DI_LO,PC_ENT,PL,2017,46.98,b,
ESTAT:ISOC_E_DII(1.0),27/02/26 11:00:00,A,50-249,C10-S951_X_K,E_DI_LO,PC_ENT,PL,2018,40.08,b,
ESTAT:ISOC_E_DII(1.0),27/02/26 11:00:00,A,50-249,C10-S951_X_K,E_DI_LO,PC_ENT,PL,2019,41.95,b,
ESTAT:ISOC_E_DII(1.0),27/02/26 11:00:00,A,50-249,C10-S951_X_K,E_DI_LO,PC_ENT,PT,2015,,u,
ESTAT:ISOC_E_DII(1.0),27/02/26 11:00:00,A,50-249,C10-S951_X_K,E_DI_LO,PC_ENT,PT,2016,,bu,
ESTAT:ISOC_E_DII(1.0),27/02/26 11:00:00,A,50-249,C10-S951_X_K,E_DI_LO,PC_ENT,PT,2017,,bu,
ESTAT:ISOC_E_DII(1.0),27/02/26 11:00:00,A,50-249,C10-S951_X_K,E_DI_LO,PC_ENT,PT,2018,,bu,
ESTAT:ISOC_E_DII(1.0),27/02/26 11:00:00,A,50-249,C10-S951_X_K,E_DI_LO,PC_ENT,PT,2019,,bu,
ESTAT:ISOC_E_DII(1.0),27/02/26 11:00:00,A,50-249,C10-S951_X_K,E_DI_LO,PC_ENT,RO,2015,33.24,,
ESTAT:ISOC_E_DII(1.0),27/02/26 11:00:00,A,50-249,C10-S951_X_K,E_DI_LO,PC_ENT,RO,2016,33.38,b,
ESTAT:ISOC_E_DII(1.0),27/02/26 11:00:00,A,50-249,C10-S951_X_K,E_DI_LO,PC_ENT,RO,2017,34.88,b,
ESTAT:ISOC_E_DII(1.0),27/02/26 11:00:00,A,50-249,C10-S951_X_K,E_DI_LO,PC_ENT,RO,2018,36.39,b,
ESTAT:ISOC_E_DII(1.0),27/02/26 11:00:00,A,50-249,C10-S951_X_K,E_DI_LO,PC_ENT,RO,2019,30.04,b,
ESTAT:ISOC_E_DII(1.0),27/02/26 11:00:00,A,50-249,C10-S951_X_K,E_DI_LO,PC_ENT,RS,2017,39.54,b,
ESTAT:ISOC_E_DII(1.0),27/02/26 11:00:00,A,50-249,C10-S951_X_K,E_DI_LO,PC_ENT,RS,2018,38.03,b,
ESTAT:ISOC_E_DII(1.0),27/02/26 11:00:00,A,50-249,C10-S951_X_K,E_DI_LO,PC_ENT,RS,2019,41.81,b,
ESTAT:ISOC_E_DII(1.0),27/02/26 11:00:00,A,50-249,C10-S951_X_K,E_DI_LO,PC_ENT,SE,2015,38.91,,
ESTAT:ISOC_E_DII(1.0),27/02/26 11:00:00,A,50-249,C10-S951_X_K,E_DI_LO,PC_ENT,SE,2016,33.27,b,
ESTAT:ISOC_E_DII(1.0),27/02/26 11:00:00,A,50-249,C10-S951_X_K,E_DI_LO,PC_ENT,SE,2017,31.53,b,
ESTAT:ISOC_E_DII(1.0),27/02/26 11:00:00,A,50-249,C10-S951_X_K,E_DI_LO,PC_ENT,SE,2018,30.11,b,
ESTAT:ISOC_E_DII(1.0),27/02/26 11:00:00,A,50-249,C10-S951_X_K,E_DI_LO,PC_ENT,SE,2019,22.31,b,
ESTAT:ISOC_E_DII(1.0),27/02/26 11:00:00,A,50-249,C10-S951_X_K,E_DI_LO,PC_ENT,SI,2015,47.15,,
ESTAT:ISOC_E_DII(1.0),27/02/26 11:00:00,A,50-249,C10-S951_X_K,E_DI_LO,PC_ENT,SI,2016,51.65,b,
ESTAT:ISOC_E_DII(1.0),27/02/26 11:00:00,A,50-249,C10-S951_X_K,E_DI_LO,PC_ENT,SI,2017,38.49,b,
ESTAT:ISOC_E_DII(1.0),27/02/26 11:00:00,A,50-249,C10-S951_X_K,E_DI_LO,PC_ENT,SI,2018,46.45,b,
ESTAT:ISOC_E_DII(1.0),27/02/26 11:00:00,A,50-249,C10-S951_X_K,E_DI_LO,PC_ENT,SI,2019,36.58,b,
ESTAT:ISOC_E_DII(1.0),27/02/26 11:00:00,A,50-249,C10-S951_X_K,E_DI_LO,PC_ENT,SK,2015,42.59,,
ESTAT:ISOC_E_DII(1.0),27/02/26 11:00:00,A,50-249,C10-S951_X_K,E_DI_LO,PC_ENT,SK,2016,43.72,b,
ESTAT:ISOC_E_DII(1.0),27/02/26 11:00:00,A,50-249,C10-S951_X_K,E_DI_LO,PC_ENT,SK,2017,37.68,b,
ESTAT:ISOC_E_DII(1.0),27/02/26 11:00:00,A,50-249,C10-S951_X_K,E_DI_LO,PC_ENT,SK,2018,35.71,b,
ESTAT:ISOC_E_DII(1.0),27/02/26 11:00:00,A,50-249,C10-S951_X_K,E_DI_LO,PC_ENT,SK,2019,40.66,b,
ESTAT:ISOC_E_DII(1.0),27/02/26 11:00:00,A,50-249,C10-S951_X_K,E_DI_LO,PC_ENT,TR,2017,26.63,b,
ESTAT:ISOC_E_DII(1.0),27/02/26 11:00:00,A,50-249,C10-S951_X_K,E_DI_LO,PC_ENT,TR,2018,15.62,b,
ESTAT:ISOC_E_DII(1.0),27/02/26 11:00:00,A,50-249,C10-S951_X_K,E_DI_LO,PC_ENT,UK,2015,41.10,,
ESTAT:ISOC_E_DII(1.0),27/02/26 11:00:00,A,50-249,C10-S951_X_K,E_DI_LO,PC_ENT,UK,2016,43.63,b,
ESTAT:ISOC_E_DII(1.0),27/02/26 11:00:00,A,50-249,C10-S951_X_K,E_DI_LO,PC_ENT,UK,2017,46.03,b,
ESTAT:ISOC_E_DII(1.0),27/02/26 11:00:00,A,50-249,C10-S951_X_K,E_DI_LO,PC_ENT,UK,2018,45.61,b,
ESTAT:ISOC_E_DII(1.0),27/02/26 11:00:00,A,50-249,C10-S951_X_K,E_DI_LO,PC_ENT,UK,2019,37.35,b,
ESTAT:ISOC_E_DII(1.0),27/02/26 11:00:00,A,50-249,C10-S951_X_K,E_DI_VHI,PC_ENT,AT,2015,7.16,,
ESTAT:ISOC_E_DII(1.0),27/02/26 11:00:00,A,50-249,C10-S951_X_K,E_DI_VHI,PC_ENT,AT,2016,2.80,b,
ESTAT:ISOC_E_DII(1.0),27/02/26 11:00:00,A,50-249,C10-S951_X_K,E_DI_VHI,PC_ENT,AT,2017,10.68,b,
ESTAT:ISOC_E_DII(1.0),27/02/26 11:00:00,A,50-249,C10-S951_X_K,E_DI_VHI,PC_ENT,AT,2018,4.18,b,
ESTAT:ISOC_E_DII(1.0),27/02/26 11:00:00,A,50-249,C10-S951_X_K,E_DI_VHI,PC_ENT,AT,2019,13.53,b,
ESTAT:ISOC_E_DII(1.0),27/02/26 11:00:00,A,50-249,C10-S951_X_K,E_DI_VHI,PC_ENT,BA,2018,2.38,b,
ESTAT:ISOC_E_DII(1.0),27/02/26 11:00:00,A,50-249,C10-S951_X_K,E_DI_VHI,PC_ENT,BA,2019,4.22,b,
ESTAT:ISOC_E_DII(1.0),27/02/26 11:00:00,A,50-249,C10-S951_X_K,E_DI_VHI,PC_ENT,BE,2015,10.21,,
ESTAT:ISOC_E_DII(1.0),27/02/26 11:00:00,A,50-249,C10-S951_X_K,E_DI_VHI,PC_ENT,BE,2016,6.07,b,
ESTAT:ISOC_E_DII(1.0),27/02/26 11:00:00,A,50-249,C10-S951_X_K,E_DI_VHI,PC_ENT,BE,2017,15.62,b,
ESTAT:ISOC_E_DII(1.0),27/02/26 11:00:00,A,50-249,C10-S951_X_K,E_DI_VHI,PC_ENT,BE,2018,9.78,b,
ESTAT:ISOC_E_DII(1.0),27/02/26 11:00:00,A,50-249,C10-S951_X_K,E_DI_VHI,PC_ENT,BE,2019,15.19,b,
ESTAT:ISOC_E_DII(1.0),27/02/26 11:00:00,A,50-249,C10-S951_X_K,E_DI_VHI,PC_ENT,BG,2015,1.93,,
ESTAT:ISOC_E_DII(1.0),27/02/26 11:00:00,A,50-249,C10-S951_X_K,E_DI_VHI,PC_ENT,BG,2016,0.61,b,
ESTAT:ISOC_E_DII(1.0),27/02/26 11:00:00,A,50-249,C10-S951_X_K,E_DI_VHI,PC_ENT,BG,2017,2.30,b,
ESTAT:ISOC_E_DII(1.0),27/02/26 11:00:00,A,50-249,C10-S951_X_K,E_DI_VHI,PC_ENT,BG,2018,1.11,b,
ESTAT:ISOC_E_DII(1.0),27/02/26 11:00:00,A,50-249,C10-S951_X_K,E_DI_VHI,PC_ENT,BG,2019,2.05,b,
ESTAT:ISOC_E_DII(1.0),27/02/26 11:00:00,A,50-249,C10-S951_X_K,E_DI_VHI,PC_ENT,CY,2015,2.12,,
ESTAT:ISOC_E_DII(1.0),27/02/26 11:00:00,A,50-249,C10-S951_X_K,E_DI_VHI,PC_ENT,CY,2016,2.13,b,
ESTAT:ISOC_E_DII(1.0),27/02/26 11:00:00,A,50-249,C10-S951_X_K,E_DI_VHI,PC_ENT,CY,2017,5.03,b,
ESTAT:ISOC_E_DII(1.0),27/02/26 11:00:00,A,50-249,C10-S951_X_K,E_DI_VHI,PC_ENT,CY,2018,3.86,b,
ESTAT:ISOC_E_DII(1.0),27/02/26 11:00:00,A,50-249,C10-S951_X_K,E_DI_VHI,PC_ENT,CY,2019,7.56,b,
ESTAT:ISOC_E_DII(1.0),27/02/26 11:00:00,A,50-249,C10-S951_X_K,E_DI_VHI,PC_ENT,CZ,2015,3.94,,
ESTAT:ISOC_E_DII(1.0),27/02/26 11:00:00,A,50-249,C10-S951_X_K,E_DI_VHI,PC_ENT,CZ,2016,4.81,b,
ESTAT:ISOC_E_DII(1.0),27/02/26 11:00:00,A,50-249,C10-S951_X_K,E_DI_VHI,PC_ENT,CZ,2017,6.84,b,
ESTAT:ISOC_E_DII(1.0),27/02/26 11:00:00,A,50-249,C10-S951_X_K,E_DI_VHI,PC_ENT,CZ,2018,5.02,b,
ESTAT:ISOC_E_DII(1.0),27/02/26 11:00:00,A,50-249,C10-S951_X_K,E_DI_VHI,PC_ENT,CZ,2019,10.54,b,
ESTAT:ISOC_E_DII(1.0),27/02/26 11:00:00,A,50-249,C10-S951_X_K,E_DI_VHI,PC_ENT,DE,2015,2.88,,
ESTAT:ISOC_E_DII(1.0),27/02/26 11:00:00,A,50-249,C10-S951_X_K,E_DI_VHI,PC_ENT,DE,2016,0.84,b,
ESTAT:ISOC_E_DII(1.0),27/02/26 11:00:00,A,50-249,C10-S951_X_K,E_DI_VHI,PC_ENT,DE,2017,9.14,b,
ESTAT:ISOC_E_DII(1.0),27/02/26 11:00:00,A,50-249,C10-S951_X_K,E_DI_VHI,PC_ENT,DE,2018,2.01,b,
ESTAT:ISOC_E_DII(1.0),27/02/26 11:00:00,A,50-249,C10-S951_X_K,E_DI_VHI,PC_ENT,DE,2019,8.35,b,
ESTAT:ISOC_E_DII(1.0),27/02/26 11:00:00,A,50-249,C10-S951_X_K,E_DI_VHI,PC_ENT,DK,2015,19.31,,
ESTAT:ISOC_E_DII(1.0),27/02/26 11:00:00,A,50-249,C10-S951_X_K,E_DI_VHI,PC_ENT,DK,2016,18.49,b,
ESTAT:ISOC_E_DII(1.0),27/02/26 11:00:00,A,50-249,C10-S951_X_K,E_DI_VHI,PC_ENT,DK,2017,20.34,b,
ESTAT:ISOC_E_DII(1.0),27/02/26 11:00:00,A,50-249,C10-S951_X_K,E_DI_VHI,PC_ENT,DK,2018,18.05,b,
ESTAT:ISOC_E_DII(1.0),27/02/26 11:00:00,A,50-249,C10-S951_X_K,E_DI_VHI,PC_ENT,DK,2019,23.17,b,
ESTAT:ISOC_E_DII(1.0),27/02/26 11:00:00,A,50-249,C10-S951_X_K,E_DI_VHI,PC_ENT,EA,2015,4.45,,
ESTAT:ISOC_E_DII(1.0),27/02/26 11:00:00,A,50-249,C10-S951_X_K,E_DI_VHI,PC_ENT,EA,2016,2.54,b,
ESTAT:ISOC_E_DII(1.0),27/02/26 11:00:00,A,50-249,C10-S951_X_K,E_DI_VHI,PC_ENT,EA,2017,7.44,,
ESTAT:ISOC_E_DII(1.0),27/02/26 11:00:00,A,50-249,C10-S951_X_K,E_DI_VHI,PC_ENT,EA,2018,3.69,,
ESTAT:ISOC_E_DII(1.0),27/02/26 11:00:00,A,50-249,C10-S951_X_K,E_DI_VHI,PC_ENT,EA,2019,7.09,,
ESTAT:ISOC_E_DII(1.0),27/02/26 11:00:00,A,50-249,C10-S951_X_K,E_DI_VHI,PC_ENT,EE,2015,5.51,,
ESTAT:ISOC_E_DII(1.0),27/02/26 11:00:00,A,50-249,C10-S951_X_K,E_DI_VHI,PC_ENT,EE,2016,4.33,b,
ESTAT:ISOC_E_DII(1.0),27/02/26 11:00:00,A,50-249,C10-S951_X_K,E_DI_VHI,PC_ENT,EE,2017,6.03,b,
ESTAT:ISOC_E_DII(1.0),27/02/26 11:00:00,A,50-249,C10-S951_X_K,E_DI_VHI,PC_ENT,EE,2018,5.69,b,
ESTAT:ISOC_E_DII(1.0),27/02/26 11:00:00,A,50-249,C10-S951_X_K,E_DI_VHI,PC_ENT,EE,2019,7.35,b,
ESTAT:ISOC_E_DII(1.0),27/02/26 11:00:00,A,50-249,C10-S951_X_K,E_DI_VHI,PC_ENT,EL,2015,0,,
ESTAT:ISOC_E_DII(1.0),27/02/26 11:00:00,A,50-249,C10-S951_X_K,E_DI_VHI,PC_ENT,EL,2016,3.32,b,
ESTAT:ISOC_E_DII(1.0),27/02/26 11:00:00,A,50-249,C10-S951_X_K,E_DI_VHI,PC_ENT,EL,2017,3.51,b,
ESTAT:ISOC_E_DII(1.0),27/02/26 11:00:00,A,50-249,C10-S951_X_K,E_DI_VHI,PC_ENT,EL,2018,2.20,b,
ESTAT:ISOC_E_DII(1.0),27/02/26 11:00:00,A,50-249,C10-S951_X_K,E_DI_VHI,PC_ENT,EL,2019,0.14,b,
ESTAT:ISOC_E_DII(1.0),27/02/26 11:00:00,A,50-249,C10-S951_X_K,E_DI_VHI,PC_ENT,ES,2015,5.91,,
ESTAT:ISOC_E_DII(1.0),27/02/26 11:00:00,A,50-249,C10-S951_X_K,E_DI_VHI,PC_ENT,ES,2016,4.96,b,
ESTAT:ISOC_E_DII(1.0),27/02/26 11:00:00,A,50-249,C10-S951_X_K,E_DI_VHI,PC_ENT,ES,2017,7.41,b,
ESTAT:ISOC_E_DII(1.0),27/02/26 11:00:00,A,50-249,C10-S951_X_K,E_DI_VHI,PC_ENT,ES,2018,2.28,b,
ESTAT:ISOC_E_DII(1.0),27/02/26 11:00:00,A,50-249,C10-S951_X_K,E_DI_VHI,PC_ENT,ES,2019,3.17,b,
ESTAT:ISOC_E_DII(1.0),27/02/26 11:00:00,A,50-249,C10-S951_X_K,E_DI_VHI,PC_ENT,EU15,2015,4.62,,
ESTAT:ISOC_E_DII(1.0),27/02/26 11:00:00,A,50-249,C10-S951_X_K,E_DI_VHI,PC_ENT,EU15,2016,3.12,b,
ESTAT:ISOC_E_DII(1.0),27/02/26 11:00:00,A,50-249,C10-S951_X_K,E_DI_VHI,PC_ENT,EU15,2017,7.04,,
ESTAT:ISOC_E_DII(1.0),27/02/26 11:00:00,A,50-249,C10-S951_X_K,E_DI_VHI,PC_ENT,EU15,2018,4.30,,
ESTAT:ISOC_E_DII(1.0),27/02/26 11:00:00,A,50-249,C10-S951_X_K,E_DI_VHI,PC_ENT,EU27_2007,2015,4.34,,
ESTAT:ISOC_E_DII(1.0),27/02/26 11:00:00,A,50-249,C10-S951_X_K,E_DI_VHI,PC_ENT,EU27_2007,2016,2.96,b,
ESTAT:ISOC_E_DII(1.0),27/02/26 11:00:00,A,50-249,C10-S951_X_K,E_DI_VHI,PC_ENT,EU27_2007,2017,6.36,,
ESTAT:ISOC_E_DII(1.0),27/02/26 11:00:00,A,50-249,C10-S951_X_K,E_DI_VHI,PC_ENT,EU27_2007,2018,4.07,,
ESTAT:ISOC_E_DII(1.0),27/02/26 11:00:00,A,50-249,C10-S951_X_K,E_DI_VHI,PC_ENT,EU27_2020,2015,4.38,,
ESTAT:ISOC_E_DII(1.0),27/02/26 11:00:00,A,50-249,C10-S951_X_K,E_DI_VHI,PC_ENT,EU27_2020,2016,2.98,,
ESTAT:ISOC_E_DII(1.0),27/02/26 11:00:00,A,50-249,C10-S951_X_K,E_DI_VHI,PC_ENT,EU27_2020,2017,6.93,,
ESTAT:ISOC_E_DII(1.0),27/02/26 11:00:00,A,50-249,C10-S951_X_K,E_DI_VHI,PC_ENT,EU27_2020,2018,4.10,,
ESTAT:ISOC_E_DII(1.0),27/02/26 11:00:00,A,50-249,C10-S951_X_K,E_DI_VHI,PC_ENT,EU27_2020,2019,6.98,,
ESTAT:ISOC_E_DII(1.0),27/02/26 11:00:00,A,50-249,C10-S951_X_K,E_DI_VHI,PC_ENT,EU28,2015,4.33,,
ESTAT:ISOC_E_DII(1.0),27/02/26 11:00:00,A,50-249,C10-S951_X_K,E_DI_VHI,PC_ENT,EU28,2016,2.97,b,
ESTAT:ISOC_E_DII(1.0),27/02/26 11:00:00,A,50-249,C10-S951_X_K,E_DI_VHI,PC_ENT,EU28,2017,6.35,,
ESTAT:ISOC_E_DII(1.0),27/02/26 11:00:00,A,50-249,C10-S951_X_K,E_DI_VHI,PC_ENT,EU28,2018,4.08,,
ESTAT:ISOC_E_DII(1.0),27/02/26 11:00:00,A,50-249,C10-S951_X_K,E_DI_VHI,PC_ENT,EU28,2019,6.94,,
ESTAT:ISOC_E_DII(1.0),27/02/26 11:00:00,A,50-249,C10-S951_X_K,E_DI_VHI,PC_ENT,FI,2015,15.66,,
ESTAT:ISOC_E_DII(1.0),27/02/26 11:00:00,A,50-249,C10-S951_X_K,E_DI_VHI,PC_ENT,FI,2016,15.94,b,
ESTAT:ISOC_E_DII(1.0),27/02/26 11:00:00,A,50-249,C10-S951_X_K,E_DI_VHI,PC_ENT,FI,2017,2.86,b,
ESTAT:ISOC_E_DII(1.0),27/02/26 11:00:00,A,50-249,C10-S951_X_K,E_DI_VHI,PC_ENT,FI,2018,21.21,b,
ESTAT:ISOC_E_DII(1.0),27/02/26 11:00:00,A,50-249,C10-S951_X_K,E_DI_VHI,PC_ENT,FI,2019,16.95,b,
ESTAT:ISOC_E_DII(1.0),27/02/26 11:00:00,A,50-249,C10-S951_X_K,E_DI_VHI,PC_ENT,FR,2015,4.28,,
ESTAT:ISOC_E_DII(1.0),27/02/26 11:00:00,A,50-249,C10-S951_X_K,E_DI_VHI,PC_ENT,FR,2016,2.45,b,
ESTAT:ISOC_E_DII(1.0),27/02/26 11:00:00,A,50-249,C10-S951_X_K,E_DI_VHI,PC_ENT,FR,2017,4.80,b,
ESTAT:ISOC_E_DII(1.0),27/02/26 11:00:00,A,50-249,C10-S951_X_K,E_DI_VHI,PC_ENT,FR,2018,3.81,b,
ESTAT:ISOC_E_DII(1.0),27/02/26 11:00:00,A,50-249,C10-S951_X_K,E_DI_VHI,PC_ENT,FR,2019,5.96,b,
ESTAT:ISOC_E_DII(1.0),27/02/26 11:00:00,A,50-249,C10-S951_X_K,E_DI_VHI,PC_ENT,HR,2015,3.34,,
ESTAT:ISOC_E_DII(1.0),27/02/26 11:00:00,A,50-249,C10-S951_X_K,E_DI_VHI,PC_ENT,HR,2016,3.76,b,
ESTAT:ISOC_E_DII(1.0),27/02/26 11:00:00,A,50-249,C10-S951_X_K,E_DI_VHI,PC_ENT,HR,2017,5.47,b,
ESTAT:ISOC_E_DII(1.0),27/02/26 11:00:00,A,50-249,C10-S951_X_K,E_DI_VHI,PC_ENT,HR,2018,4.33,b,
ESTAT:ISOC_E_DII(1.0),27/02/26 11:00:00,A,50-249,C10-S951_X_K,E_DI_VHI,PC_ENT,HR,2019,8.49,b,
ESTAT:ISOC_E_DII(1.0),27/02/26 11:00:00,A,50-249,C10-S951_X_K,E_DI_VHI,PC_ENT,HU,2015,2.99,,
ESTAT:ISOC_E_DII(1.0),27/02/26 11:00:00,A,50-249,C10-S951_X_K,E_DI_VHI,PC_ENT,HU,2016,2.55,b,
ESTAT:ISOC_E_DII(1.0),27/02/26 11:00:00,A,50-249,C10-S951_X_K,E_DI_VHI,PC_ENT,HU,2017,3.80,b,
ESTAT:ISOC_E_DII(1.0),27/02/26 11:00:00,A,50-249,C10-S951_X_K,E_DI_VHI,PC_ENT,HU,2018,3.71,b,
ESTAT:ISOC_E_DII(1.0),27/02/26 11:00:00,A,50-249,C10-S951_X_K,E_DI_VHI,PC_ENT,HU,2019,3.56,b,
ESTAT:ISOC_E_DII(1.0),27/02/26 11:00:00,A,50-249,C10-S951_X_K,E_DI_VHI,PC_ENT,IE,2015,6.07,,
ESTAT:ISOC_E_DII(1.0),27/02/26 11:00:00,A,50-249,C10-S951_X_K,E_DI_VHI,PC_ENT,IE,2016,1.22,b,
ESTAT:ISOC_E_DII(1.0),27/02/26 11:00:00,A,50-249,C10-S951_X_K,E_DI_VHI,PC_ENT,IE,2017,4.62,b,
ESTAT:ISOC_E_DII(1.0),27/02/26 11:00:00,A,50-249,C10-S951_X_K,E_DI_VHI,PC_ENT,IE,2018,5.63,b,
ESTAT:ISOC_E_DII(1.0),27/02/26 11:00:00,A,50-249,C10-S951_X_K,E_DI_VHI,PC_ENT,IE,2019,6.13,b,
ESTAT:ISOC_E_DII(1.0),27/02/26 11:00:00,A,50-249,C10-S951_X_K,E_DI_VHI,PC_ENT,IT,2015,1.70,,
ESTAT:ISOC_E_DII(1.0),27/02/26 11:00:00,A,50-249,C10-S951_X_K,E_DI_VHI,PC_ENT,IT,2016,1.49,b,
ESTAT:ISOC_E_DII(1.0),27/02/26 11:00:00,A,50-249,C10-S951_X_K,E_DI_VHI,PC_ENT,IT,2017,3.50,b,
ESTAT:ISOC_E_DII(1.0),27/02/26 11:00:00,A,50-249,C10-S951_X_K,E_DI_VHI,PC_ENT,IT,2018,3.51,b,
ESTAT:ISOC_E_DII(1.0),27/02/26 11:00:00,A,50-249,C10-S951_X_K,E_DI_VHI,PC_ENT,IT,2019,4.86,b,
ESTAT:ISOC_E_DII(1.0),27/02/26 11:00:00,A,50-249,C10-S951_X_K,E_DI_VHI,PC_ENT,LT,2015,8.50,,
ESTAT:ISOC_E_DII(1.0),27/02/26 11:00:00,A,50-249,C10-S951_X_K,E_DI_VHI,PC_ENT,LT,2016,4.21,b,
ESTAT:ISOC_E_DII(1.0),27/02/26 11:00:00,A,50-249,C10-S951_X_K,E_DI_VHI,PC_ENT,LT,2017,9.60,b,
ESTAT:ISOC_E_DII(1.0),27/02/26 11:00:00,A,50-249,C10-S951_X_K,E_DI_VHI,PC_ENT,LT,2018,8.73,b,
ESTAT:ISOC_E_DII(1.0),27/02/26 11:00:00,A,50-249,C10-S951_X_K,E_DI_VHI,PC_ENT,LT,2019,11.34,b,
ESTAT:ISOC_E_DII(1.0),27/02/26 11:00:00,A,50-249,C10-S951_X_K,E_DI_VHI,PC_ENT,LU,2015,3.32,,
ESTAT:ISOC_E_DII(1.0),27/02/26 11:00:00,A,50-249,C10-S951_X_K,E_DI_VHI,PC_ENT,LU,2016,1.50,b,
ESTAT:ISOC_E_DII(1.0),27/02/26 11:00:00,A,50-249,C10-S951_X_K,E_DI_VHI,PC_ENT,LU,2017,4.04,b,
ESTAT:ISOC_E_DII(1.0),27/02/26 11:00:00,A,50-249,C10-S951_X_K,E_DI_VHI,PC_ENT,LU,2018,1.68,b,
ESTAT:ISOC_E_DII(1.0),27/02/26 11:00:00,A,50-249,C10-S951_X_K,E_DI_VHI,PC_ENT,LU,2019,4.15,b,
ESTAT:ISOC_E_DII(1.0),27/02/26 11:00:00,A,50-249,C10-S951_X_K,E_DI_VHI,PC_ENT,LV,2015,3.40,,
ESTAT:ISOC_E_DII(1.0),27/02/26 11:00:00,A,50-249,C10-S951_X_K,E_DI_VHI,PC_ENT,LV,2016,1.94,b,
ESTAT:ISOC_E_DII(1.0),27/02/26 11:00:00,A,50-249,C10-S951_X_K,E_DI_VHI,PC_ENT,LV,2017,3.78,b,
ESTAT:ISOC_E_DII(1.0),27/02/26 11:00:00,A,50-249,C10-S951_X_K,E_DI_VHI,PC_ENT,LV,2018,0.07,b,
ESTAT:ISOC_E_DII(1.0),27/02/26 11:00:00,A,50-249,C10-S951_X_K,E_DI_VHI,PC_ENT,LV,2019,2.27,b,
ESTAT:ISOC_E_DII(1.0),27/02/26 11:00:00,A,50-249,C10-S951_X_K,E_DI_VHI,PC_ENT,ME,2017,5.44,b,
ESTAT:ISOC_E_DII(1.0),27/02/26 11:00:00,A,50-249,C10-S951_X_K,E_DI_VHI,PC_ENT,ME,2018,4.10,b,
ESTAT:ISOC_E_DII(1.0),27/02/26 11:00:00,A,50-249,C10-S951_X_K,E_DI_VHI,PC_ENT,ME,2019,5.23,b,
ESTAT:ISOC_E_DII(1.0),27/02/26 11:00:00,A,50-249,C10-S951_X_K,E_DI_VHI,PC_ENT,MK,2015,1.20,,
ESTAT:ISOC_E_DII(1.0),27/02/26 11:00:00,A,50-249,C10-S951_X_K,E_DI_VHI,PC_ENT,MK,2016,0.17,b,
ESTAT:ISOC_E_DII(1.0),27/02/26 11:00:00,A,50-249,C10-S951_X_K,E_DI_VHI,PC_ENT,MT,2015,5.32,,
ESTAT:ISOC_E_DII(1.0),27/02/26 11:00:00,A,50-249,C10-S951_X_K,E_DI_VHI,PC_ENT,MT,2016,2.40,b,
ESTAT:ISOC_E_DII(1.0),27/02/26 11:00:00,A,50-249,C10-S951_X_K,E_DI_VHI,PC_ENT,MT,2017,4.78,b,
ESTAT:ISOC_E_DII(1.0),27/02/26 11:00:00,A,50-249,C10-S951_X_K,E_DI_VHI,PC_ENT,MT,2018,8.43,b,
ESTAT:ISOC_E_DII(1.0),27/02/26 11:00:00,A,50-249,C10-S951_X_K,E_DI_VHI,PC_ENT,MT,2019,6.32,b,
ESTAT:ISOC_E_DII(1.0),27/02/26 11:00:00,A,50-249,C10-S951_X_K,E_DI_VHI,PC_ENT,NL,2015,10.29,,
ESTAT:ISOC_E_DII(1.0),27/02/26 11:00:00,A,50-249,C10-S951_X_K,E_DI_VHI,PC_ENT,NL,2016,5.02,b,
ESTAT:ISOC_E_DII(1.0),27/02/26 11:00:00,A,50-249,C10-S951_X_K,E_DI_VHI,PC_ENT,NL,2017,12.34,b,
ESTAT:ISOC_E_DII(1.0),27/02/26 11:00:00,A,50-249,C10-S951_X_K,E_DI_VHI,PC_ENT,NL,2018,8.19,b,
ESTAT:ISOC_E_DII(1.0),27/02/26 11:00:00,A,50-249,C10-S951_X_K,E_DI_VHI,PC_ENT,NL,2019,8.89,b,
ESTAT:ISOC_E_DII(1.0),27/02/26 11:00:00,A,50-249,C10-S951_X_K,E_DI_VHI,PC_ENT,NO,2015,15.80,,
ESTAT:ISOC_E_DII(1.0),27/02/26 11:00:00,A,50-249,C10-S951_X_K,E_DI_VHI,PC_ENT,NO,2016,17.23,b,
ESTAT:ISOC_E_DII(1.0),27/02/26 11:00:00,A,50-249,C10-S951_X_K,E_DI_VHI,PC_ENT,NO,2017,14.68,b,
ESTAT:ISOC_E_DII(1.0),27/02/26 11:00:00,A,50-249,C10-S951_X_K,E_DI_VHI,PC_ENT,NO,2018,17.11,b,
ESTAT:ISOC_E_DII(1.0),27/02/26 11:00:00,A,50-249,C10-S951_X_K,E_DI_VHI,PC_ENT,NO,2019,11.74,b,
ESTAT:ISOC_E_DII(1.0),27/02/26 11:00:00,A,50-249,C10-S951_X_K,E_DI_VHI,PC_ENT,PL,2015,3.42,,
ESTAT:ISOC_E_DII(1.0),27/02/26 11:00:00,A,50-249,C10-S951_X_K,E_DI_VHI,PC_ENT,PL,2016,2.14,b,
ESTAT:ISOC_E_DII(1.0),27/02/26 11:00:00,A,50-249,C10-S951_X_K,E_DI_VHI,PC_ENT,PL,2017,2.43,b,
ESTAT:ISOC_E_DII(1.0),27/02/26 11:00:00,A,50-249,C10-S951_X_K,E_DI_VHI,PC_ENT,PL,2018,2.79,b,
ESTAT:ISOC_E_DII(1.0),27/02/26 11:00:00,A,50-249,C10-S951_X_K,E_DI_VHI,PC_ENT,PL,2019,1.23,b,
ESTAT:ISOC_E_DII(1.0),27/02/26 11:00:00,A,50-249,C10-S951_X_K,E_DI_VHI,PC_ENT,PT,2015,2.83,,
ESTAT:ISOC_E_DII(1.0),27/02/26 11:00:00,A,50-249,C10-S951_X_K,E_DI_VHI,PC_ENT,PT,2016,2.38,b,
ESTAT:ISOC_E_DII(1.0),27/02/26 11:00:00,A,50-249,C10-S951_X_K,E_DI_VHI,PC_ENT,PT,2017,6.63,b,
ESTAT:ISOC_E_DII(1.0),27/02/26 11:00:00,A,50-249,C10-S951_X_K,E_DI_VHI,PC_ENT,PT,2018,2.94,b,
ESTAT:ISOC_E_DII(1.0),27/02/26 11:00:00,A,50-249,C10-S951_X_K,E_DI_VHI,PC_ENT,PT,2019,,bu,
ESTAT:ISOC_E_DII(1.0),27/02/26 11:00:00,A,50-249,C10-S951_X_K,E_DI_VHI,PC_ENT,RO,2015,1.98,,
ESTAT:ISOC_E_DII(1.0),27/02/26 11:00:00,A,50-249,C10-S951_X_K,E_DI_VHI,PC_ENT,RO,2016,1.05,b,
ESTAT:ISOC_E_DII(1.0),27/02/26 11:00:00,A,50-249,C10-S951_X_K,E_DI_VHI,PC_ENT,RO,2017,2.42,b,
ESTAT:ISOC_E_DII(1.0),27/02/26 11:00:00,A,50-249,C10-S951_X_K,E_DI_VHI,PC_ENT,RO,2018,1.70,b,
ESTAT:ISOC_E_DII(1.0),27/02/26 11:00:00,A,50-249,C10-S951_X_K,E_DI_VHI,PC_ENT,RO,2019,1.89,b,
ESTAT:ISOC_E_DII(1.0),27/02/26 11:00:00,A,50-249,C10-S951_X_K,E_DI_VHI,PC_ENT,RS,2017,5.77,b,
ESTAT:ISOC_E_DII(1.0),27/02/26 11:00:00,A,50-249,C10-S951_X_K,E_DI_VHI,PC_ENT,RS,2018,3.39,b,
ESTAT:ISOC_E_DII(1.0),27/02/26 11:00:00,A,50-249,C10-S951_X_K,E_DI_VHI,PC_ENT,RS,2019,4.78,b,
ESTAT:ISOC_E_DII(1.0),27/02/26 11:00:00,A,50-249,C10-S951_X_K,E_DI_VHI,PC_ENT,SE,2015,6.15,,
ESTAT:ISOC_E_DII(1.0),27/02/26 11:00:00,A,50-249,C10-S951_X_K,E_DI_VHI,PC_ENT,SE,2016,15.48,b,
ESTAT:ISOC_E_DII(1.0),27/02/26 11:00:00,A,50-249,C10-S951_X_K,E_DI_VHI,PC_ENT,SE,2017,13.66,b,
ESTAT:ISOC_E_DII(1.0),27/02/26 11:00:00,A,50-249,C10-S951_X_K,E_DI_VHI,PC_ENT,SE,2018,19.09,b,
ESTAT:ISOC_E_DII(1.0),27/02/26 11:00:00,A,50-249,C10-S951_X_K,E_DI_VHI,PC_ENT,SE,2019,23.38,b,
ESTAT:ISOC_E_DII(1.0),27/02/26 11:00:00,A,50-249,C10-S951_X_K,E_DI_VHI,PC_ENT,SI,2015,2.94,,
ESTAT:ISOC_E_DII(1.0),27/02/26 11:00:00,A,50-249,C10-S951_X_K,E_DI_VHI,PC_ENT,SI,2016,1.17,b,
ESTAT:ISOC_E_DII(1.0),27/02/26 11:00:00,A,50-249,C10-S951_X_K,E_DI_VHI,PC_ENT,SI,2017,8.45,b,
ESTAT:ISOC_E_DII(1.0),27/02/26 11:00:00,A,50-249,C10-S951_X_K,E_DI_VHI,PC_ENT,SI,2018,5.48,b,
ESTAT:ISOC_E_DII(1.0),27/02/26 11:00:00,A,50-249,C10-S951_X_K,E_DI_VHI,PC_ENT,SI,2019,4.81,b,
ESTAT:ISOC_E_DII(1.0),27/02/26 11:00:00,A,50-249,C10-S951_X_K,E_DI_VHI,PC_ENT,SK,2015,3.61,,
ESTAT:ISOC_E_DII(1.0),27/02/26 11:00:00,A,50-249,C10-S951_X_K,E_DI_VHI,PC_ENT,SK,2016,2.33,b,
ESTAT:ISOC_E_DII(1.0),27/02/26 11:00:00,A,50-249,C10-S951_X_K,E_DI_VHI,PC_ENT,SK,2017,3.69,b,
ESTAT:ISOC_E_DII(1.0),27/02/26 11:00:00,A,50-249,C10-S951_X_K,E_DI_VHI,PC_ENT,SK,2018,2.27,b,
ESTAT:ISOC_E_DII(1.0),27/02/26 11:00:00,A,50-249,C10-S951_X_K,E_DI_VHI,PC_ENT,SK,2019,5.03,b,
ESTAT:ISOC_E_DII(1.0),27/02/26 11:00:00,A,50-249,C10-S951_X_K,E_DI_VHI,PC_ENT,TR,2017,1.05,b,
ESTAT:ISOC_E_DII(1.0),27/02/26 11:00:00,A,50-249,C10-S951_X_K,E_DI_VHI,PC_ENT,UK,2015,3.98,,
ESTAT:ISOC_E_DII(1.0),27/02/26 11:00:00,A,50-249,C10-S951_X_K,E_DI_VHI,PC_ENT,UK,2016,2.86,b,
ESTAT:ISOC_E_DII(1.0),27/02/26 11:00:00,A,50-249,C10-S951_X_K,E_DI_VHI,PC_ENT,UK,2017,2.32,b,
ESTAT:ISOC_E_DII(1.0),27/02/26 11:00:00,A,50-249,C10-S951_X_K,E_DI_VHI,PC_ENT,UK,2018,3.93,b,
ESTAT:ISOC_E_DII(1.0),27/02/26 11:00:00,A,50-249,C10-S951_X_K,E_DI_VHI,PC_ENT,UK,2019,6.71,b,
ESTAT:ISOC_E_DII(1.0),27/02/26 11:00:00,A,50-249,C10-S951_X_K,E_DI_VLO,PC_ENT,AT,2015,12.77,,
ESTAT:ISOC_E_DII(1.0),27/02/26 11:00:00,A,50-249,C10-S951_X_K,E_DI_VLO,PC_ENT,AT,2016,19.60,b,
ESTAT:ISOC_E_DII(1.0),27/02/26 11:00:00,A,50-249,C10-S951_X_K,E_DI_VLO,PC_ENT,AT,2017,19.50,b,
ESTAT:ISOC_E_DII(1.0),27/02/26 11:00:00,A,50-249,C10-S951_X_K,E_DI_VLO,PC_ENT,AT,2018,27.73,b,
ESTAT:ISOC_E_DII(1.0),27/02/26 11:00:00,A,50-249,C10-S951_X_K,E_DI_VLO,PC_ENT,AT,2019,11.93,b,
ESTAT:ISOC_E_DII(1.0),27/02/26 11:00:00,A,50-249,C10-S951_X_K,E_DI_VLO,PC_ENT,BA,2018,45.14,b,
ESTAT:ISOC_E_DII(1.0),27/02/26 11:00:00,A,50-249,C10-S951_X_K,E_DI_VLO,PC_ENT,BA,2019,48.00,b,
ESTAT:ISOC_E_DII(1.0),27/02/26 11:00:00,A,50-249,C10-S951_X_K,E_DI_VLO,PC_ENT,BE,2015,12.49,,
ESTAT:ISOC_E_DII(1.0),27/02/26 11:00:00,A,50-249,C10-S951_X_K,E_DI_VLO,PC_ENT,BE,2016,16.79,b,
ESTAT:ISOC_E_DII(1.0),27/02/26 11:00:00,A,50-249,C10-S951_X_K,E_DI_VLO,PC_ENT,BE,2017,15.17,b,
ESTAT:ISOC_E_DII(1.0),27/02/26 11:00:00,A,50-249,C10-S951_X_K,E_DI_VLO,PC_ENT,BE,2018,20.85,b,
ESTAT:ISOC_E_DII(1.0),27/02/26 11:00:00,A,50-249,C10-S951_X_K,E_DI_VLO,PC_ENT,BE,2019,12.16,b,
ESTAT:ISOC_E_DII(1.0),27/02/26 11:00:00,A,50-249,C10-S951_X_K,E_DI_VLO,PC_ENT,BG,2015,45.78,,
ESTAT:ISOC_E_DII(1.0),27/02/26 11:00:00,A,50-249,C10-S951_X_K,E_DI_VLO,PC_ENT,BG,2016,48.55,b,
ESTAT:ISOC_E_DII(1.0),27/02/26 11:00:00,A,50-249,C10-S951_X_K,E_DI_VLO,PC_ENT,BG,2017,51.88,b,
ESTAT:ISOC_E_DII(1.0),27/02/26 11:00:00,A,50-249,C10-S951_X_K,E_DI_VLO,PC_ENT,BG,2018,54.21,b,
ESTAT:ISOC_E_DII(1.0),27/02/26 11:00:00,A,50-249,C10-S951_X_K,E_DI_VLO,PC_ENT,BG,2019,47.69,b,
ESTAT:ISOC_E_DII(1.0),27/02/26 11:00:00,A,50-249,C10-S951_X_K,E_DI_VLO,PC_ENT,CY,2015,18.74,,
ESTAT:ISOC_E_DII(1.0),27/02/26 11:00:00,A,50-249,C10-S951_X_K,E_DI_VLO,PC_ENT,CY,2016,24.02,b,
ESTAT:ISOC_E_DII(1.0),27/02/26 11:00:00,A,50-249,C10-S951_X_K,E_DI_VLO,PC_ENT,CY,2017,15.17,b,
ESTAT:ISOC_E_DII(1.0),27/02/26 11:00:00,A,50-249,C10-S951_X_K,E_DI_VLO,PC_ENT,CY,2018,21.20,b,
ESTAT:ISOC_E_DII(1.0),27/02/26 11:00:00,A,50-249,C10-S951_X_K,E_DI_VLO,PC_ENT,CY,2019,13.99,b,
ESTAT:ISOC_E_DII(1.0),27/02/26 11:00:00,A,50-249,C10-S951_X_K,E_DI_VLO,PC_ENT,CZ,2015,28.34,,
ESTAT:ISOC_E_DII(1.0),27/02/26 11:00:00,A,50-249,C10-S951_X_K,E_DI_VLO,PC_ENT,CZ,2016,32.95,b,
ESTAT:ISOC_E_DII(1.0),27/02/26 11:00:00,A,50-249,C10-S951_X_K,E_DI_VLO,PC_ENT,CZ,2017,32.74,b,
ESTAT:ISOC_E_DII(1.0),27/02/26 11:00:00,A,50-249,C10-S951_X_K,E_DI_VLO,PC_ENT,CZ,2018,38.29,b,
ESTAT:ISOC_E_DII(1.0),27/02/26 11:00:00,A,50-249,C10-S951_X_K,E_DI_VLO,PC_ENT,CZ,2019,12.00,b,
ESTAT:ISOC_E_DII(1.0),27/02/26 11:00:00,A,50-249,C10-S951_X_K,E_DI_VLO,PC_ENT,DE,2015,18.82,,
ESTAT:ISOC_E_DII(1.0),27/02/26 11:00:00,A,50-249,C10-S951_X_K,E_DI_VLO,PC_ENT,DE,2016,33.71,b,
ESTAT:ISOC_E_DII(1.0),27/02/26 11:00:00,A,50-249,C10-S951_X_K,E_DI_VLO,PC_ENT,DE,2017,17.95,b,
ESTAT:ISOC_E_DII(1.0),27/02/26 11:00:00,A,50-249,C10-S951_X_K,E_DI_VLO,PC_ENT,DE,2018,30.18,b,
ESTAT:ISOC_E_DII(1.0),27/02/26 11:00:00,A,50-249,C10-S951_X_K,E_DI_VLO,PC_ENT,DE,2019,16.93,b,
ESTAT:ISOC_E_DII(1.0),27/02/26 11:00:00,A,50-249,C10-S951_X_K,E_DI_VLO,PC_ENT,DK,2015,8.11,,
ESTAT:ISOC_E_DII(1.0),27/02/26 11:00:00,A,50-249,C10-S951_X_K,E_DI_VLO,PC_ENT,DK,2016,6.68,b,
ESTAT:ISOC_E_DII(1.0),27/02/26 11:00:00,A,50-249,C10-S951_X_K,E_DI_VLO,PC_ENT,DK,2017,8.22,b,
ESTAT:ISOC_E_DII(1.0),27/02/26 11:00:00,A,50-249,C10-S951_X_K,E_DI_VLO,PC_ENT,DK,2018,6.48,b,
ESTAT:ISOC_E_DII(1.0),27/02/26 11:00:00,A,50-249,C10-S951_X_K,E_DI_VLO,PC_ENT,DK,2019,4.26,b,
ESTAT:ISOC_E_DII(1.0),27/02/26 11:00:00,A,50-249,C10-S951_X_K,E_DI_VLO,PC_ENT,EA,2015,21.89,,
ESTAT:ISOC_E_DII(1.0),27/02/26 11:00:00,A,50-249,C10-S951_X_K,E_DI_VLO,PC_ENT,EA,2016,29.90,b,
ESTAT:ISOC_E_DII(1.0),27/02/26 11:00:00,A,50-249,C10-S951_X_K,E_DI_VLO,PC_ENT,EA,2017,22.18,,
ESTAT:ISOC_E_DII(1.0),27/02/26 11:00:00,A,50-249,C10-S951_X_K,E_DI_VLO,PC_ENT,EA,2018,30.87,,
ESTAT:ISOC_E_DII(1.0),27/02/26 11:00:00,A,50-249,C10-S951_X_K,E_DI_VLO,PC_ENT,EA,2019,19.32,,
ESTAT:ISOC_E_DII(1.0),27/02/26 11:00:00,A,50-249,C10-S951_X_K,E_DI_VLO,PC_ENT,EE,2015,25.06,,
ESTAT:ISOC_E_DII(1.0),27/02/26 11:00:00,A,50-249,C10-S951_X_K,E_DI_VLO,PC_ENT,EE,2016,25.52,b,
ESTAT:ISOC_E_DII(1.0),27/02/26 11:00:00,A,50-249,C10-S951_X_K,E_DI_VLO,PC_ENT,EE,2017,29.02,b,
ESTAT:ISOC_E_DII(1.0),27/02/26 11:00:00,A,50-249,C10-S951_X_K,E_DI_VLO,PC_ENT,EE,2018,27.07,b,
ESTAT:ISOC_E_DII(1.0),27/02/26 11:00:00,A,50-249,C10-S951_X_K,E_DI_VLO,PC_ENT,EE,2019,28.67,b,
ESTAT:ISOC_E_DII(1.0),27/02/26 11:00:00,A,50-249,C10-S951_X_K,E_DI_VLO,PC_ENT,EL,2015,25.64,,
ESTAT:ISOC_E_DII(1.0),27/02/26 11:00:00,A,50-249,C10-S951_X_K,E_DI_VLO,PC_ENT,EL,2016,23.79,b,
ESTAT:ISOC_E_DII(1.0),27/02/26 11:00:00,A,50-249,C10-S951_X_K,E_DI_VLO,PC_ENT,EL,2017,29.89,b,
ESTAT:ISOC_E_DII(1.0),27/02/26 11:00:00,A,50-249,C10-S951_X_K,E_DI_VLO,PC_ENT,EL,2018,29.36,b,
ESTAT:ISOC_E_DII(1.0),27/02/26 11:00:00,A,50-249,C10-S951_X_K,E_DI_VLO,PC_ENT,EL,2019,42.56,b,
ESTAT:ISOC_E_DII(1.0),27/02/26 11:00:00,A,50-249,C10-S951_X_K,E_DI_VLO,PC_ENT,ES,2015,23.21,,
ESTAT:ISOC_E_DII(1.0),27/02/26 11:00:00,A,50-249,C10-S951_X_K,E_DI_VLO,PC_ENT,ES,2016,24.68,b,
ESTAT:ISOC_E_DII(1.0),27/02/26 11:00:00,A,50-249,C10-S951_X_K,E_DI_VLO,PC_ENT,ES,2017,26.09,b,
ESTAT:ISOC_E_DII(1.0),27/02/26 11:00:00,A,50-249,C10-S951_X_K,E_DI_VLO,PC_ENT,ES,2018,41.02,b,
ESTAT:ISOC_E_DII(1.0),27/02/26 11:00:00,A,50-249,C10-S951_X_K,E_DI_VLO,PC_ENT,ES,2019,24.96,b,
ESTAT:ISOC_E_DII(1.0),27/02/26 11:00:00,A,50-249,C10-S951_X_K,E_DI_VLO,PC_ENT,EU15,2015,20.68,,
ESTAT:ISOC_E_DII(1.0),27/02/26 11:00:00,A,50-249,C10-S951_X_K,E_DI_VLO,PC_ENT,EU15,2016,27.78,b,
ESTAT:ISOC_E_DII(1.0),27/02/26 11:00:00,A,50-249,C10-S951_X_K,E_DI_VLO,PC_ENT,EU15,2017,21.52,,
ESTAT:ISOC_E_DII(1.0),27/02/26 11:00:00,A,50-249,C10-S951_X_K,E_DI_VLO,PC_ENT,EU15,2018,28.17,,
ESTAT:ISOC_E_DII(1.0),27/02/26 11:00:00,A,50-249,C10-S951_X_K,E_DI_VLO,PC_ENT,EU27_2007,2015,24.09,,
ESTAT:ISOC_E_DII(1.0),27/02/26 11:00:00,A,50-249,C10-S951_X_K,E_DI_VLO,PC_ENT,EU27_2007,2016,30.24,b,
ESTAT:ISOC_E_DII(1.0),27/02/26 11:00:00,A,50-249,C10-S951_X_K,E_DI_VLO,PC_ENT,EU27_2007,2017,24.85,,
ESTAT:ISOC_E_DII(1.0),27/02/26 11:00:00,A,50-249,C10-S951_X_K,E_DI_VLO,PC_ENT,EU27_2007,2018,30.93,,
ESTAT:ISOC_E_DII(1.0),27/02/26 11:00:00,A,50-249,C10-S951_X_K,E_DI_VLO,PC_ENT,EU27_2020,2015,24.82,,
ESTAT:ISOC_E_DII(1.0),27/02/26 11:00:00,A,50-249,C10-S951_X_K,E_DI_VLO,PC_ENT,EU27_2020,2016,31.47,,
ESTAT:ISOC_E_DII(1.0),27/02/26 11:00:00,A,50-249,C10-S951_X_K,E_DI_VLO,PC_ENT,EU27_2020,2017,25.20,,
ESTAT:ISOC_E_DII(1.0),27/02/26 11:00:00,A,50-249,C10-S951_X_K,E_DI_VLO,PC_ENT,EU27_2020,2018,32.57,,
ESTAT:ISOC_E_DII(1.0),27/02/26 11:00:00,A,50-249,C10-S951_X_K,E_DI_VLO,PC_ENT,EU27_2020,2019,22.63,,
ESTAT:ISOC_E_DII(1.0),27/02/26 11:00:00,A,50-249,C10-S951_X_K,E_DI_VLO,PC_ENT,EU28,2015,24.15,,
ESTAT:ISOC_E_DII(1.0),27/02/26 11:00:00,A,50-249,C10-S951_X_K,E_DI_VLO,PC_ENT,EU28,2016,30.26,b,
ESTAT:ISOC_E_DII(1.0),27/02/26 11:00:00,A,50-249,C10-S951_X_K,E_DI_VLO,PC_ENT,EU28,2017,24.93,,
ESTAT:ISOC_E_DII(1.0),27/02/26 11:00:00,A,50-249,C10-S951_X_K,E_DI_VLO,PC_ENT,EU28,2018,30.99,,
ESTAT:ISOC_E_DII(1.0),27/02/26 11:00:00,A,50-249,C10-S951_X_K,E_DI_VLO,PC_ENT,EU28,2019,21.53,,
ESTAT:ISOC_E_DII(1.0),27/02/26 11:00:00,A,50-249,C10-S951_X_K,E_DI_VLO,PC_ENT,FI,2015,8.03,,
ESTAT:ISOC_E_DII(1.0),27/02/26 11:00:00,A,50-249,C10-S951_X_K,E_DI_VLO,PC_ENT,FI,2016,4.20,b,
ESTAT:ISOC_E_DII(1.0),27/02/26 11:00:00,A,50-249,C10-S951_X_K,E_DI_VLO,PC_ENT,FI,2017,6.62,b,
ESTAT:ISOC_E_DII(1.0),27/02/26 11:00:00,A,50-249,C10-S951_X_K,E_DI_VLO,PC_ENT,FI,2018,4.61,b,
ESTAT:ISOC_E_DII(1.0),27/02/26 11:00:00,A,50-249,C10-S951_X_K,E_DI_VLO,PC_ENT,FI,2019,4.25,b,
ESTAT:ISOC_E_DII(1.0),27/02/26 11:00:00,A,50-249,C10-S951_X_K,E_DI_VLO,PC_ENT,FR,2015,23.54,,
ESTAT:ISOC_E_DII(1.0),27/02/26 11:00:00,A,50-249,C10-S951_X_K,E_DI_VLO,PC_ENT,FR,2016,31.39,b,
ESTAT:ISOC_E_DII(1.0),27/02/26 11:00:00,A,50-249,C10-S951_X_K,E_DI_VLO,PC_ENT,FR,2017,22.97,b,
ESTAT:ISOC_E_DII(1.0),27/02/26 11:00:00,A,50-249,C10-S951_X_K,E_DI_VLO,PC_ENT,FR,2018,30.23,b,
ESTAT:ISOC_E_DII(1.0),27/02/26 11:00:00,A,50-249,C10-S951_X_K,E_DI_VLO,PC_ENT,FR,2019,18.56,b,
ESTAT:ISOC_E_DII(1.0),27/02/26 11:00:00,A,50-249,C10-S951_X_K,E_DI_VLO,PC_ENT,HR,2015,31.94,,
ESTAT:ISOC_E_DII(1.0),27/02/26 11:00:00,A,50-249,C10-S951_X_K,E_DI_VLO,PC_ENT,HR,2016,33.02,b,
ESTAT:ISOC_E_DII(1.0),27/02/26 11:00:00,A,50-249,C10-S951_X_K,E_DI_VLO,PC_ENT,HR,2017,34.96,b,
ESTAT:ISOC_E_DII(1.0),27/02/26 11:00:00,A,50-249,C10-S951_X_K,E_DI_VLO,PC_ENT,HR,2018,39.99,b,
ESTAT:ISOC_E_DII(1.0),27/02/26 11:00:00,A,50-249,C10-S951_X_K,E_DI_VLO,PC_ENT,HR,2019,32.16,b,
ESTAT:ISOC_E_DII(1.0),27/02/26 11:00:00,A,50-249,C10-S951_X_K,E_DI_VLO,PC_ENT,HU,2015,39.03,,
ESTAT:ISOC_E_DII(1.0),27/02/26 11:00:00,A,50-249,C10-S951_X_K,E_DI_VLO,PC_ENT,HU,2016,41.06,b,
ESTAT:ISOC_E_DII(1.0),27/02/26 11:00:00,A,50-249,C10-S951_X_K,E_DI_VLO,PC_ENT,HU,2017,40.77,b,
ESTAT:ISOC_E_DII(1.0),27/02/26 11:00:00,A,50-249,C10-S951_X_K,E_DI_VLO,PC_ENT,HU,2018,40.04,b,
ESTAT:ISOC_E_DII(1.0),27/02/26 11:00:00,A,50-249,C10-S951_X_K,E_DI_VLO,PC_ENT,HU,2019,41.49,b,
ESTAT:ISOC_E_DII(1.0),27/02/26 11:00:00,A,50-249,C10-S951_X_K,E_DI_VLO,PC_ENT,IE,2015,23.62,,
ESTAT:ISOC_E_DII(1.0),27/02/26 11:00:00,A,50-249,C10-S951_X_K,E_DI_VLO,PC_ENT,IE,2016,24.00,b,
ESTAT:ISOC_E_DII(1.0),27/02/26 11:00:00,A,50-249,C10-S951_X_K,E_DI_VLO,PC_ENT,IE,2017,21.61,b,
ESTAT:ISOC_E_DII(1.0),27/02/26 11:00:00,A,50-249,C10-S951_X_K,E_DI_VLO,PC_ENT,IE,2018,21.19,b,
ESTAT:ISOC_E_DII(1.0),27/02/26 11:00:00,A,50-249,C10-S951_X_K,E_DI_VLO,PC_ENT,IE,2019,14.83,b,
ESTAT:ISOC_E_DII(1.0),27/02/26 11:00:00,A,50-249,C10-S951_X_K,E_DI_VLO,PC_ENT,IT,2015,34.76,,
ESTAT:ISOC_E_DII(1.0),27/02/26 11:00:00,A,50-249,C10-S951_X_K,E_DI_VLO,PC_ENT,IT,2016,39.60,b,
ESTAT:ISOC_E_DII(1.0),27/02/26 11:00:00,A,50-249,C10-S951_X_K,E_DI_VLO,PC_ENT,IT,2017,35.77,b,
ESTAT:ISOC_E_DII(1.0),27/02/26 11:00:00,A,50-249,C10-S951_X_K,E_DI_VLO,PC_ENT,IT,2018,39.66,b,
ESTAT:ISOC_E_DII(1.0),27/02/26 11:00:00,A,50-249,C10-S951_X_K,E_DI_VLO,PC_ENT,IT,2019,24.32,b,
ESTAT:ISOC_E_DII(1.0),27/02/26 11:00:00,A,50-249,C10-S951_X_K,E_DI_VLO,PC_ENT,LT,2015,21.78,,
ESTAT:ISOC_E_DII(1.0),27/02/26 11:00:00,A,50-249,C10-S951_X_K,E_DI_VLO,PC_ENT,LT,2016,26.41,b,
ESTAT:ISOC_E_DII(1.0),27/02/26 11:00:00,A,50-249,C10-S951_X_K,E_DI_VLO,PC_ENT,LT,2017,19.77,b,
ESTAT:ISOC_E_DII(1.0),27/02/26 11:00:00,A,50-249,C10-S951_X_K,E_DI_VLO,PC_ENT,LT,2018,23.99,b,
ESTAT:ISOC_E_DII(1.0),27/02/26 11:00:00,A,50-249,C10-S951_X_K,E_DI_VLO,PC_ENT,LT,2019,16.79,b,
ESTAT:ISOC_E_DII(1.0),27/02/26 11:00:00,A,50-249,C10-S951_X_K,E_DI_VLO,PC_ENT,LU,2015,22.51,,
ESTAT:ISOC_E_DII(1.0),27/02/26 11:00:00,A,50-249,C10-S951_X_K,E_DI_VLO,PC_ENT,LU,2016,26.60,b,
ESTAT:ISOC_E_DII(1.0),27/02/26 11:00:00,A,50-249,C10-S951_X_K,E_DI_VLO,PC_ENT,LU,2017,23.95,b,
ESTAT:ISOC_E_DII(1.0),27/02/26 11:00:00,A,50-249,C10-S951_X_K,E_DI_VLO,PC_ENT,LU,2018,27.12,b,
ESTAT:ISOC_E_DII(1.0),27/02/26 11:00:00,A,50-249,C10-S951_X_K,E_DI_VLO,PC_ENT,LU,2019,21.35,b,
ESTAT:ISOC_E_DII(1.0),27/02/26 11:00:00,A,50-249,C10-S951_X_K,E_DI_VLO,PC_ENT,LV,2015,37.21,,
ESTAT:ISOC_E_DII(1.0),27/02/26 11:00:00,A,50-249,C10-S951_X_K,E_DI_VLO,PC_ENT,LV,2016,36.28,b,
ESTAT:ISOC_E_DII(1.0),27/02/26 11:00:00,A,50-249,C10-S951_X_K,E_DI_VLO,PC_ENT,LV,2017,40.46,b,
ESTAT:ISOC_E_DII(1.0),27/02/26 11:00:00,A,50-249,C10-S951_X_K,E_DI_VLO,PC_ENT,LV,2018,43.68,b,
ESTAT:ISOC_E_DII(1.0),27/02/26 11:00:00,A,50-249,C10-S951_X_K,E_DI_VLO,PC_ENT,LV,2019,39.92,b,
ESTAT:ISOC_E_DII(1.0),27/02/26 11:00:00,A,50-249,C10-S951_X_K,E_DI_VLO,PC_ENT,ME,2017,25.51,b,
ESTAT:ISOC_E_DII(1.0),27/02/26 11:00:00,A,50-249,C10-S951_X_K,E_DI_VLO,PC_ENT,ME,2018,31.84,b,
ESTAT:ISOC_E_DII(1.0),27/02/26 11:00:00,A,50-249,C10-S951_X_K,E_DI_VLO,PC_ENT,ME,2019,24.64,b,
ESTAT:ISOC_E_DII(1.0),27/02/26 11:00:00,A,50-249,C10-S951_X_K,E_DI_VLO,PC_ENT,MK,2015,48.64,,
ESTAT:ISOC_E_DII(1.0),27/02/26 11:00:00,A,50-249,C10-S951_X_K,E_DI_VLO,PC_ENT,MK,2016,45.27,b,
ESTAT:ISOC_E_DII(1.0),27/02/26 11:00:00,A,50-249,C10-S951_X_K,E_DI_VLO,PC_ENT,MT,2015,11.76,,
ESTAT:ISOC_E_DII(1.0),27/02/26 11:00:00,A,50-249,C10-S951_X_K,E_DI_VLO,PC_ENT,MT,2016,14.42,b,
ESTAT:ISOC_E_DII(1.0),27/02/26 11:00:00,A,50-249,C10-S951_X_K,E_DI_VLO,PC_ENT,MT,2017,20.10,b,
ESTAT:ISOC_E_DII(1.0),27/02/26 11:00:00,A,50-249,C10-S951_X_K,E_DI_VLO,PC_ENT,MT,2018,12.81,b,
ESTAT:ISOC_E_DII(1.0),27/02/26 11:00:00,A,50-249,C10-S951_X_K,E_DI_VLO,PC_ENT,MT,2019,4.92,b,
ESTAT:ISOC_E_DII(1.0),27/02/26 11:00:00,A,50-249,C10-S951_X_K,E_DI_VLO,PC_ENT,NL,2015,7.41,,
ESTAT:ISOC_E_DII(1.0),27/02/26 11:00:00,A,50-249,C10-S951_X_K,E_DI_VLO,PC_ENT,NL,2016,11.37,b,
ESTAT:ISOC_E_DII(1.0),27/02/26 11:00:00,A,50-249,C10-S951_X_K,E_DI_VLO,PC_ENT,NL,2017,10.10,b,
ESTAT:ISOC_E_DII(1.0),27/02/26 11:00:00,A,50-249,C10-S951_X_K,E_DI_VLO,PC_ENT,NL,2018,11.05,b,
ESTAT:ISOC_E_DII(1.0),27/02/26 11:00:00,A,50-249,C10-S951_X_K,E_DI_VLO,PC_ENT,NL,2019,9.06,b,
ESTAT:ISOC_E_DII(1.0),27/02/26 11:00:00,A,50-249,C10-S951_X_K,E_DI_VLO,PC_ENT,NO,2015,12.74,,
ESTAT:ISOC_E_DII(1.0),27/02/26 11:00:00,A,50-249,C10-S951_X_K,E_DI_VLO,PC_ENT,NO,2016,8.96,b,
ESTAT:ISOC_E_DII(1.0),27/02/26 11:00:00,A,50-249,C10-S951_X_K,E_DI_VLO,PC_ENT,NO,2017,12.08,b,
ESTAT:ISOC_E_DII(1.0),27/02/26 11:00:00,A,50-249,C10-S951_X_K,E_DI_VLO,PC_ENT,NO,2018,10.84,b,
ESTAT:ISOC_E_DII(1.0),27/02/26 11:00:00,A,50-249,C10-S951_X_K,E_DI_VLO,PC_ENT,NO,2019,10.33,b,
ESTAT:ISOC_E_DII(1.0),27/02/26 11:00:00,A,50-249,C10-S951_X_K,E_DI_VLO,PC_ENT,PL,2015,33.23,,
ESTAT:ISOC_E_DII(1.0),27/02/26 11:00:00,A,50-249,C10-S951_X_K,E_DI_VLO,PC_ENT,PL,2016,35.74,b,
ESTAT:ISOC_E_DII(1.0),27/02/26 11:00:00,A,50-249,C10-S951_X_K,E_DI_VLO,PC_ENT,PL,2017,31.66,b,
ESTAT:ISOC_E_DII(1.0),27/02/26 11:00:00,A,50-249,C10-S951_X_K,E_DI_VLO,PC_ENT,PL,2018,40.95,b,
ESTAT:ISOC_E_DII(1.0),27/02/26 11:00:00,A,50-249,C10-S951_X_K,E_DI_VLO,PC_ENT,PL,2019,39.63,b,
ESTAT:ISOC_E_DII(1.0),27/02/26 11:00:00,A,50-249,C10-S951_X_K,E_DI_VLO,PC_ENT,PT,2015,22.77,,
ESTAT:ISOC_E_DII(1.0),27/02/26 11:00:00,A,50-249,C10-S951_X_K,E_DI_VLO,PC_ENT,PT,2016,35.58,b,
ESTAT:ISOC_E_DII(1.0),27/02/26 11:00:00,A,50-249,C10-S951_X_K,E_DI_VLO,PC_ENT,PT,2017,18.48,b,
ESTAT:ISOC_E_DII(1.0),27/02/26 11:00:00,A,50-249,C10-S951_X_K,E_DI_VLO,PC_ENT,PT,2018,,bu,
ESTAT:ISOC_E_DII(1.0),27/02/26 11:00:00,A,50-249,C10-S951_X_K,E_DI_VLO,PC_ENT,PT,2019,20.54,b,
ESTAT:ISOC_E_DII(1.0),27/02/26 11:00:00,A,50-249,C10-S951_X_K,E_DI_VLO,PC_ENT,RO,2015,50.95,,
ESTAT:ISOC_E_DII(1.0),27/02/26 11:00:00,A,50-249,C10-S951_X_K,E_DI_VLO,PC_ENT,RO,2016,55.63,b,
ESTAT:ISOC_E_DII(1.0),27/02/26 11:00:00,A,50-249,C10-S951_X_K,E_DI_VLO,PC_ENT,RO,2017,50.05,b,
ESTAT:ISOC_E_DII(1.0),27/02/26 11:00:00,A,50-249,C10-S951_X_K,E_DI_VLO,PC_ENT,RO,2018,49.72,b,
ESTAT:ISOC_E_DII(1.0),27/02/26 11:00:00,A,50-249,C10-S951_X_K,E_DI_VLO,PC_ENT,RO,2019,53.30,b,
ESTAT:ISOC_E_DII(1.0),27/02/26 11:00:00,A,50-249,C10-S951_X_K,E_DI_VLO,PC_ENT,RS,2017,28.92,b,
ESTAT:ISOC_E_DII(1.0),27/02/26 11:00:00,A,50-249,C10-S951_X_K,E_DI_VLO,PC_ENT,RS,2018,34.90,b,
ESTAT:ISOC_E_DII(1.0),27/02/26 11:00:00,A,50-249,C10-S951_X_K,E_DI_VLO,PC_ENT,RS,2019,26.24,b,
ESTAT:ISOC_E_DII(1.0),27/02/26 11:00:00,A,50-249,C10-S951_X_K,E_DI_VLO,PC_ENT,SE,2015,12.03,,
ESTAT:ISOC_E_DII(1.0),27/02/26 11:00:00,A,50-249,C10-S951_X_K,E_DI_VLO,PC_ENT,SE,2016,10.71,b,
ESTAT:ISOC_E_DII(1.0),27/02/26 11:00:00,A,50-249,C10-S951_X_K,E_DI_VLO,PC_ENT,SE,2017,14.24,b,
ESTAT:ISOC_E_DII(1.0),27/02/26 11:00:00,A,50-249,C10-S951_X_K,E_DI_VLO,PC_ENT,SE,2018,9.08,b,
ESTAT:ISOC_E_DII(1.0),27/02/26 11:00:00,A,50-249,C10-S951_X_K,E_DI_VLO,PC_ENT,SE,2019,5.55,b,
ESTAT:ISOC_E_DII(1.0),27/02/26 11:00:00,A,50-249,C10-S951_X_K,E_DI_VLO,PC_ENT,SI,2015,28.46,,
ESTAT:ISOC_E_DII(1.0),27/02/26 11:00:00,A,50-249,C10-S951_X_K,E_DI_VLO,PC_ENT,SI,2016,26.17,b,
ESTAT:ISOC_E_DII(1.0),27/02/26 11:00:00,A,50-249,C10-S951_X_K,E_DI_VLO,PC_ENT,SI,2017,26.27,b,
ESTAT:ISOC_E_DII(1.0),27/02/26 11:00:00,A,50-249,C10-S951_X_K,E_DI_VLO,PC_ENT,SI,2018,18.72,b,
ESTAT:ISOC_E_DII(1.0),27/02/26 11:00:00,A,50-249,C10-S951_X_K,E_DI_VLO,PC_ENT,SI,2019,31.46,b,
ESTAT:ISOC_E_DII(1.0),27/02/26 11:00:00,A,50-249,C10-S951_X_K,E_DI_VLO,PC_ENT,SK,2015,32.15,,
ESTAT:ISOC_E_DII(1.0),27/02/26 11:00:00,A,50-249,C10-S951_X_K,E_DI_VLO,PC_ENT,SK,2016,36.99,b,
ESTAT:ISOC_E_DII(1.0),27/02/26 11:00:00,A,50-249,C10-S951_X_K,E_DI_VLO,PC_ENT,SK,2017,37.74,b,
ESTAT:ISOC_E_DII(1.0),27/02/26 11:00:00,A,50-249,C10-S951_X_K,E_DI_VLO,PC_ENT,SK,2018,43.02,b,
ESTAT:ISOC_E_DII(1.0),27/02/26 11:00:00,A,50-249,C10-S951_X_K,E_DI_VLO,PC_ENT,SK,2019,33.65,b,
ESTAT:ISOC_E_DII(1.0),27/02/26 11:00:00,A,50-249,C10-S951_X_K,E_DI_VLO,PC_ENT,TR,2017,62.62,b,
ESTAT:ISOC_E_DII(1.0),27/02/26 11:00:00,A,50-249,C10-S951_X_K,E_DI_VLO,PC_ENT,TR,2018,83.05,b,
ESTAT:ISOC_E_DII(1.0),27/02/26 11:00:00,A,50-249,C10-S951_X_K,E_DI_VLO,PC_ENT,UK,2015,19.31,,
ESTAT:ISOC_E_DII(1.0),27/02/26 11:00:00,A,50-249,C10-S951_X_K,E_DI_VLO,PC_ENT,UK,2016,21.92,b,
ESTAT:ISOC_E_DII(1.0),27/02/26 11:00:00,A,50-249,C10-S951_X_K,E_DI_VLO,PC_ENT,UK,2017,23.00,b,
ESTAT:ISOC_E_DII(1.0),27/02/26 11:00:00,A,50-249,C10-S951_X_K,E_DI_VLO,PC_ENT,UK,2018,19.81,b,
ESTAT:ISOC_E_DII(1.0),27/02/26 11:00:00,A,50-249,C10-S951_X_K,E_DI_VLO,PC_ENT,UK,2019,13.75,b,
ESTAT:ISOC_E_DII(1.0),27/02/26 11:00:00,A,GE10,C10-S951_X_K,E_DI2_HI,PC_ENT,AT,2018,8.19,,
ESTAT:ISOC_E_DII(1.0),27/02/26 11:00:00,A,GE10,C10-S951_X_K,E_DI2_HI,PC_ENT,AT,2020,13.20,,
ESTAT:ISOC_E_DII(1.0),27/02/26 11:00:00,A,GE10,C10-S951_X_K,E_DI2_HI,PC_ENT,BA,2020,5.71,,
ESTAT:ISOC_E_DII(1.0),27/02/26 11:00:00,A,GE10,C10-S951_X_K,E_DI2_HI,PC_ENT,BE,2018,16.24,,
ESTAT:ISOC_E_DII(1.0),27/02/26 11:00:00,A,GE10,C10-S951_X_K,E_DI2_HI,PC_ENT,BE,2020,24.89,,
ESTAT:ISOC_E_DII(1.0),27/02/26 11:00:00,A,GE10,C10-S951_X_K,E_DI2_HI,PC_ENT,BG,2018,4.09,,
ESTAT:ISOC_E_DII(1.0),27/02/26 11:00:00,A,GE10,C10-S951_X_K,E_DI2_HI,PC_ENT,BG,2020,4.60,,
ESTAT:ISOC_E_DII(1.0),27/02/26 11:00:00,A,GE10,C10-S951_X_K,E_DI2_HI,PC_ENT,CY,2018,5.47,,
ESTAT:ISOC_E_DII(1.0),27/02/26 11:00:00,A,GE10,C10-S951_X_K,E_DI2_HI,PC_ENT,CY,2020,10.64,,
ESTAT:ISOC_E_DII(1.0),27/02/26 11:00:00,A,GE10,C10-S951_X_K,E_DI2_HI,PC_ENT,CZ,2018,8.11,,
ESTAT:ISOC_E_DII(1.0),27/02/26 11:00:00,A,GE10,C10-S951_X_K,E_DI2_HI,PC_ENT,CZ,2020,13.91,,
ESTAT:ISOC_E_DII(1.0),27/02/26 11:00:00,A,GE10,C10-S951_X_K,E_DI2_HI,PC_ENT,DE,2018,6.95,,
ESTAT:ISOC_E_DII(1.0),27/02/26 11:00:00,A,GE10,C10-S951_X_K,E_DI2_HI,PC_ENT,DE,2020,12.67,,
ESTAT:ISOC_E_DII(1.0),27/02/26 11:00:00,A,GE10,C10-S951_X_K,E_DI2_HI,PC_ENT,DK,2018,30.83,,
ESTAT:ISOC_E_DII(1.0),27/02/26 11:00:00,A,GE10,C10-S951_X_K,E_DI2_HI,PC_ENT,DK,2020,39.61,,
ESTAT:ISOC_E_DII(1.0),27/02/26 11:00:00,A,GE10,C10-S951_X_K,E_DI2_HI,PC_ENT,EA,2018,9.45,,
ESTAT:ISOC_E_DII(1.0),27/02/26 11:00:00,A,GE10,C10-S951_X_K,E_DI2_HI,PC_ENT,EA,2020,15.01,,
ESTAT:ISOC_E_DII(1.0),27/02/26 11:00:00,A,GE10,C10-S951_X_K,E_DI2_HI,PC_ENT,EE,2018,10.75,,
ESTAT:ISOC_E_DII(1.0),27/02/26 11:00:00,A,GE10,C10-S951_X_K,E_DI2_HI,PC_ENT,EE,2020,24.09,,
ESTAT:ISOC_E_DII(1.0),27/02/26 11:00:00,A,GE10,C10-S951_X_K,E_DI2_HI,PC_ENT,EL,2018,3.95,,
ESTAT:ISOC_E_DII(1.0),27/02/26 11:00:00,A,GE10,C10-S951_X_K,E_DI2_HI,PC_ENT,EL,2020,,u,
ESTAT:ISOC_E_DII(1.0),27/02/26 11:00:00,A,GE10,C10-S951_X_K,E_DI2_HI,PC_ENT,ES,2018,12.21,,
ESTAT:ISOC_E_DII(1.0),27/02/26 11:00:00,A,GE10,C10-S951_X_K,E_DI2_HI,PC_ENT,ES,2020,14.72,,
ESTAT:ISOC_E_DII(1.0),27/02/26 11:00:00,A,GE10,C10-S951_X_K,E_DI2_HI,PC_ENT,EU15,2018,10.01,,
ESTAT:ISOC_E_DII(1.0),27/02/26 11:00:00,A,GE10,C10-S951_X_K,E_DI2_HI,PC_ENT,EU27_2007,2018,9.50,,
ESTAT:ISOC_E_DII(1.0),27/02/26 11:00:00,A,GE10,C10-S951_X_K,E_DI2_HI,PC_ENT,EU27_2020,2018,9.54,,
ESTAT:ISOC_E_DII(1.0),27/02/26 11:00:00,A,GE10,C10-S951_X_K,E_DI2_HI,PC_ENT,EU27_2020,2020,14.60,,
ESTAT:ISOC_E_DII(1.0),27/02/26 11:00:00,A,GE10,C10-S951_X_K,E_DI2_HI,PC_ENT,EU28,2018,9.49,,
ESTAT:ISOC_E_DII(1.0),27/02/26 11:00:00,A,GE10,C10-S951_X_K,E_DI2_HI,PC_ENT,FI,2018,35.29,,
ESTAT:ISOC_E_DII(1.0),27/02/26 11:00:00,A,GE10,C10-S951_X_K,E_DI2_HI,PC_ENT,FI,2020,40.70,,
ESTAT:ISOC_E_DII(1.0),27/02/26 11:00:00,A,GE10,C10-S951_X_K,E_DI2_HI,PC_ENT,FR,2018,8.67,,
ESTAT:ISOC_E_DII(1.0),27/02/26 11:00:00,A,GE10,C10-S951_X_K,E_DI2_HI,PC_ENT,FR,2020,12.50,,
ESTAT:ISOC_E_DII(1.0),27/02/26 11:00:00,A,GE10,C10-S951_X_K,E_DI2_HI,PC_ENT,HR,2018,7.73,,
ESTAT:ISOC_E_DII(1.0),27/02/26 11:00:00,A,GE10,C10-S951_X_K,E_DI2_HI,PC_ENT,HR,2020,19.89,,
ESTAT:ISOC_E_DII(1.0),27/02/26 11:00:00,A,GE10,C10-S951_X_K,E_DI2_HI,PC_ENT,HU,2018,10.93,,
ESTAT:ISOC_E_DII(1.0),27/02/26 11:00:00,A,GE10,C10-S951_X_K,E_DI2_HI,PC_ENT,HU,2020,10.20,,
ESTAT:ISOC_E_DII(1.0),27/02/26 11:00:00,A,GE10,C10-S951_X_K,E_DI2_HI,PC_ENT,IE,2018,14.21,,
ESTAT:ISOC_E_DII(1.0),27/02/26 11:00:00,A,GE10,C10-S951_X_K,E_DI2_HI,PC_ENT,IE,2020,25.67,,
ESTAT:ISOC_E_DII(1.0),27/02/26 11:00:00,A,GE10,C10-S951_X_K,E_DI2_HI,PC_ENT,IT,2018,6.87,,
ESTAT:ISOC_E_DII(1.0),27/02/26 11:00:00,A,GE10,C10-S951_X_K,E_DI2_HI,PC_ENT,IT,2020,17.12,b,
ESTAT:ISOC_E_DII(1.0),27/02/26 11:00:00,A,GE10,C10-S951_X_K,E_DI2_HI,PC_ENT,LT,2018,13.23,,
ESTAT:ISOC_E_DII(1.0),27/02/26 11:00:00,A,GE10,C10-S951_X_K,E_DI2_HI,PC_ENT,LT,2020,7.92,,
ESTAT:ISOC_E_DII(1.0),27/02/26 11:00:00,A,GE10,C10-S951_X_K,E_DI2_HI,PC_ENT,LU,2018,9.95,,
ESTAT:ISOC_E_DII(1.0),27/02/26 11:00:00,A,GE10,C10-S951_X_K,E_DI2_HI,PC_ENT,LU,2020,14.36,,
ESTAT:ISOC_E_DII(1.0),27/02/26 11:00:00,A,GE10,C10-S951_X_K,E_DI2_HI,PC_ENT,LV,2018,4.28,,
ESTAT:ISOC_E_DII(1.0),27/02/26 11:00:00,A,GE10,C10-S951_X_K,E_DI2_HI,PC_ENT,LV,2020,6.73,,
ESTAT:ISOC_E_DII(1.0),27/02/26 11:00:00,A,GE10,C10-S951_X_K,E_DI2_HI,PC_ENT,ME,2018,,u,
ESTAT:ISOC_E_DII(1.0),27/02/26 11:00:00,A,GE10,C10-S951_X_K,E_DI2_HI,PC_ENT,ME,2020,11.05,,
ESTAT:ISOC_E_DII(1.0),27/02/26 11:00:00,A,GE10,C10-S951_X_K,E_DI2_HI,PC_ENT,MK,2020,2.14,,
ESTAT:ISOC_E_DII(1.0),27/02/26 11:00:00,A,GE10,C10-S951_X_K,E_DI2_HI,PC_ENT,MT,2018,14.49,,
ESTAT:ISOC_E_DII(1.0),27/02/26 11:00:00,A,GE10,C10-S951_X_K,E_DI2_HI,PC_ENT,MT,2020,25.29,,
ESTAT:ISOC_E_DII(1.0),27/02/26 11:00:00,A,GE10,C10-S951_X_K,E_DI2_HI,PC_ENT,NL,2018,21.27,,
ESTAT:ISOC_E_DII(1.0),27/02/26 11:00:00,A,GE10,C10-S951_X_K,E_DI2_HI,PC_ENT,NL,2020,25.90,,
ESTAT:ISOC_E_DII(1.0),27/02/26 11:00:00,A,GE10,C10-S951_X_K,E_DI2_HI,PC_ENT,NO,2018,21.51,,
ESTAT:ISOC_E_DII(1.0),27/02/26 11:00:00,A,GE10,C10-S951_X_K,E_DI2_HI,PC_ENT,NO,2020,36.56,,
ESTAT:ISOC_E_DII(1.0),27/02/26 11:00:00,A,GE10,C10-S951_X_K,E_DI2_HI,PC_ENT,PL,2018,5.73,,
ESTAT:ISOC_E_DII(1.0),27/02/26 11:00:00,A,GE10,C10-S951_X_K,E_DI2_HI,PC_ENT,PL,2020,11.09,,
ESTAT:ISOC_E_DII(1.0),27/02/26 11:00:00,A,GE10,C10-S951_X_K,E_DI2_HI,PC_ENT,PT,2018,8.96,,
ESTAT:ISOC_E_DII(1.0),27/02/26 11:00:00,A,GE10,C10-S951_X_K,E_DI2_HI,PC_ENT,PT,2020,11.45,,
ESTAT:ISOC_E_DII(1.0),27/02/26 11:00:00,A,GE10,C10-S951_X_K,E_DI2_HI,PC_ENT,RO,2018,6.48,,
ESTAT:ISOC_E_DII(1.0),27/02/26 11:00:00,A,GE10,C10-S951_X_K,E_DI2_HI,PC_ENT,RO,2020,4.88,,
ESTAT:ISOC_E_DII(1.0),27/02/26 11:00:00,A,GE10,C10-S951_X_K,E_DI2_HI,PC_ENT,RS,2020,11.20,,
ESTAT:ISOC_E_DII(1.0),27/02/26 11:00:00,A,GE10,C10-S951_X_K,E_DI2_HI,PC_ENT,SE,2018,22.77,,
ESTAT:ISOC_E_DII(1.0),27/02/26 11:00:00,A,GE10,C10-S951_X_K,E_DI2_HI,PC_ENT,SE,2020,25.26,,
ESTAT:ISOC_E_DII(1.0),27/02/26 11:00:00,A,GE10,C10-S951_X_K,E_DI2_HI,PC_ENT,SI,2018,17.90,,
ESTAT:ISOC_E_DII(1.0),27/02/26 11:00:00,A,GE10,C10-S951_X_K,E_DI2_HI,PC_ENT,SI,2020,22.10,,
ESTAT:ISOC_E_DII(1.0),27/02/26 11:00:00,A,GE10,C10-S951_X_K,E_DI2_HI,PC_ENT,SK,2018,6.45,,
ESTAT:ISOC_E_DII(1.0),27/02/26 11:00:00,A,GE10,C10-S951_X_K,E_DI2_HI,PC_ENT,SK,2020,10.22,,
ESTAT:ISOC_E_DII(1.0),27/02/26 11:00:00,A,GE10,C10-S951_X_K,E_DI2_HI,PC_ENT,UK,2018,9.13,,
ESTAT:ISOC_E_DII(1.0),27/02/26 11:00:00,A,GE10,C10-S951_X_K,E_DI2_HI,PC_ENT,UK,2020,18.04,,
ESTAT:ISOC_E_DII(1.0),27/02/26 11:00:00,A,GE10,C10-S951_X_K,E_DI2_LO,PC_ENT,AT,2018,37.24,,
ESTAT:ISOC_E_DII(1.0),27/02/26 11:00:00,A,GE10,C10-S951_X_K,E_DI2_LO,PC_ENT,AT,2020,49.53,,
ESTAT:ISOC_E_DII(1.0),27/02/26 11:00:00,A,GE10,C10-S951_X_K,E_DI2_LO,PC_ENT,BA,2020,36.20,,
ESTAT:ISOC_E_DII(1.0),27/02/26 11:00:00,A,GE10,C10-S951_X_K,E_DI2_LO,PC_ENT,BE,2018,42.61,,
ESTAT:ISOC_E_DII(1.0),27/02/26 11:00:00,A,GE10,C10-S951_X_K,E_DI2_LO,PC_ENT,BE,2020,47.97,,
ESTAT:ISOC_E_DII(1.0),27/02/26 11:00:00,A,GE10,C10-S951_X_K,E_DI2_LO,PC_ENT,BG,2018,23.78,,
ESTAT:ISOC_E_DII(1.0),27/02/26 11:00:00,A,GE10,C10-S951_X_K,E_DI2_LO,PC_ENT,BG,2020,28.78,,
ESTAT:ISOC_E_DII(1.0),27/02/26 11:00:00,A,GE10,C10-S951_X_K,E_DI2_LO,PC_ENT,CY,2018,34.90,,
ESTAT:ISOC_E_DII(1.0),27/02/26 11:00:00,A,GE10,C10-S951_X_K,E_DI2_LO,PC_ENT,CY,2020,38.95,,
ESTAT:ISOC_E_DII(1.0),27/02/26 11:00:00,A,GE10,C10-S951_X_K,E_DI2_LO,PC_ENT,CZ,2018,36.81,,
ESTAT:ISOC_E_DII(1.0),27/02/26 11:00:00,A,GE10,C10-S951_X_K,E_DI2_LO,PC_ENT,CZ,2020,46.01,,
ESTAT:ISOC_E_DII(1.0),27/02/26 11:00:00,A,GE10,C10-S951_X_K,E_DI2_LO,PC_ENT,DE,2018,44.30,,
ESTAT:ISOC_E_DII(1.0),27/02/26 11:00:00,A,GE10,C10-S951_X_K,E_DI2_LO,PC_ENT,DE,2020,49.77,,
ESTAT:ISOC_E_DII(1.0),27/02/26 11:00:00,A,GE10,C10-S951_X_K,E_DI2_LO,PC_ENT,DK,2018,47.49,,
ESTAT:ISOC_E_DII(1.0),27/02/26 11:00:00,A,GE10,C10-S951_X_K,E_DI2_LO,PC_ENT,DK,2020,43.61,,
ESTAT:ISOC_E_DII(1.0),27/02/26 11:00:00,A,GE10,C10-S951_X_K,E_DI2_LO,PC_ENT,EA,2018,38.89,,
ESTAT:ISOC_E_DII(1.0),27/02/26 11:00:00,A,GE10,C10-S951_X_K,E_DI2_LO,PC_ENT,EA,2020,47.02,,
ESTAT:ISOC_E_DII(1.0),27/02/26 11:00:00,A,GE10,C10-S951_X_K,E_DI2_LO,PC_ENT,EE,2018,39.78,,
ESTAT:ISOC_E_DII(1.0),27/02/26 11:00:00,A,GE10,C10-S951_X_K,E_DI2_LO,PC_ENT,EE,2020,48.77,,
ESTAT:ISOC_E_DII(1.0),27/02/26 11:00:00,A,GE10,C10-S951_X_K,E_DI2_LO,PC_ENT,EL,2018,25.95,,
ESTAT:ISOC_E_DII(1.0),27/02/26 11:00:00,A,GE10,C10-S951_X_K,E_DI2_LO,PC_ENT,EL,2020,33.69,,
ESTAT:ISOC_E_DII(1.0),27/02/26 11:00:00,A,GE10,C10-S951_X_K,E_DI2_LO,PC_ENT,ES,2018,38.73,,
ESTAT:ISOC_E_DII(1.0),27/02/26 11:00:00,A,GE10,C10-S951_X_K,E_DI2_LO,PC_ENT,ES,2020,47.55,,
ESTAT:ISOC_E_DII(1.0),27/02/26 11:00:00,A,GE10,C10-S951_X_K,E_DI2_LO,PC_ENT,EU15,2018,39.63,,
ESTAT:ISOC_E_DII(1.0),27/02/26 11:00:00,A,GE10,C10-S951_X_K,E_DI2_LO,PC_ENT,EU27_2007,2018,38.29,,
ESTAT:ISOC_E_DII(1.0),27/02/26 11:00:00,A,GE10,C10-S951_X_K,E_DI2_LO,PC_ENT,EU27_2020,2018,37.82,,
ESTAT:ISOC_E_DII(1.0),27/02/26 11:00:00,A,GE10,C10-S951_X_K,E_DI2_LO,PC_ENT,EU27_2020,2020,45.50,,
ESTAT:ISOC_E_DII(1.0),27/02/26 11:00:00,A,GE10,C10-S951_X_K,E_DI2_LO,PC_ENT,EU28,2018,38.28,,
ESTAT:ISOC_E_DII(1.0),27/02/26 11:00:00,A,GE10,C10-S951_X_K,E_DI2_LO,PC_ENT,FI,2018,47.12,,
ESTAT:ISOC_E_DII(1.0),27/02/26 11:00:00,A,GE10,C10-S951_X_K,E_DI2_LO,PC_ENT,FI,2020,42.00,,
ESTAT:ISOC_E_DII(1.0),27/02/26 11:00:00,A,GE10,C10-S951_X_K,E_DI2_LO,PC_ENT,FR,2018,35.40,,
ESTAT:ISOC_E_DII(1.0),27/02/26 11:00:00,A,GE10,C10-S951_X_K,E_DI2_LO,PC_ENT,FR,2020,42.43,,
ESTAT:ISOC_E_DII(1.0),27/02/26 11:00:00,A,GE10,C10-S951_X_K,E_DI2_LO,PC_ENT,HR,2018,36.06,,
ESTAT:ISOC_E_DII(1.0),27/02/26 11:00:00,A,GE10,C10-S951_X_K,E_DI2_LO,PC_ENT,HR,2020,42.03,,
ESTAT:ISOC_E_DII(1.0),27/02/26 11:00:00,A,GE10,C10-S951_X_K,E_DI2_LO,PC_ENT,HU,2018,32.09,,
ESTAT:ISOC_E_DII(1.0),27/02/26 11:00:00,A,GE10,C10-S951_X_K,E_DI2_LO,PC_ENT,HU,2020,36.17,,
ESTAT:ISOC_E_DII(1.0),27/02/26 11:00:00,A,GE10,C10-S951_X_K,E_DI2_LO,PC_ENT,IE,2018,43.01,,
ESTAT:ISOC_E_DII(1.0),27/02/26 11:00:00,A,GE10,C10-S951_X_K,E_DI2_LO,PC_ENT,IE,2020,42.66,,
ESTAT:ISOC_E_DII(1.0),27/02/26 11:00:00,A,GE10,C10-S951_X_K,E_DI2_LO,PC_ENT,IT,2018,31.42,,
ESTAT:ISOC_E_DII(1.0),27/02/26 11:00:00,A,GE10,C10-S951_X_K,E_DI2_LO,PC_ENT,IT,2020,50.93,b,
ESTAT:ISOC_E_DII(1.0),27/02/26 11:00:00,A,GE10,C10-S951_X_K,E_DI2_LO,PC_ENT,LT,2018,42.81,,
ESTAT:ISOC_E_DII(1.0),27/02/26 11:00:00,A,GE10,C10-S951_X_K,E_DI2_LO,PC_ENT,LT,2020,46.44,,
ESTAT:ISOC_E_DII(1.0),27/02/26 11:00:00,A,GE10,C10-S951_X_K,E_DI2_LO,PC_ENT,LU,2018,41.73,,
ESTAT:ISOC_E_DII(1.0),27/02/26 11:00:00,A,GE10,C10-S951_X_K,E_DI2_LO,PC_ENT,LU,2020,50.43,,
ESTAT:ISOC_E_DII(1.0),27/02/26 11:00:00,A,GE10,C10-S951_X_K,E_DI2_LO,PC_ENT,LV,2018,28.46,,
ESTAT:ISOC_E_DII(1.0),27/02/26 11:00:00,A,GE10,C10-S951_X_K,E_DI2_LO,PC_ENT,LV,2020,36.11,,
ESTAT:ISOC_E_DII(1.0),27/02/26 11:00:00,A,GE10,C10-S951_X_K,E_DI2_LO,PC_ENT,ME,2018,,u,
ESTAT:ISOC_E_DII(1.0),27/02/26 11:00:00,A,GE10,C10-S951_X_K,E_DI2_LO,PC_ENT,ME,2020,49.74,,
ESTAT:ISOC_E_DII(1.0),27/02/26 11:00:00,A,GE10,C10-S951_X_K,E_DI2_LO,PC_ENT,MK,2020,28.36,,
ESTAT:ISOC_E_DII(1.0),27/02/26 11:00:00,A,GE10,C10-S951_X_K,E_DI2_LO,PC_ENT,MT,2018,46.81,,
ESTAT:ISOC_E_DII(1.0),27/02/26 11:00:00,A,GE10,C10-S951_X_K,E_DI2_LO,PC_ENT,MT,2020,43.01,,
ESTAT:ISOC_E_DII(1.0),27/02/26 11:00:00,A,GE10,C10-S951_X_K,E_DI2_LO,PC_ENT,NL,2018,49.15,,
ESTAT:ISOC_E_DII(1.0),27/02/26 11:00:00,A,GE10,C10-S951_X_K,E_DI2_LO,PC_ENT,NL,2020,47.76,,
ESTAT:ISOC_E_DII(1.0),27/02/26 11:00:00,A,GE10,C10-S951_X_K,E_DI2_LO,PC_ENT,NO,2018,41.38,,
ESTAT:ISOC_E_DII(1.0),27/02/26 11:00:00,A,GE10,C10-S951_X_K,E_DI2_LO,PC_ENT,NO,2020,43.43,,
ESTAT:ISOC_E_DII(1.0),27/02/26 11:00:00,A,GE10,C10-S951_X_K,E_DI2_LO,PC_ENT,PL,2018,31.77,,
ESTAT:ISOC_E_DII(1.0),27/02/26 11:00:00,A,GE10,C10-S951_X_K,E_DI2_LO,PC_ENT,PL,2020,41.20,,
ESTAT:ISOC_E_DII(1.0),27/02/26 11:00:00,A,GE10,C10-S951_X_K,E_DI2_LO,PC_ENT,PT,2018,36.10,,
ESTAT:ISOC_E_DII(1.0),27/02/26 11:00:00,A,GE10,C10-S951_X_K,E_DI2_LO,PC_ENT,PT,2020,39.56,,
ESTAT:ISOC_E_DII(1.0),27/02/26 11:00:00,A,GE10,C10-S951_X_K,E_DI2_LO,PC_ENT,RO,2018,29.44,,
ESTAT:ISOC_E_DII(1.0),27/02/26 11:00:00,A,GE10,C10-S951_X_K,E_DI2_LO,PC_ENT,RO,2020,29.10,,
ESTAT:ISOC_E_DII(1.0),27/02/26 11:00:00,A,GE10,C10-S951_X_K,E_DI2_LO,PC_ENT,RS,2020,49.80,,
ESTAT:ISOC_E_DII(1.0),27/02/26 11:00:00,A,GE10,C10-S951_X_K,E_DI2_LO,PC_ENT,SE,2018,46.89,,
ESTAT:ISOC_E_DII(1.0),27/02/26 11:00:00,A,GE10,C10-S951_X_K,E_DI2_LO,PC_ENT,SE,2020,56.07,,
ESTAT:ISOC_E_DII(1.0),27/02/26 11:00:00,A,GE10,C10-S951_X_K,E_DI2_LO,PC_ENT,SI,2018,46.24,,
ESTAT:ISOC_E_DII(1.0),27/02/26 11:00:00,A,GE10,C10-S951_X_K,E_DI2_LO,PC_ENT,SI,2020,44.92,,
ESTAT:ISOC_E_DII(1.0),27/02/26 11:00:00,A,GE10,C10-S951_X_K,E_DI2_LO,PC_ENT,SK,2018,36.36,,
ESTAT:ISOC_E_DII(1.0),27/02/26 11:00:00,A,GE10,C10-S951_X_K,E_DI2_LO,PC_ENT,SK,2020,42.54,,
ESTAT:ISOC_E_DII(1.0),27/02/26 11:00:00,A,GE10,C10-S951_X_K,E_DI2_LO,PC_ENT,UK,2018,41.38,,
ESTAT:ISOC_E_DII(1.0),27/02/26 11:00:00,A,GE10,C10-S951_X_K,E_DI2_LO,PC_ENT,UK,2020,48.89,,
ESTAT:ISOC_E_DII(1.0),27/02/26 11:00:00,A,GE10,C10-S951_X_K,E_DI2_VHI,PC_ENT,AT,2018,0.70,,
ESTAT:ISOC_E_DII(1.0),27/02/26 11:00:00,A,GE10,C10-S951_X_K,E_DI2_VHI,PC_ENT,AT,2020,1.54,,
ESTAT:ISOC_E_DII(1.0),27/02/26 11:00:00,A,GE10,C10-S951_X_K,E_DI2_VHI,PC_ENT,BA,2020,0.28,,
ESTAT:ISOC_E_DII(1.0),27/02/26 11:00:00,A,GE10,C10-S951_X_K,E_DI2_VHI,PC_ENT,BE,2018,1.29,,
ESTAT:ISOC_E_DII(1.0),27/02/26 11:00:00,A,GE10,C10-S951_X_K,E_DI2_VHI,PC_ENT,BE,2020,2.84,,
ESTAT:ISOC_E_DII(1.0),27/02/26 11:00:00,A,GE10,C10-S951_X_K,E_DI2_VHI,PC_ENT,BG,2018,0.05,,
ESTAT:ISOC_E_DII(1.0),27/02/26 11:00:00,A,GE10,C10-S951_X_K,E_DI2_VHI,PC_ENT,BG,2020,0.14,,
ESTAT:ISOC_E_DII(1.0),27/02/26 11:00:00,A,GE10,C10-S951_X_K,E_DI2_VHI,PC_ENT,CY,2018,0.50,,
ESTAT:ISOC_E_DII(1.0),27/02/26 11:00:00,A,GE10,C10-S951_X_K,E_DI2_VHI,PC_ENT,CY,2020,0.48,,
ESTAT:ISOC_E_DII(1.0),27/02/26 11:00:00,A,GE10,C10-S951_X_K,E_DI2_VHI,PC_ENT,CZ,2018,0.50,,
ESTAT:ISOC_E_DII(1.0),27/02/26 11:00:00,A,GE10,C10-S951_X_K,E_DI2_VHI,PC_ENT,CZ,2020,0.66,,
ESTAT:ISOC_E_DII(1.0),27/02/26 11:00:00,A,GE10,C10-S951_X_K,E_DI2_VHI,PC_ENT,DE,2018,0.09,,
ESTAT:ISOC_E_DII(1.0),27/02/26 11:00:00,A,GE10,C10-S951_X_K,E_DI2_VHI,PC_ENT,DE,2020,0.59,,
ESTAT:ISOC_E_DII(1.0),27/02/26 11:00:00,A,GE10,C10-S951_X_K,E_DI2_VHI,PC_ENT,DK,2018,2.63,,
ESTAT:ISOC_E_DII(1.0),27/02/26 11:00:00,A,GE10,C10-S951_X_K,E_DI2_VHI,PC_ENT,DK,2020,5.47,,
ESTAT:ISOC_E_DII(1.0),27/02/26 11:00:00,A,GE10,C10-S951_X_K,E_DI2_VHI,PC_ENT,EA,2018,0.50,,
ESTAT:ISOC_E_DII(1.0),27/02/26 11:00:00,A,GE10,C10-S951_X_K,E_DI2_VHI,PC_ENT,EA,2020,0.95,,
ESTAT:ISOC_E_DII(1.0),27/02/26 11:00:00,A,GE10,C10-S951_X_K,E_DI2_VHI,PC_ENT,EE,2018,0.64,,
ESTAT:ISOC_E_DII(1.0),27/02/26 11:00:00,A,GE10,C10-S951_X_K,E_DI2_VHI,PC_ENT,EE,2020,1.29,,
ESTAT:ISOC_E_DII(1.0),27/02/26 11:00:00,A,GE10,C10-S951_X_K,E_DI2_VHI,PC_ENT,EL,2018,0.10,,
ESTAT:ISOC_E_DII(1.0),27/02/26 11:00:00,A,GE10,C10-S951_X_K,E_DI2_VHI,PC_ENT,EL,2020,,u,
ESTAT:ISOC_E_DII(1.0),27/02/26 11:00:00,A,GE10,C10-S951_X_K,E_DI2_VHI,PC_ENT,ES,2018,0.74,,
ESTAT:ISOC_E_DII(1.0),27/02/26 11:00:00,A,GE10,C10-S951_X_K,E_DI2_VHI,PC_ENT,ES,2020,0.63,,
ESTAT:ISOC_E_DII(1.0),27/02/26 11:00:00,A,GE10,C10-S951_X_K,E_DI2_VHI,PC_ENT,EU15,2018,0.50,,
ESTAT:ISOC_E_DII(1.0),27/02/26 11:00:00,A,GE10,C10-S951_X_K,E_DI2_VHI,PC_ENT,EU27_2007,2018,0.47,,
ESTAT:ISOC_E_DII(1.0),27/02/26 11:00:00,A,GE10,C10-S951_X_K,E_DI2_VHI,PC_ENT,EU27_2020,2018,0.52,,
ESTAT:ISOC_E_DII(1.0),27/02/26 11:00:00,A,GE10,C10-S951_X_K,E_DI2_VHI,PC_ENT,EU27_2020,2020,0.90,,
ESTAT:ISOC_E_DII(1.0),27/02/26 11:00:00,A,GE10,C10-S951_X_K,E_DI2_VHI,PC_ENT,EU28,2018,0.47,,
ESTAT:ISOC_E_DII(1.0),27/02/26 11:00:00,A,GE10,C10-S951_X_K,E_DI2_VHI,PC_ENT,FI,2018,4.47,,
ESTAT:ISOC_E_DII(1.0),27/02/26 11:00:00,A,GE10,C10-S951_X_K,E_DI2_VHI,PC_ENT,FI,2020,5.25,,
ESTAT:ISOC_E_DII(1.0),27/02/26 11:00:00,A,GE10,C10-S951_X_K,E_DI2_VHI,PC_ENT,FR,2018,0.64,,
ESTAT:ISOC_E_DII(1.0),27/02/26 11:00:00,A,GE10,C10-S951_X_K,E_DI2_VHI,PC_ENT,FR,2020,0.91,,
ESTAT:ISOC_E_DII(1.0),27/02/26 11:00:00,A,GE10,C10-S951_X_K,E_DI2_VHI,PC_ENT,HR,2018,0.16,,
ESTAT:ISOC_E_DII(1.0),27/02/26 11:00:00,A,GE10,C10-S951_X_K,E_DI2_VHI,PC_ENT,HR,2020,1.28,,
ESTAT:ISOC_E_DII(1.0),27/02/26 11:00:00,A,GE10,C10-S951_X_K,E_DI2_VHI,PC_ENT,HU,2018,0.53,,
ESTAT:ISOC_E_DII(1.0),27/02/26 11:00:00,A,GE10,C10-S951_X_K,E_DI2_VHI,PC_ENT,HU,2020,0.27,,
ESTAT:ISOC_E_DII(1.0),27/02/26 11:00:00,A,GE10,C10-S951_X_K,E_DI2_VHI,PC_ENT,IE,2018,0.27,,
ESTAT:ISOC_E_DII(1.0),27/02/26 11:00:00,A,GE10,C10-S951_X_K,E_DI2_VHI,PC_ENT,IE,2020,1.44,,
ESTAT:ISOC_E_DII(1.0),27/02/26 11:00:00,A,GE10,C10-S951_X_K,E_DI2_VHI,PC_ENT,IT,2018,0.27,,
ESTAT:ISOC_E_DII(1.0),27/02/26 11:00:00,A,GE10,C10-S951_X_K,E_DI2_VHI,PC_ENT,IT,2020,0.88,b,
ESTAT:ISOC_E_DII(1.0),27/02/26 11:00:00,A,GE10,C10-S951_X_K,E_DI2_VHI,PC_ENT,LT,2018,0.89,,
ESTAT:ISOC_E_DII(1.0),27/02/26 11:00:00,A,GE10,C10-S951_X_K,E_DI2_VHI,PC_ENT,LT,2020,0.21,,
ESTAT:ISOC_E_DII(1.0),27/02/26 11:00:00,A,GE10,C10-S951_X_K,E_DI2_VHI,PC_ENT,LU,2018,0.26,,
ESTAT:ISOC_E_DII(1.0),27/02/26 11:00:00,A,GE10,C10-S951_X_K,E_DI2_VHI,PC_ENT,LU,2020,0.44,,
ESTAT:ISOC_E_DII(1.0),27/02/26 11:00:00,A,GE10,C10-S951_X_K,E_DI2_VHI,PC_ENT,LV,2018,0,,
ESTAT:ISOC_E_DII(1.0),27/02/26 11:00:00,A,GE10,C10-S951_X_K,E_DI2_VHI,PC_ENT,LV,2020,0.09,,
ESTAT:ISOC_E_DII(1.0),27/02/26 11:00:00,A,GE10,C10-S951_X_K,E_DI2_VHI,PC_ENT,ME,2018,,u,
ESTAT:ISOC_E_DII(1.0),27/02/26 11:00:00,A,GE10,C10-S951_X_K,E_DI2_VHI,PC_ENT,ME,2020,0,,
ESTAT:ISOC_E_DII(1.0),27/02/26 11:00:00,A,GE10,C10-S951_X_K,E_DI2_VHI,PC_ENT,MK,2020,0.15,,
ESTAT:ISOC_E_DII(1.0),27/02/26 11:00:00,A,GE10,C10-S951_X_K,E_DI2_VHI,PC_ENT,MT,2018,0.91,,
ESTAT:ISOC_E_DII(1.0),27/02/26 11:00:00,A,GE10,C10-S951_X_K,E_DI2_VHI,PC_ENT,MT,2020,2.16,,
ESTAT:ISOC_E_DII(1.0),27/02/26 11:00:00,A,GE10,C10-S951_X_K,E_DI2_VHI,PC_ENT,NL,2018,1.38,,
ESTAT:ISOC_E_DII(1.0),27/02/26 11:00:00,A,GE10,C10-S951_X_K,E_DI2_VHI,PC_ENT,NL,2020,2.08,,
ESTAT:ISOC_E_DII(1.0),27/02/26 11:00:00,A,GE10,C10-S951_X_K,E_DI2_VHI,PC_ENT,NO,2018,1.67,,
ESTAT:ISOC_E_DII(1.0),27/02/26 11:00:00,A,GE10,C10-S951_X_K,E_DI2_VHI,PC_ENT,NO,2020,2.46,,
ESTAT:ISOC_E_DII(1.0),27/02/26 11:00:00,A,GE10,C10-S951_X_K,E_DI2_VHI,PC_ENT,PL,2018,0.18,,
ESTAT:ISOC_E_DII(1.0),27/02/26 11:00:00,A,GE10,C10-S951_X_K,E_DI2_VHI,PC_ENT,PL,2020,0.56,,
ESTAT:ISOC_E_DII(1.0),27/02/26 11:00:00,A,GE10,C10-S951_X_K,E_DI2_VHI,PC_ENT,PT,2018,0.34,,
ESTAT:ISOC_E_DII(1.0),27/02/26 11:00:00,A,GE10,C10-S951_X_K,E_DI2_VHI,PC_ENT,PT,2020,0.64,,
ESTAT:ISOC_E_DII(1.0),27/02/26 11:00:00,A,GE10,C10-S951_X_K,E_DI2_VHI,PC_ENT,RO,2018,0.37,,
ESTAT:ISOC_E_DII(1.0),27/02/26 11:00:00,A,GE10,C10-S951_X_K,E_DI2_VHI,PC_ENT,RO,2020,0.12,,
ESTAT:ISOC_E_DII(1.0),27/02/26 11:00:00,A,GE10,C10-S951_X_K,E_DI2_VHI,PC_ENT,RS,2020,0.35,,
ESTAT:ISOC_E_DII(1.0),27/02/26 11:00:00,A,GE10,C10-S951_X_K,E_DI2_VHI,PC_ENT,SE,2018,2.10,,
ESTAT:ISOC_E_DII(1.0),27/02/26 11:00:00,A,GE10,C10-S951_X_K,E_DI2_VHI,PC_ENT,SE,2020,0.79,,
ESTAT:ISOC_E_DII(1.0),27/02/26 11:00:00,A,GE10,C10-S951_X_K,E_DI2_VHI,PC_ENT,SI,2018,0.77,,
ESTAT:ISOC_E_DII(1.0),27/02/26 11:00:00,A,GE10,C10-S951_X_K,E_DI2_VHI,PC_ENT,SI,2020,1.37,,
ESTAT:ISOC_E_DII(1.0),27/02/26 11:00:00,A,GE10,C10-S951_X_K,E_DI2_VHI,PC_ENT,SK,2018,0.18,,
ESTAT:ISOC_E_DII(1.0),27/02/26 11:00:00,A,GE10,C10-S951_X_K,E_DI2_VHI,PC_ENT,SK,2020,0.68,,
ESTAT:ISOC_E_DII(1.0),27/02/26 11:00:00,A,GE10,C10-S951_X_K,E_DI2_VHI,PC_ENT,UK,2018,0.06,,
ESTAT:ISOC_E_DII(1.0),27/02/26 11:00:00,A,GE10,C10-S951_X_K,E_DI2_VHI,PC_ENT,UK,2020,0.26,,
ESTAT:ISOC_E_DII(1.0),27/02/26 11:00:00,A,GE10,C10-S951_X_K,E_DI2_VLO,PC_ENT,AT,2018,53.87,,
ESTAT:ISOC_E_DII(1.0),27/02/26 11:00:00,A,GE10,C10-S951_X_K,E_DI2_VLO,PC_ENT,AT,2020,35.73,,
ESTAT:ISOC_E_DII(1.0),27/02/26 11:00:00,A,GE10,C10-S951_X_K,E_DI2_VLO,PC_ENT,BA,2020,57.81,,
ESTAT:ISOC_E_DII(1.0),27/02/26 11:00:00,A,GE10,C10-S951_X_K,E_DI2_VLO,PC_ENT,BE,2018,39.86,,
ESTAT:ISOC_E_DII(1.0),27/02/26 11:00:00,A,GE10,C10-S951_X_K,E_DI2_VLO,PC_ENT,BE,2020,24.30,,
ESTAT:ISOC_E_DII(1.0),27/02/26 11:00:00,A,GE10,C10-S951_X_K,E_DI2_VLO,PC_ENT,BG,2018,72.08,,
ESTAT:ISOC_E_DII(1.0),27/02/26 11:00:00,A,GE10,C10-S951_X_K,E_DI2_VLO,PC_ENT,BG,2020,66.48,,
ESTAT:ISOC_E_DII(1.0),27/02/26 11:00:00,A,GE10,C10-S951_X_K,E_DI2_VLO,PC_ENT,CY,2018,59.13,,
ESTAT:ISOC_E_DII(1.0),27/02/26 11:00:00,A,GE10,C10-S951_X_K,E_DI2_VLO,PC_ENT,CY,2020,49.93,,
ESTAT:ISOC_E_DII(1.0),27/02/26 11:00:00,A,GE10,C10-S951_X_K,E_DI2_VLO,PC_ENT,CZ,2018,54.58,,
ESTAT:ISOC_E_DII(1.0),27/02/26 11:00:00,A,GE10,C10-S951_X_K,E_DI2_VLO,PC_ENT,CZ,2020,39.42,,
ESTAT:ISOC_E_DII(1.0),27/02/26 11:00:00,A,GE10,C10-S951_X_K,E_DI2_VLO,PC_ENT,DE,2018,48.65,,
ESTAT:ISOC_E_DII(1.0),27/02/26 11:00:00,A,GE10,C10-S951_X_K,E_DI2_VLO,PC_ENT,DE,2020,36.97,,
ESTAT:ISOC_E_DII(1.0),27/02/26 11:00:00,A,GE10,C10-S951_X_K,E_DI2_VLO,PC_ENT,DK,2018,19.04,,
ESTAT:ISOC_E_DII(1.0),27/02/26 11:00:00,A,GE10,C10-S951_X_K,E_DI2_VLO,PC_ENT,DK,2020,11.31,,
ESTAT:ISOC_E_DII(1.0),27/02/26 11:00:00,A,GE10,C10-S951_X_K,E_DI2_VLO,PC_ENT,EA,2018,51.16,,
ESTAT:ISOC_E_DII(1.0),27/02/26 11:00:00,A,GE10,C10-S951_X_K,E_DI2_VLO,PC_ENT,EA,2020,37.03,,
ESTAT:ISOC_E_DII(1.0),27/02/26 11:00:00,A,GE10,C10-S951_X_K,E_DI2_VLO,PC_ENT,EE,2018,48.83,,
ESTAT:ISOC_E_DII(1.0),27/02/26 11:00:00,A,GE10,C10-S951_X_K,E_DI2_VLO,PC_ENT,EE,2020,25.84,,
ESTAT:ISOC_E_DII(1.0),27/02/26 11:00:00,A,GE10,C10-S951_X_K,E_DI2_VLO,PC_ENT,EL,2018,70.00,,
ESTAT:ISOC_E_DII(1.0),27/02/26 11:00:00,A,GE10,C10-S951_X_K,E_DI2_VLO,PC_ENT,EL,2020,60.28,,
ESTAT:ISOC_E_DII(1.0),27/02/26 11:00:00,A,GE10,C10-S951_X_K,E_DI2_VLO,PC_ENT,ES,2018,48.32,,
ESTAT:ISOC_E_DII(1.0),27/02/26 11:00:00,A,GE10,C10-S951_X_K,E_DI2_VLO,PC_ENT,ES,2020,37.10,,
ESTAT:ISOC_E_DII(1.0),27/02/26 11:00:00,A,GE10,C10-S951_X_K,E_DI2_VLO,PC_ENT,EU15,2018,49.87,,
ESTAT:ISOC_E_DII(1.0),27/02/26 11:00:00,A,GE10,C10-S951_X_K,E_DI2_VLO,PC_ENT,EU27_2007,2018,51.74,,
ESTAT:ISOC_E_DII(1.0),27/02/26 11:00:00,A,GE10,C10-S951_X_K,E_DI2_VLO,PC_ENT,EU27_2020,2018,52.11,,
ESTAT:ISOC_E_DII(1.0),27/02/26 11:00:00,A,GE10,C10-S951_X_K,E_DI2_VLO,PC_ENT,EU27_2020,2020,38.99,,
ESTAT:ISOC_E_DII(1.0),27/02/26 11:00:00,A,GE10,C10-S951_X_K,E_DI2_VLO,PC_ENT,EU28,2018,51.77,,
ESTAT:ISOC_E_DII(1.0),27/02/26 11:00:00,A,GE10,C10-S951_X_K,E_DI2_VLO,PC_ENT,FI,2018,13.11,,
ESTAT:ISOC_E_DII(1.0),27/02/26 11:00:00,A,GE10,C10-S951_X_K,E_DI2_VLO,PC_ENT,FI,2020,12.05,,
ESTAT:ISOC_E_DII(1.0),27/02/26 11:00:00,A,GE10,C10-S951_X_K,E_DI2_VLO,PC_ENT,FR,2018,55.29,,
ESTAT:ISOC_E_DII(1.0),27/02/26 11:00:00,A,GE10,C10-S951_X_K,E_DI2_VLO,PC_ENT,FR,2020,44.16,b,
ESTAT:ISOC_E_DII(1.0),27/02/26 11:00:00,A,GE10,C10-S951_X_K,E_DI2_VLO,PC_ENT,HR,2018,56.05,,
ESTAT:ISOC_E_DII(1.0),27/02/26 11:00:00,A,GE10,C10-S951_X_K,E_DI2_VLO,PC_ENT,HR,2020,36.80,,
ESTAT:ISOC_E_DII(1.0),27/02/26 11:00:00,A,GE10,C10-S951_X_K,E_DI2_VLO,PC_ENT,HU,2018,56.45,,
ESTAT:ISOC_E_DII(1.0),27/02/26 11:00:00,A,GE10,C10-S951_X_K,E_DI2_VLO,PC_ENT,HU,2020,53.33,,
ESTAT:ISOC_E_DII(1.0),27/02/26 11:00:00,A,GE10,C10-S951_X_K,E_DI2_VLO,PC_ENT,IE,2018,42.51,,
ESTAT:ISOC_E_DII(1.0),27/02/26 11:00:00,A,GE10,C10-S951_X_K,E_DI2_VLO,PC_ENT,IE,2020,30.23,,
ESTAT:ISOC_E_DII(1.0),27/02/26 11:00:00,A,GE10,C10-S951_X_K,E_DI2_VLO,PC_ENT,IT,2018,61.44,,
ESTAT:ISOC_E_DII(1.0),27/02/26 11:00:00,A,GE10,C10-S951_X_K,E_DI2_VLO,PC_ENT,IT,2020,31.07,b,
ESTAT:ISOC_E_DII(1.0),27/02/26 11:00:00,A,GE10,C10-S951_X_K,E_DI2_VLO,PC_ENT,LT,2018,43.08,,
ESTAT:ISOC_E_DII(1.0),27/02/26 11:00:00,A,GE10,C10-S951_X_K,E_DI2_VLO,PC_ENT,LT,2020,45.44,,
ESTAT:ISOC_E_DII(1.0),27/02/26 11:00:00,A,GE10,C10-S951_X_K,E_DI2_VLO,PC_ENT,LU,2018,48.05,,
ESTAT:ISOC_E_DII(1.0),27/02/26 11:00:00,A,GE10,C10-S951_X_K,E_DI2_VLO,PC_ENT,LU,2020,34.77,,
ESTAT:ISOC_E_DII(1.0),27/02/26 11:00:00,A,GE10,C10-S951_X_K,E_DI2_VLO,PC_ENT,LV,2018,67.27,,
ESTAT:ISOC_E_DII(1.0),27/02/26 11:00:00,A,GE10,C10-S951_X_K,E_DI2_VLO,PC_ENT,LV,2020,57.07,,
ESTAT:ISOC_E_DII(1.0),27/02/26 11:00:00,A,GE10,C10-S951_X_K,E_DI2_VLO,PC_ENT,ME,2018,,u,
ESTAT:ISOC_E_DII(1.0),27/02/26 11:00:00,A,GE10,C10-S951_X_K,E_DI2_VLO,PC_ENT,ME,2020,39.21,,
ESTAT:ISOC_E_DII(1.0),27/02/26 11:00:00,A,GE10,C10-S951_X_K,E_DI2_VLO,PC_ENT,MK,2020,69.35,,
ESTAT:ISOC_E_DII(1.0),27/02/26 11:00:00,A,GE10,C10-S951_X_K,E_DI2_VLO,PC_ENT,MT,2018,37.79,,
ESTAT:ISOC_E_DII(1.0),27/02/26 11:00:00,A,GE10,C10-S951_X_K,E_DI2_VLO,PC_ENT,MT,2020,29.54,,
ESTAT:ISOC_E_DII(1.0),27/02/26 11:00:00,A,GE10,C10-S951_X_K,E_DI2_VLO,PC_ENT,NL,2018,28.20,,
ESTAT:ISOC_E_DII(1.0),27/02/26 11:00:00,A,GE10,C10-S951_X_K,E_DI2_VLO,PC_ENT,NL,2020,24.26,,
ESTAT:ISOC_E_DII(1.0),27/02/26 11:00:00,A,GE10,C10-S951_X_K,E_DI2_VLO,PC_ENT,NO,2018,35.44,,
ESTAT:ISOC_E_DII(1.0),27/02/26 11:00:00,A,GE10,C10-S951_X_K,E_DI2_VLO,PC_ENT,NO,2020,17.54,,
ESTAT:ISOC_E_DII(1.0),27/02/26 11:00:00,A,GE10,C10-S951_X_K,E_DI2_VLO,PC_ENT,PL,2018,62.33,,
ESTAT:ISOC_E_DII(1.0),27/02/26 11:00:00,A,GE10,C10-S951_X_K,E_DI2_VLO,PC_ENT,PL,2020,47.15,,
ESTAT:ISOC_E_DII(1.0),27/02/26 11:00:00,A,GE10,C10-S951_X_K,E_DI2_VLO,PC_ENT,PT,2018,54.59,,
ESTAT:ISOC_E_DII(1.0),27/02/26 11:00:00,A,GE10,C10-S951_X_K,E_DI2_VLO,PC_ENT,PT,2020,48.35,,
ESTAT:ISOC_E_DII(1.0),27/02/26 11:00:00,A,GE10,C10-S951_X_K,E_DI2_VLO,PC_ENT,RO,2018,63.71,,
ESTAT:ISOC_E_DII(1.0),27/02/26 11:00:00,A,GE10,C10-S951_X_K,E_DI2_VLO,PC_ENT,RO,2020,65.89,,
ESTAT:ISOC_E_DII(1.0),27/02/26 11:00:00,A,GE10,C10-S951_X_K,E_DI2_VLO,PC_ENT,RS,2020,38.65,,
ESTAT:ISOC_E_DII(1.0),27/02/26 11:00:00,A,GE10,C10-S951_X_K,E_DI2_VLO,PC_ENT,SE,2018,28.24,,
ESTAT:ISOC_E_DII(1.0),27/02/26 11:00:00,A,GE10,C10-S951_X_K,E_DI2_VLO,PC_ENT,SE,2020,17.87,,
ESTAT:ISOC_E_DII(1.0),27/02/26 11:00:00,A,GE10,C10-S951_X_K,E_DI2_VLO,PC_ENT,SI,2018,35.09,,
ESTAT:ISOC_E_DII(1.0),27/02/26 11:00:00,A,GE10,C10-S951_X_K,E_DI2_VLO,PC_ENT,SI,2020,31.61,,
ESTAT:ISOC_E_DII(1.0),27/02/26 11:00:00,A,GE10,C10-S951_X_K,E_DI2_VLO,PC_ENT,SK,2018,57.02,,
ESTAT:ISOC_E_DII(1.0),27/02/26 11:00:00,A,GE10,C10-S951_X_K,E_DI2_VLO,PC_ENT,SK,2020,46.55,,
ESTAT:ISOC_E_DII(1.0),27/02/26 11:00:00,A,GE10,C10-S951_X_K,E_DI2_VLO,PC_ENT,UK,2018,49.43,,
ESTAT:ISOC_E_DII(1.0),27/02/26 11:00:00,A,GE10,C10-S951_X_K,E_DI2_VLO,PC_ENT,UK,2020,32.80,,
ESTAT:ISOC_E_DII(1.0),27/02/26 11:00:00,A,GE10,C10-S951_X_K,E_DI3_GELO,PC_ENT,AT,2021,65.36,,
ESTAT:ISOC_E_DII(1.0),27/02/26 11:00:00,A,GE10,C10-S951_X_K,E_DI3_GELO,PC_ENT,AT,2023,59.01,,
ESTAT:ISOC_E_DII(1.0),27/02/26 11:00:00,A,GE10,C10-S951_X_K,E_DI3_GELO,PC_ENT,AT,2025,73.76,,
ESTAT:ISOC_E_DII(1.0),27/02/26 11:00:00,A,GE10,C10-S951_X_K,E_DI3_GELO,PC_ENT,BA,2021,33.72,,
ESTAT:ISOC_E_DII(1.0),27/02/26 11:00:00,A,GE10,C10-S951_X_K,E_DI3_GELO,PC_ENT,BA,2023,44.47,,
ESTAT:ISOC_E_DII(1.0),27/02/26 11:00:00,A,GE10,C10-S951_X_K,E_DI3_GELO,PC_ENT,BA,2025,64.08,,
ESTAT:ISOC_E_DII(1.0),27/02/26 11:00:00,A,GE10,C10-S951_X_K,E_DI3_GELO,PC_ENT,BE,2021,66.31,,
ESTAT:ISOC_E_DII(1.0),27/02/26 11:00:00,A,GE10,C10-S951_X_K,E_DI3_GELO,PC_ENT,BE,2023,75.28,,
ESTAT:ISOC_E_DII(1.0),27/02/26 11:00:00,A,GE10,C10-S951_X_K,E_DI3_GELO,PC_ENT,BE,2025,84.90,,
ESTAT:ISOC_E_DII(1.0),27/02/26 11:00:00,A,GE10,C10-S951_X_K,E_DI3_GELO,PC_ENT,BG,2021,26.09,,
ESTAT:ISOC_E_DII(1.0),27/02/26 11:00:00,A,GE10,C10-S951_X_K,E_DI3_GELO,PC_ENT,BG,2023,29.36,,
ESTAT:ISOC_E_DII(1.0),27/02/26 11:00:00,A,GE10,C10-S951_X_K,E_DI3_GELO,PC_ENT,BG,2025,39.35,,
ESTAT:ISOC_E_DII(1.0),27/02/26 11:00:00,A,GE10,C10-S951_X_K,E_DI3_GELO,PC_ENT,CY,2021,66.85,,
ESTAT:ISOC_E_DII(1.0),27/02/26 11:00:00,A,GE10,C10-S951_X_K,E_DI3_GELO,PC_ENT,CY,2023,67.87,,
ESTAT:ISOC_E_DII(1.0),27/02/26 11:00:00,A,GE10,C10-S951_X_K,E_DI3_GELO,PC_ENT,CY,2025,74.85,,
ESTAT:ISOC_E_DII(1.0),27/02/26 11:00:00,A,GE10,C10-S951_X_K,E_DI3_GELO,PC_ENT,CZ,2021,54.03,,
ESTAT:ISOC_E_DII(1.0),27/02/26 11:00:00,A,GE10,C10-S951_X_K,E_DI3_GELO,PC_ENT,CZ,2023,50.92,,
ESTAT:ISOC_E_DII(1.0),27/02/26 11:00:00,A,GE10,C10-S951_X_K,E_DI3_GELO,PC_ENT,CZ,2025,71.51,,
ESTAT:ISOC_E_DII(1.0),27/02/26 11:00:00,A,GE10,C10-S951_X_K,E_DI3_GELO,PC_ENT,DE,2021,59.86,,
ESTAT:ISOC_E_DII(1.0),27/02/26 11:00:00,A,GE10,C10-S951_X_K,E_DI3_GELO,PC_ENT,DE,2023,62.40,,
ESTAT:ISOC_E_DII(1.0),27/02/26 11:00:00,A,GE10,C10-S951_X_K,E_DI3_GELO,PC_ENT,DE,2025,74.35,,
ESTAT:ISOC_E_DII(1.0),27/02/26 11:00:00,A,GE10,C10-S951_X_K,E_DI3_GELO,PC_ENT,DK,2021,79.92,,
ESTAT:ISOC_E_DII(1.0),27/02/26 11:00:00,A,GE10,C10-S951_X_K,E_DI3_GELO,PC_ENT,DK,2023,75.95,,
ESTAT:ISOC_E_DII(1.0),27/02/26 11:00:00,A,GE10,C10-S951_X_K,E_DI3_GELO,PC_ENT,DK,2025,92.68,,
ESTAT:ISOC_E_DII(1.0),27/02/26 11:00:00,A,GE10,C10-S951_X_K,E_DI3_GELO,PC_ENT,EA,2021,58.39,,
ESTAT:ISOC_E_DII(1.0),27/02/26 11:00:00,A,GE10,C10-S951_X_K,E_DI3_GELO,PC_ENT,EA,2023,60.93,,
ESTAT:ISOC_E_DII(1.0),27/02/26 11:00:00,A,GE10,C10-S951_X_K,E_DI3_GELO,PC_ENT,EA,2025,74.55,,
ESTAT:ISOC_E_DII(1.0),27/02/26 11:00:00,A,GE10,C10-S951_X_K,E_DI3_GELO,PC_ENT,EE,2021,54.79,,
ESTAT:ISOC_E_DII(1.0),27/02/26 11:00:00,A,GE10,C10-S951_X_K,E_DI3_GELO,PC_ENT,EE,2023,56.88,,
ESTAT:ISOC_E_DII(1.0),27/02/26 11:00:00,A,GE10,C10-S951_X_K,E_DI3_GELO,PC_ENT,EE,2025,72.77,d,
ESTAT:ISOC_E_DII(1.0),27/02/26 11:00:00,A,GE10,C10-S951_X_K,E_DI3_GELO,PC_ENT,EL,2021,38.21,,
ESTAT:ISOC_E_DII(1.0),27/02/26 11:00:00,A,GE10,C10-S951_X_K,E_DI3_GELO,PC_ENT,EL,2023,43.82,,
ESTAT:ISOC_E_DII(1.0),27/02/26 11:00:00,A,GE10,C10-S951_X_K,E_DI3_GELO,PC_ENT,EL,2025,56.48,,
ESTAT:ISOC_E_DII(1.0),27/02/26 11:00:00,A,GE10,C10-S951_X_K,E_DI3_GELO,PC_ENT,ES,2021,60.44,,
ESTAT:ISOC_E_DII(1.0),27/02/26 11:00:00,A,GE10,C10-S951_X_K,E_DI3_GELO,PC_ENT,ES,2023,61.47,,
ESTAT:ISOC_E_DII(1.0),27/02/26 11:00:00,A,GE10,C10-S951_X_K,E_DI3_GELO,PC_ENT,ES,2025,75.96,,
ESTAT:ISOC_E_DII(1.0),27/02/26 11:00:00,A,GE10,C10-S951_X_K,E_DI3_GELO,PC_ENT,EU27_2020,2021,55.75,,
ESTAT:ISOC_E_DII(1.0),27/02/26 11:00:00,A,GE10,C10-S951_X_K,E_DI3_GELO,PC_ENT,EU27_2020,2023,58.87,,
ESTAT:ISOC_E_DII(1.0),27/02/26 11:00:00,A,GE10,C10-S951_X_K,E_DI3_GELO,PC_ENT,EU27_2020,2025,72.11,,
ESTAT:ISOC_E_DII(1.0),27/02/26 11:00:00,A,GE10,C10-S951_X_K,E_DI3_GELO,PC_ENT,FI,2021,82.21,,
ESTAT:ISOC_E_DII(1.0),27/02/26 11:00:00,A,GE10,C10-S951_X_K,E_DI3_GELO,PC_ENT,FI,2023,86.04,,
ESTAT:ISOC_E_DII(1.0),27/02/26 11:00:00,A,GE10,C10-S951_X_K,E_DI3_GELO,PC_ENT,FI,2025,94.24,,
ESTAT:ISOC_E_DII(1.0),27/02/26 11:00:00,A,GE10,C10-S951_X_K,E_DI3_GELO,PC_ENT,FR,2021,48.08,,
ESTAT:ISOC_E_DII(1.0),27/02/26 11:00:00,A,GE10,C10-S951_X_K,E_DI3_GELO,PC_ENT,FR,2023,53.06,b,
ESTAT:ISOC_E_DII(1.0),27/02/26 11:00:00,A,GE10,C10-S951_X_K,E_DI3_GELO,PC_ENT,FR,2025,70.23,,
ESTAT:ISOC_E_DII(1.0),27/02/26 11:00:00,A,GE10,C10-S951_X_K,E_DI3_GELO,PC_ENT,HR,2021,50.65,,
ESTAT:ISOC_E_DII(1.0),27/02/26 11:00:00,A,GE10,C10-S951_X_K,E_DI3_GELO,PC_ENT,HR,2023,56.96,,
ESTAT:ISOC_E_DII(1.0),27/02/26 11:00:00,A,GE10,C10-S951_X_K,E_DI3_GELO,PC_ENT,HR,2025,58.13,,
ESTAT:ISOC_E_DII(1.0),27/02/26 11:00:00,A,GE10,C10-S951_X_K,E_DI3_GELO,PC_ENT,HU,2021,35.77,,
ESTAT:ISOC_E_DII(1.0),27/02/26 11:00:00,A,GE10,C10-S951_X_K,E_DI3_GELO,PC_ENT,HU,2023,54.21,,
ESTAT:ISOC_E_DII(1.0),27/02/26 11:00:00,A,GE10,C10-S951_X_K,E_DI3_GELO,PC_ENT,HU,2025,60.80,,
ESTAT:ISOC_E_DII(1.0),27/02/26 11:00:00,A,GE10,C10-S951_X_K,E_DI3_GELO,PC_ENT,IE,2021,65.08,,
ESTAT:ISOC_E_DII(1.0),27/02/26 11:00:00,A,GE10,C10-S951_X_K,E_DI3_GELO,PC_ENT,IE,2023,66.92,,
ESTAT:ISOC_E_DII(1.0),27/02/26 11:00:00,A,GE10,C10-S951_X_K,E_DI3_GELO,PC_ENT,IE,2025,79.92,,
ESTAT:ISOC_E_DII(1.0),27/02/26 11:00:00,A,GE10,C10-S951_X_K,E_DI3_GELO,PC_ENT,IT,2021,60.81,,
ESTAT:ISOC_E_DII(1.0),27/02/26 11:00:00,A,GE10,C10-S951_X_K,E_DI3_GELO,PC_ENT,IT,2023,61.27,,
ESTAT:ISOC_E_DII(1.0),27/02/26 11:00:00,A,GE10,C10-S951_X_K,E_DI3_GELO,PC_ENT,IT,2025,79.81,,
ESTAT:ISOC_E_DII(1.0),27/02/26 11:00:00,A,GE10,C10-S951_X_K,E_DI3_GELO,PC_ENT,LT,2021,57.79,,
ESTAT:ISOC_E_DII(1.0),27/02/26 11:00:00,A,GE10,C10-S951_X_K,E_DI3_GELO,PC_ENT,LT,2023,60.92,,
ESTAT:ISOC_E_DII(1.0),27/02/26 11:00:00,A,GE10,C10-S951_X_K,E_DI3_GELO,PC_ENT,LT,2025,74.34,,
ESTAT:ISOC_E_DII(1.0),27/02/26 11:00:00,A,GE10,C10-S951_X_K,E_DI3_GELO,PC_ENT,LU,2021,55.06,,
ESTAT:ISOC_E_DII(1.0),27/02/26 11:00:00,A,GE10,C10-S951_X_K,E_DI3_GELO,PC_ENT,LU,2023,59.04,,
ESTAT:ISOC_E_DII(1.0),27/02/26 11:00:00,A,GE10,C10-S951_X_K,E_DI3_GELO,PC_ENT,LU,2025,77.32,,
ESTAT:ISOC_E_DII(1.0),27/02/26 11:00:00,A,GE10,C10-S951_X_K,E_DI3_GELO,PC_ENT,LV,2021,39.26,,
ESTAT:ISOC_E_DII(1.0),27/02/26 11:00:00,A,GE10,C10-S951_X_K,E_DI3_GELO,PC_ENT,LV,2023,49.21,,
ESTAT:ISOC_E_DII(1.0),27/02/26 11:00:00,A,GE10,C10-S951_X_K,E_DI3_GELO,PC_ENT,LV,2025,59.52,,
ESTAT:ISOC_E_DII(1.0),27/02/26 11:00:00,A,GE10,C10-S951_X_K,E_DI3_GELO,PC_ENT,ME,2021,48.70,,
ESTAT:ISOC_E_DII(1.0),27/02/26 11:00:00,A,GE10,C10-S951_X_K,E_DI3_GELO,PC_ENT,ME,2023,64.52,,
ESTAT:ISOC_E_DII(1.0),27/02/26 11:00:00,A,GE10,C10-S951_X_K,E_DI3_GELO,PC_ENT,ME,2025,81.84,,
ESTAT:ISOC_E_DII(1.0),27/02/26 11:00:00,A,GE10,C10-S951_X_K,E_DI3_GELO,PC_ENT,MK,2021,27.81,,
ESTAT:ISOC_E_DII(1.0),27/02/26 11:00:00,A,GE10,C10-S951_X_K,E_DI3_GELO,PC_ENT,MT,2021,73.13,,
ESTAT:ISOC_E_DII(1.0),27/02/26 11:00:00,A,GE10,C10-S951_X_K,E_DI3_GELO,PC_ENT,MT,2023,76.91,,
ESTAT:ISOC_E_DII(1.0),27/02/26 11:00:00,A,GE10,C10-S951_X_K,E_DI3_GELO,PC_ENT,MT,2025,83.93,,
ESTAT:ISOC_E_DII(1.0),27/02/26 11:00:00,A,GE10,C10-S951_X_K,E_DI3_GELO,PC_ENT,NL,2021,76.03,,
ESTAT:ISOC_E_DII(1.0),27/02/26 11:00:00,A,GE10,C10-S951_X_K,E_DI3_GELO,PC_ENT,NL,2023,83.24,,
ESTAT:ISOC_E_DII(1.0),27/02/26 11:00:00,A,GE10,C10-S951_X_K,E_DI3_GELO,PC_ENT,NL,2025,89.10,,
ESTAT:ISOC_E_DII(1.0),27/02/26 11:00:00,A,GE10,C10-S951_X_K,E_DI3_GELO,PC_ENT,NO,2021,77.61,,
ESTAT:ISOC_E_DII(1.0),27/02/26 11:00:00,A,GE10,C10-S951_X_K,E_DI3_GELO,PC_ENT,NO,2023,80.79,,
ESTAT:ISOC_E_DII(1.0),27/02/26 11:00:00,A,GE10,C10-S951_X_K,E_DI3_GELO,PC_ENT,NO,2025,83.65,,
ESTAT:ISOC_E_DII(1.0),27/02/26 11:00:00,A,GE10,C10-S951_X_K,E_DI3_GELO,PC_ENT,PL,2021,41.53,,
ESTAT:ISOC_E_DII(1.0),27/02/26 11:00:00,A,GE10,C10-S951_X_K,E_DI3_GELO,PC_ENT,PL,2023,51.60,,
ESTAT:ISOC_E_DII(1.0),27/02/26 11:00:00,A,GE10,C10-S951_X_K,E_DI3_GELO,PC_ENT,PL,2025,60.23,,
ESTAT:ISOC_E_DII(1.0),27/02/26 11:00:00,A,GE10,C10-S951_X_K,E_DI3_GELO,PC_ENT,PT,2021,49.65,,
ESTAT:ISOC_E_DII(1.0),27/02/26 11:00:00,A,GE10,C10-S951_X_K,E_DI3_GELO,PC_ENT,PT,2023,54.45,,
ESTAT:ISOC_E_DII(1.0),27/02/26 11:00:00,A,GE10,C10-S951_X_K,E_DI3_GELO,PC_ENT,PT,2025,64.67,,
ESTAT:ISOC_E_DII(1.0),27/02/26 11:00:00,A,GE10,C10-S951_X_K,E_DI3_GELO,PC_ENT,RO,2021,23.47,,
ESTAT:ISOC_E_DII(1.0),27/02/26 11:00:00,A,GE10,C10-S951_X_K,E_DI3_GELO,PC_ENT,RO,2023,27.93,,
ESTAT:ISOC_E_DII(1.0),27/02/26 11:00:00,A,GE10,C10-S951_X_K,E_DI3_GELO,PC_ENT,RO,2025,45.53,,
ESTAT:ISOC_E_DII(1.0),27/02/26 11:00:00,A,GE10,C10-S951_X_K,E_DI3_GELO,PC_ENT,RS,2021,42.78,,
ESTAT:ISOC_E_DII(1.0),27/02/26 11:00:00,A,GE10,C10-S951_X_K,E_DI3_GELO,PC_ENT,RS,2023,50.30,,
ESTAT:ISOC_E_DII(1.0),27/02/26 11:00:00,A,GE10,C10-S951_X_K,E_DI3_GELO,PC_ENT,RS,2025,51.40,,
ESTAT:ISOC_E_DII(1.0),27/02/26 11:00:00,A,GE10,C10-S951_X_K,E_DI3_GELO,PC_ENT,SE,2021,86.38,,
ESTAT:ISOC_E_DII(1.0),27/02/26 11:00:00,A,GE10,C10-S951_X_K,E_DI3_GELO,PC_ENT,SE,2023,80.52,b,
ESTAT:ISOC_E_DII(1.0),27/02/26 11:00:00,A,GE10,C10-S951_X_K,E_DI3_GELO,PC_ENT,SE,2025,86.93,,
ESTAT:ISOC_E_DII(1.0),27/02/26 11:00:00,A,GE10,C10-S951_X_K,E_DI3_GELO,PC_ENT,SI,2021,56.34,,
ESTAT:ISOC_E_DII(1.0),27/02/26 11:00:00,A,GE10,C10-S951_X_K,E_DI3_GELO,PC_ENT,SI,2023,51.62,,
ESTAT:ISOC_E_DII(1.0),27/02/26 11:00:00,A,GE10,C10-S951_X_K,E_DI3_GELO,PC_ENT,SI,2025,66.58,,
ESTAT:ISOC_E_DII(1.0),27/02/26 11:00:00,A,GE10,C10-S951_X_K,E_DI3_GELO,PC_ENT,SK,2021,44.26,,
ESTAT:ISOC_E_DII(1.0),27/02/26 11:00:00,A,GE10,C10-S951_X_K,E_DI3_GELO,PC_ENT,SK,2023,43.88,,
ESTAT:ISOC_E_DII(1.0),27/02/26 11:00:00,A,GE10,C10-S951_X_K,E_DI3_GELO,PC_ENT,SK,2025,58.39,,
ESTAT:ISOC_E_DII(1.0),27/02/26 11:00:00,A,GE10,C10-S951_X_K,E_DI3_GELO,PC_ENT,TR,2025,43.83,,
ESTAT:ISOC_E_DII(1.0),27/02/26 11:00:00,A,GE10,C10-S951_X_K,E_DI3_HI,PC_ENT,AT,2021,22.50,,
ESTAT:ISOC_E_DII(1.0),27/02/26 11:00:00,A,GE10,C10-S951_X_K,E_DI3_HI,PC_ENT,AT,2023,20.45,,
ESTAT:ISOC_E_DII(1.0),27/02/26 11:00:00,A,GE10,C10-S951_X_K,E_DI3_HI,PC_ENT,AT,2025,26.97,,
ESTAT:ISOC_E_DII(1.0),27/02/26 11:00:00,A,GE10,C10-S951_X_K,E_DI3_HI,PC_ENT,BA,2021,6.80,,
ESTAT:ISOC_E_DII(1.0),27/02/26 11:00:00,A,GE10,C10-S951_X_K,E_DI3_HI,PC_ENT,BA,2023,11.57,,
ESTAT:ISOC_E_DII(1.0),27/02/26 11:00:00,A,GE10,C10-S951_X_K,E_DI3_HI,PC_ENT,BA,2025,20.51,,
ESTAT:ISOC_E_DII(1.0),27/02/26 11:00:00,A,GE10,C10-S951_X_K,E_DI3_HI,PC_ENT,BE,2021,25.93,,
ESTAT:ISOC_E_DII(1.0),27/02/26 11:00:00,A,GE10,C10-S951_X_K,E_DI3_HI,PC_ENT,BE,2023,32.88,,
ESTAT:ISOC_E_DII(1.0),27/02/26 11:00:00,A,GE10,C10-S951_X_K,E_DI3_HI,PC_ENT,BE,2025,36.65,,
ESTAT:ISOC_E_DII(1.0),27/02/26 11:00:00,A,GE10,C10-S951_X_K,E_DI3_HI,PC_ENT,BG,2021,7.59,,
ESTAT:ISOC_E_DII(1.0),27/02/26 11:00:00,A,GE10,C10-S951_X_K,E_DI3_HI,PC_ENT,BG,2023,8.14,,
ESTAT:ISOC_E_DII(1.0),27/02/26 11:00:00,A,GE10,C10-S951_X_K,E_DI3_HI,PC_ENT,BG,2025,11.40,,
ESTAT:ISOC_E_DII(1.0),27/02/26 11:00:00,A,GE10,C10-S951_X_K,E_DI3_HI,PC_ENT,CY,2021,22.96,,
ESTAT:ISOC_E_DII(1.0),27/02/26 11:00:00,A,GE10,C10-S951_X_K,E_DI3_HI,PC_ENT,CY,2023,25.71,,
ESTAT:ISOC_E_DII(1.0),27/02/26 11:00:00,A,GE10,C10-S951_X_K,E_DI3_HI,PC_ENT,CY,2025,30.14,,
ESTAT:ISOC_E_DII(1.0),27/02/26 11:00:00,A,GE10,C10-S951_X_K,E_DI3_HI,PC_ENT,CZ,2021,16.92,,
ESTAT:ISOC_E_DII(1.0),27/02/26 11:00:00,A,GE10,C10-S951_X_K,E_DI3_HI,PC_ENT,CZ,2023,16.19,,
ESTAT:ISOC_E_DII(1.0),27/02/26 11:00:00,A,GE10,C10-S951_X_K,E_DI3_HI,PC_ENT,CZ,2025,28.86,,
ESTAT:ISOC_E_DII(1.0),27/02/26 11:00:00,A,GE10,C10-S951_X_K,E_DI3_HI,PC_ENT,DE,2021,20.94,,
ESTAT:ISOC_E_DII(1.0),27/02/26 11:00:00,A,GE10,C10-S951_X_K,E_DI3_HI,PC_ENT,DE,2023,21.61,,
ESTAT:ISOC_E_DII(1.0),27/02/26 11:00:00,A,GE10,C10-S951_X_K,E_DI3_HI,PC_ENT,DE,2025,27.94,,
ESTAT:ISOC_E_DII(1.0),27/02/26 11:00:00,A,GE10,C10-S951_X_K,E_DI3_HI,PC_ENT,DK,2021,33.23,,
ESTAT:ISOC_E_DII(1.0),27/02/26 11:00:00,A,GE10,C10-S951_X_K,E_DI3_HI,PC_ENT,DK,2023,31.71,,
ESTAT:ISOC_E_DII(1.0),27/02/26 11:00:00,A,GE10,C10-S951_X_K,E_DI3_HI,PC_ENT,DK,2025,38.88,,
ESTAT:ISOC_E_DII(1.0),27/02/26 11:00:00,A,GE10,C10-S951_X_K,E_DI3_HI,PC_ENT,EA,2021,19.81,,
ESTAT:ISOC_E_DII(1.0),27/02/26 11:00:00,A,GE10,C10-S951_X_K,E_DI3_HI,PC_ENT,EA,2023,21.01,,
ESTAT:ISOC_E_DII(1.0),27/02/26 11:00:00,A,GE10,C10-S951_X_K,E_DI3_HI,PC_ENT,EA,2025,28.63,,
ESTAT:ISOC_E_DII(1.0),27/02/26 11:00:00,A,GE10,C10-S951_X_K,E_DI3_HI,PC_ENT,EE,2021,16.54,,
ESTAT:ISOC_E_DII(1.0),27/02/26 11:00:00,A,GE10,C10-S951_X_K,E_DI3_HI,PC_ENT,EE,2023,18.22,,
ESTAT:ISOC_E_DII(1.0),27/02/26 11:00:00,A,GE10,C10-S951_X_K,E_DI3_HI,PC_ENT,EE,2025,28.75,d,
ESTAT:ISOC_E_DII(1.0),27/02/26 11:00:00,A,GE10,C10-S951_X_K,E_DI3_HI,PC_ENT,EL,2021,14.99,,
ESTAT:ISOC_E_DII(1.0),27/02/26 11:00:00,A,GE10,C10-S951_X_K,E_DI3_HI,PC_ENT,EL,2023,13.15,,
ESTAT:ISOC_E_DII(1.0),27/02/26 11:00:00,A,GE10,C10-S951_X_K,E_DI3_HI,PC_ENT,EL,2025,19.28,,
ESTAT:ISOC_E_DII(1.0),27/02/26 11:00:00,A,GE10,C10-S951_X_K,E_DI3_HI,PC_ENT,ES,2021,21.95,,
ESTAT:ISOC_E_DII(1.0),27/02/26 11:00:00,A,GE10,C10-S951_X_K,E_DI3_HI,PC_ENT,ES,2023,21.52,,
ESTAT:ISOC_E_DII(1.0),27/02/26 11:00:00,A,GE10,C10-S951_X_K,E_DI3_HI,PC_ENT,ES,2025,30.23,,
ESTAT:ISOC_E_DII(1.0),27/02/26 11:00:00,A,GE10,C10-S951_X_K,E_DI3_HI,PC_ENT,EU27_2020,2021,18.88,,
ESTAT:ISOC_E_DII(1.0),27/02/26 11:00:00,A,GE10,C10-S951_X_K,E_DI3_HI,PC_ENT,EU27_2020,2023,20.31,,
ESTAT:ISOC_E_DII(1.0),27/02/26 11:00:00,A,GE10,C10-S951_X_K,E_DI3_HI,PC_ENT,EU27_2020,2025,27.54,,
ESTAT:ISOC_E_DII(1.0),27/02/26 11:00:00,A,GE10,C10-S951_X_K,E_DI3_HI,PC_ENT,FI,2021,36.30,,
ESTAT:ISOC_E_DII(1.0),27/02/26 11:00:00,A,GE10,C10-S951_X_K,E_DI3_HI,PC_ENT,FI,2023,38.88,,
ESTAT:ISOC_E_DII(1.0),27/02/26 11:00:00,A,GE10,C10-S951_X_K,E_DI3_HI,PC_ENT,FI,2025,42.40,,
ESTAT:ISOC_E_DII(1.0),27/02/26 11:00:00,A,GE10,C10-S951_X_K,E_DI3_HI,PC_ENT,FR,2021,13.05,,
ESTAT:ISOC_E_DII(1.0),27/02/26 11:00:00,A,GE10,C10-S951_X_K,E_DI3_HI,PC_ENT,FR,2023,,bu,
ESTAT:ISOC_E_DII(1.0),27/02/26 11:00:00,A,GE10,C10-S951_X_K,E_DI3_HI,PC_ENT,FR,2025,26.31,,
ESTAT:ISOC_E_DII(1.0),27/02/26 11:00:00,A,GE10,C10-S951_X_K,E_DI3_HI,PC_ENT,HR,2021,16.55,,
ESTAT:ISOC_E_DII(1.0),27/02/26 11:00:00,A,GE10,C10-S951_X_K,E_DI3_HI,PC_ENT,HR,2023,20.11,,
ESTAT:ISOC_E_DII(1.0),27/02/26 11:00:00,A,GE10,C10-S951_X_K,E_DI3_HI,PC_ENT,HR,2025,21.98,,
ESTAT:ISOC_E_DII(1.0),27/02/26 11:00:00,A,GE10,C10-S951_X_K,E_DI3_HI,PC_ENT,HU,2021,10.11,,
ESTAT:ISOC_E_DII(1.0),27/02/26 11:00:00,A,GE10,C10-S951_X_K,E_DI3_HI,PC_ENT,HU,2023,18.12,,
ESTAT:ISOC_E_DII(1.0),27/02/26 11:00:00,A,GE10,C10-S951_X_K,E_DI3_HI,PC_ENT,HU,2025,21.85,,
ESTAT:ISOC_E_DII(1.0),27/02/26 11:00:00,A,GE10,C10-S951_X_K,E_DI3_HI,PC_ENT,IE,2021,23.80,,
ESTAT:ISOC_E_DII(1.0),27/02/26 11:00:00,A,GE10,C10-S951_X_K,E_DI3_HI,PC_ENT,IE,2023,24.88,,
ESTAT:ISOC_E_DII(1.0),27/02/26 11:00:00,A,GE10,C10-S951_X_K,E_DI3_HI,PC_ENT,IE,2025,29.85,,
ESTAT:ISOC_E_DII(1.0),27/02/26 11:00:00,A,GE10,C10-S951_X_K,E_DI3_HI,PC_ENT,IT,2021,17.73,,
ESTAT:ISOC_E_DII(1.0),27/02/26 11:00:00,A,GE10,C10-S951_X_K,E_DI3_HI,PC_ENT,IT,2023,19.02,,
ESTAT:ISOC_E_DII(1.0),27/02/26 11:00:00,A,GE10,C10-S951_X_K,E_DI3_HI,PC_ENT,IT,2025,30.22,,
ESTAT:ISOC_E_DII(1.0),27/02/26 11:00:00,A,GE10,C10-S951_X_K,E_DI3_HI,PC_ENT,LT,2021,17.66,,
ESTAT:ISOC_E_DII(1.0),27/02/26 11:00:00,A,GE10,C10-S951_X_K,E_DI3_HI,PC_ENT,LT,2023,18.68,,
ESTAT:ISOC_E_DII(1.0),27/02/26 11:00:00,A,GE10,C10-S951_X_K,E_DI3_HI,PC_ENT,LT,2025,29.37,,
ESTAT:ISOC_E_DII(1.0),27/02/26 11:00:00,A,GE10,C10-S951_X_K,E_DI3_HI,PC_ENT,LU,2021,19.37,,
ESTAT:ISOC_E_DII(1.0),27/02/26 11:00:00,A,GE10,C10-S951_X_K,E_DI3_HI,PC_ENT,LU,2023,20.58,,
ESTAT:ISOC_E_DII(1.0),27/02/26 11:00:00,A,GE10,C10-S951_X_K,E_DI3_HI,PC_ENT,LU,2025,30.04,,
ESTAT:ISOC_E_DII(1.0),27/02/26 11:00:00,A,GE10,C10-S951_X_K,E_DI3_HI,PC_ENT,LV,2021,11.87,,
ESTAT:ISOC_E_DII(1.0),27/02/26 11:00:00,A,GE10,C10-S951_X_K,E_DI3_HI,PC_ENT,LV,2023,16.56,,
ESTAT:ISOC_E_DII(1.0),27/02/26 11:00:00,A,GE10,C10-S951_X_K,E_DI3_HI,PC_ENT,LV,2025,20.61,,
ESTAT:ISOC_E_DII(1.0),27/02/26 11:00:00,A,GE10,C10-S951_X_K,E_DI3_HI,PC_ENT,ME,2021,16.36,,
ESTAT:ISOC_E_DII(1.0),27/02/26 11:00:00,A,GE10,C10-S951_X_K,E_DI3_HI,PC_ENT,ME,2023,21.63,,
ESTAT:ISOC_E_DII(1.0),27/02/26 11:00:00,A,GE10,C10-S951_X_K,E_DI3_HI,PC_ENT,ME,2025,24.61,,
ESTAT:ISOC_E_DII(1.0),27/02/26 11:00:00,A,GE10,C10-S951_X_K,E_DI3_HI,PC_ENT,MK,2021,7.37,,
ESTAT:ISOC_E_DII(1.0),27/02/26 11:00:00,A,GE10,C10-S951_X_K,E_DI3_HI,PC_ENT,MT,2021,30.21,,
ESTAT:ISOC_E_DII(1.0),27/02/26 11:00:00,A,GE10,C10-S951_X_K,E_DI3_HI,PC_ENT,MT,2023,33.86,,
ESTAT:ISOC_E_DII(1.0),27/02/26 11:00:00,A,GE10,C10-S951_X_K,E_DI3_HI,PC_ENT,MT,2025,36.82,,
ESTAT:ISOC_E_DII(1.0),27/02/26 11:00:00,A,GE10,C10-S951_X_K,E_DI3_HI,PC_ENT,NL,2021,34.47,,
ESTAT:ISOC_E_DII(1.0),27/02/26 11:00:00,A,GE10,C10-S951_X_K,E_DI3_HI,PC_ENT,NL,2023,38.78,,
ESTAT:ISOC_E_DII(1.0),27/02/26 11:00:00,A,GE10,C10-S951_X_K,E_DI3_HI,PC_ENT,NL,2025,41.71,,
ESTAT:ISOC_E_DII(1.0),27/02/26 11:00:00,A,GE10,C10-S951_X_K,E_DI3_HI,PC_ENT,NO,2021,31.31,,
ESTAT:ISOC_E_DII(1.0),27/02/26 11:00:00,A,GE10,C10-S951_X_K,E_DI3_HI,PC_ENT,NO,2023,33.49,,
ESTAT:ISOC_E_DII(1.0),27/02/26 11:00:00,A,GE10,C10-S951_X_K,E_DI3_HI,PC_ENT,NO,2025,35.05,,
ESTAT:ISOC_E_DII(1.0),27/02/26 11:00:00,A,GE10,C10-S951_X_K,E_DI3_HI,PC_ENT,PL,2021,12.08,,
ESTAT:ISOC_E_DII(1.0),27/02/26 11:00:00,A,GE10,C10-S951_X_K,E_DI3_HI,PC_ENT,PL,2023,17.20,,
ESTAT:ISOC_E_DII(1.0),27/02/26 11:00:00,A,GE10,C10-S951_X_K,E_DI3_HI,PC_ENT,PL,2025,22.10,,
ESTAT:ISOC_E_DII(1.0),27/02/26 11:00:00,A,GE10,C10-S951_X_K,E_DI3_HI,PC_ENT,PT,2021,16.07,,
ESTAT:ISOC_E_DII(1.0),27/02/26 11:00:00,A,GE10,C10-S951_X_K,E_DI3_HI,PC_ENT,PT,2023,17.08,,
ESTAT:ISOC_E_DII(1.0),27/02/26 11:00:00,A,GE10,C10-S951_X_K,E_DI3_HI,PC_ENT,PT,2025,21.84,,
ESTAT:ISOC_E_DII(1.0),27/02/26 11:00:00,A,GE10,C10-S951_X_K,E_DI3_HI,PC_ENT,RO,2021,5.52,,
ESTAT:ISOC_E_DII(1.0),27/02/26 11:00:00,A,GE10,C10-S951_X_K,E_DI3_HI,PC_ENT,RO,2023,7.92,,
ESTAT:ISOC_E_DII(1.0),27/02/26 11:00:00,A,GE10,C10-S951_X_K,E_DI3_HI,PC_ENT,RO,2025,14.45,,
ESTAT:ISOC_E_DII(1.0),27/02/26 11:00:00,A,GE10,C10-S951_X_K,E_DI3_HI,PC_ENT,RS,2021,10.48,,
ESTAT:ISOC_E_DII(1.0),27/02/26 11:00:00,A,GE10,C10-S951_X_K,E_DI3_HI,PC_ENT,RS,2023,13.28,,
ESTAT:ISOC_E_DII(1.0),27/02/26 11:00:00,A,GE10,C10-S951_X_K,E_DI3_HI,PC_ENT,RS,2025,15.98,,
ESTAT:ISOC_E_DII(1.0),27/02/26 11:00:00,A,GE10,C10-S951_X_K,E_DI3_HI,PC_ENT,SE,2021,37.93,,
ESTAT:ISOC_E_DII(1.0),27/02/26 11:00:00,A,GE10,C10-S951_X_K,E_DI3_HI,PC_ENT,SE,2023,33.20,b,
ESTAT:ISOC_E_DII(1.0),27/02/26 11:00:00,A,GE10,C10-S951_X_K,E_DI3_HI,PC_ENT,SE,2025,35.14,,
ESTAT:ISOC_E_DII(1.0),27/02/26 11:00:00,A,GE10,C10-S951_X_K,E_DI3_HI,PC_ENT,SI,2021,20.32,,
ESTAT:ISOC_E_DII(1.0),27/02/26 11:00:00,A,GE10,C10-S951_X_K,E_DI3_HI,PC_ENT,SI,2023,18.03,,
ESTAT:ISOC_E_DII(1.0),27/02/26 11:00:00,A,GE10,C10-S951_X_K,E_DI3_HI,PC_ENT,SI,2025,23.39,,
ESTAT:ISOC_E_DII(1.0),27/02/26 11:00:00,A,GE10,C10-S951_X_K,E_DI3_HI,PC_ENT,SK,2021,13.98,,
ESTAT:ISOC_E_DII(1.0),27/02/26 11:00:00,A,GE10,C10-S951_X_K,E_DI3_HI,PC_ENT,SK,2023,13.99,,
ESTAT:ISOC_E_DII(1.0),27/02/26 11:00:00,A,GE10,C10-S951_X_K,E_DI3_HI,PC_ENT,SK,2025,20.43,,
ESTAT:ISOC_E_DII(1.0),27/02/26 11:00:00,A,GE10,C10-S951_X_K,E_DI3_HI,PC_ENT,TR,2025,10.94,,
ESTAT:ISOC_E_DII(1.0),27/02/26 11:00:00,A,GE10,C10-S951_X_K,E_DI3_LO,PC_ENT,AT,2021,36.89,,
ESTAT:ISOC_E_DII(1.0),27/02/26 11:00:00,A,GE10,C10-S951_X_K,E_DI3_LO,PC_ENT,AT,2023,33.05,,
ESTAT:ISOC_E_DII(1.0),27/02/26 11:00:00,A,GE10,C10-S951_X_K,E_DI3_LO,PC_ENT,AT,2025,36.70,,
ESTAT:ISOC_E_DII(1.0),27/02/26 11:00:00,A,GE10,C10-S951_X_K,E_DI3_LO,PC_ENT,BA,2021,25.54,,
ESTAT:ISOC_E_DII(1.0),27/02/26 11:00:00,A,GE10,C10-S951_X_K,E_DI3_LO,PC_ENT,BA,2023,31.17,,
ESTAT:ISOC_E_DII(1.0),27/02/26 11:00:00,A,GE10,C10-S951_X_K,E_DI3_LO,PC_ENT,BA,2025,40.17,,
ESTAT:ISOC_E_DII(1.0),27/02/26 11:00:00,A,GE10,C10-S951_X_K,E_DI3_LO,PC_ENT,BE,2021,38.09,,
ESTAT:ISOC_E_DII(1.0),27/02/26 11:00:00,A,GE10,C10-S951_X_K,E_DI3_LO,PC_ENT,BE,2023,32.74,,
ESTAT:ISOC_E_DII(1.0),27/02/26 11:00:00,A,GE10,C10-S951_X_K,E_DI3_LO,PC_ENT,BE,2025,28.22,,
ESTAT:ISOC_E_DII(1.0),27/02/26 11:00:00,A,GE10,C10-S951_X_K,E_DI3_LO,PC_ENT,BG,2021,17.66,,
ESTAT:ISOC_E_DII(1.0),27/02/26 11:00:00,A,GE10,C10-S951_X_K,E_DI3_LO,PC_ENT,BG,2023,19.59,,
ESTAT:ISOC_E_DII(1.0),27/02/26 11:00:00,A,GE10,C10-S951_X_K,E_DI3_LO,PC_ENT,BG,2025,25.91,,
ESTAT:ISOC_E_DII(1.0),27/02/26 11:00:00,A,GE10,C10-S951_X_K,E_DI3_LO,PC_ENT,CY,2021,41.07,,
ESTAT:ISOC_E_DII(1.0),27/02/26 11:00:00,A,GE10,C10-S951_X_K,E_DI3_LO,PC_ENT,CY,2023,37.33,,
ESTAT:ISOC_E_DII(1.0),27/02/26 11:00:00,A,GE10,C10-S951_X_K,E_DI3_LO,PC_ENT,CY,2025,37.21,,
ESTAT:ISOC_E_DII(1.0),27/02/26 11:00:00,A,GE10,C10-S951_X_K,E_DI3_LO,PC_ENT,CZ,2021,33.51,,
ESTAT:ISOC_E_DII(1.0),27/02/26 11:00:00,A,GE10,C10-S951_X_K,E_DI3_LO,PC_ENT,CZ,2023,29.94,,
ESTAT:ISOC_E_DII(1.0),27/02/26 11:00:00,A,GE10,C10-S951_X_K,E_DI3_LO,PC_ENT,CZ,2025,30.58,,
ESTAT:ISOC_E_DII(1.0),27/02/26 11:00:00,A,GE10,C10-S951_X_K,E_DI3_LO,PC_ENT,DE,2021,34.69,,
ESTAT:ISOC_E_DII(1.0),27/02/26 11:00:00,A,GE10,C10-S951_X_K,E_DI3_LO,PC_ENT,DE,2023,35.23,,
ESTAT:ISOC_E_DII(1.0),27/02/26 11:00:00,A,GE10,C10-S951_X_K,E_DI3_LO,PC_ENT,DE,2025,35.96,,
ESTAT:ISOC_E_DII(1.0),27/02/26 11:00:00,A,GE10,C10-S951_X_K,E_DI3_LO,PC_ENT,DK,2021,36.71,,
ESTAT:ISOC_E_DII(1.0),27/02/26 11:00:00,A,GE10,C10-S951_X_K,E_DI3_LO,PC_ENT,DK,2023,37.67,,
ESTAT:ISOC_E_DII(1.0),27/02/26 11:00:00,A,GE10,C10-S951_X_K,E_DI3_LO,PC_ENT,DK,2025,26.65,,
ESTAT:ISOC_E_DII(1.0),27/02/26 11:00:00,A,GE10,C10-S951_X_K,E_DI3_LO,PC_ENT,EA,2021,35.47,,
ESTAT:ISOC_E_DII(1.0),27/02/26 11:00:00,A,GE10,C10-S951_X_K,E_DI3_LO,PC_ENT,EA,2023,34.65,,
ESTAT:ISOC_E_DII(1.0),27/02/26 11:00:00,A,GE10,C10-S951_X_K,E_DI3_LO,PC_ENT,EA,2025,35.50,,
ESTAT:ISOC_E_DII(1.0),27/02/26 11:00:00,A,GE10,C10-S951_X_K,E_DI3_LO,PC_ENT,EE,2021,35.94,,
ESTAT:ISOC_E_DII(1.0),27/02/26 11:00:00,A,GE10,C10-S951_X_K,E_DI3_LO,PC_ENT,EE,2023,34.37,,
ESTAT:ISOC_E_DII(1.0),27/02/26 11:00:00,A,GE10,C10-S951_X_K,E_DI3_LO,PC_ENT,EE,2025,35.53,d,
ESTAT:ISOC_E_DII(1.0),27/02/26 11:00:00,A,GE10,C10-S951_X_K,E_DI3_LO,PC_ENT,EL,2021,21.79,,
ESTAT:ISOC_E_DII(1.0),27/02/26 11:00:00,A,GE10,C10-S951_X_K,E_DI3_LO,PC_ENT,EL,2023,27.85,,
ESTAT:ISOC_E_DII(1.0),27/02/26 11:00:00,A,GE10,C10-S951_X_K,E_DI3_LO,PC_ENT,EL,2025,30.95,,
ESTAT:ISOC_E_DII(1.0),27/02/26 11:00:00,A,GE10,C10-S951_X_K,E_DI3_LO,PC_ENT,ES,2021,35.02,,
ESTAT:ISOC_E_DII(1.0),27/02/26 11:00:00,A,GE10,C10-S951_X_K,E_DI3_LO,PC_ENT,ES,2023,33.13,,
ESTAT:ISOC_E_DII(1.0),27/02/26 11:00:00,A,GE10,C10-S951_X_K,E_DI3_LO,PC_ENT,ES,2025,33.63,,
ESTAT:ISOC_E_DII(1.0),27/02/26 11:00:00,A,GE10,C10-S951_X_K,E_DI3_LO,PC_ENT,EU27_2020,2021,33.72,,
ESTAT:ISOC_E_DII(1.0),27/02/26 11:00:00,A,GE10,C10-S951_X_K,E_DI3_LO,PC_ENT,EU27_2020,2023,33.54,,
ESTAT:ISOC_E_DII(1.0),27/02/26 11:00:00,A,GE10,C10-S951_X_K,E_DI3_LO,PC_ENT,EU27_2020,2025,34.52,,
ESTAT:ISOC_E_DII(1.0),27/02/26 11:00:00,A,GE10,C10-S951_X_K,E_DI3_LO,PC_ENT,FI,2021,35.42,,
ESTAT:ISOC_E_DII(1.0),27/02/26 11:00:00,A,GE10,C10-S951_X_K,E_DI3_LO,PC_ENT,FI,2023,34.15,,
ESTAT:ISOC_E_DII(1.0),27/02/26 11:00:00,A,GE10,C10-S951_X_K,E_DI3_LO,PC_ENT,FI,2025,26.46,,
ESTAT:ISOC_E_DII(1.0),27/02/26 11:00:00,A,GE10,C10-S951_X_K,E_DI3_LO,PC_ENT,FR,2021,34.30,,
ESTAT:ISOC_E_DII(1.0),27/02/26 11:00:00,A,GE10,C10-S951_X_K,E_DI3_LO,PC_ENT,FR,2023,34.07,b,
ESTAT:ISOC_E_DII(1.0),27/02/26 11:00:00,A,GE10,C10-S951_X_K,E_DI3_LO,PC_ENT,FR,2025,35.76,,
ESTAT:ISOC_E_DII(1.0),27/02/26 11:00:00,A,GE10,C10-S951_X_K,E_DI3_LO,PC_ENT,HR,2021,30.31,,
ESTAT:ISOC_E_DII(1.0),27/02/26 11:00:00,A,GE10,C10-S951_X_K,E_DI3_LO,PC_ENT,HR,2023,31.77,,
ESTAT:ISOC_E_DII(1.0),27/02/26 11:00:00,A,GE10,C10-S951_X_K,E_DI3_LO,PC_ENT,HR,2025,28.76,,
ESTAT:ISOC_E_DII(1.0),27/02/26 11:00:00,A,GE10,C10-S951_X_K,E_DI3_LO,PC_ENT,HU,2021,24.08,,
ESTAT:ISOC_E_DII(1.0),27/02/26 11:00:00,A,GE10,C10-S951_X_K,E_DI3_LO,PC_ENT,HU,2023,32.14,,
ESTAT:ISOC_E_DII(1.0),27/02/26 11:00:00,A,GE10,C10-S951_X_K,E_DI3_LO,PC_ENT,HU,2025,32.77,,
ESTAT:ISOC_E_DII(1.0),27/02/26 11:00:00,A,GE10,C10-S951_X_K,E_DI3_LO,PC_ENT,IE,2021,36.52,,
ESTAT:ISOC_E_DII(1.0),27/02/26 11:00:00,A,GE10,C10-S951_X_K,E_DI3_LO,PC_ENT,IE,2023,35.11,,
ESTAT:ISOC_E_DII(1.0),27/02/26 11:00:00,A,GE10,C10-S951_X_K,E_DI3_LO,PC_ENT,IE,2025,38.25,,
ESTAT:ISOC_E_DII(1.0),27/02/26 11:00:00,A,GE10,C10-S951_X_K,E_DI3_LO,PC_ENT,IT,2021,40.78,,
ESTAT:ISOC_E_DII(1.0),27/02/26 11:00:00,A,GE10,C10-S951_X_K,E_DI3_LO,PC_ENT,IT,2023,39.03,,
ESTAT:ISOC_E_DII(1.0),27/02/26 11:00:00,A,GE10,C10-S951_X_K,E_DI3_LO,PC_ENT,IT,2025,41.66,,
ESTAT:ISOC_E_DII(1.0),27/02/26 11:00:00,A,GE10,C10-S951_X_K,E_DI3_LO,PC_ENT,LT,2021,36.38,,
ESTAT:ISOC_E_DII(1.0),27/02/26 11:00:00,A,GE10,C10-S951_X_K,E_DI3_LO,PC_ENT,LT,2023,38.08,,
ESTAT:ISOC_E_DII(1.0),27/02/26 11:00:00,A,GE10,C10-S951_X_K,E_DI3_LO,PC_ENT,LT,2025,30.99,,
ESTAT:ISOC_E_DII(1.0),27/02/26 11:00:00,A,GE10,C10-S951_X_K,E_DI3_LO,PC_ENT,LU,2021,33.60,,
ESTAT:ISOC_E_DII(1.0),27/02/26 11:00:00,A,GE10,C10-S951_X_K,E_DI3_LO,PC_ENT,LU,2023,34.39,,
ESTAT:ISOC_E_DII(1.0),27/02/26 11:00:00,A,GE10,C10-S951_X_K,E_DI3_LO,PC_ENT,LU,2025,37.80,,
ESTAT:ISOC_E_DII(1.0),27/02/26 11:00:00,A,GE10,C10-S951_X_K,E_DI3_LO,PC_ENT,LV,2021,25.51,,
ESTAT:ISOC_E_DII(1.0),27/02/26 11:00:00,A,GE10,C10-S951_X_K,E_DI3_LO,PC_ENT,LV,2023,28.12,,
ESTAT:ISOC_E_DII(1.0),27/02/26 11:00:00,A,GE10,C10-S951_X_K,E_DI3_LO,PC_ENT,LV,2025,31.10,,
ESTAT:ISOC_E_DII(1.0),27/02/26 11:00:00,A,GE10,C10-S951_X_K,E_DI3_LO,PC_ENT,ME,2021,27.09,,
ESTAT:ISOC_E_DII(1.0),27/02/26 11:00:00,A,GE10,C10-S951_X_K,E_DI3_LO,PC_ENT,ME,2023,38.12,,
ESTAT:ISOC_E_DII(1.0),27/02/26 11:00:00,A,GE10,C10-S951_X_K,E_DI3_LO,PC_ENT,ME,2025,50.98,,
ESTAT:ISOC_E_DII(1.0),27/02/26 11:00:00,A,GE10,C10-S951_X_K,E_DI3_LO,PC_ENT,MK,2021,20.03,,
ESTAT:ISOC_E_DII(1.0),27/02/26 11:00:00,A,GE10,C10-S951_X_K,E_DI3_LO,PC_ENT,MT,2021,33.32,,
ESTAT:ISOC_E_DII(1.0),27/02/26 11:00:00,A,GE10,C10-S951_X_K,E_DI3_LO,PC_ENT,MT,2023,31.62,,
ESTAT:ISOC_E_DII(1.0),27/02/26 11:00:00,A,GE10,C10-S951_X_K,E_DI3_LO,PC_ENT,MT,2025,30.11,,
ESTAT:ISOC_E_DII(1.0),27/02/26 11:00:00,A,GE10,C10-S951_X_K,E_DI3_LO,PC_ENT,NL,2021,39.41,,
ESTAT:ISOC_E_DII(1.0),27/02/26 11:00:00,A,GE10,C10-S951_X_K,E_DI3_LO,PC_ENT,NL,2023,33.10,,
ESTAT:ISOC_E_DII(1.0),27/02/26 11:00:00,A,GE10,C10-S951_X_K,E_DI3_LO,PC_ENT,NL,2025,25.81,,
ESTAT:ISOC_E_DII(1.0),27/02/26 11:00:00,A,GE10,C10-S951_X_K,E_DI3_LO,PC_ENT,NO,2021,39.41,,
ESTAT:ISOC_E_DII(1.0),27/02/26 11:00:00,A,GE10,C10-S951_X_K,E_DI3_LO,PC_ENT,NO,2023,40.06,,
ESTAT:ISOC_E_DII(1.0),27/02/26 11:00:00,A,GE10,C10-S951_X_K,E_DI3_LO,PC_ENT,NO,2025,34.46,,
ESTAT:ISOC_E_DII(1.0),27/02/26 11:00:00,A,GE10,C10-S951_X_K,E_DI3_LO,PC_ENT,PL,2021,27.10,,
ESTAT:ISOC_E_DII(1.0),27/02/26 11:00:00,A,GE10,C10-S951_X_K,E_DI3_LO,PC_ENT,PL,2023,30.43,,
ESTAT:ISOC_E_DII(1.0),27/02/26 11:00:00,A,GE10,C10-S951_X_K,E_DI3_LO,PC_ENT,PL,2025,31.84,,
ESTAT:ISOC_E_DII(1.0),27/02/26 11:00:00,A,GE10,C10-S951_X_K,E_DI3_LO,PC_ENT,PT,2021,30.49,,
ESTAT:ISOC_E_DII(1.0),27/02/26 11:00:00,A,GE10,C10-S951_X_K,E_DI3_LO,PC_ENT,PT,2023,32.87,,
ESTAT:ISOC_E_DII(1.0),27/02/26 11:00:00,A,GE10,C10-S951_X_K,E_DI3_LO,PC_ENT,PT,2025,35.14,,
ESTAT:ISOC_E_DII(1.0),27/02/26 11:00:00,A,GE10,C10-S951_X_K,E_DI3_LO,PC_ENT,RO,2021,17.33,,
ESTAT:ISOC_E_DII(1.0),27/02/26 11:00:00,A,GE10,C10-S951_X_K,E_DI3_LO,PC_ENT,RO,2023,18.71,,
ESTAT:ISOC_E_DII(1.0),27/02/26 11:00:00,A,GE10,C10-S951_X_K,E_DI3_LO,PC_ENT,RO,2025,28.38,,
ESTAT:ISOC_E_DII(1.0),27/02/26 11:00:00,A,GE10,C10-S951_X_K,E_DI3_LO,PC_ENT,RS,2021,31.47,,
ESTAT:ISOC_E_DII(1.0),27/02/26 11:00:00,A,GE10,C10-S951_X_K,E_DI3_LO,PC_ENT,RS,2023,34.01,,
ESTAT:ISOC_E_DII(1.0),27/02/26 11:00:00,A,GE10,C10-S951_X_K,E_DI3_LO,PC_ENT,RS,2025,32.22,,
ESTAT:ISOC_E_DII(1.0),27/02/26 11:00:00,A,GE10,C10-S951_X_K,E_DI3_LO,PC_ENT,SE,2021,38.97,,
ESTAT:ISOC_E_DII(1.0),27/02/26 11:00:00,A,GE10,C10-S951_X_K,E_DI3_LO,PC_ENT,SE,2023,39.42,b,
ESTAT:ISOC_E_DII(1.0),27/02/26 11:00:00,A,GE10,C10-S951_X_K,E_DI3_LO,PC_ENT,SE,2025,34.60,,
ESTAT:ISOC_E_DII(1.0),27/02/26 11:00:00,A,GE10,C10-S951_X_K,E_DI3_LO,PC_ENT,SI,2021,31.30,,
ESTAT:ISOC_E_DII(1.0),27/02/26 11:00:00,A,GE10,C10-S951_X_K,E_DI3_LO,PC_ENT,SI,2023,28.85,,
ESTAT:ISOC_E_DII(1.0),27/02/26 11:00:00,A,GE10,C10-S951_X_K,E_DI3_LO,PC_ENT,SI,2025,34.92,,
ESTAT:ISOC_E_DII(1.0),27/02/26 11:00:00,A,GE10,C10-S951_X_K,E_DI3_LO,PC_ENT,SK,2021,27.71,,
ESTAT:ISOC_E_DII(1.0),27/02/26 11:00:00,A,GE10,C10-S951_X_K,E_DI3_LO,PC_ENT,SK,2023,26.73,,
ESTAT:ISOC_E_DII(1.0),27/02/26 11:00:00,A,GE10,C10-S951_X_K,E_DI3_LO,PC_ENT,SK,2025,31.98,,
ESTAT:ISOC_E_DII(1.0),27/02/26 11:00:00,A,GE10,C10-S951_X_K,E_DI3_LO,PC_ENT,TR,2025,30.75,,
ESTAT:ISOC_E_DII(1.0),27/02/26 11:00:00,A,GE10,C10-S951_X_K,E_DI3_VHI,PC_ENT,AT,2021,5.97,,
ESTAT:ISOC_E_DII(1.0),27/02/26 11:00:00,A,GE10,C10-S951_X_K,E_DI3_VHI,PC_ENT,AT,2023,5.51,,
ESTAT:ISOC_E_DII(1.0),27/02/26 11:00:00,A,GE10,C10-S951_X_K,E_DI3_VHI,PC_ENT,AT,2025,10.09,,
ESTAT:ISOC_E_DII(1.0),27/02/26 11:00:00,A,GE10,C10-S951_X_K,E_DI3_VHI,PC_ENT,BA,2021,1.38,,
ESTAT:ISOC_E_DII(1.0),27/02/26 11:00:00,A,GE10,C10-S951_X_K,E_DI3_VHI,PC_ENT,BA,2023,1.73,,
ESTAT:ISOC_E_DII(1.0),27/02/26 11:00:00,A,GE10,C10-S951_X_K,E_DI3_VHI,PC_ENT,BA,2025,3.41,,
ESTAT:ISOC_E_DII(1.0),27/02/26 11:00:00,A,GE10,C10-S951_X_K,E_DI3_VHI,PC_ENT,BE,2021,2.29,,
ESTAT:ISOC_E_DII(1.0),27/02/26 11:00:00,A,GE10,C10-S951_X_K,E_DI3_VHI,PC_ENT,BE,2023,9.67,,
ESTAT:ISOC_E_DII(1.0),27/02/26 11:00:00,A,GE10,C10-S951_X_K,E_DI3_VHI,PC_ENT,BE,2025,20.03,,
ESTAT:ISOC_E_DII(1.0),27/02/26 11:00:00,A,GE10,C10-S951_X_K,E_DI3_VHI,PC_ENT,BG,2021,0.84,,
ESTAT:ISOC_E_DII(1.0),27/02/26 11:00:00,A,GE10,C10-S951_X_K,E_DI3_VHI,PC_ENT,BG,2023,1.62,,
ESTAT:ISOC_E_DII(1.0),27/02/26 11:00:00,A,GE10,C10-S951_X_K,E_DI3_VHI,PC_ENT,BG,2025,2.04,,
ESTAT:ISOC_E_DII(1.0),27/02/26 11:00:00,A,GE10,C10-S951_X_K,E_DI3_VHI,PC_ENT,CY,2021,2.81,,
ESTAT:ISOC_E_DII(1.0),27/02/26 11:00:00,A,GE10,C10-S951_X_K,E_DI3_VHI,PC_ENT,CY,2023,4.82,,
ESTAT:ISOC_E_DII(1.0),27/02/26 11:00:00,A,GE10,C10-S951_X_K,E_DI3_VHI,PC_ENT,CY,2025,7.50,,
ESTAT:ISOC_E_DII(1.0),27/02/26 11:00:00,A,GE10,C10-S951_X_K,E_DI3_VHI,PC_ENT,CZ,2021,3.60,,
ESTAT:ISOC_E_DII(1.0),27/02/26 11:00:00,A,GE10,C10-S951_X_K,E_DI3_VHI,PC_ENT,CZ,2023,4.79,,
ESTAT:ISOC_E_DII(1.0),27/02/26 11:00:00,A,GE10,C10-S951_X_K,E_DI3_VHI,PC_ENT,CZ,2025,12.07,,
ESTAT:ISOC_E_DII(1.0),27/02/26 11:00:00,A,GE10,C10-S951_X_K,E_DI3_VHI,PC_ENT,DE,2021,4.23,,
ESTAT:ISOC_E_DII(1.0),27/02/26 11:00:00,A,GE10,C10-S951_X_K,E_DI3_VHI,PC_ENT,DE,2023,5.57,,
ESTAT:ISOC_E_DII(1.0),27/02/26 11:00:00,A,GE10,C10-S951_X_K,E_DI3_VHI,PC_ENT,DE,2025,10.45,,
ESTAT:ISOC_E_DII(1.0),27/02/26 11:00:00,A,GE10,C10-S951_X_K,E_DI3_VHI,PC_ENT,DK,2021,9.97,,
ESTAT:ISOC_E_DII(1.0),27/02/26 11:00:00,A,GE10,C10-S951_X_K,E_DI3_VHI,PC_ENT,DK,2023,6.57,,
ESTAT:ISOC_E_DII(1.0),27/02/26 11:00:00,A,GE10,C10-S951_X_K,E_DI3_VHI,PC_ENT,DK,2025,27.15,,
ESTAT:ISOC_E_DII(1.0),27/02/26 11:00:00,A,GE10,C10-S951_X_K,E_DI3_VHI,PC_ENT,EA,2021,3.11,,
ESTAT:ISOC_E_DII(1.0),27/02/26 11:00:00,A,GE10,C10-S951_X_K,E_DI3_VHI,PC_ENT,EA,2023,5.27,,
ESTAT:ISOC_E_DII(1.0),27/02/26 11:00:00,A,GE10,C10-S951_X_K,E_DI3_VHI,PC_ENT,EA,2025,10.42,,
ESTAT:ISOC_E_DII(1.0),27/02/26 11:00:00,A,GE10,C10-S951_X_K,E_DI3_VHI,PC_ENT,EE,2021,2.32,,
ESTAT:ISOC_E_DII(1.0),27/02/26 11:00:00,A,GE10,C10-S951_X_K,E_DI3_VHI,PC_ENT,EE,2023,4.29,,
ESTAT:ISOC_E_DII(1.0),27/02/26 11:00:00,A,GE10,C10-S951_X_K,E_DI3_VHI,PC_ENT,EE,2025,8.49,d,
ESTAT:ISOC_E_DII(1.0),27/02/26 11:00:00,A,GE10,C10-S951_X_K,E_DI3_VHI,PC_ENT,EL,2021,1.43,,
ESTAT:ISOC_E_DII(1.0),27/02/26 11:00:00,A,GE10,C10-S951_X_K,E_DI3_VHI,PC_ENT,EL,2023,2.83,,
ESTAT:ISOC_E_DII(1.0),27/02/26 11:00:00,A,GE10,C10-S951_X_K,E_DI3_VHI,PC_ENT,EL,2025,6.25,,
ESTAT:ISOC_E_DII(1.0),27/02/26 11:00:00,A,GE10,C10-S951_X_K,E_DI3_VHI,PC_ENT,ES,2021,3.46,,
ESTAT:ISOC_E_DII(1.0),27/02/26 11:00:00,A,GE10,C10-S951_X_K,E_DI3_VHI,PC_ENT,ES,2023,6.82,,
ESTAT:ISOC_E_DII(1.0),27/02/26 11:00:00,A,GE10,C10-S951_X_K,E_DI3_VHI,PC_ENT,ES,2025,12.10,,
ESTAT:ISOC_E_DII(1.0),27/02/26 11:00:00,A,GE10,C10-S951_X_K,E_DI3_VHI,PC_ENT,EU27_2020,2021,3.16,,
ESTAT:ISOC_E_DII(1.0),27/02/26 11:00:00,A,GE10,C10-S951_X_K,E_DI3_VHI,PC_ENT,EU27_2020,2023,5.02,,
ESTAT:ISOC_E_DII(1.0),27/02/26 11:00:00,A,GE10,C10-S951_X_K,E_DI3_VHI,PC_ENT,EU27_2020,2025,10.05,,
ESTAT:ISOC_E_DII(1.0),27/02/26 11:00:00,A,GE10,C10-S951_X_K,E_DI3_VHI,PC_ENT,FI,2021,10.49,,
ESTAT:ISOC_E_DII(1.0),27/02/26 11:00:00,A,GE10,C10-S951_X_K,E_DI3_VHI,PC_ENT,FI,2023,13.02,,
ESTAT:ISOC_E_DII(1.0),27/02/26 11:00:00,A,GE10,C10-S951_X_K,E_DI3_VHI,PC_ENT,FI,2025,25.38,,
ESTAT:ISOC_E_DII(1.0),27/02/26 11:00:00,A,GE10,C10-S951_X_K,E_DI3_VHI,PC_ENT,FR,2021,0.73,,
ESTAT:ISOC_E_DII(1.0),27/02/26 11:00:00,A,GE10,C10-S951_X_K,E_DI3_VHI,PC_ENT,FR,2023,,bu,
ESTAT:ISOC_E_DII(1.0),27/02/26 11:00:00,A,GE10,C10-S951_X_K,E_DI3_VHI,PC_ENT,FR,2025,8.16,,
ESTAT:ISOC_E_DII(1.0),27/02/26 11:00:00,A,GE10,C10-S951_X_K,E_DI3_VHI,PC_ENT,HR,2021,3.79,,
ESTAT:ISOC_E_DII(1.0),27/02/26 11:00:00,A,GE10,C10-S951_X_K,E_DI3_VHI,PC_ENT,HR,2023,5.08,,
ESTAT:ISOC_E_DII(1.0),27/02/26 11:00:00,A,GE10,C10-S951_X_K,E_DI3_VHI,PC_ENT,HR,2025,7.39,,
ESTAT:ISOC_E_DII(1.0),27/02/26 11:00:00,A,GE10,C10-S951_X_K,E_DI3_VHI,PC_ENT,HU,2021,1.58,,
ESTAT:ISOC_E_DII(1.0),27/02/26 11:00:00,A,GE10,C10-S951_X_K,E_DI3_VHI,PC_ENT,HU,2023,3.95,,
ESTAT:ISOC_E_DII(1.0),27/02/26 11:00:00,A,GE10,C10-S951_X_K,E_DI3_VHI,PC_ENT,HU,2025,6.18,,
ESTAT:ISOC_E_DII(1.0),27/02/26 11:00:00,A,GE10,C10-S951_X_K,E_DI3_VHI,PC_ENT,IE,2021,4.77,,
ESTAT:ISOC_E_DII(1.0),27/02/26 11:00:00,A,GE10,C10-S951_X_K,E_DI3_VHI,PC_ENT,IE,2023,6.93,,
ESTAT:ISOC_E_DII(1.0),27/02/26 11:00:00,A,GE10,C10-S951_X_K,E_DI3_VHI,PC_ENT,IE,2025,11.82,,
ESTAT:ISOC_E_DII(1.0),27/02/26 11:00:00,A,GE10,C10-S951_X_K,E_DI3_VHI,PC_ENT,IT,2021,2.30,,
ESTAT:ISOC_E_DII(1.0),27/02/26 11:00:00,A,GE10,C10-S951_X_K,E_DI3_VHI,PC_ENT,IT,2023,3.22,,
ESTAT:ISOC_E_DII(1.0),27/02/26 11:00:00,A,GE10,C10-S951_X_K,E_DI3_VHI,PC_ENT,IT,2025,7.93,,
ESTAT:ISOC_E_DII(1.0),27/02/26 11:00:00,A,GE10,C10-S951_X_K,E_DI3_VHI,PC_ENT,LT,2021,3.75,,
ESTAT:ISOC_E_DII(1.0),27/02/26 11:00:00,A,GE10,C10-S951_X_K,E_DI3_VHI,PC_ENT,LT,2023,4.16,,
ESTAT:ISOC_E_DII(1.0),27/02/26 11:00:00,A,GE10,C10-S951_X_K,E_DI3_VHI,PC_ENT,LT,2025,13.98,,
ESTAT:ISOC_E_DII(1.0),27/02/26 11:00:00,A,GE10,C10-S951_X_K,E_DI3_VHI,PC_ENT,LU,2021,2.10,,
ESTAT:ISOC_E_DII(1.0),27/02/26 11:00:00,A,GE10,C10-S951_X_K,E_DI3_VHI,PC_ENT,LU,2023,4.07,,
ESTAT:ISOC_E_DII(1.0),27/02/26 11:00:00,A,GE10,C10-S951_X_K,E_DI3_VHI,PC_ENT,LU,2025,9.48,,
ESTAT:ISOC_E_DII(1.0),27/02/26 11:00:00,A,GE10,C10-S951_X_K,E_DI3_VHI,PC_ENT,LV,2021,1.89,,
ESTAT:ISOC_E_DII(1.0),27/02/26 11:00:00,A,GE10,C10-S951_X_K,E_DI3_VHI,PC_ENT,LV,2023,4.52,,
ESTAT:ISOC_E_DII(1.0),27/02/26 11:00:00,A,GE10,C10-S951_X_K,E_DI3_VHI,PC_ENT,LV,2025,7.81,,
ESTAT:ISOC_E_DII(1.0),27/02/26 11:00:00,A,GE10,C10-S951_X_K,E_DI3_VHI,PC_ENT,ME,2021,5.25,,
ESTAT:ISOC_E_DII(1.0),27/02/26 11:00:00,A,GE10,C10-S951_X_K,E_DI3_VHI,PC_ENT,ME,2023,4.76,,
ESTAT:ISOC_E_DII(1.0),27/02/26 11:00:00,A,GE10,C10-S951_X_K,E_DI3_VHI,PC_ENT,ME,2025,6.25,,
ESTAT:ISOC_E_DII(1.0),27/02/26 11:00:00,A,GE10,C10-S951_X_K,E_DI3_VHI,PC_ENT,MK,2021,0.41,,
ESTAT:ISOC_E_DII(1.0),27/02/26 11:00:00,A,GE10,C10-S951_X_K,E_DI3_VHI,PC_ENT,MT,2021,9.59,,
ESTAT:ISOC_E_DII(1.0),27/02/26 11:00:00,A,GE10,C10-S951_X_K,E_DI3_VHI,PC_ENT,MT,2023,11.44,,
ESTAT:ISOC_E_DII(1.0),27/02/26 11:00:00,A,GE10,C10-S951_X_K,E_DI3_VHI,PC_ENT,MT,2025,17.00,,
ESTAT:ISOC_E_DII(1.0),27/02/26 11:00:00,A,GE10,C10-S951_X_K,E_DI3_VHI,PC_ENT,NL,2021,2.16,,
ESTAT:ISOC_E_DII(1.0),27/02/26 11:00:00,A,GE10,C10-S951_X_K,E_DI3_VHI,PC_ENT,NL,2023,11.36,,
ESTAT:ISOC_E_DII(1.0),27/02/26 11:00:00,A,GE10,C10-S951_X_K,E_DI3_VHI,PC_ENT,NL,2025,21.58,,
ESTAT:ISOC_E_DII(1.0),27/02/26 11:00:00,A,GE10,C10-S951_X_K,E_DI3_VHI,PC_ENT,NO,2021,6.89,,
ESTAT:ISOC_E_DII(1.0),27/02/26 11:00:00,A,GE10,C10-S951_X_K,E_DI3_VHI,PC_ENT,NO,2023,7.25,,
ESTAT:ISOC_E_DII(1.0),27/02/26 11:00:00,A,GE10,C10-S951_X_K,E_DI3_VHI,PC_ENT,NO,2025,14.14,,
ESTAT:ISOC_E_DII(1.0),27/02/26 11:00:00,A,GE10,C10-S951_X_K,E_DI3_VHI,PC_ENT,PL,2021,2.35,,
ESTAT:ISOC_E_DII(1.0),27/02/26 11:00:00,A,GE10,C10-S951_X_K,E_DI3_VHI,PC_ENT,PL,2023,3.96,,
ESTAT:ISOC_E_DII(1.0),27/02/26 11:00:00,A,GE10,C10-S951_X_K,E_DI3_VHI,PC_ENT,PL,2025,6.30,,
ESTAT:ISOC_E_DII(1.0),27/02/26 11:00:00,A,GE10,C10-S951_X_K,E_DI3_VHI,PC_ENT,PT,2021,3.09,,
ESTAT:ISOC_E_DII(1.0),27/02/26 11:00:00,A,GE10,C10-S951_X_K,E_DI3_VHI,PC_ENT,PT,2023,4.49,,
ESTAT:ISOC_E_DII(1.0),27/02/26 11:00:00,A,GE10,C10-S951_X_K,E_DI3_VHI,PC_ENT,PT,2025,7.69,,
ESTAT:ISOC_E_DII(1.0),27/02/26 11:00:00,A,GE10,C10-S951_X_K,E_DI3_VHI,PC_ENT,RO,2021,0.62,,
ESTAT:ISOC_E_DII(1.0),27/02/26 11:00:00,A,GE10,C10-S951_X_K,E_DI3_VHI,PC_ENT,RO,2023,1.31,,
ESTAT:ISOC_E_DII(1.0),27/02/26 11:00:00,A,GE10,C10-S951_X_K,E_DI3_VHI,PC_ENT,RO,2025,2.70,,
ESTAT:ISOC_E_DII(1.0),27/02/26 11:00:00,A,GE10,C10-S951_X_K,E_DI3_VHI,PC_ENT,RS,2021,0.83,,
ESTAT:ISOC_E_DII(1.0),27/02/26 11:00:00,A,GE10,C10-S951_X_K,E_DI3_VHI,PC_ENT,RS,2023,3.00,,
ESTAT:ISOC_E_DII(1.0),27/02/26 11:00:00,A,GE10,C10-S951_X_K,E_DI3_VHI,PC_ENT,RS,2025,3.20,,
ESTAT:ISOC_E_DII(1.0),27/02/26 11:00:00,A,GE10,C10-S951_X_K,E_DI3_VHI,PC_ENT,SE,2021,9.48,,
ESTAT:ISOC_E_DII(1.0),27/02/26 11:00:00,A,GE10,C10-S951_X_K,E_DI3_VHI,PC_ENT,SE,2023,7.90,b,
ESTAT:ISOC_E_DII(1.0),27/02/26 11:00:00,A,GE10,C10-S951_X_K,E_DI3_VHI,PC_ENT,SE,2025,17.19,,
ESTAT:ISOC_E_DII(1.0),27/02/26 11:00:00,A,GE10,C10-S951_X_K,E_DI3_VHI,PC_ENT,SI,2021,4.73,,
ESTAT:ISOC_E_DII(1.0),27/02/26 11:00:00,A,GE10,C10-S951_X_K,E_DI3_VHI,PC_ENT,SI,2023,4.75,,
ESTAT:ISOC_E_DII(1.0),27/02/26 11:00:00,A,GE10,C10-S951_X_K,E_DI3_VHI,PC_ENT,SI,2025,8.27,,
ESTAT:ISOC_E_DII(1.0),27/02/26 11:00:00,A,GE10,C10-S951_X_K,E_DI3_VHI,PC_ENT,SK,2021,2.57,,
ESTAT:ISOC_E_DII(1.0),27/02/26 11:00:00,A,GE10,C10-S951_X_K,E_DI3_VHI,PC_ENT,SK,2023,3.17,,
ESTAT:ISOC_E_DII(1.0),27/02/26 11:00:00,A,GE10,C10-S951_X_K,E_DI3_VHI,PC_ENT,SK,2025,5.98,,
ESTAT:ISOC_E_DII(1.0),27/02/26 11:00:00,A,GE10,C10-S951_X_K,E_DI3_VHI,PC_ENT,TR,2025,2.14,,
ESTAT:ISOC_E_DII(1.0),27/02/26 11:00:00,A,GE10,C10-S951_X_K,E_DI3_VLO,PC_ENT,AT,2021,34.64,,
ESTAT:ISOC_E_DII(1.0),27/02/26 11:00:00,A,GE10,C10-S951_X_K,E_DI3_VLO,PC_ENT,AT,2023,40.99,,
ESTAT:ISOC_E_DII(1.0),27/02/26 11:00:00,A,GE10,C10-S951_X_K,E_DI3_VLO,PC_ENT,AT,2025,26.24,,
ESTAT:ISOC_E_DII(1.0),27/02/26 11:00:00,A,GE10,C10-S951_X_K,E_DI3_VLO,PC_ENT,BA,2021,66.28,,
ESTAT:ISOC_E_DII(1.0),27/02/26 11:00:00,A,GE10,C10-S951_X_K,E_DI3_VLO,PC_ENT,BA,2023,55.53,,
ESTAT:ISOC_E_DII(1.0),27/02/26 11:00:00,A,GE10,C10-S951_X_K,E_DI3_VLO,PC_ENT,BA,2025,35.92,,
ESTAT:ISOC_E_DII(1.0),27/02/26 11:00:00,A,GE10,C10-S951_X_K,E_DI3_VLO,PC_ENT,BE,2021,33.69,,
ESTAT:ISOC_E_DII(1.0),27/02/26 11:00:00,A,GE10,C10-S951_X_K,E_DI3_VLO,PC_ENT,BE,2023,24.72,,
ESTAT:ISOC_E_DII(1.0),27/02/26 11:00:00,A,GE10,C10-S951_X_K,E_DI3_VLO,PC_ENT,BE,2025,15.10,,
ESTAT:ISOC_E_DII(1.0),27/02/26 11:00:00,A,GE10,C10-S951_X_K,E_DI3_VLO,PC_ENT,BG,2021,73.91,,
ESTAT:ISOC_E_DII(1.0),27/02/26 11:00:00,A,GE10,C10-S951_X_K,E_DI3_VLO,PC_ENT,BG,2023,70.64,,
ESTAT:ISOC_E_DII(1.0),27/02/26 11:00:00,A,GE10,C10-S951_X_K,E_DI3_VLO,PC_ENT,BG,2025,60.65,,
ESTAT:ISOC_E_DII(1.0),27/02/26 11:00:00,A,GE10,C10-S951_X_K,E_DI3_VLO,PC_ENT,CY,2021,33.15,,
ESTAT:ISOC_E_DII(1.0),27/02/26 11:00:00,A,GE10,C10-S951_X_K,E_DI3_VLO,PC_ENT,CY,2023,32.13,,
ESTAT:ISOC_E_DII(1.0),27/02/26 11:00:00,A,GE10,C10-S951_X_K,E_DI3_VLO,PC_ENT,CY,2025,25.15,,
ESTAT:ISOC_E_DII(1.0),27/02/26 11:00:00,A,GE10,C10-S951_X_K,E_DI3_VLO,PC_ENT,CZ,2021,45.97,,
ESTAT:ISOC_E_DII(1.0),27/02/26 11:00:00,A,GE10,C10-S951_X_K,E_DI3_VLO,PC_ENT,CZ,2023,49.08,,
ESTAT:ISOC_E_DII(1.0),27/02/26 11:00:00,A,GE10,C10-S951_X_K,E_DI3_VLO,PC_ENT,CZ,2025,28.49,,
ESTAT:ISOC_E_DII(1.0),27/02/26 11:00:00,A,GE10,C10-S951_X_K,E_DI3_VLO,PC_ENT,DE,2021,40.14,,
ESTAT:ISOC_E_DII(1.0),27/02/26 11:00:00,A,GE10,C10-S951_X_K,E_DI3_VLO,PC_ENT,DE,2023,37.60,,
ESTAT:ISOC_E_DII(1.0),27/02/26 11:00:00,A,GE10,C10-S951_X_K,E_DI3_VLO,PC_ENT,DE,2025,25.65,,
ESTAT:ISOC_E_DII(1.0),27/02/26 11:00:00,A,GE10,C10-S951_X_K,E_DI3_VLO,PC_ENT,DK,2021,20.08,,
ESTAT:ISOC_E_DII(1.0),27/02/26 11:00:00,A,GE10,C10-S951_X_K,E_DI3_VLO,PC_ENT,DK,2023,24.05,,
ESTAT:ISOC_E_DII(1.0),27/02/26 11:00:00,A,GE10,C10-S951_X_K,E_DI3_VLO,PC_ENT,DK,2025,7.32,,
ESTAT:ISOC_E_DII(1.0),27/02/26 11:00:00,A,GE10,C10-S951_X_K,E_DI3_VLO,PC_ENT,EA,2021,41.61,,
ESTAT:ISOC_E_DII(1.0),27/02/26 11:00:00,A,GE10,C10-S951_X_K,E_DI3_VLO,PC_ENT,EA,2023,39.07,,
ESTAT:ISOC_E_DII(1.0),27/02/26 11:00:00,A,GE10,C10-S951_X_K,E_DI3_VLO,PC_ENT,EA,2025,25.45,,
ESTAT:ISOC_E_DII(1.0),27/02/26 11:00:00,A,GE10,C10-S951_X_K,E_DI3_VLO,PC_ENT,EE,2021,45.21,,
ESTAT:ISOC_E_DII(1.0),27/02/26 11:00:00,A,GE10,C10-S951_X_K,E_DI3_VLO,PC_ENT,EE,2023,43.12,,
ESTAT:ISOC_E_DII(1.0),27/02/26 11:00:00,A,GE10,C10-S951_X_K,E_DI3_VLO,PC_ENT,EE,2025,27.23,d,
ESTAT:ISOC_E_DII(1.0),27/02/26 11:00:00,A,GE10,C10-S951_X_K,E_DI3_VLO,PC_ENT,EL,2021,61.79,,
ESTAT:ISOC_E_DII(1.0),27/02/26 11:00:00,A,GE10,C10-S951_X_K,E_DI3_VLO,PC_ENT,EL,2023,56.18,,
ESTAT:ISOC_E_DII(1.0),27/02/26 11:00:00,A,GE10,C10-S951_X_K,E_DI3_VLO,PC_ENT,EL,2025,43.52,,
ESTAT:ISOC_E_DII(1.0),27/02/26 11:00:00,A,GE10,C10-S951_X_K,E_DI3_VLO,PC_ENT,ES,2021,39.56,,
ESTAT:ISOC_E_DII(1.0),27/02/26 11:00:00,A,GE10,C10-S951_X_K,E_DI3_VLO,PC_ENT,ES,2023,38.53,,
ESTAT:ISOC_E_DII(1.0),27/02/26 11:00:00,A,GE10,C10-S951_X_K,E_DI3_VLO,PC_ENT,ES,2025,24.04,,
ESTAT:ISOC_E_DII(1.0),27/02/26 11:00:00,A,GE10,C10-S951_X_K,E_DI3_VLO,PC_ENT,EU27_2020,2021,44.24,,
ESTAT:ISOC_E_DII(1.0),27/02/26 11:00:00,A,GE10,C10-S951_X_K,E_DI3_VLO,PC_ENT,EU27_2020,2023,41.13,,
ESTAT:ISOC_E_DII(1.0),27/02/26 11:00:00,A,GE10,C10-S951_X_K,E_DI3_VLO,PC_ENT,EU27_2020,2025,27.89,,
ESTAT:ISOC_E_DII(1.0),27/02/26 11:00:00,A,GE10,C10-S951_X_K,E_DI3_VLO,PC_ENT,FI,2021,17.79,,
ESTAT:ISOC_E_DII(1.0),27/02/26 11:00:00,A,GE10,C10-S951_X_K,E_DI3_VLO,PC_ENT,FI,2023,13.96,,
ESTAT:ISOC_E_DII(1.0),27/02/26 11:00:00,A,GE10,C10-S951_X_K,E_DI3_VLO,PC_ENT,FI,2025,5.76,,
ESTAT:ISOC_E_DII(1.0),27/02/26 11:00:00,A,GE10,C10-S951_X_K,E_DI3_VLO,PC_ENT,FR,2021,51.92,,
ESTAT:ISOC_E_DII(1.0),27/02/26 11:00:00,A,GE10,C10-S951_X_K,E_DI3_VLO,PC_ENT,FR,2023,46.94,b,
ESTAT:ISOC_E_DII(1.0),27/02/26 11:00:00,A,GE10,C10-S951_X_K,E_DI3_VLO,PC_ENT,FR,2025,29.77,,
ESTAT:ISOC_E_DII(1.0),27/02/26 11:00:00,A,GE10,C10-S951_X_K,E_DI3_VLO,PC_ENT,HR,2021,49.35,,
ESTAT:ISOC_E_DII(1.0),27/02/26 11:00:00,A,GE10,C10-S951_X_K,E_DI3_VLO,PC_ENT,HR,2023,43.04,,
ESTAT:ISOC_E_DII(1.0),27/02/26 11:00:00,A,GE10,C10-S951_X_K,E_DI3_VLO,PC_ENT,HR,2025,41.87,,
ESTAT:ISOC_E_DII(1.0),27/02/26 11:00:00,A,GE10,C10-S951_X_K,E_DI3_VLO,PC_ENT,HU,2021,64.19,,
ESTAT:ISOC_E_DII(1.0),27/02/26 11:00:00,A,GE10,C10-S951_X_K,E_DI3_VLO,PC_ENT,HU,2023,45.79,,
ESTAT:ISOC_E_DII(1.0),27/02/26 11:00:00,A,GE10,C10-S951_X_K,E_DI3_VLO,PC_ENT,HU,2025,39.20,,
ESTAT:ISOC_E_DII(1.0),27/02/26 11:00:00,A,GE10,C10-S951_X_K,E_DI3_VLO,PC_ENT,IE,2021,34.92,,
ESTAT:ISOC_E_DII(1.0),27/02/26 11:00:00,A,GE10,C10-S951_X_K,E_DI3_VLO,PC_ENT,IE,2023,33.08,,
ESTAT:ISOC_E_DII(1.0),27/02/26 11:00:00,A,GE10,C10-S951_X_K,E_DI3_VLO,PC_ENT,IE,2025,20.08,,
ESTAT:ISOC_E_DII(1.0),27/02/26 11:00:00,A,GE10,C10-S951_X_K,E_DI3_VLO,PC_ENT,IT,2021,39.19,,
ESTAT:ISOC_E_DII(1.0),27/02/26 11:00:00,A,GE10,C10-S951_X_K,E_DI3_VLO,PC_ENT,IT,2023,38.73,,
ESTAT:ISOC_E_DII(1.0),27/02/26 11:00:00,A,GE10,C10-S951_X_K,E_DI3_VLO,PC_ENT,IT,2025,20.19,,
ESTAT:ISOC_E_DII(1.0),27/02/26 11:00:00,A,GE10,C10-S951_X_K,E_DI3_VLO,PC_ENT,LT,2021,42.21,,
ESTAT:ISOC_E_DII(1.0),27/02/26 11:00:00,A,GE10,C10-S951_X_K,E_DI3_VLO,PC_ENT,LT,2023,39.08,,
ESTAT:ISOC_E_DII(1.0),27/02/26 11:00:00,A,GE10,C10-S951_X_K,E_DI3_VLO,PC_ENT,LT,2025,25.66,,
ESTAT:ISOC_E_DII(1.0),27/02/26 11:00:00,A,GE10,C10-S951_X_K,E_DI3_VLO,PC_ENT,LU,2021,44.94,,
ESTAT:ISOC_E_DII(1.0),27/02/26 11:00:00,A,GE10,C10-S951_X_K,E_DI3_VLO,PC_ENT,LU,2023,40.97,,
ESTAT:ISOC_E_DII(1.0),27/02/26 11:00:00,A,GE10,C10-S951_X_K,E_DI3_VLO,PC_ENT,LU,2025,22.68,,
ESTAT:ISOC_E_DII(1.0),27/02/26 11:00:00,A,GE10,C10-S951_X_K,E_DI3_VLO,PC_ENT,LV,2021,60.74,,
ESTAT:ISOC_E_DII(1.0),27/02/26 11:00:00,A,GE10,C10-S951_X_K,E_DI3_VLO,PC_ENT,LV,2023,50.79,,
ESTAT:ISOC_E_DII(1.0),27/02/26 11:00:00,A,GE10,C10-S951_X_K,E_DI3_VLO,PC_ENT,LV,2025,40.48,,
ESTAT:ISOC_E_DII(1.0),27/02/26 11:00:00,A,GE10,C10-S951_X_K,E_DI3_VLO,PC_ENT,ME,2021,51.30,,
ESTAT:ISOC_E_DII(1.0),27/02/26 11:00:00,A,GE10,C10-S951_X_K,E_DI3_VLO,PC_ENT,ME,2023,35.48,,
ESTAT:ISOC_E_DII(1.0),27/02/26 11:00:00,A,GE10,C10-S951_X_K,E_DI3_VLO,PC_ENT,ME,2025,18.16,,
ESTAT:ISOC_E_DII(1.0),27/02/26 11:00:00,A,GE10,C10-S951_X_K,E_DI3_VLO,PC_ENT,MK,2021,72.19,,
ESTAT:ISOC_E_DII(1.0),27/02/26 11:00:00,A,GE10,C10-S951_X_K,E_DI3_VLO,PC_ENT,MT,2021,26.87,,
ESTAT:ISOC_E_DII(1.0),27/02/26 11:00:00,A,GE10,C10-S951_X_K,E_DI3_VLO,PC_ENT,MT,2023,23.09,,
ESTAT:ISOC_E_DII(1.0),27/02/26 11:00:00,A,GE10,C10-S951_X_K,E_DI3_VLO,PC_ENT,MT,2025,16.07,,
ESTAT:ISOC_E_DII(1.0),27/02/26 11:00:00,A,GE10,C10-S951_X_K,E_DI3_VLO,PC_ENT,NL,2021,23.97,,
ESTAT:ISOC_E_DII(1.0),27/02/26 11:00:00,A,GE10,C10-S951_X_K,E_DI3_VLO,PC_ENT,NL,2023,16.76,,
ESTAT:ISOC_E_DII(1.0),27/02/26 11:00:00,A,GE10,C10-S951_X_K,E_DI3_VLO,PC_ENT,NL,2025,10.90,,
ESTAT:ISOC_E_DII(1.0),27/02/26 11:00:00,A,GE10,C10-S951_X_K,E_DI3_VLO,PC_ENT,NO,2021,22.39,,
ESTAT:ISOC_E_DII(1.0),27/02/26 11:00:00,A,GE10,C10-S951_X_K,E_DI3_VLO,PC_ENT,NO,2023,19.21,,
ESTAT:ISOC_E_DII(1.0),27/02/26 11:00:00,A,GE10,C10-S951_X_K,E_DI3_VLO,PC_ENT,NO,2025,16.35,,
ESTAT:ISOC_E_DII(1.0),27/02/26 11:00:00,A,GE10,C10-S951_X_K,E_DI3_VLO,PC_ENT,PL,2021,58.47,,
ESTAT:ISOC_E_DII(1.0),27/02/26 11:00:00,A,GE10,C10-S951_X_K,E_DI3_VLO,PC_ENT,PL,2023,48.40,,
ESTAT:ISOC_E_DII(1.0),27/02/26 11:00:00,A,GE10,C10-S951_X_K,E_DI3_VLO,PC_ENT,PL,2025,39.77,,
ESTAT:ISOC_E_DII(1.0),27/02/26 11:00:00,A,GE10,C10-S951_X_K,E_DI3_VLO,PC_ENT,PT,2021,50.35,,
ESTAT:ISOC_E_DII(1.0),27/02/26 11:00:00,A,GE10,C10-S951_X_K,E_DI3_VLO,PC_ENT,PT,2023,45.55,,
ESTAT:ISOC_E_DII(1.0),27/02/26 11:00:00,A,GE10,C10-S951_X_K,E_DI3_VLO,PC_ENT,PT,2025,35.33,,
ESTAT:ISOC_E_DII(1.0),27/02/26 11:00:00,A,GE10,C10-S951_X_K,E_DI3_VLO,PC_ENT,RO,2021,76.53,,
ESTAT:ISOC_E_DII(1.0),27/02/26 11:00:00,A,GE10,C10-S951_X_K,E_DI3_VLO,PC_ENT,RO,2023,72.07,,
ESTAT:ISOC_E_DII(1.0),27/02/26 11:00:00,A,GE10,C10-S951_X_K,E_DI3_VLO,PC_ENT,RO,2025,54.47,,
ESTAT:ISOC_E_DII(1.0),27/02/26 11:00:00,A,GE10,C10-S951_X_K,E_DI3_VLO,PC_ENT,RS,2021,57.22,,
ESTAT:ISOC_E_DII(1.0),27/02/26 11:00:00,A,GE10,C10-S951_X_K,E_DI3_VLO,PC_ENT,RS,2023,49.70,,
ESTAT:ISOC_E_DII(1.0),27/02/26 11:00:00,A,GE10,C10-S951_X_K,E_DI3_VLO,PC_ENT,RS,2025,48.60,,
ESTAT:ISOC_E_DII(1.0),27/02/26 11:00:00,A,GE10,C10-S951_X_K,E_DI3_VLO,PC_ENT,SE,2021,13.62,,
ESTAT:ISOC_E_DII(1.0),27/02/26 11:00:00,A,GE10,C10-S951_X_K,E_DI3_VLO,PC_ENT,SE,2023,19.48,b,
ESTAT:ISOC_E_DII(1.0),27/02/26 11:00:00,A,GE10,C10-S951_X_K,E_DI3_VLO,PC_ENT,SE,2025,13.07,,
ESTAT:ISOC_E_DII(1.0),27/02/26 11:00:00,A,GE10,C10-S951_X_K,E_DI3_VLO,PC_ENT,SI,2021,43.66,,
ESTAT:ISOC_E_DII(1.0),27/02/26 11:00:00,A,GE10,C10-S951_X_K,E_DI3_VLO,PC_ENT,SI,2023,48.38,,
ESTAT:ISOC_E_DII(1.0),27/02/26 11:00:00,A,GE10,C10-S951_X_K,E_DI3_VLO,PC_ENT,SI,2025,33.42,,
ESTAT:ISOC_E_DII(1.0),27/02/26 11:00:00,A,GE10,C10-S951_X_K,E_DI3_VLO,PC_ENT,SK,2021,55.74,,
ESTAT:ISOC_E_DII(1.0),27/02/26 11:00:00,A,GE10,C10-S951_X_K,E_DI3_VLO,PC_ENT,SK,2023,56.12,,
ESTAT:ISOC_E_DII(1.0),27/02/26 11:00:00,A,GE10,C10-S951_X_K,E_DI3_VLO,PC_ENT,SK,2025,41.61,,
ESTAT:ISOC_E_DII(1.0),27/02/26 11:00:00,A,GE10,C10-S951_X_K,E_DI3_VLO,PC_ENT,TR,2025,56.17,,
ESTAT:ISOC_E_DII(1.0),27/02/26 11:00:00,A,GE10,C10-S951_X_K,E_DI4_GELO,PC_ENT,AT,2022,68.22,,
ESTAT:ISOC_E_DII(1.0),27/02/26 11:00:00,A,GE10,C10-S951_X_K,E_DI4_GELO,PC_ENT,AT,2024,73.03,,
ESTAT:ISOC_E_DII(1.0),27/02/26 11:00:00,A,GE10,C10-S951_X_K,E_DI4_GELO,PC_ENT,BA,2022,55.22,,
ESTAT:ISOC_E_DII(1.0),27/02/26 11:00:00,A,GE10,C10-S951_X_K,E_DI4_GELO,PC_ENT,BA,2024,51.45,,
ESTAT:ISOC_E_DII(1.0),27/02/26 11:00:00,A,GE10,C10-S951_X_K,E_DI4_GELO,PC_ENT,BE,2022,77.97,,
ESTAT:ISOC_E_DII(1.0),27/02/26 11:00:00,A,GE10,C10-S951_X_K,E_DI4_GELO,PC_ENT,BE,2024,84.30,,
ESTAT:ISOC_E_DII(1.0),27/02/26 11:00:00,A,GE10,C10-S951_X_K,E_DI4_GELO,PC_ENT,BG,2022,48.24,,
ESTAT:ISOC_E_DII(1.0),27/02/26 11:00:00,A,GE10,C10-S951_X_K,E_DI4_GELO,PC_ENT,BG,2024,50.94,,
ESTAT:ISOC_E_DII(1.0),27/02/26 11:00:00,A,GE10,C10-S951_X_K,E_DI4_GELO,PC_ENT,CY,2022,70.63,,
ESTAT:ISOC_E_DII(1.0),27/02/26 11:00:00,A,GE10,C10-S951_X_K,E_DI4_GELO,PC_ENT,CY,2024,74.84,,
ESTAT:ISOC_E_DII(1.0),27/02/26 11:00:00,A,GE10,C10-S951_X_K,E_DI4_GELO,PC_ENT,CZ,2022,69.21,,
ESTAT:ISOC_E_DII(1.0),27/02/26 11:00:00,A,GE10,C10-S951_X_K,E_DI4_GELO,PC_ENT,CZ,2024,71.85,,
ESTAT:ISOC_E_DII(1.0),27/02/26 11:00:00,A,GE10,C10-S951_X_K,E_DI4_GELO,PC_ENT,DE,2022,78.04,,
ESTAT:ISOC_E_DII(1.0),27/02/26 11:00:00,A,GE10,C10-S951_X_K,E_DI4_GELO,PC_ENT,DE,2024,80.51,,
ESTAT:ISOC_E_DII(1.0),27/02/26 11:00:00,A,GE10,C10-S951_X_K,E_DI4_GELO,PC_ENT,DK,2022,89.17,,
ESTAT:ISOC_E_DII(1.0),27/02/26 11:00:00,A,GE10,C10-S951_X_K,E_DI4_GELO,PC_ENT,DK,2024,90.76,,
ESTAT:ISOC_E_DII(1.0),27/02/26 11:00:00,A,GE10,C10-S951_X_K,E_DI4_GELO,PC_ENT,EA,2022,71.44,,
ESTAT:ISOC_E_DII(1.0),27/02/26 11:00:00,A,GE10,C10-S951_X_K,E_DI4_GELO,PC_ENT,EA,2024,74.46,,
ESTAT:ISOC_E_DII(1.0),27/02/26 11:00:00,A,GE10,C10-S951_X_K,E_DI4_GELO,PC_ENT,EE,2022,67.67,,
ESTAT:ISOC_E_DII(1.0),27/02/26 11:00:00,A,GE10,C10-S951_X_K,E_DI4_GELO,PC_ENT,EE,2024,71.86,,
ESTAT:ISOC_E_DII(1.0),27/02/26 11:00:00,A,GE10,C10-S951_X_K,E_DI4_GELO,PC_ENT,EL,2022,42.20,,
ESTAT:ISOC_E_DII(1.0),27/02/26 11:00:00,A,GE10,C10-S951_X_K,E_DI4_GELO,PC_ENT,EL,2024,54.05,,
ESTAT:ISOC_E_DII(1.0),27/02/26 11:00:00,A,GE10,C10-S951_X_K,E_DI4_GELO,PC_ENT,ES,2022,68.33,,
ESTAT:ISOC_E_DII(1.0),27/02/26 11:00:00,A,GE10,C10-S951_X_K,E_DI4_GELO,PC_ENT,ES,2024,74.81,,
ESTAT:ISOC_E_DII(1.0),27/02/26 11:00:00,A,GE10,C10-S951_X_K,E_DI4_GELO,PC_ENT,EU27_2020,2022,69.82,,
ESTAT:ISOC_E_DII(1.0),27/02/26 11:00:00,A,GE10,C10-S951_X_K,E_DI4_GELO,PC_ENT,EU27_2020,2024,73.65,,
ESTAT:ISOC_E_DII(1.0),27/02/26 11:00:00,A,GE10,C10-S951_X_K,E_DI4_GELO,PC_ENT,FI,2022,89.81,,
ESTAT:ISOC_E_DII(1.0),27/02/26 11:00:00,A,GE10,C10-S951_X_K,E_DI4_GELO,PC_ENT,FI,2024,92.76,,
ESTAT:ISOC_E_DII(1.0),27/02/26 11:00:00,A,GE10,C10-S951_X_K,E_DI4_GELO,PC_ENT,FR,2022,64.53,b,
ESTAT:ISOC_E_DII(1.0),27/02/26 11:00:00,A,GE10,C10-S951_X_K,E_DI4_GELO,PC_ENT,FR,2024,69.31,,
ESTAT:ISOC_E_DII(1.0),27/02/26 11:00:00,A,GE10,C10-S951_X_K,E_DI4_GELO,PC_ENT,HR,2022,59.01,,
ESTAT:ISOC_E_DII(1.0),27/02/26 11:00:00,A,GE10,C10-S951_X_K,E_DI4_GELO,PC_ENT,HR,2024,64.34,,
ESTAT:ISOC_E_DII(1.0),27/02/26 11:00:00,A,GE10,C10-S951_X_K,E_DI4_GELO,PC_ENT,HU,2022,53.01,,
ESTAT:ISOC_E_DII(1.0),27/02/26 11:00:00,A,GE10,C10-S951_X_K,E_DI4_GELO,PC_ENT,HU,2024,58.47,,
ESTAT:ISOC_E_DII(1.0),27/02/26 11:00:00,A,GE10,C10-S951_X_K,E_DI4_GELO,PC_ENT,IE,2022,74.77,,
ESTAT:ISOC_E_DII(1.0),27/02/26 11:00:00,A,GE10,C10-S951_X_K,E_DI4_GELO,PC_ENT,IE,2024,74.13,,
ESTAT:ISOC_E_DII(1.0),27/02/26 11:00:00,A,GE10,C10-S951_X_K,E_DI4_GELO,PC_ENT,IT,2022,70.43,,
ESTAT:ISOC_E_DII(1.0),27/02/26 11:00:00,A,GE10,C10-S951_X_K,E_DI4_GELO,PC_ENT,IT,2024,70.72,,
ESTAT:ISOC_E_DII(1.0),27/02/26 11:00:00,A,GE10,C10-S951_X_K,E_DI4_GELO,PC_ENT,LT,2022,64.74,,
ESTAT:ISOC_E_DII(1.0),27/02/26 11:00:00,A,GE10,C10-S951_X_K,E_DI4_GELO,PC_ENT,LT,2024,67.30,,
ESTAT:ISOC_E_DII(1.0),27/02/26 11:00:00,A,GE10,C10-S951_X_K,E_DI4_GELO,PC_ENT,LU,2022,67.29,,
ESTAT:ISOC_E_DII(1.0),27/02/26 11:00:00,A,GE10,C10-S951_X_K,E_DI4_GELO,PC_ENT,LU,2024,71.27,,
ESTAT:ISOC_E_DII(1.0),27/02/26 11:00:00,A,GE10,C10-S951_X_K,E_DI4_GELO,PC_ENT,LV,2022,53.24,,
ESTAT:ISOC_E_DII(1.0),27/02/26 11:00:00,A,GE10,C10-S951_X_K,E_DI4_GELO,PC_ENT,LV,2024,60.10,,
ESTAT:ISOC_E_DII(1.0),27/02/26 11:00:00,A,GE10,C10-S951_X_K,E_DI4_GELO,PC_ENT,ME,2022,56.30,,
ESTAT:ISOC_E_DII(1.0),27/02/26 11:00:00,A,GE10,C10-S951_X_K,E_DI4_GELO,PC_ENT,ME,2024,65.40,,
ESTAT:ISOC_E_DII(1.0),27/02/26 11:00:00,A,GE10,C10-S951_X_K,E_DI4_GELO,PC_ENT,MK,2022,,u,
ESTAT:ISOC_E_DII(1.0),27/02/26 11:00:00,A,GE10,C10-S951_X_K,E_DI4_GELO,PC_ENT,MT,2022,78.31,,
ESTAT:ISOC_E_DII(1.0),27/02/26 11:00:00,A,GE10,C10-S951_X_K,E_DI4_GELO,PC_ENT,MT,2024,81.72,,
ESTAT:ISOC_E_DII(1.0),27/02/26 11:00:00,A,GE10,C10-S951_X_K,E_DI4_GELO,PC_ENT,NL,2022,80.70,,
ESTAT:ISOC_E_DII(1.0),27/02/26 11:00:00,A,GE10,C10-S951_X_K,E_DI4_GELO,PC_ENT,NL,2024,81.46,,
ESTAT:ISOC_E_DII(1.0),27/02/26 11:00:00,A,GE10,C10-S951_X_K,E_DI4_GELO,PC_ENT,NO,2022,85.52,,
ESTAT:ISOC_E_DII(1.0),27/02/26 11:00:00,A,GE10,C10-S951_X_K,E_DI4_GELO,PC_ENT,NO,2024,83.45,,
ESTAT:ISOC_E_DII(1.0),27/02/26 11:00:00,A,GE10,C10-S951_X_K,E_DI4_GELO,PC_ENT,PL,2022,62.23,,
ESTAT:ISOC_E_DII(1.0),27/02/26 11:00:00,A,GE10,C10-S951_X_K,E_DI4_GELO,PC_ENT,PL,2024,70.01,,
ESTAT:ISOC_E_DII(1.0),27/02/26 11:00:00,A,GE10,C10-S951_X_K,E_DI4_GELO,PC_ENT,PT,2022,70.96,,
ESTAT:ISOC_E_DII(1.0),27/02/26 11:00:00,A,GE10,C10-S951_X_K,E_DI4_GELO,PC_ENT,PT,2024,74.79,,
ESTAT:ISOC_E_DII(1.0),27/02/26 11:00:00,A,GE10,C10-S951_X_K,E_DI4_GELO,PC_ENT,RO,2022,53.63,,
ESTAT:ISOC_E_DII(1.0),27/02/26 11:00:00,A,GE10,C10-S951_X_K,E_DI4_GELO,PC_ENT,RO,2024,69.89,,
ESTAT:ISOC_E_DII(1.0),27/02/26 11:00:00,A,GE10,C10-S951_X_K,E_DI4_GELO,PC_ENT,RS,2022,78.24,,
ESTAT:ISOC_E_DII(1.0),27/02/26 11:00:00,A,GE10,C10-S951_X_K,E_DI4_GELO,PC_ENT,RS,2024,86.15,,
ESTAT:ISOC_E_DII(1.0),27/02/26 11:00:00,A,GE10,C10-S951_X_K,E_DI4_GELO,PC_ENT,SE,2022,87.20,,
ESTAT:ISOC_E_DII(1.0),27/02/26 11:00:00,A,GE10,C10-S951_X_K,E_DI4_GELO,PC_ENT,SE,2024,87.02,b,
ESTAT:ISOC_E_DII(1.0),27/02/26 11:00:00,A,GE10,C10-S951_X_K,E_DI4_GELO,PC_ENT,SI,2022,68.04,,
ESTAT:ISOC_E_DII(1.0),27/02/26 11:00:00,A,GE10,C10-S951_X_K,E_DI4_GELO,PC_ENT,SI,2024,68.51,,
ESTAT:ISOC_E_DII(1.0),27/02/26 11:00:00,A,GE10,C10-S951_X_K,E_DI4_GELO,PC_ENT,SK,2022,61.67,,
ESTAT:ISOC_E_DII(1.0),27/02/26 11:00:00,A,GE10,C10-S951_X_K,E_DI4_GELO,PC_ENT,SK,2024,64.22,,
ESTAT:ISOC_E_DII(1.0),27/02/26 11:00:00,A,GE10,C10-S951_X_K,E_DI4_HI,PC_ENT,AT,2022,28.72,,
ESTAT:ISOC_E_DII(1.0),27/02/26 11:00:00,A,GE10,C10-S951_X_K,E_DI4_HI,PC_ENT,AT,2024,28.24,,
ESTAT:ISOC_E_DII(1.0),27/02/26 11:00:00,A,GE10,C10-S951_X_K,E_DI4_HI,PC_ENT,BA,2022,18.21,,
ESTAT:ISOC_E_DII(1.0),27/02/26 11:00:00,A,GE10,C10-S951_X_K,E_DI4_HI,PC_ENT,BA,2024,16.38,,
ESTAT:ISOC_E_DII(1.0),27/02/26 11:00:00,A,GE10,C10-S951_X_K,E_DI4_HI,PC_ENT,BE,2022,33.35,,
ESTAT:ISOC_E_DII(1.0),27/02/26 11:00:00,A,GE10,C10-S951_X_K,E_DI4_HI,PC_ENT,BE,2024,34.34,,
ESTAT:ISOC_E_DII(1.0),27/02/26 11:00:00,A,GE10,C10-S951_X_K,E_DI4_HI,PC_ENT,BG,2022,16.39,,
ESTAT:ISOC_E_DII(1.0),27/02/26 11:00:00,A,GE10,C10-S951_X_K,E_DI4_HI,PC_ENT,BG,2024,14.82,,
ESTAT:ISOC_E_DII(1.0),27/02/26 11:00:00,A,GE10,C10-S951_X_K,E_DI4_HI,PC_ENT,CY,2022,30.47,,
ESTAT:ISOC_E_DII(1.0),27/02/26 11:00:00,A,GE10,C10-S951_X_K,E_DI4_HI,PC_ENT,CY,2024,30.61,,
ESTAT:ISOC_E_DII(1.0),27/02/26 11:00:00,A,GE10,C10-S951_X_K,E_DI4_HI,PC_ENT,CZ,2022,27.06,,
ESTAT:ISOC_E_DII(1.0),27/02/26 11:00:00,A,GE10,C10-S951_X_K,E_DI4_HI,PC_ENT,CZ,2024,27.49,,
ESTAT:ISOC_E_DII(1.0),27/02/26 11:00:00,A,GE10,C10-S951_X_K,E_DI4_HI,PC_ENT,DE,2022,33.48,,
ESTAT:ISOC_E_DII(1.0),27/02/26 11:00:00,A,GE10,C10-S951_X_K,E_DI4_HI,PC_ENT,DE,2024,31.93,,
ESTAT:ISOC_E_DII(1.0),27/02/26 11:00:00,A,GE10,C10-S951_X_K,E_DI4_HI,PC_ENT,DK,2022,44.50,,
ESTAT:ISOC_E_DII(1.0),27/02/26 11:00:00,A,GE10,C10-S951_X_K,E_DI4_HI,PC_ENT,DK,2024,41.07,,
ESTAT:ISOC_E_DII(1.0),27/02/26 11:00:00,A,GE10,C10-S951_X_K,E_DI4_HI,PC_ENT,EA,2022,28.10,,
ESTAT:ISOC_E_DII(1.0),27/02/26 11:00:00,A,GE10,C10-S951_X_K,E_DI4_HI,PC_ENT,EA,2024,27.14,,
ESTAT:ISOC_E_DII(1.0),27/02/26 11:00:00,A,GE10,C10-S951_X_K,E_DI4_HI,PC_ENT,EE,2022,27.10,,
ESTAT:ISOC_E_DII(1.0),27/02/26 11:00:00,A,GE10,C10-S951_X_K,E_DI4_HI,PC_ENT,EE,2024,28.78,,
ESTAT:ISOC_E_DII(1.0),27/02/26 11:00:00,A,GE10,C10-S951_X_K,E_DI4_HI,PC_ENT,EL,2022,17.37,,
ESTAT:ISOC_E_DII(1.0),27/02/26 11:00:00,A,GE10,C10-S951_X_K,E_DI4_HI,PC_ENT,EL,2024,16.32,,
ESTAT:ISOC_E_DII(1.0),27/02/26 11:00:00,A,GE10,C10-S951_X_K,E_DI4_HI,PC_ENT,ES,2022,24.63,,
ESTAT:ISOC_E_DII(1.0),27/02/26 11:00:00,A,GE10,C10-S951_X_K,E_DI4_HI,PC_ENT,ES,2024,26.63,,
ESTAT:ISOC_E_DII(1.0),27/02/26 11:00:00,A,GE10,C10-S951_X_K,E_DI4_HI,PC_ENT,EU27_2020,2022,27.90,,
ESTAT:ISOC_E_DII(1.0),27/02/26 11:00:00,A,GE10,C10-S951_X_K,E_DI4_HI,PC_ENT,EU27_2020,2024,27.08,,
ESTAT:ISOC_E_DII(1.0),27/02/26 11:00:00,A,GE10,C10-S951_X_K,E_DI4_HI,PC_ENT,FI,2022,47.07,,
ESTAT:ISOC_E_DII(1.0),27/02/26 11:00:00,A,GE10,C10-S951_X_K,E_DI4_HI,PC_ENT,FI,2024,42.64,,
ESTAT:ISOC_E_DII(1.0),27/02/26 11:00:00,A,GE10,C10-S951_X_K,E_DI4_HI,PC_ENT,FR,2022,19.25,b,
ESTAT:ISOC_E_DII(1.0),27/02/26 11:00:00,A,GE10,C10-S951_X_K,E_DI4_HI,PC_ENT,FR,2024,19.95,,
ESTAT:ISOC_E_DII(1.0),27/02/26 11:00:00,A,GE10,C10-S951_X_K,E_DI4_HI,PC_ENT,HR,2022,23.36,,
ESTAT:ISOC_E_DII(1.0),27/02/26 11:00:00,A,GE10,C10-S951_X_K,E_DI4_HI,PC_ENT,HR,2024,21.30,,
ESTAT:ISOC_E_DII(1.0),27/02/26 11:00:00,A,GE10,C10-S951_X_K,E_DI4_HI,PC_ENT,HU,2022,21.95,,
ESTAT:ISOC_E_DII(1.0),27/02/26 11:00:00,A,GE10,C10-S951_X_K,E_DI4_HI,PC_ENT,HU,2024,19.68,,
ESTAT:ISOC_E_DII(1.0),27/02/26 11:00:00,A,GE10,C10-S951_X_K,E_DI4_HI,PC_ENT,IE,2022,30.18,,
ESTAT:ISOC_E_DII(1.0),27/02/26 11:00:00,A,GE10,C10-S951_X_K,E_DI4_HI,PC_ENT,IE,2024,29.90,,
ESTAT:ISOC_E_DII(1.0),27/02/26 11:00:00,A,GE10,C10-S951_X_K,E_DI4_HI,PC_ENT,IT,2022,25.03,,
ESTAT:ISOC_E_DII(1.0),27/02/26 11:00:00,A,GE10,C10-S951_X_K,E_DI4_HI,PC_ENT,IT,2024,23.34,,
ESTAT:ISOC_E_DII(1.0),27/02/26 11:00:00,A,GE10,C10-S951_X_K,E_DI4_HI,PC_ENT,LT,2022,26.26,,
ESTAT:ISOC_E_DII(1.0),27/02/26 11:00:00,A,GE10,C10-S951_X_K,E_DI4_HI,PC_ENT,LT,2024,23.70,,
ESTAT:ISOC_E_DII(1.0),27/02/26 11:00:00,A,GE10,C10-S951_X_K,E_DI4_HI,PC_ENT,LU,2022,27.50,,
ESTAT:ISOC_E_DII(1.0),27/02/26 11:00:00,A,GE10,C10-S951_X_K,E_DI4_HI,PC_ENT,LU,2024,28.24,,
ESTAT:ISOC_E_DII(1.0),27/02/26 11:00:00,A,GE10,C10-S951_X_K,E_DI4_HI,PC_ENT,LV,2022,18.98,,
ESTAT:ISOC_E_DII(1.0),27/02/26 11:00:00,A,GE10,C10-S951_X_K,E_DI4_HI,PC_ENT,LV,2024,22.04,,
ESTAT:ISOC_E_DII(1.0),27/02/26 11:00:00,A,GE10,C10-S951_X_K,E_DI4_HI,PC_ENT,ME,2022,21.08,,
ESTAT:ISOC_E_DII(1.0),27/02/26 11:00:00,A,GE10,C10-S951_X_K,E_DI4_HI,PC_ENT,ME,2024,23.56,,
ESTAT:ISOC_E_DII(1.0),27/02/26 11:00:00,A,GE10,C10-S951_X_K,E_DI4_HI,PC_ENT,MK,2022,10.41,,
ESTAT:ISOC_E_DII(1.0),27/02/26 11:00:00,A,GE10,C10-S951_X_K,E_DI4_HI,PC_ENT,MT,2022,37.38,,
ESTAT:ISOC_E_DII(1.0),27/02/26 11:00:00,A,GE10,C10-S951_X_K,E_DI4_HI,PC_ENT,MT,2024,34.36,,
ESTAT:ISOC_E_DII(1.0),27/02/26 11:00:00,A,GE10,C10-S951_X_K,E_DI4_HI,PC_ENT,NL,2022,36.26,,
ESTAT:ISOC_E_DII(1.0),27/02/26 11:00:00,A,GE10,C10-S951_X_K,E_DI4_HI,PC_ENT,NL,2024,33.77,,
ESTAT:ISOC_E_DII(1.0),27/02/26 11:00:00,A,GE10,C10-S951_X_K,E_DI4_HI,PC_ENT,NO,2022,37.63,,
ESTAT:ISOC_E_DII(1.0),27/02/26 11:00:00,A,GE10,C10-S951_X_K,E_DI4_HI,PC_ENT,NO,2024,33.73,,
ESTAT:ISOC_E_DII(1.0),27/02/26 11:00:00,A,GE10,C10-S951_X_K,E_DI4_HI,PC_ENT,PL,2022,25.08,,
ESTAT:ISOC_E_DII(1.0),27/02/26 11:00:00,A,GE10,C10-S951_X_K,E_DI4_HI,PC_ENT,PL,2024,27.32,,
ESTAT:ISOC_E_DII(1.0),27/02/26 11:00:00,A,GE10,C10-S951_X_K,E_DI4_HI,PC_ENT,PT,2022,30.87,,
ESTAT:ISOC_E_DII(1.0),27/02/26 11:00:00,A,GE10,C10-S951_X_K,E_DI4_HI,PC_ENT,PT,2024,30.24,,
ESTAT:ISOC_E_DII(1.0),27/02/26 11:00:00,A,GE10,C10-S951_X_K,E_DI4_HI,PC_ENT,RO,2022,18.61,,
ESTAT:ISOC_E_DII(1.0),27/02/26 11:00:00,A,GE10,C10-S951_X_K,E_DI4_HI,PC_ENT,RO,2024,20.48,,
ESTAT:ISOC_E_DII(1.0),27/02/26 11:00:00,A,GE10,C10-S951_X_K,E_DI4_HI,PC_ENT,RS,2022,32.78,,
ESTAT:ISOC_E_DII(1.0),27/02/26 11:00:00,A,GE10,C10-S951_X_K,E_DI4_HI,PC_ENT,RS,2024,31.89,,
ESTAT:ISOC_E_DII(1.0),27/02/26 11:00:00,A,GE10,C10-S951_X_K,E_DI4_HI,PC_ENT,SE,2022,48.55,,
ESTAT:ISOC_E_DII(1.0),27/02/26 11:00:00,A,GE10,C10-S951_X_K,E_DI4_HI,PC_ENT,SE,2024,41.45,b,
ESTAT:ISOC_E_DII(1.0),27/02/26 11:00:00,A,GE10,C10-S951_X_K,E_DI4_HI,PC_ENT,SI,2022,28.03,,
ESTAT:ISOC_E_DII(1.0),27/02/26 11:00:00,A,GE10,C10-S951_X_K,E_DI4_HI,PC_ENT,SI,2024,25.60,,
ESTAT:ISOC_E_DII(1.0),27/02/26 11:00:00,A,GE10,C10-S951_X_K,E_DI4_HI,PC_ENT,SK,2022,21.97,,
ESTAT:ISOC_E_DII(1.0),27/02/26 11:00:00,A,GE10,C10-S951_X_K,E_DI4_HI,PC_ENT,SK,2024,23.77,,
ESTAT:ISOC_E_DII(1.0),27/02/26 11:00:00,A,GE10,C10-S951_X_K,E_DI4_LO,PC_ENT,AT,2022,35.03,,
ESTAT:ISOC_E_DII(1.0),27/02/26 11:00:00,A,GE10,C10-S951_X_K,E_DI4_LO,PC_ENT,AT,2024,36.89,,
ESTAT:ISOC_E_DII(1.0),27/02/26 11:00:00,A,GE10,C10-S951_X_K,E_DI4_LO,PC_ENT,BA,2022,34.39,,
ESTAT:ISOC_E_DII(1.0),27/02/26 11:00:00,A,GE10,C10-S951_X_K,E_DI4_LO,PC_ENT,BA,2024,31.56,,
ESTAT:ISOC_E_DII(1.0),27/02/26 11:00:00,A,GE10,C10-S951_X_K,E_DI4_LO,PC_ENT,BE,2022,35.33,,
ESTAT:ISOC_E_DII(1.0),27/02/26 11:00:00,A,GE10,C10-S951_X_K,E_DI4_LO,PC_ENT,BE,2024,35.14,,
ESTAT:ISOC_E_DII(1.0),27/02/26 11:00:00,A,GE10,C10-S951_X_K,E_DI4_LO,PC_ENT,BG,2022,30.29,,
ESTAT:ISOC_E_DII(1.0),27/02/26 11:00:00,A,GE10,C10-S951_X_K,E_DI4_LO,PC_ENT,BG,2024,33.35,,
ESTAT:ISOC_E_DII(1.0),27/02/26 11:00:00,A,GE10,C10-S951_X_K,E_DI4_LO,PC_ENT,CY,2022,36.55,,
ESTAT:ISOC_E_DII(1.0),27/02/26 11:00:00,A,GE10,C10-S951_X_K,E_DI4_LO,PC_ENT,CY,2024,36.43,,
ESTAT:ISOC_E_DII(1.0),27/02/26 11:00:00,A,GE10,C10-S951_X_K,E_DI4_LO,PC_ENT,CZ,2022,37.89,,
ESTAT:ISOC_E_DII(1.0),27/02/26 11:00:00,A,GE10,C10-S951_X_K,E_DI4_LO,PC_ENT,CZ,2024,37.08,,
ESTAT:ISOC_E_DII(1.0),27/02/26 11:00:00,A,GE10,C10-S951_X_K,E_DI4_LO,PC_ENT,DE,2022,39.92,,
ESTAT:ISOC_E_DII(1.0),27/02/26 11:00:00,A,GE10,C10-S951_X_K,E_DI4_LO,PC_ENT,DE,2024,38.90,,
ESTAT:ISOC_E_DII(1.0),27/02/26 11:00:00,A,GE10,C10-S951_X_K,E_DI4_LO,PC_ENT,DK,2022,31.45,,
ESTAT:ISOC_E_DII(1.0),27/02/26 11:00:00,A,GE10,C10-S951_X_K,E_DI4_LO,PC_ENT,DK,2024,31.63,,
ESTAT:ISOC_E_DII(1.0),27/02/26 11:00:00,A,GE10,C10-S951_X_K,E_DI4_LO,PC_ENT,EA,2022,39.26,,
ESTAT:ISOC_E_DII(1.0),27/02/26 11:00:00,A,GE10,C10-S951_X_K,E_DI4_LO,PC_ENT,EA,2024,40.05,,
ESTAT:ISOC_E_DII(1.0),27/02/26 11:00:00,A,GE10,C10-S951_X_K,E_DI4_LO,PC_ENT,EE,2022,36.24,,
ESTAT:ISOC_E_DII(1.0),27/02/26 11:00:00,A,GE10,C10-S951_X_K,E_DI4_LO,PC_ENT,EE,2024,35.14,,
ESTAT:ISOC_E_DII(1.0),27/02/26 11:00:00,A,GE10,C10-S951_X_K,E_DI4_LO,PC_ENT,EL,2022,23.12,,
ESTAT:ISOC_E_DII(1.0),27/02/26 11:00:00,A,GE10,C10-S951_X_K,E_DI4_LO,PC_ENT,EL,2024,34.56,,
ESTAT:ISOC_E_DII(1.0),27/02/26 11:00:00,A,GE10,C10-S951_X_K,E_DI4_LO,PC_ENT,ES,2022,40.03,,
ESTAT:ISOC_E_DII(1.0),27/02/26 11:00:00,A,GE10,C10-S951_X_K,E_DI4_LO,PC_ENT,ES,2024,41.46,,
ESTAT:ISOC_E_DII(1.0),27/02/26 11:00:00,A,GE10,C10-S951_X_K,E_DI4_LO,PC_ENT,EU27_2020,2022,37.74,,
ESTAT:ISOC_E_DII(1.0),27/02/26 11:00:00,A,GE10,C10-S951_X_K,E_DI4_LO,PC_ENT,EU27_2020,2024,39.40,,
ESTAT:ISOC_E_DII(1.0),27/02/26 11:00:00,A,GE10,C10-S951_X_K,E_DI4_LO,PC_ENT,FI,2022,32.76,,
ESTAT:ISOC_E_DII(1.0),27/02/26 11:00:00,A,GE10,C10-S951_X_K,E_DI4_LO,PC_ENT,FI,2024,30.54,,
ESTAT:ISOC_E_DII(1.0),27/02/26 11:00:00,A,GE10,C10-S951_X_K,E_DI4_LO,PC_ENT,FR,2022,42.65,b,
ESTAT:ISOC_E_DII(1.0),27/02/26 11:00:00,A,GE10,C10-S951_X_K,E_DI4_LO,PC_ENT,FR,2024,46.03,,
ESTAT:ISOC_E_DII(1.0),27/02/26 11:00:00,A,GE10,C10-S951_X_K,E_DI4_LO,PC_ENT,HR,2022,30.23,,
ESTAT:ISOC_E_DII(1.0),27/02/26 11:00:00,A,GE10,C10-S951_X_K,E_DI4_LO,PC_ENT,HR,2024,35.28,,
ESTAT:ISOC_E_DII(1.0),27/02/26 11:00:00,A,GE10,C10-S951_X_K,E_DI4_LO,PC_ENT,HU,2022,27.71,,
ESTAT:ISOC_E_DII(1.0),27/02/26 11:00:00,A,GE10,C10-S951_X_K,E_DI4_LO,PC_ENT,HU,2024,34.58,,
ESTAT:ISOC_E_DII(1.0),27/02/26 11:00:00,A,GE10,C10-S951_X_K,E_DI4_LO,PC_ENT,IE,2022,41.64,,
ESTAT:ISOC_E_DII(1.0),27/02/26 11:00:00,A,GE10,C10-S951_X_K,E_DI4_LO,PC_ENT,IE,2024,33.01,,
ESTAT:ISOC_E_DII(1.0),27/02/26 11:00:00,A,GE10,C10-S951_X_K,E_DI4_LO,PC_ENT,IT,2022,42.61,,
ESTAT:ISOC_E_DII(1.0),27/02/26 11:00:00,A,GE10,C10-S951_X_K,E_DI4_LO,PC_ENT,IT,2024,43.48,,
ESTAT:ISOC_E_DII(1.0),27/02/26 11:00:00,A,GE10,C10-S951_X_K,E_DI4_LO,PC_ENT,LT,2022,34.24,,
ESTAT:ISOC_E_DII(1.0),27/02/26 11:00:00,A,GE10,C10-S951_X_K,E_DI4_LO,PC_ENT,LT,2024,37.92,,
ESTAT:ISOC_E_DII(1.0),27/02/26 11:00:00,A,GE10,C10-S951_X_K,E_DI4_LO,PC_ENT,LU,2022,36.99,,
ESTAT:ISOC_E_DII(1.0),27/02/26 11:00:00,A,GE10,C10-S951_X_K,E_DI4_LO,PC_ENT,LU,2024,35.71,,
ESTAT:ISOC_E_DII(1.0),27/02/26 11:00:00,A,GE10,C10-S951_X_K,E_DI4_LO,PC_ENT,LV,2022,31.57,,
ESTAT:ISOC_E_DII(1.0),27/02/26 11:00:00,A,GE10,C10-S951_X_K,E_DI4_LO,PC_ENT,LV,2024,32.74,,
ESTAT:ISOC_E_DII(1.0),27/02/26 11:00:00,A,GE10,C10-S951_X_K,E_DI4_LO,PC_ENT,ME,2022,30.57,,
ESTAT:ISOC_E_DII(1.0),27/02/26 11:00:00,A,GE10,C10-S951_X_K,E_DI4_LO,PC_ENT,ME,2024,38.60,,
ESTAT:ISOC_E_DII(1.0),27/02/26 11:00:00,A,GE10,C10-S951_X_K,E_DI4_LO,PC_ENT,MK,2022,30.80,,
ESTAT:ISOC_E_DII(1.0),27/02/26 11:00:00,A,GE10,C10-S951_X_K,E_DI4_LO,PC_ENT,MT,2022,33.13,,
ESTAT:ISOC_E_DII(1.0),27/02/26 11:00:00,A,GE10,C10-S951_X_K,E_DI4_LO,PC_ENT,MT,2024,33.60,,
ESTAT:ISOC_E_DII(1.0),27/02/26 11:00:00,A,GE10,C10-S951_X_K,E_DI4_LO,PC_ENT,NL,2022,37.67,,
ESTAT:ISOC_E_DII(1.0),27/02/26 11:00:00,A,GE10,C10-S951_X_K,E_DI4_LO,PC_ENT,NL,2024,35.56,,
ESTAT:ISOC_E_DII(1.0),27/02/26 11:00:00,A,GE10,C10-S951_X_K,E_DI4_LO,PC_ENT,NO,2022,41.53,,
ESTAT:ISOC_E_DII(1.0),27/02/26 11:00:00,A,GE10,C10-S951_X_K,E_DI4_LO,PC_ENT,NO,2024,38.16,,
ESTAT:ISOC_E_DII(1.0),27/02/26 11:00:00,A,GE10,C10-S951_X_K,E_DI4_LO,PC_ENT,PL,2022,33.39,,
ESTAT:ISOC_E_DII(1.0),27/02/26 11:00:00,A,GE10,C10-S951_X_K,E_DI4_LO,PC_ENT,PL,2024,36.79,,
ESTAT:ISOC_E_DII(1.0),27/02/26 11:00:00,A,GE10,C10-S951_X_K,E_DI4_LO,PC_ENT,PT,2022,35.39,,
ESTAT:ISOC_E_DII(1.0),27/02/26 11:00:00,A,GE10,C10-S951_X_K,E_DI4_LO,PC_ENT,PT,2024,36.70,,
ESTAT:ISOC_E_DII(1.0),27/02/26 11:00:00,A,GE10,C10-S951_X_K,E_DI4_LO,PC_ENT,RO,2022,34.12,,
ESTAT:ISOC_E_DII(1.0),27/02/26 11:00:00,A,GE10,C10-S951_X_K,E_DI4_LO,PC_ENT,RO,2024,46.89,,
ESTAT:ISOC_E_DII(1.0),27/02/26 11:00:00,A,GE10,C10-S951_X_K,E_DI4_LO,PC_ENT,RS,2022,40.52,,
ESTAT:ISOC_E_DII(1.0),27/02/26 11:00:00,A,GE10,C10-S951_X_K,E_DI4_LO,PC_ENT,RS,2024,45.14,,
ESTAT:ISOC_E_DII(1.0),27/02/26 11:00:00,A,GE10,C10-S951_X_K,E_DI4_LO,PC_ENT,SE,2022,28.15,,
ESTAT:ISOC_E_DII(1.0),27/02/26 11:00:00,A,GE10,C10-S951_X_K,E_DI4_LO,PC_ENT,SE,2024,31.68,b,
ESTAT:ISOC_E_DII(1.0),27/02/26 11:00:00,A,GE10,C10-S951_X_K,E_DI4_LO,PC_ENT,SI,2022,34.71,,
ESTAT:ISOC_E_DII(1.0),27/02/26 11:00:00,A,GE10,C10-S951_X_K,E_DI4_LO,PC_ENT,SI,2024,35.00,,
ESTAT:ISOC_E_DII(1.0),27/02/26 11:00:00,A,GE10,C10-S951_X_K,E_DI4_LO,PC_ENT,SK,2022,36.77,,
ESTAT:ISOC_E_DII(1.0),27/02/26 11:00:00,A,GE10,C10-S951_X_K,E_DI4_LO,PC_ENT,SK,2024,35.52,,
ESTAT:ISOC_E_DII(1.0),27/02/26 11:00:00,A,GE10,C10-S951_X_K,E_DI4_VHI,PC_ENT,AT,2022,4.47,,
ESTAT:ISOC_E_DII(1.0),27/02/26 11:00:00,A,GE10,C10-S951_X_K,E_DI4_VHI,PC_ENT,AT,2024,7.90,,
ESTAT:ISOC_E_DII(1.0),27/02/26 11:00:00,A,GE10,C10-S951_X_K,E_DI4_VHI,PC_ENT,BA,2022,2.62,,
ESTAT:ISOC_E_DII(1.0),27/02/26 11:00:00,A,GE10,C10-S951_X_K,E_DI4_VHI,PC_ENT,BA,2024,3.51,,
ESTAT:ISOC_E_DII(1.0),27/02/26 11:00:00,A,GE10,C10-S951_X_K,E_DI4_VHI,PC_ENT,BE,2022,9.29,,
ESTAT:ISOC_E_DII(1.0),27/02/26 11:00:00,A,GE10,C10-S951_X_K,E_DI4_VHI,PC_ENT,BE,2024,14.82,,
ESTAT:ISOC_E_DII(1.0),27/02/26 11:00:00,A,GE10,C10-S951_X_K,E_DI4_VHI,PC_ENT,BG,2022,1.56,,
ESTAT:ISOC_E_DII(1.0),27/02/26 11:00:00,A,GE10,C10-S951_X_K,E_DI4_VHI,PC_ENT,BG,2024,2.77,,
ESTAT:ISOC_E_DII(1.0),27/02/26 11:00:00,A,GE10,C10-S951_X_K,E_DI4_VHI,PC_ENT,CY,2022,3.61,,
ESTAT:ISOC_E_DII(1.0),27/02/26 11:00:00,A,GE10,C10-S951_X_K,E_DI4_VHI,PC_ENT,CY,2024,7.81,,
ESTAT:ISOC_E_DII(1.0),27/02/26 11:00:00,A,GE10,C10-S951_X_K,E_DI4_VHI,PC_ENT,CZ,2022,4.26,,
ESTAT:ISOC_E_DII(1.0),27/02/26 11:00:00,A,GE10,C10-S951_X_K,E_DI4_VHI,PC_ENT,CZ,2024,7.29,,
ESTAT:ISOC_E_DII(1.0),27/02/26 11:00:00,A,GE10,C10-S951_X_K,E_DI4_VHI,PC_ENT,DE,2022,4.65,,
ESTAT:ISOC_E_DII(1.0),27/02/26 11:00:00,A,GE10,C10-S951_X_K,E_DI4_VHI,PC_ENT,DE,2024,9.68,,
ESTAT:ISOC_E_DII(1.0),27/02/26 11:00:00,A,GE10,C10-S951_X_K,E_DI4_VHI,PC_ENT,DK,2022,13.22,,
ESTAT:ISOC_E_DII(1.0),27/02/26 11:00:00,A,GE10,C10-S951_X_K,E_DI4_VHI,PC_ENT,DK,2024,18.06,,
ESTAT:ISOC_E_DII(1.0),27/02/26 11:00:00,A,GE10,C10-S951_X_K,E_DI4_VHI,PC_ENT,EA,2022,4.08,,
ESTAT:ISOC_E_DII(1.0),27/02/26 11:00:00,A,GE10,C10-S951_X_K,E_DI4_VHI,PC_ENT,EA,2024,7.27,,
ESTAT:ISOC_E_DII(1.0),27/02/26 11:00:00,A,GE10,C10-S951_X_K,E_DI4_VHI,PC_ENT,EE,2022,4.34,,
ESTAT:ISOC_E_DII(1.0),27/02/26 11:00:00,A,GE10,C10-S951_X_K,E_DI4_VHI,PC_ENT,EE,2024,7.94,,
ESTAT:ISOC_E_DII(1.0),27/02/26 11:00:00,A,GE10,C10-S951_X_K,E_DI4_VHI,PC_ENT,EL,2022,1.71,,
ESTAT:ISOC_E_DII(1.0),27/02/26 11:00:00,A,GE10,C10-S951_X_K,E_DI4_VHI,PC_ENT,EL,2024,3.17,,
ESTAT:ISOC_E_DII(1.0),27/02/26 11:00:00,A,GE10,C10-S951_X_K,E_DI4_VHI,PC_ENT,ES,2022,3.67,,
ESTAT:ISOC_E_DII(1.0),27/02/26 11:00:00,A,GE10,C10-S951_X_K,E_DI4_VHI,PC_ENT,ES,2024,6.73,,
ESTAT:ISOC_E_DII(1.0),27/02/26 11:00:00,A,GE10,C10-S951_X_K,E_DI4_VHI,PC_ENT,EU27_2020,2022,4.19,,
ESTAT:ISOC_E_DII(1.0),27/02/26 11:00:00,A,GE10,C10-S951_X_K,E_DI4_VHI,PC_ENT,EU27_2020,2024,7.17,,
ESTAT:ISOC_E_DII(1.0),27/02/26 11:00:00,A,GE10,C10-S951_X_K,E_DI4_VHI,PC_ENT,FI,2022,9.98,,
ESTAT:ISOC_E_DII(1.0),27/02/26 11:00:00,A,GE10,C10-S951_X_K,E_DI4_VHI,PC_ENT,FI,2024,19.59,,
ESTAT:ISOC_E_DII(1.0),27/02/26 11:00:00,A,GE10,C10-S951_X_K,E_DI4_VHI,PC_ENT,FR,2022,2.64,b,
ESTAT:ISOC_E_DII(1.0),27/02/26 11:00:00,A,GE10,C10-S951_X_K,E_DI4_VHI,PC_ENT,FR,2024,3.33,,
ESTAT:ISOC_E_DII(1.0),27/02/26 11:00:00,A,GE10,C10-S951_X_K,E_DI4_VHI,PC_ENT,HR,2022,5.42,,
ESTAT:ISOC_E_DII(1.0),27/02/26 11:00:00,A,GE10,C10-S951_X_K,E_DI4_VHI,PC_ENT,HR,2024,7.76,,
ESTAT:ISOC_E_DII(1.0),27/02/26 11:00:00,A,GE10,C10-S951_X_K,E_DI4_VHI,PC_ENT,HU,2022,3.35,,
ESTAT:ISOC_E_DII(1.0),27/02/26 11:00:00,A,GE10,C10-S951_X_K,E_DI4_VHI,PC_ENT,HU,2024,4.21,,
ESTAT:ISOC_E_DII(1.0),27/02/26 11:00:00,A,GE10,C10-S951_X_K,E_DI4_VHI,PC_ENT,IE,2022,2.95,,
ESTAT:ISOC_E_DII(1.0),27/02/26 11:00:00,A,GE10,C10-S951_X_K,E_DI4_VHI,PC_ENT,IE,2024,11.22,,
ESTAT:ISOC_E_DII(1.0),27/02/26 11:00:00,A,GE10,C10-S951_X_K,E_DI4_VHI,PC_ENT,IT,2022,2.78,,
ESTAT:ISOC_E_DII(1.0),27/02/26 11:00:00,A,GE10,C10-S951_X_K,E_DI4_VHI,PC_ENT,IT,2024,3.90,,
ESTAT:ISOC_E_DII(1.0),27/02/26 11:00:00,A,GE10,C10-S951_X_K,E_DI4_VHI,PC_ENT,LT,2022,4.24,,
ESTAT:ISOC_E_DII(1.0),27/02/26 11:00:00,A,GE10,C10-S951_X_K,E_DI4_VHI,PC_ENT,LT,2024,5.68,,
ESTAT:ISOC_E_DII(1.0),27/02/26 11:00:00,A,GE10,C10-S951_X_K,E_DI4_VHI,PC_ENT,LU,2022,2.81,,
ESTAT:ISOC_E_DII(1.0),27/02/26 11:00:00,A,GE10,C10-S951_X_K,E_DI4_VHI,PC_ENT,LU,2024,7.32,,
ESTAT:ISOC_E_DII(1.0),27/02/26 11:00:00,A,GE10,C10-S951_X_K,E_DI4_VHI,PC_ENT,LV,2022,2.68,,
ESTAT:ISOC_E_DII(1.0),27/02/26 11:00:00,A,GE10,C10-S951_X_K,E_DI4_VHI,PC_ENT,LV,2024,5.31,,
ESTAT:ISOC_E_DII(1.0),27/02/26 11:00:00,A,GE10,C10-S951_X_K,E_DI4_VHI,PC_ENT,ME,2022,4.65,,
ESTAT:ISOC_E_DII(1.0),27/02/26 11:00:00,A,GE10,C10-S951_X_K,E_DI4_VHI,PC_ENT,ME,2024,3.24,,
ESTAT:ISOC_E_DII(1.0),27/02/26 11:00:00,A,GE10,C10-S951_X_K,E_DI4_VHI,PC_ENT,MK,2022,,u,
ESTAT:ISOC_E_DII(1.0),27/02/26 11:00:00,A,GE10,C10-S951_X_K,E_DI4_VHI,PC_ENT,MT,2022,7.80,,
ESTAT:ISOC_E_DII(1.0),27/02/26 11:00:00,A,GE10,C10-S951_X_K,E_DI4_VHI,PC_ENT,MT,2024,13.76,,
ESTAT:ISOC_E_DII(1.0),27/02/26 11:00:00,A,GE10,C10-S951_X_K,E_DI4_VHI,PC_ENT,NL,2022,6.77,,
ESTAT:ISOC_E_DII(1.0),27/02/26 11:00:00,A,GE10,C10-S951_X_K,E_DI4_VHI,PC_ENT,NL,2024,12.13,,
ESTAT:ISOC_E_DII(1.0),27/02/26 11:00:00,A,GE10,C10-S951_X_K,E_DI4_VHI,PC_ENT,NO,2022,6.36,,
ESTAT:ISOC_E_DII(1.0),27/02/26 11:00:00,A,GE10,C10-S951_X_K,E_DI4_VHI,PC_ENT,NO,2024,11.57,,
ESTAT:ISOC_E_DII(1.0),27/02/26 11:00:00,A,GE10,C10-S951_X_K,E_DI4_VHI,PC_ENT,PL,2022,3.77,,
ESTAT:ISOC_E_DII(1.0),27/02/26 11:00:00,A,GE10,C10-S951_X_K,E_DI4_VHI,PC_ENT,PL,2024,5.89,,
ESTAT:ISOC_E_DII(1.0),27/02/26 11:00:00,A,GE10,C10-S951_X_K,E_DI4_VHI,PC_ENT,PT,2022,4.69,,
ESTAT:ISOC_E_DII(1.0),27/02/26 11:00:00,A,GE10,C10-S951_X_K,E_DI4_VHI,PC_ENT,PT,2024,7.85,,
ESTAT:ISOC_E_DII(1.0),27/02/26 11:00:00,A,GE10,C10-S951_X_K,E_DI4_VHI,PC_ENT,RO,2022,0.90,,
ESTAT:ISOC_E_DII(1.0),27/02/26 11:00:00,A,GE10,C10-S951_X_K,E_DI4_VHI,PC_ENT,RO,2024,2.52,,
ESTAT:ISOC_E_DII(1.0),27/02/26 11:00:00,A,GE10,C10-S951_X_K,E_DI4_VHI,PC_ENT,RS,2022,4.94,,
ESTAT:ISOC_E_DII(1.0),27/02/26 11:00:00,A,GE10,C10-S951_X_K,E_DI4_VHI,PC_ENT,RS,2024,9.13,,
ESTAT:ISOC_E_DII(1.0),27/02/26 11:00:00,A,GE10,C10-S951_X_K,E_DI4_VHI,PC_ENT,SE,2022,10.50,,
ESTAT:ISOC_E_DII(1.0),27/02/26 11:00:00,A,GE10,C10-S951_X_K,E_DI4_VHI,PC_ENT,SE,2024,13.89,b,
ESTAT:ISOC_E_DII(1.0),27/02/26 11:00:00,A,GE10,C10-S951_X_K,E_DI4_VHI,PC_ENT,SI,2022,5.31,,
ESTAT:ISOC_E_DII(1.0),27/02/26 11:00:00,A,GE10,C10-S951_X_K,E_DI4_VHI,PC_ENT,SI,2024,7.90,,
ESTAT:ISOC_E_DII(1.0),27/02/26 11:00:00,A,GE10,C10-S951_X_K,E_DI4_VHI,PC_ENT,SK,2022,2.93,,
ESTAT:ISOC_E_DII(1.0),27/02/26 11:00:00,A,GE10,C10-S951_X_K,E_DI4_VHI,PC_ENT,SK,2024,4.93,,
ESTAT:ISOC_E_DII(1.0),27/02/26 11:00:00,A,GE10,C10-S951_X_K,E_DI4_VLO,PC_ENT,AT,2022,31.78,,
ESTAT:ISOC_E_DII(1.0),27/02/26 11:00:00,A,GE10,C10-S951_X_K,E_DI4_VLO,PC_ENT,AT,2024,26.97,,
ESTAT:ISOC_E_DII(1.0),27/02/26 11:00:00,A,GE10,C10-S951_X_K,E_DI4_VLO,PC_ENT,BA,2022,44.78,,
ESTAT:ISOC_E_DII(1.0),27/02/26 11:00:00,A,GE10,C10-S951_X_K,E_DI4_VLO,PC_ENT,BA,2024,48.55,,
ESTAT:ISOC_E_DII(1.0),27/02/26 11:00:00,A,GE10,C10-S951_X_K,E_DI4_VLO,PC_ENT,BE,2022,22.03,,
ESTAT:ISOC_E_DII(1.0),27/02/26 11:00:00,A,GE10,C10-S951_X_K,E_DI4_VLO,PC_ENT,BE,2024,15.70,,
ESTAT:ISOC_E_DII(1.0),27/02/26 11:00:00,A,GE10,C10-S951_X_K,E_DI4_VLO,PC_ENT,BG,2022,51.76,,
ESTAT:ISOC_E_DII(1.0),27/02/26 11:00:00,A,GE10,C10-S951_X_K,E_DI4_VLO,PC_ENT,BG,2024,49.06,,
ESTAT:ISOC_E_DII(1.0),27/02/26 11:00:00,A,GE10,C10-S951_X_K,E_DI4_VLO,PC_ENT,CY,2022,29.37,,
ESTAT:ISOC_E_DII(1.0),27/02/26 11:00:00,A,GE10,C10-S951_X_K,E_DI4_VLO,PC_ENT,CY,2024,25.16,,
ESTAT:ISOC_E_DII(1.0),27/02/26 11:00:00,A,GE10,C10-S951_X_K,E_DI4_VLO,PC_ENT,CZ,2022,30.79,,
ESTAT:ISOC_E_DII(1.0),27/02/26 11:00:00,A,GE10,C10-S951_X_K,E_DI4_VLO,PC_ENT,CZ,2024,28.15,,
ESTAT:ISOC_E_DII(1.0),27/02/26 11:00:00,A,GE10,C10-S951_X_K,E_DI4_VLO,PC_ENT,DE,2022,21.96,,
ESTAT:ISOC_E_DII(1.0),27/02/26 11:00:00,A,GE10,C10-S951_X_K,E_DI4_VLO,PC_ENT,DE,2024,19.49,,
ESTAT:ISOC_E_DII(1.0),27/02/26 11:00:00,A,GE10,C10-S951_X_K,E_DI4_VLO,PC_ENT,DK,2022,10.83,,
ESTAT:ISOC_E_DII(1.0),27/02/26 11:00:00,A,GE10,C10-S951_X_K,E_DI4_VLO,PC_ENT,DK,2024,9.24,,
ESTAT:ISOC_E_DII(1.0),27/02/26 11:00:00,A,GE10,C10-S951_X_K,E_DI4_VLO,PC_ENT,EA,2022,28.56,,
ESTAT:ISOC_E_DII(1.0),27/02/26 11:00:00,A,GE10,C10-S951_X_K,E_DI4_VLO,PC_ENT,EA,2024,25.54,,
ESTAT:ISOC_E_DII(1.0),27/02/26 11:00:00,A,GE10,C10-S951_X_K,E_DI4_VLO,PC_ENT,EE,2022,32.33,,
ESTAT:ISOC_E_DII(1.0),27/02/26 11:00:00,A,GE10,C10-S951_X_K,E_DI4_VLO,PC_ENT,EE,2024,28.14,,
ESTAT:ISOC_E_DII(1.0),27/02/26 11:00:00,A,GE10,C10-S951_X_K,E_DI4_VLO,PC_ENT,EL,2022,57.80,,
ESTAT:ISOC_E_DII(1.0),27/02/26 11:00:00,A,GE10,C10-S951_X_K,E_DI4_VLO,PC_ENT,EL,2024,45.95,,
ESTAT:ISOC_E_DII(1.0),27/02/26 11:00:00,A,GE10,C10-S951_X_K,E_DI4_VLO,PC_ENT,ES,2022,31.67,,
ESTAT:ISOC_E_DII(1.0),27/02/26 11:00:00,A,GE10,C10-S951_X_K,E_DI4_VLO,PC_ENT,ES,2024,25.19,,
ESTAT:ISOC_E_DII(1.0),27/02/26 11:00:00,A,GE10,C10-S951_X_K,E_DI4_VLO,PC_ENT,EU27_2020,2022,30.18,,
ESTAT:ISOC_E_DII(1.0),27/02/26 11:00:00,A,GE10,C10-S951_X_K,E_DI4_VLO,PC_ENT,EU27_2020,2024,26.35,,
ESTAT:ISOC_E_DII(1.0),27/02/26 11:00:00,A,GE10,C10-S951_X_K,E_DI4_VLO,PC_ENT,FI,2022,10.19,,
ESTAT:ISOC_E_DII(1.0),27/02/26 11:00:00,A,GE10,C10-S951_X_K,E_DI4_VLO,PC_ENT,FI,2024,7.24,,
ESTAT:ISOC_E_DII(1.0),27/02/26 11:00:00,A,GE10,C10-S951_X_K,E_DI4_VLO,PC_ENT,FR,2022,35.47,b,
ESTAT:ISOC_E_DII(1.0),27/02/26 11:00:00,A,GE10,C10-S951_X_K,E_DI4_VLO,PC_ENT,FR,2024,30.69,,
ESTAT:ISOC_E_DII(1.0),27/02/26 11:00:00,A,GE10,C10-S951_X_K,E_DI4_VLO,PC_ENT,HR,2022,40.99,,
ESTAT:ISOC_E_DII(1.0),27/02/26 11:00:00,A,GE10,C10-S951_X_K,E_DI4_VLO,PC_ENT,HR,2024,35.66,,
ESTAT:ISOC_E_DII(1.0),27/02/26 11:00:00,A,GE10,C10-S951_X_K,E_DI4_VLO,PC_ENT,HU,2022,46.99,,
ESTAT:ISOC_E_DII(1.0),27/02/26 11:00:00,A,GE10,C10-S951_X_K,E_DI4_VLO,PC_ENT,HU,2024,41.53,,
ESTAT:ISOC_E_DII(1.0),27/02/26 11:00:00,A,GE10,C10-S951_X_K,E_DI4_VLO,PC_ENT,IE,2022,25.23,,
ESTAT:ISOC_E_DII(1.0),27/02/26 11:00:00,A,GE10,C10-S951_X_K,E_DI4_VLO,PC_ENT,IE,2024,25.87,,
ESTAT:ISOC_E_DII(1.0),27/02/26 11:00:00,A,GE10,C10-S951_X_K,E_DI4_VLO,PC_ENT,IT,2022,29.57,,
ESTAT:ISOC_E_DII(1.0),27/02/26 11:00:00,A,GE10,C10-S951_X_K,E_DI4_VLO,PC_ENT,IT,2024,29.28,,
ESTAT:ISOC_E_DII(1.0),27/02/26 11:00:00,A,GE10,C10-S951_X_K,E_DI4_VLO,PC_ENT,LT,2022,35.27,,
ESTAT:ISOC_E_DII(1.0),27/02/26 11:00:00,A,GE10,C10-S951_X_K,E_DI4_VLO,PC_ENT,LT,2024,32.70,,
ESTAT:ISOC_E_DII(1.0),27/02/26 11:00:00,A,GE10,C10-S951_X_K,E_DI4_VLO,PC_ENT,LU,2022,32.71,,
ESTAT:ISOC_E_DII(1.0),27/02/26 11:00:00,A,GE10,C10-S951_X_K,E_DI4_VLO,PC_ENT,LU,2024,28.73,,
ESTAT:ISOC_E_DII(1.0),27/02/26 11:00:00,A,GE10,C10-S951_X_K,E_DI4_VLO,PC_ENT,LV,2022,46.76,,
ESTAT:ISOC_E_DII(1.0),27/02/26 11:00:00,A,GE10,C10-S951_X_K,E_DI4_VLO,PC_ENT,LV,2024,39.90,,
ESTAT:ISOC_E_DII(1.0),27/02/26 11:00:00,A,GE10,C10-S951_X_K,E_DI4_VLO,PC_ENT,ME,2022,43.70,,
ESTAT:ISOC_E_DII(1.0),27/02/26 11:00:00,A,GE10,C10-S951_X_K,E_DI4_VLO,PC_ENT,ME,2024,34.60,,
ESTAT:ISOC_E_DII(1.0),27/02/26 11:00:00,A,GE10,C10-S951_X_K,E_DI4_VLO,PC_ENT,MK,2022,58.10,,
ESTAT:ISOC_E_DII(1.0),27/02/26 11:00:00,A,GE10,C10-S951_X_K,E_DI4_VLO,PC_ENT,MT,2022,21.69,,
ESTAT:ISOC_E_DII(1.0),27/02/26 11:00:00,A,GE10,C10-S951_X_K,E_DI4_VLO,PC_ENT,MT,2024,18.28,,
ESTAT:ISOC_E_DII(1.0),27/02/26 11:00:00,A,GE10,C10-S951_X_K,E_DI4_VLO,PC_ENT,NL,2022,19.30,,
ESTAT:ISOC_E_DII(1.0),27/02/26 11:00:00,A,GE10,C10-S951_X_K,E_DI4_VLO,PC_ENT,NL,2024,18.54,,
ESTAT:ISOC_E_DII(1.0),27/02/26 11:00:00,A,GE10,C10-S951_X_K,E_DI4_VLO,PC_ENT,NO,2022,14.48,,
ESTAT:ISOC_E_DII(1.0),27/02/26 11:00:00,A,GE10,C10-S951_X_K,E_DI4_VLO,PC_ENT,NO,2024,16.55,,
ESTAT:ISOC_E_DII(1.0),27/02/26 11:00:00,A,GE10,C10-S951_X_K,E_DI4_VLO,PC_ENT,PL,2022,37.77,,
ESTAT:ISOC_E_DII(1.0),27/02/26 11:00:00,A,GE10,C10-S951_X_K,E_DI4_VLO,PC_ENT,PL,2024,29.99,,
ESTAT:ISOC_E_DII(1.0),27/02/26 11:00:00,A,GE10,C10-S951_X_K,E_DI4_VLO,PC_ENT,PT,2022,29.04,,
ESTAT:ISOC_E_DII(1.0),27/02/26 11:00:00,A,GE10,C10-S951_X_K,E_DI4_VLO,PC_ENT,PT,2024,25.21,,
ESTAT:ISOC_E_DII(1.0),27/02/26 11:00:00,A,GE10,C10-S951_X_K,E_DI4_VLO,PC_ENT,RO,2022,46.37,,
ESTAT:ISOC_E_DII(1.0),27/02/26 11:00:00,A,GE10,C10-S951_X_K,E_DI4_VLO,PC_ENT,RO,2024,30.11,,
ESTAT:ISOC_E_DII(1.0),27/02/26 11:00:00,A,GE10,C10-S951_X_K,E_DI4_VLO,PC_ENT,RS,2022,21.76,,
ESTAT:ISOC_E_DII(1.0),27/02/26 11:00:00,A,GE10,C10-S951_X_K,E_DI4_VLO,PC_ENT,RS,2024,13.85,,
ESTAT:ISOC_E_DII(1.0),27/02/26 11:00:00,A,GE10,C10-S951_X_K,E_DI4_VLO,PC_ENT,SE,2022,12.80,,
ESTAT:ISOC_E_DII(1.0),27/02/26 11:00:00,A,GE10,C10-S951_X_K,E_DI4_VLO,PC_ENT,SE,2024,12.98,b,
ESTAT:ISOC_E_DII(1.0),27/02/26 11:00:00,A,GE10,C10-S951_X_K,E_DI4_VLO,PC_ENT,SI,2022,31.96,,
ESTAT:ISOC_E_DII(1.0),27/02/26 11:00:00,A,GE10,C10-S951_X_K,E_DI4_VLO,PC_ENT,SI,2024,31.49,,
ESTAT:ISOC_E_DII(1.0),27/02/26 11:00:00,A,GE10,C10-S951_X_K,E_DI4_VLO,PC_ENT,SK,2022,38.33,,
ESTAT:ISOC_E_DII(1.0),27/02/26 11:00:00,A,GE10,C10-S951_X_K,E_DI4_VLO,PC_ENT,SK,2024,35.78,,
ESTAT:ISOC_E_DII(1.0),27/02/26 11:00:00,A,GE10,C10-S951_X_K,E_DI_HI,PC_ENT,AT,2015,24.07,,
ESTAT:ISOC_E_DII(1.0),27/02/26 11:00:00,A,GE10,C10-S951_X_K,E_DI_HI,PC_ENT,AT,2016,19.67,b,
ESTAT:ISOC_E_DII(1.0),27/02/26 11:00:00,A,GE10,C10-S951_X_K,E_DI_HI,PC_ENT,AT,2017,21.97,b,
ESTAT:ISOC_E_DII(1.0),27/02/26 11:00:00,A,GE10,C10-S951_X_K,E_DI_HI,PC_ENT,AT,2018,14.52,b,
ESTAT:ISOC_E_DII(1.0),27/02/26 11:00:00,A,GE10,C10-S951_X_K,E_DI_HI,PC_ENT,AT,2019,25.45,b,
ESTAT:ISOC_E_DII(1.0),27/02/26 11:00:00,A,GE10,C10-S951_X_K,E_DI_HI,PC_ENT,BA,2018,12.11,b,
ESTAT:ISOC_E_DII(1.0),27/02/26 11:00:00,A,GE10,C10-S951_X_K,E_DI_HI,PC_ENT,BA,2019,14.61,b,
ESTAT:ISOC_E_DII(1.0),27/02/26 11:00:00,A,GE10,C10-S951_X_K,E_DI_HI,PC_ENT,BE,2015,27.85,,
ESTAT:ISOC_E_DII(1.0),27/02/26 11:00:00,A,GE10,C10-S951_X_K,E_DI_HI,PC_ENT,BE,2016,23.87,b,
ESTAT:ISOC_E_DII(1.0),27/02/26 11:00:00,A,GE10,C10-S951_X_K,E_DI_HI,PC_ENT,BE,2017,28.66,b,
ESTAT:ISOC_E_DII(1.0),27/02/26 11:00:00,A,GE10,C10-S951_X_K,E_DI_HI,PC_ENT,BE,2018,22.07,b,
ESTAT:ISOC_E_DII(1.0),27/02/26 11:00:00,A,GE10,C10-S951_X_K,E_DI_HI,PC_ENT,BE,2019,32.97,b,
ESTAT:ISOC_E_DII(1.0),27/02/26 11:00:00,A,GE10,C10-S951_X_K,E_DI_HI,PC_ENT,BG,2015,10.51,,
ESTAT:ISOC_E_DII(1.0),27/02/26 11:00:00,A,GE10,C10-S951_X_K,E_DI_HI,PC_ENT,BG,2016,8.80,b,
ESTAT:ISOC_E_DII(1.0),27/02/26 11:00:00,A,GE10,C10-S951_X_K,E_DI_HI,PC_ENT,BG,2017,10.91,b,
ESTAT:ISOC_E_DII(1.0),27/02/26 11:00:00,A,GE10,C10-S951_X_K,E_DI_HI,PC_ENT,BG,2018,7.81,b,
ESTAT:ISOC_E_DII(1.0),27/02/26 11:00:00,A,GE10,C10-S951_X_K,E_DI_HI,PC_ENT,BG,2019,10.92,b,
ESTAT:ISOC_E_DII(1.0),27/02/26 11:00:00,A,GE10,C10-S951_X_K,E_DI_HI,PC_ENT,CY,2015,16.89,,
ESTAT:ISOC_E_DII(1.0),27/02/26 11:00:00,A,GE10,C10-S951_X_K,E_DI_HI,PC_ENT,CY,2016,11.38,b,
ESTAT:ISOC_E_DII(1.0),27/02/26 11:00:00,A,GE10,C10-S951_X_K,E_DI_HI,PC_ENT,CY,2017,21.06,b,
ESTAT:ISOC_E_DII(1.0),27/02/26 11:00:00,A,GE10,C10-S951_X_K,E_DI_HI,PC_ENT,CY,2018,13.26,b,
ESTAT:ISOC_E_DII(1.0),27/02/26 11:00:00,A,GE10,C10-S951_X_K,E_DI_HI,PC_ENT,CY,2019,23.99,b,
ESTAT:ISOC_E_DII(1.0),27/02/26 11:00:00,A,GE10,C10-S951_X_K,E_DI_HI,PC_ENT,CZ,2015,16.67,,
ESTAT:ISOC_E_DII(1.0),27/02/26 11:00:00,A,GE10,C10-S951_X_K,E_DI_HI,PC_ENT,CZ,2016,18.83,b,
ESTAT:ISOC_E_DII(1.0),27/02/26 11:00:00,A,GE10,C10-S951_X_K,E_DI_HI,PC_ENT,CZ,2017,14.62,b,
ESTAT:ISOC_E_DII(1.0),27/02/26 11:00:00,A,GE10,C10-S951_X_K,E_DI_HI,PC_ENT,CZ,2018,14.27,b,
ESTAT:ISOC_E_DII(1.0),27/02/26 11:00:00,A,GE10,C10-S951_X_K,E_DI_HI,PC_ENT,CZ,2019,28.01,b,
ESTAT:ISOC_E_DII(1.0),27/02/26 11:00:00,A,GE10,C10-S951_X_K,E_DI_HI,PC_ENT,DE,2015,20.48,,
ESTAT:ISOC_E_DII(1.0),27/02/26 11:00:00,A,GE10,C10-S951_X_K,E_DI_HI,PC_ENT,DE,2016,13.94,b,
ESTAT:ISOC_E_DII(1.0),27/02/26 11:00:00,A,GE10,C10-S951_X_K,E_DI_HI,PC_ENT,DE,2017,23.32,b,
ESTAT:ISOC_E_DII(1.0),27/02/26 11:00:00,A,GE10,C10-S951_X_K,E_DI_HI,PC_ENT,DE,2018,15.20,b,
ESTAT:ISOC_E_DII(1.0),27/02/26 11:00:00,A,GE10,C10-S951_X_K,E_DI_HI,PC_ENT,DE,2019,23.36,b,
ESTAT:ISOC_E_DII(1.0),27/02/26 11:00:00,A,GE10,C10-S951_X_K,E_DI_HI,PC_ENT,DK,2015,36.26,,
ESTAT:ISOC_E_DII(1.0),27/02/26 11:00:00,A,GE10,C10-S951_X_K,E_DI_HI,PC_ENT,DK,2016,41.73,b,
ESTAT:ISOC_E_DII(1.0),27/02/26 11:00:00,A,GE10,C10-S951_X_K,E_DI_HI,PC_ENT,DK,2017,32.08,b,
ESTAT:ISOC_E_DII(1.0),27/02/26 11:00:00,A,GE10,C10-S951_X_K,E_DI_HI,PC_ENT,DK,2018,38.29,b,
ESTAT:ISOC_E_DII(1.0),27/02/26 11:00:00,A,GE10,C10-S951_X_K,E_DI_HI,PC_ENT,DK,2019,40.27,b,
ESTAT:ISOC_E_DII(1.0),27/02/26 11:00:00,A,GE10,C10-S951_X_K,E_DI_HI,PC_ENT,EA,2015,19.12,,
ESTAT:ISOC_E_DII(1.0),27/02/26 11:00:00,A,GE10,C10-S951_X_K,E_DI_HI,PC_ENT,EA,2016,16.15,b,
ESTAT:ISOC_E_DII(1.0),27/02/26 11:00:00,A,GE10,C10-S951_X_K,E_DI_HI,PC_ENT,EA,2017,20.29,,
ESTAT:ISOC_E_DII(1.0),27/02/26 11:00:00,A,GE10,C10-S951_X_K,E_DI_HI,PC_ENT,EA,2018,15.41,,
ESTAT:ISOC_E_DII(1.0),27/02/26 11:00:00,A,GE10,C10-S951_X_K,E_DI_HI,PC_ENT,EA,2019,22.56,,
ESTAT:ISOC_E_DII(1.0),27/02/26 11:00:00,A,GE10,C10-S951_X_K,E_DI_HI,PC_ENT,EE,2015,17.62,,
ESTAT:ISOC_E_DII(1.0),27/02/26 11:00:00,A,GE10,C10-S951_X_K,E_DI_HI,PC_ENT,EE,2016,19.09,b,
ESTAT:ISOC_E_DII(1.0),27/02/26 11:00:00,A,GE10,C10-S951_X_K,E_DI_HI,PC_ENT,EE,2017,19.09,b,
ESTAT:ISOC_E_DII(1.0),27/02/26 11:00:00,A,GE10,C10-S951_X_K,E_DI_HI,PC_ENT,EE,2018,17.23,b,
ESTAT:ISOC_E_DII(1.0),27/02/26 11:00:00,A,GE10,C10-S951_X_K,E_DI_HI,PC_ENT,EE,2019,17.99,b,
ESTAT:ISOC_E_DII(1.0),27/02/26 11:00:00,A,GE10,C10-S951_X_K,E_DI_HI,PC_ENT,EL,2015,8.72,,
ESTAT:ISOC_E_DII(1.0),27/02/26 11:00:00,A,GE10,C10-S951_X_K,E_DI_HI,PC_ENT,EL,2016,17.17,b,
ESTAT:ISOC_E_DII(1.0),27/02/26 11:00:00,A,GE10,C10-S951_X_K,E_DI_HI,PC_ENT,EL,2017,12.62,b,
ESTAT:ISOC_E_DII(1.0),27/02/26 11:00:00,A,GE10,C10-S951_X_K,E_DI_HI,PC_ENT,EL,2018,8.76,b,
ESTAT:ISOC_E_DII(1.0),27/02/26 11:00:00,A,GE10,C10-S951_X_K,E_DI_HI,PC_ENT,EL,2019,6.06,b,
ESTAT:ISOC_E_DII(1.0),27/02/26 11:00:00,A,GE10,C10-S951_X_K,E_DI_HI,PC_ENT,ES,2015,21.83,,
ESTAT:ISOC_E_DII(1.0),27/02/26 11:00:00,A,GE10,C10-S951_X_K,E_DI_HI,PC_ENT,ES,2016,20.93,b,
ESTAT:ISOC_E_DII(1.0),27/02/26 11:00:00,A,GE10,C10-S951_X_K,E_DI_HI,PC_ENT,ES,2017,23.74,b,
ESTAT:ISOC_E_DII(1.0),27/02/26 11:00:00,A,GE10,C10-S951_X_K,E_DI_HI,PC_ENT,ES,2018,11.96,b,
ESTAT:ISOC_E_DII(1.0),27/02/26 11:00:00,A,GE10,C10-S951_X_K,E_DI_HI,PC_ENT,ES,2019,22.59,b,
ESTAT:ISOC_E_DII(1.0),27/02/26 11:00:00,A,GE10,C10-S951_X_K,E_DI_HI,PC_ENT,EU15,2015,19.75,,
ESTAT:ISOC_E_DII(1.0),27/02/26 11:00:00,A,GE10,C10-S951_X_K,E_DI_HI,PC_ENT,EU15,2016,17.72,b,
ESTAT:ISOC_E_DII(1.0),27/02/26 11:00:00,A,GE10,C10-S951_X_K,E_DI_HI,PC_ENT,EU15,2017,19.94,,
ESTAT:ISOC_E_DII(1.0),27/02/26 11:00:00,A,GE10,C10-S951_X_K,E_DI_HI,PC_ENT,EU15,2018,16.76,,
ESTAT:ISOC_E_DII(1.0),27/02/26 11:00:00,A,GE10,C10-S951_X_K,E_DI_HI,PC_ENT,EU27_2007,2015,18.47,,
ESTAT:ISOC_E_DII(1.0),27/02/26 11:00:00,A,GE10,C10-S951_X_K,E_DI_HI,PC_ENT,EU27_2007,2016,16.75,b,
ESTAT:ISOC_E_DII(1.0),27/02/26 11:00:00,A,GE10,C10-S951_X_K,E_DI_HI,PC_ENT,EU27_2007,2017,18.67,,
ESTAT:ISOC_E_DII(1.0),27/02/26 11:00:00,A,GE10,C10-S951_X_K,E_DI_HI,PC_ENT,EU27_2007,2018,15.90,,
ESTAT:ISOC_E_DII(1.0),27/02/26 11:00:00,A,GE10,C10-S951_X_K,E_DI_HI,PC_ENT,EU27_2020,2015,18.29,,
ESTAT:ISOC_E_DII(1.0),27/02/26 11:00:00,A,GE10,C10-S951_X_K,E_DI_HI,PC_ENT,EU27_2020,2016,16.05,,
ESTAT:ISOC_E_DII(1.0),27/02/26 11:00:00,A,GE10,C10-S951_X_K,E_DI_HI,PC_ENT,EU27_2020,2017,19.11,,
ESTAT:ISOC_E_DII(1.0),27/02/26 11:00:00,A,GE10,C10-S951_X_K,E_DI_HI,PC_ENT,EU27_2020,2018,15.37,,
ESTAT:ISOC_E_DII(1.0),27/02/26 11:00:00,A,GE10,C10-S951_X_K,E_DI_HI,PC_ENT,EU27_2020,2019,21.48,,
ESTAT:ISOC_E_DII(1.0),27/02/26 11:00:00,A,GE10,C10-S951_X_K,E_DI_HI,PC_ENT,EU28,2015,18.46,,
ESTAT:ISOC_E_DII(1.0),27/02/26 11:00:00,A,GE10,C10-S951_X_K,E_DI_HI,PC_ENT,EU28,2016,16.75,b,
ESTAT:ISOC_E_DII(1.0),27/02/26 11:00:00,A,GE10,C10-S951_X_K,E_DI_HI,PC_ENT,EU28,2017,18.65,,
ESTAT:ISOC_E_DII(1.0),27/02/26 11:00:00,A,GE10,C10-S951_X_K,E_DI_HI,PC_ENT,EU28,2018,15.88,,
ESTAT:ISOC_E_DII(1.0),27/02/26 11:00:00,A,GE10,C10-S951_X_K,E_DI_HI,PC_ENT,EU28,2019,22.08,,
ESTAT:ISOC_E_DII(1.0),27/02/26 11:00:00,A,GE10,C10-S951_X_K,E_DI_HI,PC_ENT,FI,2015,28.71,,
ESTAT:ISOC_E_DII(1.0),27/02/26 11:00:00,A,GE10,C10-S951_X_K,E_DI_HI,PC_ENT,FI,2016,38.01,b,
ESTAT:ISOC_E_DII(1.0),27/02/26 11:00:00,A,GE10,C10-S951_X_K,E_DI_HI,PC_ENT,FI,2017,33.85,b,
ESTAT:ISOC_E_DII(1.0),27/02/26 11:00:00,A,GE10,C10-S951_X_K,E_DI_HI,PC_ENT,FI,2018,37.57,b,
ESTAT:ISOC_E_DII(1.0),27/02/26 11:00:00,A,GE10,C10-S951_X_K,E_DI_HI,PC_ENT,FI,2019,43.19,b,
ESTAT:ISOC_E_DII(1.0),27/02/26 11:00:00,A,GE10,C10-S951_X_K,E_DI_HI,PC_ENT,FR,2015,17.69,,
ESTAT:ISOC_E_DII(1.0),27/02/26 11:00:00,A,GE10,C10-S951_X_K,E_DI_HI,PC_ENT,FR,2016,13.14,b,
ESTAT:ISOC_E_DII(1.0),27/02/26 11:00:00,A,GE10,C10-S951_X_K,E_DI_HI,PC_ENT,FR,2017,15.75,b,
ESTAT:ISOC_E_DII(1.0),27/02/26 11:00:00,A,GE10,C10-S951_X_K,E_DI_HI,PC_ENT,FR,2018,13.40,b,
ESTAT:ISOC_E_DII(1.0),27/02/26 11:00:00,A,GE10,C10-S951_X_K,E_DI_HI,PC_ENT,FR,2019,21.40,b,
ESTAT:ISOC_E_DII(1.0),27/02/26 11:00:00,A,GE10,C10-S951_X_K,E_DI_HI,PC_ENT,HR,2015,17.23,,
ESTAT:ISOC_E_DII(1.0),27/02/26 11:00:00,A,GE10,C10-S951_X_K,E_DI_HI,PC_ENT,HR,2016,16.45,b,
ESTAT:ISOC_E_DII(1.0),27/02/26 11:00:00,A,GE10,C10-S951_X_K,E_DI_HI,PC_ENT,HR,2017,14.95,b,
ESTAT:ISOC_E_DII(1.0),27/02/26 11:00:00,A,GE10,C10-S951_X_K,E_DI_HI,PC_ENT,HR,2018,13.64,b,
ESTAT:ISOC_E_DII(1.0),27/02/26 11:00:00,A,GE10,C10-S951_X_K,E_DI_HI,PC_ENT,HR,2019,19.20,b,
ESTAT:ISOC_E_DII(1.0),27/02/26 11:00:00,A,GE10,C10-S951_X_K,E_DI_HI,PC_ENT,HU,2015,12.10,,
ESTAT:ISOC_E_DII(1.0),27/02/26 11:00:00,A,GE10,C10-S951_X_K,E_DI_HI,PC_ENT,HU,2016,13.48,b,
ESTAT:ISOC_E_DII(1.0),27/02/26 11:00:00,A,GE10,C10-S951_X_K,E_DI_HI,PC_ENT,HU,2017,13.20,b,
ESTAT:ISOC_E_DII(1.0),27/02/26 11:00:00,A,GE10,C10-S951_X_K,E_DI_HI,PC_ENT,HU,2018,13.06,b,
ESTAT:ISOC_E_DII(1.0),27/02/26 11:00:00,A,GE10,C10-S951_X_K,E_DI_HI,PC_ENT,HU,2019,13.61,b,
ESTAT:ISOC_E_DII(1.0),27/02/26 11:00:00,A,GE10,C10-S951_X_K,E_DI_HI,PC_ENT,IE,2015,20.07,,
ESTAT:ISOC_E_DII(1.0),27/02/26 11:00:00,A,GE10,C10-S951_X_K,E_DI_HI,PC_ENT,IE,2016,18.47,b,
ESTAT:ISOC_E_DII(1.0),27/02/26 11:00:00,A,GE10,C10-S951_X_K,E_DI_HI,PC_ENT,IE,2017,20.41,b,
ESTAT:ISOC_E_DII(1.0),27/02/26 11:00:00,A,GE10,C10-S951_X_K,E_DI_HI,PC_ENT,IE,2018,25.44,b,
ESTAT:ISOC_E_DII(1.0),27/02/26 11:00:00,A,GE10,C10-S951_X_K,E_DI_HI,PC_ENT,IE,2019,27.94,b,
ESTAT:ISOC_E_DII(1.0),27/02/26 11:00:00,A,GE10,C10-S951_X_K,E_DI_HI,PC_ENT,IT,2015,11.66,,
ESTAT:ISOC_E_DII(1.0),27/02/26 11:00:00,A,GE10,C10-S951_X_K,E_DI_HI,PC_ENT,IT,2016,11.00,b,
ESTAT:ISOC_E_DII(1.0),27/02/26 11:00:00,A,GE10,C10-S951_X_K,E_DI_HI,PC_ENT,IT,2017,11.92,b,
ESTAT:ISOC_E_DII(1.0),27/02/26 11:00:00,A,GE10,C10-S951_X_K,E_DI_HI,PC_ENT,IT,2018,12.55,b,
ESTAT:ISOC_E_DII(1.0),27/02/26 11:00:00,A,GE10,C10-S951_X_K,E_DI_HI,PC_ENT,IT,2019,18.00,b,
ESTAT:ISOC_E_DII(1.0),27/02/26 11:00:00,A,GE10,C10-S951_X_K,E_DI_HI,PC_ENT,LT,2015,21.26,,
ESTAT:ISOC_E_DII(1.0),27/02/26 11:00:00,A,GE10,C10-S951_X_K,E_DI_HI,PC_ENT,LT,2016,20.88,b,
ESTAT:ISOC_E_DII(1.0),27/02/26 11:00:00,A,GE10,C10-S951_X_K,E_DI_HI,PC_ENT,LT,2017,24.01,b,
ESTAT:ISOC_E_DII(1.0),27/02/26 11:00:00,A,GE10,C10-S951_X_K,E_DI_HI,PC_ENT,LT,2018,21.16,b,
ESTAT:ISOC_E_DII(1.0),27/02/26 11:00:00,A,GE10,C10-S951_X_K,E_DI_HI,PC_ENT,LT,2019,26.43,b,
ESTAT:ISOC_E_DII(1.0),27/02/26 11:00:00,A,GE10,C10-S951_X_K,E_DI_HI,PC_ENT,LU,2015,22.28,,
ESTAT:ISOC_E_DII(1.0),27/02/26 11:00:00,A,GE10,C10-S951_X_K,E_DI_HI,PC_ENT,LU,2016,19.83,b,
ESTAT:ISOC_E_DII(1.0),27/02/26 11:00:00,A,GE10,C10-S951_X_K,E_DI_HI,PC_ENT,LU,2017,22.15,b,
ESTAT:ISOC_E_DII(1.0),27/02/26 11:00:00,A,GE10,C10-S951_X_K,E_DI_HI,PC_ENT,LU,2018,19.04,b,
ESTAT:ISOC_E_DII(1.0),27/02/26 11:00:00,A,GE10,C10-S951_X_K,E_DI_HI,PC_ENT,LU,2019,28.20,b,
ESTAT:ISOC_E_DII(1.0),27/02/26 11:00:00,A,GE10,C10-S951_X_K,E_DI_HI,PC_ENT,LV,2015,11.35,,
ESTAT:ISOC_E_DII(1.0),27/02/26 11:00:00,A,GE10,C10-S951_X_K,E_DI_HI,PC_ENT,LV,2016,10.44,b,
ESTAT:ISOC_E_DII(1.0),27/02/26 11:00:00,A,GE10,C10-S951_X_K,E_DI_HI,PC_ENT,LV,2017,10.00,b,
ESTAT:ISOC_E_DII(1.0),27/02/26 11:00:00,A,GE10,C10-S951_X_K,E_DI_HI,PC_ENT,LV,2018,9.33,b,
ESTAT:ISOC_E_DII(1.0),27/02/26 11:00:00,A,GE10,C10-S951_X_K,E_DI_HI,PC_ENT,LV,2019,12.92,b,
ESTAT:ISOC_E_DII(1.0),27/02/26 11:00:00,A,GE10,C10-S951_X_K,E_DI_HI,PC_ENT,ME,2017,19.38,b,
ESTAT:ISOC_E_DII(1.0),27/02/26 11:00:00,A,GE10,C10-S951_X_K,E_DI_HI,PC_ENT,ME,2018,15.08,b,
ESTAT:ISOC_E_DII(1.0),27/02/26 11:00:00,A,GE10,C10-S951_X_K,E_DI_HI,PC_ENT,ME,2019,24.09,b,
ESTAT:ISOC_E_DII(1.0),27/02/26 11:00:00,A,GE10,C10-S951_X_K,E_DI_HI,PC_ENT,MK,2015,11.83,,
ESTAT:ISOC_E_DII(1.0),27/02/26 11:00:00,A,GE10,C10-S951_X_K,E_DI_HI,PC_ENT,MK,2016,12.10,b,
ESTAT:ISOC_E_DII(1.0),27/02/26 11:00:00,A,GE10,C10-S951_X_K,E_DI_HI,PC_ENT,MT,2015,24.56,,
ESTAT:ISOC_E_DII(1.0),27/02/26 11:00:00,A,GE10,C10-S951_X_K,E_DI_HI,PC_ENT,MT,2016,29.48,b,
ESTAT:ISOC_E_DII(1.0),27/02/26 11:00:00,A,GE10,C10-S951_X_K,E_DI_HI,PC_ENT,MT,2017,21.64,b,
ESTAT:ISOC_E_DII(1.0),27/02/26 11:00:00,A,GE10,C10-S951_X_K,E_DI_HI,PC_ENT,MT,2018,26.83,b,
ESTAT:ISOC_E_DII(1.0),27/02/26 11:00:00,A,GE10,C10-S951_X_K,E_DI_HI,PC_ENT,MT,2019,35.28,b,
ESTAT:ISOC_E_DII(1.0),27/02/26 11:00:00,A,GE10,C10-S951_X_K,E_DI_HI,PC_ENT,NL,2015,35.50,,
ESTAT:ISOC_E_DII(1.0),27/02/26 11:00:00,A,GE10,C10-S951_X_K,E_DI_HI,PC_ENT,NL,2016,31.50,b,
ESTAT:ISOC_E_DII(1.0),27/02/26 11:00:00,A,GE10,C10-S951_X_K,E_DI_HI,PC_ENT,NL,2017,34.23,b,
ESTAT:ISOC_E_DII(1.0),27/02/26 11:00:00,A,GE10,C10-S951_X_K,E_DI_HI,PC_ENT,NL,2018,32.40,b,
ESTAT:ISOC_E_DII(1.0),27/02/26 11:00:00,A,GE10,C10-S951_X_K,E_DI_HI,PC_ENT,NL,2019,34.42,b,
ESTAT:ISOC_E_DII(1.0),27/02/26 11:00:00,A,GE10,C10-S951_X_K,E_DI_HI,PC_ENT,NO,2015,30.92,,
ESTAT:ISOC_E_DII(1.0),27/02/26 11:00:00,A,GE10,C10-S951_X_K,E_DI_HI,PC_ENT,NO,2016,34.34,b,
ESTAT:ISOC_E_DII(1.0),27/02/26 11:00:00,A,GE10,C10-S951_X_K,E_DI_HI,PC_ENT,NO,2017,26.90,b,
ESTAT:ISOC_E_DII(1.0),27/02/26 11:00:00,A,GE10,C10-S951_X_K,E_DI_HI,PC_ENT,NO,2018,32.72,b,
ESTAT:ISOC_E_DII(1.0),27/02/26 11:00:00,A,GE10,C10-S951_X_K,E_DI_HI,PC_ENT,NO,2019,27.60,b,
ESTAT:ISOC_E_DII(1.0),27/02/26 11:00:00,A,GE10,C10-S951_X_K,E_DI_HI,PC_ENT,PL,2015,12.73,,
ESTAT:ISOC_E_DII(1.0),27/02/26 11:00:00,A,GE10,C10-S951_X_K,E_DI_HI,PC_ENT,PL,2016,11.59,b,
ESTAT:ISOC_E_DII(1.0),27/02/26 11:00:00,A,GE10,C10-S951_X_K,E_DI_HI,PC_ENT,PL,2017,12.62,b,
ESTAT:ISOC_E_DII(1.0),27/02/26 11:00:00,A,GE10,C10-S951_X_K,E_DI_HI,PC_ENT,PL,2018,10.96,b,
ESTAT:ISOC_E_DII(1.0),27/02/26 11:00:00,A,GE10,C10-S951_X_K,E_DI_HI,PC_ENT,PL,2019,9.80,b,
ESTAT:ISOC_E_DII(1.0),27/02/26 11:00:00,A,GE10,C10-S951_X_K,E_DI_HI,PC_ENT,PT,2015,16.04,,
ESTAT:ISOC_E_DII(1.0),27/02/26 11:00:00,A,GE10,C10-S951_X_K,E_DI_HI,PC_ENT,PT,2016,17.84,b,
ESTAT:ISOC_E_DII(1.0),27/02/26 11:00:00,A,GE10,C10-S951_X_K,E_DI_HI,PC_ENT,PT,2017,21.04,b,
ESTAT:ISOC_E_DII(1.0),27/02/26 11:00:00,A,GE10,C10-S951_X_K,E_DI_HI,PC_ENT,PT,2018,14.40,b,
ESTAT:ISOC_E_DII(1.0),27/02/26 11:00:00,A,GE10,C10-S951_X_K,E_DI_HI,PC_ENT,PT,2019,21.01,b,
ESTAT:ISOC_E_DII(1.0),27/02/26 11:00:00,A,GE10,C10-S951_X_K,E_DI_HI,PC_ENT,RO,2015,10.12,,
ESTAT:ISOC_E_DII(1.0),27/02/26 11:00:00,A,GE10,C10-S951_X_K,E_DI_HI,PC_ENT,RO,2016,7.22,b,
ESTAT:ISOC_E_DII(1.0),27/02/26 11:00:00,A,GE10,C10-S951_X_K,E_DI_HI,PC_ENT,RO,2017,9.79,b,
ESTAT:ISOC_E_DII(1.0),27/02/26 11:00:00,A,GE10,C10-S951_X_K,E_DI_HI,PC_ENT,RO,2018,10.29,b,
ESTAT:ISOC_E_DII(1.0),27/02/26 11:00:00,A,GE10,C10-S951_X_K,E_DI_HI,PC_ENT,RO,2019,9.57,b,
ESTAT:ISOC_E_DII(1.0),27/02/26 11:00:00,A,GE10,C10-S951_X_K,E_DI_HI,PC_ENT,RS,2017,20.07,b,
ESTAT:ISOC_E_DII(1.0),27/02/26 11:00:00,A,GE10,C10-S951_X_K,E_DI_HI,PC_ENT,RS,2018,18.78,b,
ESTAT:ISOC_E_DII(1.0),27/02/26 11:00:00,A,GE10,C10-S951_X_K,E_DI_HI,PC_ENT,RS,2019,20.32,b,
ESTAT:ISOC_E_DII(1.0),27/02/26 11:00:00,A,GE10,C10-S951_X_K,E_DI_HI,PC_ENT,SE,2015,27.67,,
ESTAT:ISOC_E_DII(1.0),27/02/26 11:00:00,A,GE10,C10-S951_X_K,E_DI_HI,PC_ENT,SE,2016,33.12,b,
ESTAT:ISOC_E_DII(1.0),27/02/26 11:00:00,A,GE10,C10-S951_X_K,E_DI_HI,PC_ENT,SE,2017,26.71,b,
ESTAT:ISOC_E_DII(1.0),27/02/26 11:00:00,A,GE10,C10-S951_X_K,E_DI_HI,PC_ENT,SE,2018,33.04,b,
ESTAT:ISOC_E_DII(1.0),27/02/26 11:00:00,A,GE10,C10-S951_X_K,E_DI_HI,PC_ENT,SE,2019,38.69,b,
ESTAT:ISOC_E_DII(1.0),27/02/26 11:00:00,A,GE10,C10-S951_X_K,E_DI_HI,PC_ENT,SI,2015,16.23,,
ESTAT:ISOC_E_DII(1.0),27/02/26 11:00:00,A,GE10,C10-S951_X_K,E_DI_HI,PC_ENT,SI,2016,16.96,b,
ESTAT:ISOC_E_DII(1.0),27/02/26 11:00:00,A,GE10,C10-S951_X_K,E_DI_HI,PC_ENT,SI,2017,18.88,b,
ESTAT:ISOC_E_DII(1.0),27/02/26 11:00:00,A,GE10,C10-S951_X_K,E_DI_HI,PC_ENT,SI,2018,23.42,b,
ESTAT:ISOC_E_DII(1.0),27/02/26 11:00:00,A,GE10,C10-S951_X_K,E_DI_HI,PC_ENT,SI,2019,18.52,b,
ESTAT:ISOC_E_DII(1.0),27/02/26 11:00:00,A,GE10,C10-S951_X_K,E_DI_HI,PC_ENT,SK,2015,16.90,,
ESTAT:ISOC_E_DII(1.0),27/02/26 11:00:00,A,GE10,C10-S951_X_K,E_DI_HI,PC_ENT,SK,2016,15.75,b,
ESTAT:ISOC_E_DII(1.0),27/02/26 11:00:00,A,GE10,C10-S951_X_K,E_DI_HI,PC_ENT,SK,2017,16.26,b,
ESTAT:ISOC_E_DII(1.0),27/02/26 11:00:00,A,GE10,C10-S951_X_K,E_DI_HI,PC_ENT,SK,2018,11.84,b,
ESTAT:ISOC_E_DII(1.0),27/02/26 11:00:00,A,GE10,C10-S951_X_K,E_DI_HI,PC_ENT,SK,2019,15.94,b,
ESTAT:ISOC_E_DII(1.0),27/02/26 11:00:00,A,GE10,C10-S951_X_K,E_DI_HI,PC_ENT,TR,2017,6.73,b,
ESTAT:ISOC_E_DII(1.0),27/02/26 11:00:00,A,GE10,C10-S951_X_K,E_DI_HI,PC_ENT,TR,2018,1.04,b,
ESTAT:ISOC_E_DII(1.0),27/02/26 11:00:00,A,GE10,C10-S951_X_K,E_DI_HI,PC_ENT,UK,2015,19.60,,
ESTAT:ISOC_E_DII(1.0),27/02/26 11:00:00,A,GE10,C10-S951_X_K,E_DI_HI,PC_ENT,UK,2016,21.46,b,
ESTAT:ISOC_E_DII(1.0),27/02/26 11:00:00,A,GE10,C10-S951_X_K,E_DI_HI,PC_ENT,UK,2017,15.55,b,
ESTAT:ISOC_E_DII(1.0),27/02/26 11:00:00,A,GE10,C10-S951_X_K,E_DI_HI,PC_ENT,UK,2018,19.35,b,
ESTAT:ISOC_E_DII(1.0),27/02/26 11:00:00,A,GE10,C10-S951_X_K,E_DI_HI,PC_ENT,UK,2019,26.25,b,
ESTAT:ISOC_E_DII(1.0),27/02/26 11:00:00,A,GE10,C10-S951_X_K,E_DI_LO,PC_ENT,AT,2015,45.09,,
ESTAT:ISOC_E_DII(1.0),27/02/26 11:00:00,A,GE10,C10-S951_X_K,E_DI_LO,PC_ENT,AT,2016,46.00,b,
ESTAT:ISOC_E_DII(1.0),27/02/26 11:00:00,A,GE10,C10-S951_X_K,E_DI_LO,PC_ENT,AT,2017,36.74,b,
ESTAT:ISOC_E_DII(1.0),27/02/26 11:00:00,A,GE10,C10-S951_X_K,E_DI_LO,PC_ENT,AT,2018,42.52,b,
ESTAT:ISOC_E_DII(1.0),27/02/26 11:00:00,A,GE10,C10-S951_X_K,E_DI_LO,PC_ENT,AT,2019,36.63,b,
ESTAT:ISOC_E_DII(1.0),27/02/26 11:00:00,A,GE10,C10-S951_X_K,E_DI_LO,PC_ENT,BA,2018,31.55,b,
ESTAT:ISOC_E_DII(1.0),27/02/26 11:00:00,A,GE10,C10-S951_X_K,E_DI_LO,PC_ENT,BA,2019,29.01,b,
ESTAT:ISOC_E_DII(1.0),27/02/26 11:00:00,A,GE10,C10-S951_X_K,E_DI_LO,PC_ENT,BE,2015,39.57,,
ESTAT:ISOC_E_DII(1.0),27/02/26 11:00:00,A,GE10,C10-S951_X_K,E_DI_LO,PC_ENT,BE,2016,44.08,b,
ESTAT:ISOC_E_DII(1.0),27/02/26 11:00:00,A,GE10,C10-S951_X_K,E_DI_LO,PC_ENT,BE,2017,36.43,b,
ESTAT:ISOC_E_DII(1.0),27/02/26 11:00:00,A,GE10,C10-S951_X_K,E_DI_LO,PC_ENT,BE,2018,39.64,b,
ESTAT:ISOC_E_DII(1.0),27/02/26 11:00:00,A,GE10,C10-S951_X_K,E_DI_LO,PC_ENT,BE,2019,32.74,b,
ESTAT:ISOC_E_DII(1.0),27/02/26 11:00:00,A,GE10,C10-S951_X_K,E_DI_LO,PC_ENT,BG,2015,28.56,,
ESTAT:ISOC_E_DII(1.0),27/02/26 11:00:00,A,GE10,C10-S951_X_K,E_DI_LO,PC_ENT,BG,2016,28.01,b,
ESTAT:ISOC_E_DII(1.0),27/02/26 11:00:00,A,GE10,C10-S951_X_K,E_DI_LO,PC_ENT,BG,2017,24.71,b,
ESTAT:ISOC_E_DII(1.0),27/02/26 11:00:00,A,GE10,C10-S951_X_K,E_DI_LO,PC_ENT,BG,2018,24.82,b,
ESTAT:ISOC_E_DII(1.0),27/02/26 11:00:00,A,GE10,C10-S951_X_K,E_DI_LO,PC_ENT,BG,2019,26.97,b,
ESTAT:ISOC_E_DII(1.0),27/02/26 11:00:00,A,GE10,C10-S951_X_K,E_DI_LO,PC_ENT,CY,2015,36.88,,
ESTAT:ISOC_E_DII(1.0),27/02/26 11:00:00,A,GE10,C10-S951_X_K,E_DI_LO,PC_ENT,CY,2016,41.18,b,
ESTAT:ISOC_E_DII(1.0),27/02/26 11:00:00,A,GE10,C10-S951_X_K,E_DI_LO,PC_ENT,CY,2017,37.25,b,
ESTAT:ISOC_E_DII(1.0),27/02/26 11:00:00,A,GE10,C10-S951_X_K,E_DI_LO,PC_ENT,CY,2018,40.97,b,
ESTAT:ISOC_E_DII(1.0),27/02/26 11:00:00,A,GE10,C10-S951_X_K,E_DI_LO,PC_ENT,CY,2019,36.56,b,
ESTAT:ISOC_E_DII(1.0),27/02/26 11:00:00,A,GE10,C10-S951_X_K,E_DI_LO,PC_ENT,CZ,2015,37.51,,
ESTAT:ISOC_E_DII(1.0),27/02/26 11:00:00,A,GE10,C10-S951_X_K,E_DI_LO,PC_ENT,CZ,2016,40.72,b,
ESTAT:ISOC_E_DII(1.0),27/02/26 11:00:00,A,GE10,C10-S951_X_K,E_DI_LO,PC_ENT,CZ,2017,34.67,b,
ESTAT:ISOC_E_DII(1.0),27/02/26 11:00:00,A,GE10,C10-S951_X_K,E_DI_LO,PC_ENT,CZ,2018,34.94,b,
ESTAT:ISOC_E_DII(1.0),27/02/26 11:00:00,A,GE10,C10-S951_X_K,E_DI_LO,PC_ENT,CZ,2019,39.68,b,
ESTAT:ISOC_E_DII(1.0),27/02/26 11:00:00,A,GE10,C10-S951_X_K,E_DI_LO,PC_ENT,DE,2015,42.48,,
ESTAT:ISOC_E_DII(1.0),27/02/26 11:00:00,A,GE10,C10-S951_X_K,E_DI_LO,PC_ENT,DE,2016,44.10,b,
ESTAT:ISOC_E_DII(1.0),27/02/26 11:00:00,A,GE10,C10-S951_X_K,E_DI_LO,PC_ENT,DE,2017,38.63,b,
ESTAT:ISOC_E_DII(1.0),27/02/26 11:00:00,A,GE10,C10-S951_X_K,E_DI_LO,PC_ENT,DE,2018,42.29,b,
ESTAT:ISOC_E_DII(1.0),27/02/26 11:00:00,A,GE10,C10-S951_X_K,E_DI_LO,PC_ENT,DE,2019,39.58,b,
ESTAT:ISOC_E_DII(1.0),27/02/26 11:00:00,A,GE10,C10-S951_X_K,E_DI_LO,PC_ENT,DK,2015,35.47,,
ESTAT:ISOC_E_DII(1.0),27/02/26 11:00:00,A,GE10,C10-S951_X_K,E_DI_LO,PC_ENT,DK,2016,35.12,b,
ESTAT:ISOC_E_DII(1.0),27/02/26 11:00:00,A,GE10,C10-S951_X_K,E_DI_LO,PC_ENT,DK,2017,38.74,b,
ESTAT:ISOC_E_DII(1.0),27/02/26 11:00:00,A,GE10,C10-S951_X_K,E_DI_LO,PC_ENT,DK,2018,37.01,b,
ESTAT:ISOC_E_DII(1.0),27/02/26 11:00:00,A,GE10,C10-S951_X_K,E_DI_LO,PC_ENT,DK,2019,32.28,b,
ESTAT:ISOC_E_DII(1.0),27/02/26 11:00:00,A,GE10,C10-S951_X_K,E_DI_LO,PC_ENT,EA,2015,38.77,,
ESTAT:ISOC_E_DII(1.0),27/02/26 11:00:00,A,GE10,C10-S951_X_K,E_DI_LO,PC_ENT,EA,2016,40.24,b,
ESTAT:ISOC_E_DII(1.0),27/02/26 11:00:00,A,GE10,C10-S951_X_K,E_DI_LO,PC_ENT,EA,2017,35.67,,
ESTAT:ISOC_E_DII(1.0),27/02/26 11:00:00,A,GE10,C10-S951_X_K,E_DI_LO,PC_ENT,EA,2018,36.81,,
ESTAT:ISOC_E_DII(1.0),27/02/26 11:00:00,A,GE10,C10-S951_X_K,E_DI_LO,PC_ENT,EA,2019,37.10,,
ESTAT:ISOC_E_DII(1.0),27/02/26 11:00:00,A,GE10,C10-S951_X_K,E_DI_LO,PC_ENT,EE,2015,40.37,,
ESTAT:ISOC_E_DII(1.0),27/02/26 11:00:00,A,GE10,C10-S951_X_K,E_DI_LO,PC_ENT,EE,2016,40.89,b,
ESTAT:ISOC_E_DII(1.0),27/02/26 11:00:00,A,GE10,C10-S951_X_K,E_DI_LO,PC_ENT,EE,2017,35.12,b,
ESTAT:ISOC_E_DII(1.0),27/02/26 11:00:00,A,GE10,C10-S951_X_K,E_DI_LO,PC_ENT,EE,2018,37.67,b,
ESTAT:ISOC_E_DII(1.0),27/02/26 11:00:00,A,GE10,C10-S951_X_K,E_DI_LO,PC_ENT,EE,2019,33.74,b,
ESTAT:ISOC_E_DII(1.0),27/02/26 11:00:00,A,GE10,C10-S951_X_K,E_DI_LO,PC_ENT,EL,2015,37.83,,
ESTAT:ISOC_E_DII(1.0),27/02/26 11:00:00,A,GE10,C10-S951_X_K,E_DI_LO,PC_ENT,EL,2016,37.98,b,
ESTAT:ISOC_E_DII(1.0),27/02/26 11:00:00,A,GE10,C10-S951_X_K,E_DI_LO,PC_ENT,EL,2017,32.68,b,
ESTAT:ISOC_E_DII(1.0),27/02/26 11:00:00,A,GE10,C10-S951_X_K,E_DI_LO,PC_ENT,EL,2018,30.56,b,
ESTAT:ISOC_E_DII(1.0),27/02/26 11:00:00,A,GE10,C10-S951_X_K,E_DI_LO,PC_ENT,EL,2019,26.88,b,
ESTAT:ISOC_E_DII(1.0),27/02/26 11:00:00,A,GE10,C10-S951_X_K,E_DI_LO,PC_ENT,ES,2015,36.79,,
ESTAT:ISOC_E_DII(1.0),27/02/26 11:00:00,A,GE10,C10-S951_X_K,E_DI_LO,PC_ENT,ES,2016,39.72,b,
ESTAT:ISOC_E_DII(1.0),27/02/26 11:00:00,A,GE10,C10-S951_X_K,E_DI_LO,PC_ENT,ES,2017,36.39,b,
ESTAT:ISOC_E_DII(1.0),27/02/26 11:00:00,A,GE10,C10-S951_X_K,E_DI_LO,PC_ENT,ES,2018,30.16,b,
ESTAT:ISOC_E_DII(1.0),27/02/26 11:00:00,A,GE10,C10-S951_X_K,E_DI_LO,PC_ENT,ES,2019,39.29,b,
ESTAT:ISOC_E_DII(1.0),27/02/26 11:00:00,A,GE10,C10-S951_X_K,E_DI_LO,PC_ENT,EU15,2015,39.23,,
ESTAT:ISOC_E_DII(1.0),27/02/26 11:00:00,A,GE10,C10-S951_X_K,E_DI_LO,PC_ENT,EU15,2016,40.60,b,
ESTAT:ISOC_E_DII(1.0),27/02/26 11:00:00,A,GE10,C10-S951_X_K,E_DI_LO,PC_ENT,EU15,2017,36.88,,
ESTAT:ISOC_E_DII(1.0),27/02/26 11:00:00,A,GE10,C10-S951_X_K,E_DI_LO,PC_ENT,EU15,2018,37.28,,
ESTAT:ISOC_E_DII(1.0),27/02/26 11:00:00,A,GE10,C10-S951_X_K,E_DI_LO,PC_ENT,EU27_2007,2015,37.84,,
ESTAT:ISOC_E_DII(1.0),27/02/26 11:00:00,A,GE10,C10-S951_X_K,E_DI_LO,PC_ENT,EU27_2007,2016,39.46,b,
ESTAT:ISOC_E_DII(1.0),27/02/26 11:00:00,A,GE10,C10-S951_X_K,E_DI_LO,PC_ENT,EU27_2007,2017,36.14,,
ESTAT:ISOC_E_DII(1.0),27/02/26 11:00:00,A,GE10,C10-S951_X_K,E_DI_LO,PC_ENT,EU27_2007,2018,36.22,,
ESTAT:ISOC_E_DII(1.0),27/02/26 11:00:00,A,GE10,C10-S951_X_K,E_DI_LO,PC_ENT,EU27_2020,2015,37.34,,
ESTAT:ISOC_E_DII(1.0),27/02/26 11:00:00,A,GE10,C10-S951_X_K,E_DI_LO,PC_ENT,EU27_2020,2016,38.88,,
ESTAT:ISOC_E_DII(1.0),27/02/26 11:00:00,A,GE10,C10-S951_X_K,E_DI_LO,PC_ENT,EU27_2020,2017,35.24,,
ESTAT:ISOC_E_DII(1.0),27/02/26 11:00:00,A,GE10,C10-S951_X_K,E_DI_LO,PC_ENT,EU27_2020,2018,35.66,,
ESTAT:ISOC_E_DII(1.0),27/02/26 11:00:00,A,GE10,C10-S951_X_K,E_DI_LO,PC_ENT,EU27_2020,2019,35.43,,
ESTAT:ISOC_E_DII(1.0),27/02/26 11:00:00,A,GE10,C10-S951_X_K,E_DI_LO,PC_ENT,EU28,2015,37.85,,
ESTAT:ISOC_E_DII(1.0),27/02/26 11:00:00,A,GE10,C10-S951_X_K,E_DI_LO,PC_ENT,EU28,2016,39.46,b,
ESTAT:ISOC_E_DII(1.0),27/02/26 11:00:00,A,GE10,C10-S951_X_K,E_DI_LO,PC_ENT,EU28,2017,36.13,,
ESTAT:ISOC_E_DII(1.0),27/02/26 11:00:00,A,GE10,C10-S951_X_K,E_DI_LO,PC_ENT,EU28,2018,36.20,,
ESTAT:ISOC_E_DII(1.0),27/02/26 11:00:00,A,GE10,C10-S951_X_K,E_DI_LO,PC_ENT,EU28,2019,35.70,,
ESTAT:ISOC_E_DII(1.0),27/02/26 11:00:00,A,GE10,C10-S951_X_K,E_DI_LO,PC_ENT,FI,2015,41.84,,
ESTAT:ISOC_E_DII(1.0),27/02/26 11:00:00,A,GE10,C10-S951_X_K,E_DI_LO,PC_ENT,FI,2016,39.87,b,
ESTAT:ISOC_E_DII(1.0),27/02/26 11:00:00,A,GE10,C10-S951_X_K,E_DI_LO,PC_ENT,FI,2017,48.55,b,
ESTAT:ISOC_E_DII(1.0),27/02/26 11:00:00,A,GE10,C10-S951_X_K,E_DI_LO,PC_ENT,FI,2018,39.58,b,
ESTAT:ISOC_E_DII(1.0),27/02/26 11:00:00,A,GE10,C10-S951_X_K,E_DI_LO,PC_ENT,FI,2019,32.74,b,
ESTAT:ISOC_E_DII(1.0),27/02/26 11:00:00,A,GE10,C10-S951_X_K,E_DI_LO,PC_ENT,FR,2015,34.87,,
ESTAT:ISOC_E_DII(1.0),27/02/26 11:00:00,A,GE10,C10-S951_X_K,E_DI_LO,PC_ENT,FR,2016,36.90,b,
ESTAT:ISOC_E_DII(1.0),27/02/26 11:00:00,A,GE10,C10-S951_X_K,E_DI_LO,PC_ENT,FR,2017,31.97,b,
ESTAT:ISOC_E_DII(1.0),27/02/26 11:00:00,A,GE10,C10-S951_X_K,E_DI_LO,PC_ENT,FR,2018,34.88,b,
ESTAT:ISOC_E_DII(1.0),27/02/26 11:00:00,A,GE10,C10-S951_X_K,E_DI_LO,PC_ENT,FR,2019,34.02,b,
ESTAT:ISOC_E_DII(1.0),27/02/26 11:00:00,A,GE10,C10-S951_X_K,E_DI_LO,PC_ENT,HR,2015,39.53,,
ESTAT:ISOC_E_DII(1.0),27/02/26 11:00:00,A,GE10,C10-S951_X_K,E_DI_LO,PC_ENT,HR,2016,39.14,b,
ESTAT:ISOC_E_DII(1.0),27/02/26 11:00:00,A,GE10,C10-S951_X_K,E_DI_LO,PC_ENT,HR,2017,34.23,b,
ESTAT:ISOC_E_DII(1.0),27/02/26 11:00:00,A,GE10,C10-S951_X_K,E_DI_LO,PC_ENT,HR,2018,33.55,b,
ESTAT:ISOC_E_DII(1.0),27/02/26 11:00:00,A,GE10,C10-S951_X_K,E_DI_LO,PC_ENT,HR,2019,31.49,b,
ESTAT:ISOC_E_DII(1.0),27/02/26 11:00:00,A,GE10,C10-S951_X_K,E_DI_LO,PC_ENT,HU,2015,32.12,,
ESTAT:ISOC_E_DII(1.0),27/02/26 11:00:00,A,GE10,C10-S951_X_K,E_DI_LO,PC_ENT,HU,2016,34.53,b,
ESTAT:ISOC_E_DII(1.0),27/02/26 11:00:00,A,GE10,C10-S951_X_K,E_DI_LO,PC_ENT,HU,2017,32.08,b,
ESTAT:ISOC_E_DII(1.0),27/02/26 11:00:00,A,GE10,C10-S951_X_K,E_DI_LO,PC_ENT,HU,2018,30.21,b,
ESTAT:ISOC_E_DII(1.0),27/02/26 11:00:00,A,GE10,C10-S951_X_K,E_DI_LO,PC_ENT,HU,2019,27.34,b,
ESTAT:ISOC_E_DII(1.0),27/02/26 11:00:00,A,GE10,C10-S951_X_K,E_DI_LO,PC_ENT,IE,2015,36.18,,
ESTAT:ISOC_E_DII(1.0),27/02/26 11:00:00,A,GE10,C10-S951_X_K,E_DI_LO,PC_ENT,IE,2016,38.97,b,
ESTAT:ISOC_E_DII(1.0),27/02/26 11:00:00,A,GE10,C10-S951_X_K,E_DI_LO,PC_ENT,IE,2017,37.22,b,
ESTAT:ISOC_E_DII(1.0),27/02/26 11:00:00,A,GE10,C10-S951_X_K,E_DI_LO,PC_ENT,IE,2018,37.57,b,
ESTAT:ISOC_E_DII(1.0),27/02/26 11:00:00,A,GE10,C10-S951_X_K,E_DI_LO,PC_ENT,IE,2019,37.80,b,
ESTAT:ISOC_E_DII(1.0),27/02/26 11:00:00,A,GE10,C10-S951_X_K,E_DI_LO,PC_ENT,IT,2015,37.53,,
ESTAT:ISOC_E_DII(1.0),27/02/26 11:00:00,A,GE10,C10-S951_X_K,E_DI_LO,PC_ENT,IT,2016,35.08,b,
ESTAT:ISOC_E_DII(1.0),27/02/26 11:00:00,A,GE10,C10-S951_X_K,E_DI_LO,PC_ENT,IT,2017,31.75,b,
ESTAT:ISOC_E_DII(1.0),27/02/26 11:00:00,A,GE10,C10-S951_X_K,E_DI_LO,PC_ENT,IT,2018,31.48,b,
ESTAT:ISOC_E_DII(1.0),27/02/26 11:00:00,A,GE10,C10-S951_X_K,E_DI_LO,PC_ENT,IT,2019,37.84,b,
ESTAT:ISOC_E_DII(1.0),27/02/26 11:00:00,A,GE10,C10-S951_X_K,E_DI_LO,PC_ENT,LT,2015,39.23,,
ESTAT:ISOC_E_DII(1.0),27/02/26 11:00:00,A,GE10,C10-S951_X_K,E_DI_LO,PC_ENT,LT,2016,40.16,b,
ESTAT:ISOC_E_DII(1.0),27/02/26 11:00:00,A,GE10,C10-S951_X_K,E_DI_LO,PC_ENT,LT,2017,37.92,b,
ESTAT:ISOC_E_DII(1.0),27/02/26 11:00:00,A,GE10,C10-S951_X_K,E_DI_LO,PC_ENT,LT,2018,40.87,b,
ESTAT:ISOC_E_DII(1.0),27/02/26 11:00:00,A,GE10,C10-S951_X_K,E_DI_LO,PC_ENT,LT,2019,37.81,b,
ESTAT:ISOC_E_DII(1.0),27/02/26 11:00:00,A,GE10,C10-S951_X_K,E_DI_LO,PC_ENT,LU,2015,39.87,,
ESTAT:ISOC_E_DII(1.0),27/02/26 11:00:00,A,GE10,C10-S951_X_K,E_DI_LO,PC_ENT,LU,2016,43.63,b,
ESTAT:ISOC_E_DII(1.0),27/02/26 11:00:00,A,GE10,C10-S951_X_K,E_DI_LO,PC_ENT,LU,2017,39.48,b,
ESTAT:ISOC_E_DII(1.0),27/02/26 11:00:00,A,GE10,C10-S951_X_K,E_DI_LO,PC_ENT,LU,2018,41.43,b,
ESTAT:ISOC_E_DII(1.0),27/02/26 11:00:00,A,GE10,C10-S951_X_K,E_DI_LO,PC_ENT,LU,2019,35.47,b,
ESTAT:ISOC_E_DII(1.0),27/02/26 11:00:00,A,GE10,C10-S951_X_K,E_DI_LO,PC_ENT,LV,2015,31.40,,
ESTAT:ISOC_E_DII(1.0),27/02/26 11:00:00,A,GE10,C10-S951_X_K,E_DI_LO,PC_ENT,LV,2016,35.43,b,
ESTAT:ISOC_E_DII(1.0),27/02/26 11:00:00,A,GE10,C10-S951_X_K,E_DI_LO,PC_ENT,LV,2017,29.00,b,
ESTAT:ISOC_E_DII(1.0),27/02/26 11:00:00,A,GE10,C10-S951_X_K,E_DI_LO,PC_ENT,LV,2018,32.18,b,
ESTAT:ISOC_E_DII(1.0),27/02/26 11:00:00,A,GE10,C10-S951_X_K,E_DI_LO,PC_ENT,LV,2019,32.81,b,
ESTAT:ISOC_E_DII(1.0),27/02/26 11:00:00,A,GE10,C10-S951_X_K,E_DI_LO,PC_ENT,ME,2017,39.40,b,
ESTAT:ISOC_E_DII(1.0),27/02/26 11:00:00,A,GE10,C10-S951_X_K,E_DI_LO,PC_ENT,ME,2018,42.31,b,
ESTAT:ISOC_E_DII(1.0),27/02/26 11:00:00,A,GE10,C10-S951_X_K,E_DI_LO,PC_ENT,ME,2019,33.36,b,
ESTAT:ISOC_E_DII(1.0),27/02/26 11:00:00,A,GE10,C10-S951_X_K,E_DI_LO,PC_ENT,MK,2015,33.22,,
ESTAT:ISOC_E_DII(1.0),27/02/26 11:00:00,A,GE10,C10-S951_X_K,E_DI_LO,PC_ENT,MK,2016,37.01,b,
ESTAT:ISOC_E_DII(1.0),27/02/26 11:00:00,A,GE10,C10-S951_X_K,E_DI_LO,PC_ENT,MT,2015,48.81,,
ESTAT:ISOC_E_DII(1.0),27/02/26 11:00:00,A,GE10,C10-S951_X_K,E_DI_LO,PC_ENT,MT,2016,44.46,b,
ESTAT:ISOC_E_DII(1.0),27/02/26 11:00:00,A,GE10,C10-S951_X_K,E_DI_LO,PC_ENT,MT,2017,42.12,b,
ESTAT:ISOC_E_DII(1.0),27/02/26 11:00:00,A,GE10,C10-S951_X_K,E_DI_LO,PC_ENT,MT,2018,39.19,b,
ESTAT:ISOC_E_DII(1.0),27/02/26 11:00:00,A,GE10,C10-S951_X_K,E_DI_LO,PC_ENT,MT,2019,37.23,b,
ESTAT:ISOC_E_DII(1.0),27/02/26 11:00:00,A,GE10,C10-S951_X_K,E_DI_LO,PC_ENT,NL,2015,39.31,,
ESTAT:ISOC_E_DII(1.0),27/02/26 11:00:00,A,GE10,C10-S951_X_K,E_DI_LO,PC_ENT,NL,2016,43.85,b,
ESTAT:ISOC_E_DII(1.0),27/02/26 11:00:00,A,GE10,C10-S951_X_K,E_DI_LO,PC_ENT,NL,2017,36.24,b,
ESTAT:ISOC_E_DII(1.0),27/02/26 11:00:00,A,GE10,C10-S951_X_K,E_DI_LO,PC_ENT,NL,2018,41.75,b,
ESTAT:ISOC_E_DII(1.0),27/02/26 11:00:00,A,GE10,C10-S951_X_K,E_DI_LO,PC_ENT,NL,2019,36.91,b,
ESTAT:ISOC_E_DII(1.0),27/02/26 11:00:00,A,GE10,C10-S951_X_K,E_DI_LO,PC_ENT,NO,2015,37.76,,
ESTAT:ISOC_E_DII(1.0),27/02/26 11:00:00,A,GE10,C10-S951_X_K,E_DI_LO,PC_ENT,NO,2016,36.62,b,
ESTAT:ISOC_E_DII(1.0),27/02/26 11:00:00,A,GE10,C10-S951_X_K,E_DI_LO,PC_ENT,NO,2017,39.75,b,
ESTAT:ISOC_E_DII(1.0),27/02/26 11:00:00,A,GE10,C10-S951_X_K,E_DI_LO,PC_ENT,NO,2018,31.89,b,
ESTAT:ISOC_E_DII(1.0),27/02/26 11:00:00,A,GE10,C10-S951_X_K,E_DI_LO,PC_ENT,NO,2019,42.80,b,
ESTAT:ISOC_E_DII(1.0),27/02/26 11:00:00,A,GE10,C10-S951_X_K,E_DI_LO,PC_ENT,PL,2015,30.80,,
ESTAT:ISOC_E_DII(1.0),27/02/26 11:00:00,A,GE10,C10-S951_X_K,E_DI_LO,PC_ENT,PL,2016,35.15,b,
ESTAT:ISOC_E_DII(1.0),27/02/26 11:00:00,A,GE10,C10-S951_X_K,E_DI_LO,PC_ENT,PL,2017,36.46,b,
ESTAT:ISOC_E_DII(1.0),27/02/26 11:00:00,A,GE10,C10-S951_X_K,E_DI_LO,PC_ENT,PL,2018,31.34,b,
ESTAT:ISOC_E_DII(1.0),27/02/26 11:00:00,A,GE10,C10-S951_X_K,E_DI_LO,PC_ENT,PL,2019,29.00,b,
ESTAT:ISOC_E_DII(1.0),27/02/26 11:00:00,A,GE10,C10-S951_X_K,E_DI_LO,PC_ENT,PT,2015,36.20,,
ESTAT:ISOC_E_DII(1.0),27/02/26 11:00:00,A,GE10,C10-S951_X_K,E_DI_LO,PC_ENT,PT,2016,36.32,b,
ESTAT:ISOC_E_DII(1.0),27/02/26 11:00:00,A,GE10,C10-S951_X_K,E_DI_LO,PC_ENT,PT,2017,36.94,b,
ESTAT:ISOC_E_DII(1.0),27/02/26 11:00:00,A,GE10,C10-S951_X_K,E_DI_LO,PC_ENT,PT,2018,33.10,b,
ESTAT:ISOC_E_DII(1.0),27/02/26 11:00:00,A,GE10,C10-S951_X_K,E_DI_LO,PC_ENT,PT,2019,35.83,b,
ESTAT:ISOC_E_DII(1.0),27/02/26 11:00:00,A,GE10,C10-S951_X_K,E_DI_LO,PC_ENT,RO,2015,26.08,,
ESTAT:ISOC_E_DII(1.0),27/02/26 11:00:00,A,GE10,C10-S951_X_K,E_DI_LO,PC_ENT,RO,2016,25.80,b,
ESTAT:ISOC_E_DII(1.0),27/02/26 11:00:00,A,GE10,C10-S951_X_K,E_DI_LO,PC_ENT,RO,2017,26.72,b,
ESTAT:ISOC_E_DII(1.0),27/02/26 11:00:00,A,GE10,C10-S951_X_K,E_DI_LO,PC_ENT,RO,2018,28.00,b,
ESTAT:ISOC_E_DII(1.0),27/02/26 11:00:00,A,GE10,C10-S951_X_K,E_DI_LO,PC_ENT,RO,2019,22.05,b,
ESTAT:ISOC_E_DII(1.0),27/02/26 11:00:00,A,GE10,C10-S951_X_K,E_DI_LO,PC_ENT,RS,2017,40.42,b,
ESTAT:ISOC_E_DII(1.0),27/02/26 11:00:00,A,GE10,C10-S951_X_K,E_DI_LO,PC_ENT,RS,2018,37.22,b,
ESTAT:ISOC_E_DII(1.0),27/02/26 11:00:00,A,GE10,C10-S951_X_K,E_DI_LO,PC_ENT,RS,2019,38.68,b,
ESTAT:ISOC_E_DII(1.0),27/02/26 11:00:00,A,GE10,C10-S951_X_K,E_DI_LO,PC_ENT,SE,2015,42.57,,
ESTAT:ISOC_E_DII(1.0),27/02/26 11:00:00,A,GE10,C10-S951_X_K,E_DI_LO,PC_ENT,SE,2016,38.24,b,
ESTAT:ISOC_E_DII(1.0),27/02/26 11:00:00,A,GE10,C10-S951_X_K,E_DI_LO,PC_ENT,SE,2017,40.95,b,
ESTAT:ISOC_E_DII(1.0),27/02/26 11:00:00,A,GE10,C10-S951_X_K,E_DI_LO,PC_ENT,SE,2018,37.13,b,
ESTAT:ISOC_E_DII(1.0),27/02/26 11:00:00,A,GE10,C10-S951_X_K,E_DI_LO,PC_ENT,SE,2019,32.87,b,
ESTAT:ISOC_E_DII(1.0),27/02/26 11:00:00,A,GE10,C10-S951_X_K,E_DI_LO,PC_ENT,SI,2015,37.05,,
ESTAT:ISOC_E_DII(1.0),27/02/26 11:00:00,A,GE10,C10-S951_X_K,E_DI_LO,PC_ENT,SI,2016,44.47,b,
ESTAT:ISOC_E_DII(1.0),27/02/26 11:00:00,A,GE10,C10-S951_X_K,E_DI_LO,PC_ENT,SI,2017,35.64,b,
ESTAT:ISOC_E_DII(1.0),27/02/26 11:00:00,A,GE10,C10-S951_X_K,E_DI_LO,PC_ENT,SI,2018,41.64,b,
ESTAT:ISOC_E_DII(1.0),27/02/26 11:00:00,A,GE10,C10-S951_X_K,E_DI_LO,PC_ENT,SI,2019,32.91,b,
ESTAT:ISOC_E_DII(1.0),27/02/26 11:00:00,A,GE10,C10-S951_X_K,E_DI_LO,PC_ENT,SK,2015,43.97,,
ESTAT:ISOC_E_DII(1.0),27/02/26 11:00:00,A,GE10,C10-S951_X_K,E_DI_LO,PC_ENT,SK,2016,44.18,b,
ESTAT:ISOC_E_DII(1.0),27/02/26 11:00:00,A,GE10,C10-S951_X_K,E_DI_LO,PC_ENT,SK,2017,37.09,b,
ESTAT:ISOC_E_DII(1.0),27/02/26 11:00:00,A,GE10,C10-S951_X_K,E_DI_LO,PC_ENT,SK,2018,35.39,b,
ESTAT:ISOC_E_DII(1.0),27/02/26 11:00:00,A,GE10,C10-S951_X_K,E_DI_LO,PC_ENT,SK,2019,33.94,b,
ESTAT:ISOC_E_DII(1.0),27/02/26 11:00:00,A,GE10,C10-S951_X_K,E_DI_LO,PC_ENT,TR,2017,23.02,b,
ESTAT:ISOC_E_DII(1.0),27/02/26 11:00:00,A,GE10,C10-S951_X_K,E_DI_LO,PC_ENT,TR,2018,13.48,b,
ESTAT:ISOC_E_DII(1.0),27/02/26 11:00:00,A,GE10,C10-S951_X_K,E_DI_LO,PC_ENT,UK,2015,41.18,,
ESTAT:ISOC_E_DII(1.0),27/02/26 11:00:00,A,GE10,C10-S951_X_K,E_DI_LO,PC_ENT,UK,2016,43.38,b,
ESTAT:ISOC_E_DII(1.0),27/02/26 11:00:00,A,GE10,C10-S951_X_K,E_DI_LO,PC_ENT,UK,2017,42.15,b,
ESTAT:ISOC_E_DII(1.0),27/02/26 11:00:00,A,GE10,C10-S951_X_K,E_DI_LO,PC_ENT,UK,2018,39.91,b,
ESTAT:ISOC_E_DII(1.0),27/02/26 11:00:00,A,GE10,C10-S951_X_K,E_DI_LO,PC_ENT,UK,2019,37.57,b,
ESTAT:ISOC_E_DII(1.0),27/02/26 11:00:00,A,GE10,C10-S951_X_K,E_DI_VHI,PC_ENT,AT,2015,2.98,,
ESTAT:ISOC_E_DII(1.0),27/02/26 11:00:00,A,GE10,C10-S951_X_K,E_DI_VHI,PC_ENT,AT,2016,1.76,b,
ESTAT:ISOC_E_DII(1.0),27/02/26 11:00:00,A,GE10,C10-S951_X_K,E_DI_VHI,PC_ENT,AT,2017,3.70,b,
ESTAT:ISOC_E_DII(1.0),27/02/26 11:00:00,A,GE10,C10-S951_X_K,E_DI_VHI,PC_ENT,AT,2018,2.23,b,
ESTAT:ISOC_E_DII(1.0),27/02/26 11:00:00,A,GE10,C10-S951_X_K,E_DI_VHI,PC_ENT,AT,2019,7.63,b,
ESTAT:ISOC_E_DII(1.0),27/02/26 11:00:00,A,GE10,C10-S951_X_K,E_DI_VHI,PC_ENT,BA,2018,1.92,b,
ESTAT:ISOC_E_DII(1.0),27/02/26 11:00:00,A,GE10,C10-S951_X_K,E_DI_VHI,PC_ENT,BA,2019,2.20,b,
ESTAT:ISOC_E_DII(1.0),27/02/26 11:00:00,A,GE10,C10-S951_X_K,E_DI_VHI,PC_ENT,BE,2015,5.88,,
ESTAT:ISOC_E_DII(1.0),27/02/26 11:00:00,A,GE10,C10-S951_X_K,E_DI_VHI,PC_ENT,BE,2016,3.46,b,
ESTAT:ISOC_E_DII(1.0),27/02/26 11:00:00,A,GE10,C10-S951_X_K,E_DI_VHI,PC_ENT,BE,2017,6.36,b,
ESTAT:ISOC_E_DII(1.0),27/02/26 11:00:00,A,GE10,C10-S951_X_K,E_DI_VHI,PC_ENT,BE,2018,5.48,b,
ESTAT:ISOC_E_DII(1.0),27/02/26 11:00:00,A,GE10,C10-S951_X_K,E_DI_VHI,PC_ENT,BE,2019,8.58,b,
ESTAT:ISOC_E_DII(1.0),27/02/26 11:00:00,A,GE10,C10-S951_X_K,E_DI_VHI,PC_ENT,BG,2015,1.23,,
ESTAT:ISOC_E_DII(1.0),27/02/26 11:00:00,A,GE10,C10-S951_X_K,E_DI_VHI,PC_ENT,BG,2016,0.71,b,
ESTAT:ISOC_E_DII(1.0),27/02/26 11:00:00,A,GE10,C10-S951_X_K,E_DI_VHI,PC_ENT,BG,2017,1.20,b,
ESTAT:ISOC_E_DII(1.0),27/02/26 11:00:00,A,GE10,C10-S951_X_K,E_DI_VHI,PC_ENT,BG,2018,0.74,b,
ESTAT:ISOC_E_DII(1.0),27/02/26 11:00:00,A,GE10,C10-S951_X_K,E_DI_VHI,PC_ENT,BG,2019,1.22,b,
ESTAT:ISOC_E_DII(1.0),27/02/26 11:00:00,A,GE10,C10-S951_X_K,E_DI_VHI,PC_ENT,CY,2015,1.39,,
ESTAT:ISOC_E_DII(1.0),27/02/26 11:00:00,A,GE10,C10-S951_X_K,E_DI_VHI,PC_ENT,CY,2016,0.64,b,
ESTAT:ISOC_E_DII(1.0),27/02/26 11:00:00,A,GE10,C10-S951_X_K,E_DI_VHI,PC_ENT,CY,2017,1.60,b,
ESTAT:ISOC_E_DII(1.0),27/02/26 11:00:00,A,GE10,C10-S951_X_K,E_DI_VHI,PC_ENT,CY,2018,1.30,b,
ESTAT:ISOC_E_DII(1.0),27/02/26 11:00:00,A,GE10,C10-S951_X_K,E_DI_VHI,PC_ENT,CY,2019,2.68,b,
ESTAT:ISOC_E_DII(1.0),27/02/26 11:00:00,A,GE10,C10-S951_X_K,E_DI_VHI,PC_ENT,CZ,2015,3.06,,
ESTAT:ISOC_E_DII(1.0),27/02/26 11:00:00,A,GE10,C10-S951_X_K,E_DI_VHI,PC_ENT,CZ,2016,2.66,b,
ESTAT:ISOC_E_DII(1.0),27/02/26 11:00:00,A,GE10,C10-S951_X_K,E_DI_VHI,PC_ENT,CZ,2017,3.61,b,
ESTAT:ISOC_E_DII(1.0),27/02/26 11:00:00,A,GE10,C10-S951_X_K,E_DI_VHI,PC_ENT,CZ,2018,2.76,b,
ESTAT:ISOC_E_DII(1.0),27/02/26 11:00:00,A,GE10,C10-S951_X_K,E_DI_VHI,PC_ENT,CZ,2019,6.75,b,
ESTAT:ISOC_E_DII(1.0),27/02/26 11:00:00,A,GE10,C10-S951_X_K,E_DI_VHI,PC_ENT,DE,2015,1.89,,
ESTAT:ISOC_E_DII(1.0),27/02/26 11:00:00,A,GE10,C10-S951_X_K,E_DI_VHI,PC_ENT,DE,2016,0.45,b,
ESTAT:ISOC_E_DII(1.0),27/02/26 11:00:00,A,GE10,C10-S951_X_K,E_DI_VHI,PC_ENT,DE,2017,4.35,b,
ESTAT:ISOC_E_DII(1.0),27/02/26 11:00:00,A,GE10,C10-S951_X_K,E_DI_VHI,PC_ENT,DE,2018,1.16,b,
ESTAT:ISOC_E_DII(1.0),27/02/26 11:00:00,A,GE10,C10-S951_X_K,E_DI_VHI,PC_ENT,DE,2019,4.85,b,
ESTAT:ISOC_E_DII(1.0),27/02/26 11:00:00,A,GE10,C10-S951_X_K,E_DI_VHI,PC_ENT,DK,2015,10.77,,
ESTAT:ISOC_E_DII(1.0),27/02/26 11:00:00,A,GE10,C10-S951_X_K,E_DI_VHI,PC_ENT,DK,2016,11.96,b,
ESTAT:ISOC_E_DII(1.0),27/02/26 11:00:00,A,GE10,C10-S951_X_K,E_DI_VHI,PC_ENT,DK,2017,9.76,b,
ESTAT:ISOC_E_DII(1.0),27/02/26 11:00:00,A,GE10,C10-S951_X_K,E_DI_VHI,PC_ENT,DK,2018,11.19,b,
ESTAT:ISOC_E_DII(1.0),27/02/26 11:00:00,A,GE10,C10-S951_X_K,E_DI_VHI,PC_ENT,DK,2019,12.82,b,
ESTAT:ISOC_E_DII(1.0),27/02/26 11:00:00,A,GE10,C10-S951_X_K,E_DI_VHI,PC_ENT,EA,2015,2.35,,
ESTAT:ISOC_E_DII(1.0),27/02/26 11:00:00,A,GE10,C10-S951_X_K,E_DI_VHI,PC_ENT,EA,2016,1.44,b,
ESTAT:ISOC_E_DII(1.0),27/02/26 11:00:00,A,GE10,C10-S951_X_K,E_DI_VHI,PC_ENT,EA,2017,3.27,,
ESTAT:ISOC_E_DII(1.0),27/02/26 11:00:00,A,GE10,C10-S951_X_K,E_DI_VHI,PC_ENT,EA,2018,1.82,,
ESTAT:ISOC_E_DII(1.0),27/02/26 11:00:00,A,GE10,C10-S951_X_K,E_DI_VHI,PC_ENT,EA,2019,3.86,,
ESTAT:ISOC_E_DII(1.0),27/02/26 11:00:00,A,GE10,C10-S951_X_K,E_DI_VHI,PC_ENT,EE,2015,3.16,,
ESTAT:ISOC_E_DII(1.0),27/02/26 11:00:00,A,GE10,C10-S951_X_K,E_DI_VHI,PC_ENT,EE,2016,2.38,b,
ESTAT:ISOC_E_DII(1.0),27/02/26 11:00:00,A,GE10,C10-S951_X_K,E_DI_VHI,PC_ENT,EE,2017,2.65,b,
ESTAT:ISOC_E_DII(1.0),27/02/26 11:00:00,A,GE10,C10-S951_X_K,E_DI_VHI,PC_ENT,EE,2018,3.22,b,
ESTAT:ISOC_E_DII(1.0),27/02/26 11:00:00,A,GE10,C10-S951_X_K,E_DI_VHI,PC_ENT,EE,2019,3.92,b,
ESTAT:ISOC_E_DII(1.0),27/02/26 11:00:00,A,GE10,C10-S951_X_K,E_DI_VHI,PC_ENT,EL,2015,0,,
ESTAT:ISOC_E_DII(1.0),27/02/26 11:00:00,A,GE10,C10-S951_X_K,E_DI_VHI,PC_ENT,EL,2016,1.70,b,
ESTAT:ISOC_E_DII(1.0),27/02/26 11:00:00,A,GE10,C10-S951_X_K,E_DI_VHI,PC_ENT,EL,2017,1.31,b,
ESTAT:ISOC_E_DII(1.0),27/02/26 11:00:00,A,GE10,C10-S951_X_K,E_DI_VHI,PC_ENT,EL,2018,0.91,b,
ESTAT:ISOC_E_DII(1.0),27/02/26 11:00:00,A,GE10,C10-S951_X_K,E_DI_VHI,PC_ENT,EL,2019,0.04,b,
ESTAT:ISOC_E_DII(1.0),27/02/26 11:00:00,A,GE10,C10-S951_X_K,E_DI_VHI,PC_ENT,ES,2015,3.45,,
ESTAT:ISOC_E_DII(1.0),27/02/26 11:00:00,A,GE10,C10-S951_X_K,E_DI_VHI,PC_ENT,ES,2016,2.65,b,
ESTAT:ISOC_E_DII(1.0),27/02/26 11:00:00,A,GE10,C10-S951_X_K,E_DI_VHI,PC_ENT,ES,2017,3.88,b,
ESTAT:ISOC_E_DII(1.0),27/02/26 11:00:00,A,GE10,C10-S951_X_K,E_DI_VHI,PC_ENT,ES,2018,1.08,b,
ESTAT:ISOC_E_DII(1.0),27/02/26 11:00:00,A,GE10,C10-S951_X_K,E_DI_VHI,PC_ENT,ES,2019,2.37,b,
ESTAT:ISOC_E_DII(1.0),27/02/26 11:00:00,A,GE10,C10-S951_X_K,E_DI_VHI,PC_ENT,EU15,2015,2.31,,
ESTAT:ISOC_E_DII(1.0),27/02/26 11:00:00,A,GE10,C10-S951_X_K,E_DI_VHI,PC_ENT,EU15,2016,1.69,b,
ESTAT:ISOC_E_DII(1.0),27/02/26 11:00:00,A,GE10,C10-S951_X_K,E_DI_VHI,PC_ENT,EU15,2017,3.02,,
ESTAT:ISOC_E_DII(1.0),27/02/26 11:00:00,A,GE10,C10-S951_X_K,E_DI_VHI,PC_ENT,EU15,2018,2.15,,
ESTAT:ISOC_E_DII(1.0),27/02/26 11:00:00,A,GE10,C10-S951_X_K,E_DI_VHI,PC_ENT,EU27_2007,2015,2.28,,
ESTAT:ISOC_E_DII(1.0),27/02/26 11:00:00,A,GE10,C10-S951_X_K,E_DI_VHI,PC_ENT,EU27_2007,2016,1.66,b,
ESTAT:ISOC_E_DII(1.0),27/02/26 11:00:00,A,GE10,C10-S951_X_K,E_DI_VHI,PC_ENT,EU27_2007,2017,2.85,,
ESTAT:ISOC_E_DII(1.0),27/02/26 11:00:00,A,GE10,C10-S951_X_K,E_DI_VHI,PC_ENT,EU27_2007,2018,2.08,,
ESTAT:ISOC_E_DII(1.0),27/02/26 11:00:00,A,GE10,C10-S951_X_K,E_DI_VHI,PC_ENT,EU27_2020,2015,2.36,,
ESTAT:ISOC_E_DII(1.0),27/02/26 11:00:00,A,GE10,C10-S951_X_K,E_DI_VHI,PC_ENT,EU27_2020,2016,1.72,,
ESTAT:ISOC_E_DII(1.0),27/02/26 11:00:00,A,GE10,C10-S951_X_K,E_DI_VHI,PC_ENT,EU27_2020,2017,3.14,,
ESTAT:ISOC_E_DII(1.0),27/02/26 11:00:00,A,GE10,C10-S951_X_K,E_DI_VHI,PC_ENT,EU27_2020,2018,2.04,,
ESTAT:ISOC_E_DII(1.0),27/02/26 11:00:00,A,GE10,C10-S951_X_K,E_DI_VHI,PC_ENT,EU27_2020,2019,3.81,,
ESTAT:ISOC_E_DII(1.0),27/02/26 11:00:00,A,GE10,C10-S951_X_K,E_DI_VHI,PC_ENT,EU28,2015,2.28,,
ESTAT:ISOC_E_DII(1.0),27/02/26 11:00:00,A,GE10,C10-S951_X_K,E_DI_VHI,PC_ENT,EU28,2016,1.67,b,
ESTAT:ISOC_E_DII(1.0),27/02/26 11:00:00,A,GE10,C10-S951_X_K,E_DI_VHI,PC_ENT,EU28,2017,2.85,,
ESTAT:ISOC_E_DII(1.0),27/02/26 11:00:00,A,GE10,C10-S951_X_K,E_DI_VHI,PC_ENT,EU28,2018,2.08,,
ESTAT:ISOC_E_DII(1.0),27/02/26 11:00:00,A,GE10,C10-S951_X_K,E_DI_VHI,PC_ENT,EU28,2019,3.79,,
ESTAT:ISOC_E_DII(1.0),27/02/26 11:00:00,A,GE10,C10-S951_X_K,E_DI_VHI,PC_ENT,FI,2015,7.10,,
ESTAT:ISOC_E_DII(1.0),27/02/26 11:00:00,A,GE10,C10-S951_X_K,E_DI_VHI,PC_ENT,FI,2016,10.27,b,
ESTAT:ISOC_E_DII(1.0),27/02/26 11:00:00,A,GE10,C10-S951_X_K,E_DI_VHI,PC_ENT,FI,2017,1.46,b,
ESTAT:ISOC_E_DII(1.0),27/02/26 11:00:00,A,GE10,C10-S951_X_K,E_DI_VHI,PC_ENT,FI,2018,11.73,b,
ESTAT:ISOC_E_DII(1.0),27/02/26 11:00:00,A,GE10,C10-S951_X_K,E_DI_VHI,PC_ENT,FI,2019,9.13,b,
ESTAT:ISOC_E_DII(1.0),27/02/26 11:00:00,A,GE10,C10-S951_X_K,E_DI_VHI,PC_ENT,FR,2015,1.82,,
ESTAT:ISOC_E_DII(1.0),27/02/26 11:00:00,A,GE10,C10-S951_X_K,E_DI_VHI,PC_ENT,FR,2016,0.99,b,
ESTAT:ISOC_E_DII(1.0),27/02/26 11:00:00,A,GE10,C10-S951_X_K,E_DI_VHI,PC_ENT,FR,2017,2.04,b,
ESTAT:ISOC_E_DII(1.0),27/02/26 11:00:00,A,GE10,C10-S951_X_K,E_DI_VHI,PC_ENT,FR,2018,1.44,b,
ESTAT:ISOC_E_DII(1.0),27/02/26 11:00:00,A,GE10,C10-S951_X_K,E_DI_VHI,PC_ENT,FR,2019,2.81,b,
ESTAT:ISOC_E_DII(1.0),27/02/26 11:00:00,A,GE10,C10-S951_X_K,E_DI_VHI,PC_ENT,HR,2015,2.23,,
ESTAT:ISOC_E_DII(1.0),27/02/26 11:00:00,A,GE10,C10-S951_X_K,E_DI_VHI,PC_ENT,HR,2016,2.57,b,
ESTAT:ISOC_E_DII(1.0),27/02/26 11:00:00,A,GE10,C10-S951_X_K,E_DI_VHI,PC_ENT,HR,2017,2.11,b,
ESTAT:ISOC_E_DII(1.0),27/02/26 11:00:00,A,GE10,C10-S951_X_K,E_DI_VHI,PC_ENT,HR,2018,1.89,b,
ESTAT:ISOC_E_DII(1.0),27/02/26 11:00:00,A,GE10,C10-S951_X_K,E_DI_VHI,PC_ENT,HR,2019,3.95,b,
ESTAT:ISOC_E_DII(1.0),27/02/26 11:00:00,A,GE10,C10-S951_X_K,E_DI_VHI,PC_ENT,HU,2015,1.41,,
ESTAT:ISOC_E_DII(1.0),27/02/26 11:00:00,A,GE10,C10-S951_X_K,E_DI_VHI,PC_ENT,HU,2016,1.67,b,
ESTAT:ISOC_E_DII(1.0),27/02/26 11:00:00,A,GE10,C10-S951_X_K,E_DI_VHI,PC_ENT,HU,2017,1.61,b,
ESTAT:ISOC_E_DII(1.0),27/02/26 11:00:00,A,GE10,C10-S951_X_K,E_DI_VHI,PC_ENT,HU,2018,1.95,b,
ESTAT:ISOC_E_DII(1.0),27/02/26 11:00:00,A,GE10,C10-S951_X_K,E_DI_VHI,PC_ENT,HU,2019,1.84,b,
ESTAT:ISOC_E_DII(1.0),27/02/26 11:00:00,A,GE10,C10-S951_X_K,E_DI_VHI,PC_ENT,IE,2015,3.33,,
ESTAT:ISOC_E_DII(1.0),27/02/26 11:00:00,A,GE10,C10-S951_X_K,E_DI_VHI,PC_ENT,IE,2016,1.43,b,
ESTAT:ISOC_E_DII(1.0),27/02/26 11:00:00,A,GE10,C10-S951_X_K,E_DI_VHI,PC_ENT,IE,2017,2.38,b,
ESTAT:ISOC_E_DII(1.0),27/02/26 11:00:00,A,GE10,C10-S951_X_K,E_DI_VHI,PC_ENT,IE,2018,3.10,b,
ESTAT:ISOC_E_DII(1.0),27/02/26 11:00:00,A,GE10,C10-S951_X_K,E_DI_VHI,PC_ENT,IE,2019,4.20,b,
ESTAT:ISOC_E_DII(1.0),27/02/26 11:00:00,A,GE10,C10-S951_X_K,E_DI_VHI,PC_ENT,IT,2015,0.78,,
ESTAT:ISOC_E_DII(1.0),27/02/26 11:00:00,A,GE10,C10-S951_X_K,E_DI_VHI,PC_ENT,IT,2016,0.73,b,
ESTAT:ISOC_E_DII(1.0),27/02/26 11:00:00,A,GE10,C10-S951_X_K,E_DI_VHI,PC_ENT,IT,2017,1.15,b,
ESTAT:ISOC_E_DII(1.0),27/02/26 11:00:00,A,GE10,C10-S951_X_K,E_DI_VHI,PC_ENT,IT,2018,1.36,b,
ESTAT:ISOC_E_DII(1.0),27/02/26 11:00:00,A,GE10,C10-S951_X_K,E_DI_VHI,PC_ENT,IT,2019,2.40,b,
ESTAT:ISOC_E_DII(1.0),27/02/26 11:00:00,A,GE10,C10-S951_X_K,E_DI_VHI,PC_ENT,LT,2015,6.06,,
ESTAT:ISOC_E_DII(1.0),27/02/26 11:00:00,A,GE10,C10-S951_X_K,E_DI_VHI,PC_ENT,LT,2016,4.03,b,
ESTAT:ISOC_E_DII(1.0),27/02/26 11:00:00,A,GE10,C10-S951_X_K,E_DI_VHI,PC_ENT,LT,2017,6.65,b,
ESTAT:ISOC_E_DII(1.0),27/02/26 11:00:00,A,GE10,C10-S951_X_K,E_DI_VHI,PC_ENT,LT,2018,5.27,b,
ESTAT:ISOC_E_DII(1.0),27/02/26 11:00:00,A,GE10,C10-S951_X_K,E_DI_VHI,PC_ENT,LT,2019,7.70,b,
ESTAT:ISOC_E_DII(1.0),27/02/26 11:00:00,A,GE10,C10-S951_X_K,E_DI_VHI,PC_ENT,LU,2015,1.99,,
ESTAT:ISOC_E_DII(1.0),27/02/26 11:00:00,A,GE10,C10-S951_X_K,E_DI_VHI,PC_ENT,LU,2016,0.97,b,
ESTAT:ISOC_E_DII(1.0),27/02/26 11:00:00,A,GE10,C10-S951_X_K,E_DI_VHI,PC_ENT,LU,2017,2.51,b,
ESTAT:ISOC_E_DII(1.0),27/02/26 11:00:00,A,GE10,C10-S951_X_K,E_DI_VHI,PC_ENT,LU,2018,1.32,b,
ESTAT:ISOC_E_DII(1.0),27/02/26 11:00:00,A,GE10,C10-S951_X_K,E_DI_VHI,PC_ENT,LU,2019,2.93,b,
ESTAT:ISOC_E_DII(1.0),27/02/26 11:00:00,A,GE10,C10-S951_X_K,E_DI_VHI,PC_ENT,LV,2015,1.87,,
ESTAT:ISOC_E_DII(1.0),27/02/26 11:00:00,A,GE10,C10-S951_X_K,E_DI_VHI,PC_ENT,LV,2016,0.94,b,
ESTAT:ISOC_E_DII(1.0),27/02/26 11:00:00,A,GE10,C10-S951_X_K,E_DI_VHI,PC_ENT,LV,2017,1.59,b,
ESTAT:ISOC_E_DII(1.0),27/02/26 11:00:00,A,GE10,C10-S951_X_K,E_DI_VHI,PC_ENT,LV,2018,0.23,b,
ESTAT:ISOC_E_DII(1.0),27/02/26 11:00:00,A,GE10,C10-S951_X_K,E_DI_VHI,PC_ENT,LV,2019,0.86,b,
ESTAT:ISOC_E_DII(1.0),27/02/26 11:00:00,A,GE10,C10-S951_X_K,E_DI_VHI,PC_ENT,ME,2017,1.16,b,
ESTAT:ISOC_E_DII(1.0),27/02/26 11:00:00,A,GE10,C10-S951_X_K,E_DI_VHI,PC_ENT,ME,2018,0.78,b,
ESTAT:ISOC_E_DII(1.0),27/02/26 11:00:00,A,GE10,C10-S951_X_K,E_DI_VHI,PC_ENT,ME,2019,,bu,
ESTAT:ISOC_E_DII(1.0),27/02/26 11:00:00,A,GE10,C10-S951_X_K,E_DI_VHI,PC_ENT,MK,2015,0.80,,
ESTAT:ISOC_E_DII(1.0),27/02/26 11:00:00,A,GE10,C10-S951_X_K,E_DI_VHI,PC_ENT,MK,2016,0.28,b,
ESTAT:ISOC_E_DII(1.0),27/02/26 11:00:00,A,GE10,C10-S951_X_K,E_DI_VHI,PC_ENT,MT,2015,4.20,,
ESTAT:ISOC_E_DII(1.0),27/02/26 11:00:00,A,GE10,C10-S951_X_K,E_DI_VHI,PC_ENT,MT,2016,2.72,b,
ESTAT:ISOC_E_DII(1.0),27/02/26 11:00:00,A,GE10,C10-S951_X_K,E_DI_VHI,PC_ENT,MT,2017,3.67,b,
ESTAT:ISOC_E_DII(1.0),27/02/26 11:00:00,A,GE10,C10-S951_X_K,E_DI_VHI,PC_ENT,MT,2018,5.12,b,
ESTAT:ISOC_E_DII(1.0),27/02/26 11:00:00,A,GE10,C10-S951_X_K,E_DI_VHI,PC_ENT,MT,2019,6.17,b,
ESTAT:ISOC_E_DII(1.0),27/02/26 11:00:00,A,GE10,C10-S951_X_K,E_DI_VHI,PC_ENT,NL,2015,6.27,,
ESTAT:ISOC_E_DII(1.0),27/02/26 11:00:00,A,GE10,C10-S951_X_K,E_DI_VHI,PC_ENT,NL,2016,3.90,b,
ESTAT:ISOC_E_DII(1.0),27/02/26 11:00:00,A,GE10,C10-S951_X_K,E_DI_VHI,PC_ENT,NL,2017,6.31,b,
ESTAT:ISOC_E_DII(1.0),27/02/26 11:00:00,A,GE10,C10-S951_X_K,E_DI_VHI,PC_ENT,NL,2018,4.67,b,
ESTAT:ISOC_E_DII(1.0),27/02/26 11:00:00,A,GE10,C10-S951_X_K,E_DI_VHI,PC_ENT,NL,2019,5.16,b,
ESTAT:ISOC_E_DII(1.0),27/02/26 11:00:00,A,GE10,C10-S951_X_K,E_DI_VHI,PC_ENT,NO,2015,7.25,,
ESTAT:ISOC_E_DII(1.0),27/02/26 11:00:00,A,GE10,C10-S951_X_K,E_DI_VHI,PC_ENT,NO,2016,9.96,b,
ESTAT:ISOC_E_DII(1.0),27/02/26 11:00:00,A,GE10,C10-S951_X_K,E_DI_VHI,PC_ENT,NO,2017,5.55,b,
ESTAT:ISOC_E_DII(1.0),27/02/26 11:00:00,A,GE10,C10-S951_X_K,E_DI_VHI,PC_ENT,NO,2018,7.28,b,
ESTAT:ISOC_E_DII(1.0),27/02/26 11:00:00,A,GE10,C10-S951_X_K,E_DI_VHI,PC_ENT,NO,2019,4.91,b,
ESTAT:ISOC_E_DII(1.0),27/02/26 11:00:00,A,GE10,C10-S951_X_K,E_DI_VHI,PC_ENT,PL,2015,1.97,,
ESTAT:ISOC_E_DII(1.0),27/02/26 11:00:00,A,GE10,C10-S951_X_K,E_DI_VHI,PC_ENT,PL,2016,1.37,b,
ESTAT:ISOC_E_DII(1.0),27/02/26 11:00:00,A,GE10,C10-S951_X_K,E_DI_VHI,PC_ENT,PL,2017,1.44,b,
ESTAT:ISOC_E_DII(1.0),27/02/26 11:00:00,A,GE10,C10-S951_X_K,E_DI_VHI,PC_ENT,PL,2018,1.45,b,
ESTAT:ISOC_E_DII(1.0),27/02/26 11:00:00,A,GE10,C10-S951_X_K,E_DI_VHI,PC_ENT,PL,2019,0.79,b,
ESTAT:ISOC_E_DII(1.0),27/02/26 11:00:00,A,GE10,C10-S951_X_K,E_DI_VHI,PC_ENT,PT,2015,1.64,,
ESTAT:ISOC_E_DII(1.0),27/02/26 11:00:00,A,GE10,C10-S951_X_K,E_DI_VHI,PC_ENT,PT,2016,1.91,b,
ESTAT:ISOC_E_DII(1.0),27/02/26 11:00:00,A,GE10,C10-S951_X_K,E_DI_VHI,PC_ENT,PT,2017,4.03,b,
ESTAT:ISOC_E_DII(1.0),27/02/26 11:00:00,A,GE10,C10-S951_X_K,E_DI_VHI,PC_ENT,PT,2018,1.38,b,
ESTAT:ISOC_E_DII(1.0),27/02/26 11:00:00,A,GE10,C10-S951_X_K,E_DI_VHI,PC_ENT,PT,2019,3.46,b,
ESTAT:ISOC_E_DII(1.0),27/02/26 11:00:00,A,GE10,C10-S951_X_K,E_DI_VHI,PC_ENT,RO,2015,1.81,,
ESTAT:ISOC_E_DII(1.0),27/02/26 11:00:00,A,GE10,C10-S951_X_K,E_DI_VHI,PC_ENT,RO,2016,0.92,b,
ESTAT:ISOC_E_DII(1.0),27/02/26 11:00:00,A,GE10,C10-S951_X_K,E_DI_VHI,PC_ENT,RO,2017,1.93,b,
ESTAT:ISOC_E_DII(1.0),27/02/26 11:00:00,A,GE10,C10-S951_X_K,E_DI_VHI,PC_ENT,RO,2018,1.18,b,
ESTAT:ISOC_E_DII(1.0),27/02/26 11:00:00,A,GE10,C10-S951_X_K,E_DI_VHI,PC_ENT,RO,2019,0.94,b,
ESTAT:ISOC_E_DII(1.0),27/02/26 11:00:00,A,GE10,C10-S951_X_K,E_DI_VHI,PC_ENT,RS,2017,2.91,b,
ESTAT:ISOC_E_DII(1.0),27/02/26 11:00:00,A,GE10,C10-S951_X_K,E_DI_VHI,PC_ENT,RS,2018,2.46,b,
ESTAT:ISOC_E_DII(1.0),27/02/26 11:00:00,A,GE10,C10-S951_X_K,E_DI_VHI,PC_ENT,RS,2019,3.73,b,
ESTAT:ISOC_E_DII(1.0),27/02/26 11:00:00,A,GE10,C10-S951_X_K,E_DI_VHI,PC_ENT,SE,2015,2.01,,
ESTAT:ISOC_E_DII(1.0),27/02/26 11:00:00,A,GE10,C10-S951_X_K,E_DI_VHI,PC_ENT,SE,2016,7.97,b,
ESTAT:ISOC_E_DII(1.0),27/02/26 11:00:00,A,GE10,C10-S951_X_K,E_DI_VHI,PC_ENT,SE,2017,5.61,b,
ESTAT:ISOC_E_DII(1.0),27/02/26 11:00:00,A,GE10,C10-S951_X_K,E_DI_VHI,PC_ENT,SE,2018,7.99,b,
ESTAT:ISOC_E_DII(1.0),27/02/26 11:00:00,A,GE10,C10-S951_X_K,E_DI_VHI,PC_ENT,SE,2019,11.09,b,
ESTAT:ISOC_E_DII(1.0),27/02/26 11:00:00,A,GE10,C10-S951_X_K,E_DI_VHI,PC_ENT,SI,2015,1.75,,
ESTAT:ISOC_E_DII(1.0),27/02/26 11:00:00,A,GE10,C10-S951_X_K,E_DI_VHI,PC_ENT,SI,2016,0.98,b,
ESTAT:ISOC_E_DII(1.0),27/02/26 11:00:00,A,GE10,C10-S951_X_K,E_DI_VHI,PC_ENT,SI,2017,3.75,b,
ESTAT:ISOC_E_DII(1.0),27/02/26 11:00:00,A,GE10,C10-S951_X_K,E_DI_VHI,PC_ENT,SI,2018,3.32,b,
ESTAT:ISOC_E_DII(1.0),27/02/26 11:00:00,A,GE10,C10-S951_X_K,E_DI_VHI,PC_ENT,SI,2019,3.46,b,
ESTAT:ISOC_E_DII(1.0),27/02/26 11:00:00,A,GE10,C10-S951_X_K,E_DI_VHI,PC_ENT,SK,2015,2.07,,
ESTAT:ISOC_E_DII(1.0),27/02/26 11:00:00,A,GE10,C10-S951_X_K,E_DI_VHI,PC_ENT,SK,2016,1.24,b,
ESTAT:ISOC_E_DII(1.0),27/02/26 11:00:00,A,GE10,C10-S951_X_K,E_DI_VHI,PC_ENT,SK,2017,1.89,b,
ESTAT:ISOC_E_DII(1.0),27/02/26 11:00:00,A,GE10,C10-S951_X_K,E_DI_VHI,PC_ENT,SK,2018,1.18,b,
ESTAT:ISOC_E_DII(1.0),27/02/26 11:00:00,A,GE10,C10-S951_X_K,E_DI_VHI,PC_ENT,SK,2019,2.48,b,
ESTAT:ISOC_E_DII(1.0),27/02/26 11:00:00,A,GE10,C10-S951_X_K,E_DI_VHI,PC_ENT,TR,2017,0.65,b,
ESTAT:ISOC_E_DII(1.0),27/02/26 11:00:00,A,GE10,C10-S951_X_K,E_DI_VHI,PC_ENT,UK,2015,1.72,,
ESTAT:ISOC_E_DII(1.0),27/02/26 11:00:00,A,GE10,C10-S951_X_K,E_DI_VHI,PC_ENT,UK,2016,1.33,b,
ESTAT:ISOC_E_DII(1.0),27/02/26 11:00:00,A,GE10,C10-S951_X_K,E_DI_VHI,PC_ENT,UK,2017,0.85,b,
ESTAT:ISOC_E_DII(1.0),27/02/26 11:00:00,A,GE10,C10-S951_X_K,E_DI_VHI,PC_ENT,UK,2018,2.35,b,
ESTAT:ISOC_E_DII(1.0),27/02/26 11:00:00,A,GE10,C10-S951_X_K,E_DI_VHI,PC_ENT,UK,2019,3.64,b,
ESTAT:ISOC_E_DII(1.0),27/02/26 11:00:00,A,GE10,C10-S951_X_K,E_DI_VLO,PC_ENT,AT,2015,27.86,,
ESTAT:ISOC_E_DII(1.0),27/02/26 11:00:00,A,GE10,C10-S951_X_K,E_DI_VLO,PC_ENT,AT,2016,32.56,b,
ESTAT:ISOC_E_DII(1.0),27/02/26 11:00:00,A,GE10,C10-S951_X_K,E_DI_VLO,PC_ENT,AT,2017,37.58,b,
ESTAT:ISOC_E_DII(1.0),27/02/26 11:00:00,A,GE10,C10-S951_X_K,E_DI_VLO,PC_ENT,AT,2018,40.73,b,
ESTAT:ISOC_E_DII(1.0),27/02/26 11:00:00,A,GE10,C10-S951_X_K,E_DI_VLO,PC_ENT,AT,2019,30.28,b,
ESTAT:ISOC_E_DII(1.0),27/02/26 11:00:00,A,GE10,C10-S951_X_K,E_DI_VLO,PC_ENT,BA,2018,54.42,b,
ESTAT:ISOC_E_DII(1.0),27/02/26 11:00:00,A,GE10,C10-S951_X_K,E_DI_VLO,PC_ENT,BA,2019,54.18,b,
ESTAT:ISOC_E_DII(1.0),27/02/26 11:00:00,A,GE10,C10-S951_X_K,E_DI_VLO,PC_ENT,BE,2015,26.70,,
ESTAT:ISOC_E_DII(1.0),27/02/26 11:00:00,A,GE10,C10-S951_X_K,E_DI_VLO,PC_ENT,BE,2016,28.59,b,
ESTAT:ISOC_E_DII(1.0),27/02/26 11:00:00,A,GE10,C10-S951_X_K,E_DI_VLO,PC_ENT,BE,2017,28.55,b,
ESTAT:ISOC_E_DII(1.0),27/02/26 11:00:00,A,GE10,C10-S951_X_K,E_DI_VLO,PC_ENT,BE,2018,32.81,b,
ESTAT:ISOC_E_DII(1.0),27/02/26 11:00:00,A,GE10,C10-S951_X_K,E_DI_VLO,PC_ENT,BE,2019,25.71,b,
ESTAT:ISOC_E_DII(1.0),27/02/26 11:00:00,A,GE10,C10-S951_X_K,E_DI_VLO,PC_ENT,BG,2015,59.70,,
ESTAT:ISOC_E_DII(1.0),27/02/26 11:00:00,A,GE10,C10-S951_X_K,E_DI_VLO,PC_ENT,BG,2016,62.48,b,
ESTAT:ISOC_E_DII(1.0),27/02/26 11:00:00,A,GE10,C10-S951_X_K,E_DI_VLO,PC_ENT,BG,2017,63.18,b,
ESTAT:ISOC_E_DII(1.0),27/02/26 11:00:00,A,GE10,C10-S951_X_K,E_DI_VLO,PC_ENT,BG,2018,66.62,b,
ESTAT:ISOC_E_DII(1.0),27/02/26 11:00:00,A,GE10,C10-S951_X_K,E_DI_VLO,PC_ENT,BG,2019,60.89,b,
ESTAT:ISOC_E_DII(1.0),27/02/26 11:00:00,A,GE10,C10-S951_X_K,E_DI_VLO,PC_ENT,CY,2015,44.84,,
ESTAT:ISOC_E_DII(1.0),27/02/26 11:00:00,A,GE10,C10-S951_X_K,E_DI_VLO,PC_ENT,CY,2016,46.80,b,
ESTAT:ISOC_E_DII(1.0),27/02/26 11:00:00,A,GE10,C10-S951_X_K,E_DI_VLO,PC_ENT,CY,2017,40.09,b,
ESTAT:ISOC_E_DII(1.0),27/02/26 11:00:00,A,GE10,C10-S951_X_K,E_DI_VLO,PC_ENT,CY,2018,44.47,b,
ESTAT:ISOC_E_DII(1.0),27/02/26 11:00:00,A,GE10,C10-S951_X_K,E_DI_VLO,PC_ENT,CY,2019,36.76,b,
ESTAT:ISOC_E_DII(1.0),27/02/26 11:00:00,A,GE10,C10-S951_X_K,E_DI_VLO,PC_ENT,CZ,2015,42.76,,
ESTAT:ISOC_E_DII(1.0),27/02/26 11:00:00,A,GE10,C10-S951_X_K,E_DI_VLO,PC_ENT,CZ,2016,37.79,b,
ESTAT:ISOC_E_DII(1.0),27/02/26 11:00:00,A,GE10,C10-S951_X_K,E_DI_VLO,PC_ENT,CZ,2017,47.09,b,
ESTAT:ISOC_E_DII(1.0),27/02/26 11:00:00,A,GE10,C10-S951_X_K,E_DI_VLO,PC_ENT,CZ,2018,48.03,b,
ESTAT:ISOC_E_DII(1.0),27/02/26 11:00:00,A,GE10,C10-S951_X_K,E_DI_VLO,PC_ENT,CZ,2019,25.55,b,
ESTAT:ISOC_E_DII(1.0),27/02/26 11:00:00,A,GE10,C10-S951_X_K,E_DI_VLO,PC_ENT,DE,2015,35.15,,
ESTAT:ISOC_E_DII(1.0),27/02/26 11:00:00,A,GE10,C10-S951_X_K,E_DI_VLO,PC_ENT,DE,2016,41.50,b,
ESTAT:ISOC_E_DII(1.0),27/02/26 11:00:00,A,GE10,C10-S951_X_K,E_DI_VLO,PC_ENT,DE,2017,33.70,b,
ESTAT:ISOC_E_DII(1.0),27/02/26 11:00:00,A,GE10,C10-S951_X_K,E_DI_VLO,PC_ENT,DE,2018,41.36,b,
ESTAT:ISOC_E_DII(1.0),27/02/26 11:00:00,A,GE10,C10-S951_X_K,E_DI_VLO,PC_ENT,DE,2019,32.21,b,
ESTAT:ISOC_E_DII(1.0),27/02/26 11:00:00,A,GE10,C10-S951_X_K,E_DI_VLO,PC_ENT,DK,2015,17.50,,
ESTAT:ISOC_E_DII(1.0),27/02/26 11:00:00,A,GE10,C10-S951_X_K,E_DI_VLO,PC_ENT,DK,2016,11.19,b,
ESTAT:ISOC_E_DII(1.0),27/02/26 11:00:00,A,GE10,C10-S951_X_K,E_DI_VLO,PC_ENT,DK,2017,19.43,b,
ESTAT:ISOC_E_DII(1.0),27/02/26 11:00:00,A,GE10,C10-S951_X_K,E_DI_VLO,PC_ENT,DK,2018,13.51,b,
ESTAT:ISOC_E_DII(1.0),27/02/26 11:00:00,A,GE10,C10-S951_X_K,E_DI_VLO,PC_ENT,DK,2019,14.63,b,
ESTAT:ISOC_E_DII(1.0),27/02/26 11:00:00,A,GE10,C10-S951_X_K,E_DI_VLO,PC_ENT,EA,2015,39.76,,
ESTAT:ISOC_E_DII(1.0),27/02/26 11:00:00,A,GE10,C10-S951_X_K,E_DI_VLO,PC_ENT,EA,2016,42.16,b,
ESTAT:ISOC_E_DII(1.0),27/02/26 11:00:00,A,GE10,C10-S951_X_K,E_DI_VLO,PC_ENT,EA,2017,40.76,,
ESTAT:ISOC_E_DII(1.0),27/02/26 11:00:00,A,GE10,C10-S951_X_K,E_DI_VLO,PC_ENT,EA,2018,45.96,,
ESTAT:ISOC_E_DII(1.0),27/02/26 11:00:00,A,GE10,C10-S951_X_K,E_DI_VLO,PC_ENT,EA,2019,36.48,,
ESTAT:ISOC_E_DII(1.0),27/02/26 11:00:00,A,GE10,C10-S951_X_K,E_DI_VLO,PC_ENT,EE,2015,38.86,,
ESTAT:ISOC_E_DII(1.0),27/02/26 11:00:00,A,GE10,C10-S951_X_K,E_DI_VLO,PC_ENT,EE,2016,37.65,b,
ESTAT:ISOC_E_DII(1.0),27/02/26 11:00:00,A,GE10,C10-S951_X_K,E_DI_VLO,PC_ENT,EE,2017,43.15,b,
ESTAT:ISOC_E_DII(1.0),27/02/26 11:00:00,A,GE10,C10-S951_X_K,E_DI_VLO,PC_ENT,EE,2018,41.88,b,
ESTAT:ISOC_E_DII(1.0),27/02/26 11:00:00,A,GE10,C10-S951_X_K,E_DI_VLO,PC_ENT,EE,2019,44.34,b,
ESTAT:ISOC_E_DII(1.0),27/02/26 11:00:00,A,GE10,C10-S951_X_K,E_DI_VLO,PC_ENT,EL,2015,53.45,,
ESTAT:ISOC_E_DII(1.0),27/02/26 11:00:00,A,GE10,C10-S951_X_K,E_DI_VLO,PC_ENT,EL,2016,43.14,b,
ESTAT:ISOC_E_DII(1.0),27/02/26 11:00:00,A,GE10,C10-S951_X_K,E_DI_VLO,PC_ENT,EL,2017,53.39,b,
ESTAT:ISOC_E_DII(1.0),27/02/26 11:00:00,A,GE10,C10-S951_X_K,E_DI_VLO,PC_ENT,EL,2018,59.77,b,
ESTAT:ISOC_E_DII(1.0),27/02/26 11:00:00,A,GE10,C10-S951_X_K,E_DI_VLO,PC_ENT,EL,2019,67.02,b,
ESTAT:ISOC_E_DII(1.0),27/02/26 11:00:00,A,GE10,C10-S951_X_K,E_DI_VLO,PC_ENT,ES,2015,37.94,,
ESTAT:ISOC_E_DII(1.0),27/02/26 11:00:00,A,GE10,C10-S951_X_K,E_DI_VLO,PC_ENT,ES,2016,36.71,b,
ESTAT:ISOC_E_DII(1.0),27/02/26 11:00:00,A,GE10,C10-S951_X_K,E_DI_VLO,PC_ENT,ES,2017,36.00,b,
ESTAT:ISOC_E_DII(1.0),27/02/26 11:00:00,A,GE10,C10-S951_X_K,E_DI_VLO,PC_ENT,ES,2018,56.81,b,
ESTAT:ISOC_E_DII(1.0),27/02/26 11:00:00,A,GE10,C10-S951_X_K,E_DI_VLO,PC_ENT,ES,2019,35.75,b,
ESTAT:ISOC_E_DII(1.0),27/02/26 11:00:00,A,GE10,C10-S951_X_K,E_DI_VLO,PC_ENT,EU15,2015,38.72,,
ESTAT:ISOC_E_DII(1.0),27/02/26 11:00:00,A,GE10,C10-S951_X_K,E_DI_VLO,PC_ENT,EU15,2016,39.98,b,
ESTAT:ISOC_E_DII(1.0),27/02/26 11:00:00,A,GE10,C10-S951_X_K,E_DI_VLO,PC_ENT,EU15,2017,40.15,,
ESTAT:ISOC_E_DII(1.0),27/02/26 11:00:00,A,GE10,C10-S951_X_K,E_DI_VLO,PC_ENT,EU15,2018,43.81,,
ESTAT:ISOC_E_DII(1.0),27/02/26 11:00:00,A,GE10,C10-S951_X_K,E_DI_VLO,PC_ENT,EU27_2007,2015,41.41,,
ESTAT:ISOC_E_DII(1.0),27/02/26 11:00:00,A,GE10,C10-S951_X_K,E_DI_VLO,PC_ENT,EU27_2007,2016,42.11,b,
ESTAT:ISOC_E_DII(1.0),27/02/26 11:00:00,A,GE10,C10-S951_X_K,E_DI_VLO,PC_ENT,EU27_2007,2017,42.32,,
ESTAT:ISOC_E_DII(1.0),27/02/26 11:00:00,A,GE10,C10-S951_X_K,E_DI_VLO,PC_ENT,EU27_2007,2018,45.80,,
ESTAT:ISOC_E_DII(1.0),27/02/26 11:00:00,A,GE10,C10-S951_X_K,E_DI_VLO,PC_ENT,EU27_2020,2015,42.01,,
ESTAT:ISOC_E_DII(1.0),27/02/26 11:00:00,A,GE10,C10-S951_X_K,E_DI_VLO,PC_ENT,EU27_2020,2016,43.34,,
ESTAT:ISOC_E_DII(1.0),27/02/26 11:00:00,A,GE10,C10-S951_X_K,E_DI_VLO,PC_ENT,EU27_2020,2017,42.50,,
ESTAT:ISOC_E_DII(1.0),27/02/26 11:00:00,A,GE10,C10-S951_X_K,E_DI_VLO,PC_ENT,EU27_2020,2018,46.93,,
ESTAT:ISOC_E_DII(1.0),27/02/26 11:00:00,A,GE10,C10-S951_X_K,E_DI_VLO,PC_ENT,EU27_2020,2019,39.28,,
ESTAT:ISOC_E_DII(1.0),27/02/26 11:00:00,A,GE10,C10-S951_X_K,E_DI_VLO,PC_ENT,EU28,2015,41.41,,
ESTAT:ISOC_E_DII(1.0),27/02/26 11:00:00,A,GE10,C10-S951_X_K,E_DI_VLO,PC_ENT,EU28,2016,42.11,b,
ESTAT:ISOC_E_DII(1.0),27/02/26 11:00:00,A,GE10,C10-S951_X_K,E_DI_VLO,PC_ENT,EU28,2017,42.37,,
ESTAT:ISOC_E_DII(1.0),27/02/26 11:00:00,A,GE10,C10-S951_X_K,E_DI_VLO,PC_ENT,EU28,2018,45.84,,
ESTAT:ISOC_E_DII(1.0),27/02/26 11:00:00,A,GE10,C10-S951_X_K,E_DI_VLO,PC_ENT,EU28,2019,38.43,,
ESTAT:ISOC_E_DII(1.0),27/02/26 11:00:00,A,GE10,C10-S951_X_K,E_DI_VLO,PC_ENT,FI,2015,22.35,,
ESTAT:ISOC_E_DII(1.0),27/02/26 11:00:00,A,GE10,C10-S951_X_K,E_DI_VLO,PC_ENT,FI,2016,11.85,b,
ESTAT:ISOC_E_DII(1.0),27/02/26 11:00:00,A,GE10,C10-S951_X_K,E_DI_VLO,PC_ENT,FI,2017,16.15,b,
ESTAT:ISOC_E_DII(1.0),27/02/26 11:00:00,A,GE10,C10-S951_X_K,E_DI_VLO,PC_ENT,FI,2018,11.12,b,
ESTAT:ISOC_E_DII(1.0),27/02/26 11:00:00,A,GE10,C10-S951_X_K,E_DI_VLO,PC_ENT,FI,2019,14.94,b,
ESTAT:ISOC_E_DII(1.0),27/02/26 11:00:00,A,GE10,C10-S951_X_K,E_DI_VLO,PC_ENT,FR,2015,45.62,,
ESTAT:ISOC_E_DII(1.0),27/02/26 11:00:00,A,GE10,C10-S951_X_K,E_DI_VLO,PC_ENT,FR,2016,48.98,b,
ESTAT:ISOC_E_DII(1.0),27/02/26 11:00:00,A,GE10,C10-S951_X_K,E_DI_VLO,PC_ENT,FR,2017,50.25,b,
ESTAT:ISOC_E_DII(1.0),27/02/26 11:00:00,A,GE10,C10-S951_X_K,E_DI_VLO,PC_ENT,FR,2018,50.28,b,
ESTAT:ISOC_E_DII(1.0),27/02/26 11:00:00,A,GE10,C10-S951_X_K,E_DI_VLO,PC_ENT,FR,2019,41.77,b,
ESTAT:ISOC_E_DII(1.0),27/02/26 11:00:00,A,GE10,C10-S951_X_K,E_DI_VLO,PC_ENT,HR,2015,41.01,,
ESTAT:ISOC_E_DII(1.0),27/02/26 11:00:00,A,GE10,C10-S951_X_K,E_DI_VLO,PC_ENT,HR,2016,41.84,b,
ESTAT:ISOC_E_DII(1.0),27/02/26 11:00:00,A,GE10,C10-S951_X_K,E_DI_VLO,PC_ENT,HR,2017,48.71,b,
ESTAT:ISOC_E_DII(1.0),27/02/26 11:00:00,A,GE10,C10-S951_X_K,E_DI_VLO,PC_ENT,HR,2018,50.92,b,
ESTAT:ISOC_E_DII(1.0),27/02/26 11:00:00,A,GE10,C10-S951_X_K,E_DI_VLO,PC_ENT,HR,2019,45.36,b,
ESTAT:ISOC_E_DII(1.0),27/02/26 11:00:00,A,GE10,C10-S951_X_K,E_DI_VLO,PC_ENT,HU,2015,54.35,,
ESTAT:ISOC_E_DII(1.0),27/02/26 11:00:00,A,GE10,C10-S951_X_K,E_DI_VLO,PC_ENT,HU,2016,50.32,b,
ESTAT:ISOC_E_DII(1.0),27/02/26 11:00:00,A,GE10,C10-S951_X_K,E_DI_VLO,PC_ENT,HU,2017,53.10,b,
ESTAT:ISOC_E_DII(1.0),27/02/26 11:00:00,A,GE10,C10-S951_X_K,E_DI_VLO,PC_ENT,HU,2018,54.77,b,
ESTAT:ISOC_E_DII(1.0),27/02/26 11:00:00,A,GE10,C10-S951_X_K,E_DI_VLO,PC_ENT,HU,2019,57.13,b,
ESTAT:ISOC_E_DII(1.0),27/02/26 11:00:00,A,GE10,C10-S951_X_K,E_DI_VLO,PC_ENT,IE,2015,40.43,,
ESTAT:ISOC_E_DII(1.0),27/02/26 11:00:00,A,GE10,C10-S951_X_K,E_DI_VLO,PC_ENT,IE,2016,40.07,b,
ESTAT:ISOC_E_DII(1.0),27/02/26 11:00:00,A,GE10,C10-S951_X_K,E_DI_VLO,PC_ENT,IE,2017,39.01,b,
ESTAT:ISOC_E_DII(1.0),27/02/26 11:00:00,A,GE10,C10-S951_X_K,E_DI_VLO,PC_ENT,IE,2018,33.89,b,
ESTAT:ISOC_E_DII(1.0),27/02/26 11:00:00,A,GE10,C10-S951_X_K,E_DI_VLO,PC_ENT,IE,2019,30.06,b,
ESTAT:ISOC_E_DII(1.0),27/02/26 11:00:00,A,GE10,C10-S951_X_K,E_DI_VLO,PC_ENT,IT,2015,50.03,,
ESTAT:ISOC_E_DII(1.0),27/02/26 11:00:00,A,GE10,C10-S951_X_K,E_DI_VLO,PC_ENT,IT,2016,53.18,b,
ESTAT:ISOC_E_DII(1.0),27/02/26 11:00:00,A,GE10,C10-S951_X_K,E_DI_VLO,PC_ENT,IT,2017,55.18,b,
ESTAT:ISOC_E_DII(1.0),27/02/26 11:00:00,A,GE10,C10-S951_X_K,E_DI_VLO,PC_ENT,IT,2018,54.60,b,
ESTAT:ISOC_E_DII(1.0),27/02/26 11:00:00,A,GE10,C10-S951_X_K,E_DI_VLO,PC_ENT,IT,2019,41.77,b,
ESTAT:ISOC_E_DII(1.0),27/02/26 11:00:00,A,GE10,C10-S951_X_K,E_DI_VLO,PC_ENT,LT,2015,33.45,,
ESTAT:ISOC_E_DII(1.0),27/02/26 11:00:00,A,GE10,C10-S951_X_K,E_DI_VLO,PC_ENT,LT,2016,34.94,b,
ESTAT:ISOC_E_DII(1.0),27/02/26 11:00:00,A,GE10,C10-S951_X_K,E_DI_VLO,PC_ENT,LT,2017,31.42,b,
ESTAT:ISOC_E_DII(1.0),27/02/26 11:00:00,A,GE10,C10-S951_X_K,E_DI_VLO,PC_ENT,LT,2018,32.70,b,
ESTAT:ISOC_E_DII(1.0),27/02/26 11:00:00,A,GE10,C10-S951_X_K,E_DI_VLO,PC_ENT,LT,2019,28.05,b,
ESTAT:ISOC_E_DII(1.0),27/02/26 11:00:00,A,GE10,C10-S951_X_K,E_DI_VLO,PC_ENT,LU,2015,35.86,,
ESTAT:ISOC_E_DII(1.0),27/02/26 11:00:00,A,GE10,C10-S951_X_K,E_DI_VLO,PC_ENT,LU,2016,35.57,b,
ESTAT:ISOC_E_DII(1.0),27/02/26 11:00:00,A,GE10,C10-S951_X_K,E_DI_VLO,PC_ENT,LU,2017,35.86,b,
ESTAT:ISOC_E_DII(1.0),27/02/26 11:00:00,A,GE10,C10-S951_X_K,E_DI_VLO,PC_ENT,LU,2018,38.21,b,
ESTAT:ISOC_E_DII(1.0),27/02/26 11:00:00,A,GE10,C10-S951_X_K,E_DI_VLO,PC_ENT,LU,2019,33.40,b,
ESTAT:ISOC_E_DII(1.0),27/02/26 11:00:00,A,GE10,C10-S951_X_K,E_DI_VLO,PC_ENT,LV,2015,55.38,,
ESTAT:ISOC_E_DII(1.0),27/02/26 11:00:00,A,GE10,C10-S951_X_K,E_DI_VLO,PC_ENT,LV,2016,53.19,b,
ESTAT:ISOC_E_DII(1.0),27/02/26 11:00:00,A,GE10,C10-S951_X_K,E_DI_VLO,PC_ENT,LV,2017,59.41,b,
ESTAT:ISOC_E_DII(1.0),27/02/26 11:00:00,A,GE10,C10-S951_X_K,E_DI_VLO,PC_ENT,LV,2018,58.26,b,
ESTAT:ISOC_E_DII(1.0),27/02/26 11:00:00,A,GE10,C10-S951_X_K,E_DI_VLO,PC_ENT,LV,2019,53.42,b,
ESTAT:ISOC_E_DII(1.0),27/02/26 11:00:00,A,GE10,C10-S951_X_K,E_DI_VLO,PC_ENT,ME,2017,40.06,b,
ESTAT:ISOC_E_DII(1.0),27/02/26 11:00:00,A,GE10,C10-S951_X_K,E_DI_VLO,PC_ENT,ME,2018,41.83,b,
ESTAT:ISOC_E_DII(1.0),27/02/26 11:00:00,A,GE10,C10-S951_X_K,E_DI_VLO,PC_ENT,ME,2019,39.57,b,
ESTAT:ISOC_E_DII(1.0),27/02/26 11:00:00,A,GE10,C10-S951_X_K,E_DI_VLO,PC_ENT,MK,2015,54.15,,
ESTAT:ISOC_E_DII(1.0),27/02/26 11:00:00,A,GE10,C10-S951_X_K,E_DI_VLO,PC_ENT,MK,2016,50.61,b,
ESTAT:ISOC_E_DII(1.0),27/02/26 11:00:00,A,GE10,C10-S951_X_K,E_DI_VLO,PC_ENT,MT,2015,22.43,,
ESTAT:ISOC_E_DII(1.0),27/02/26 11:00:00,A,GE10,C10-S951_X_K,E_DI_VLO,PC_ENT,MT,2016,23.35,b,
ESTAT:ISOC_E_DII(1.0),27/02/26 11:00:00,A,GE10,C10-S951_X_K,E_DI_VLO,PC_ENT,MT,2017,32.58,b,
ESTAT:ISOC_E_DII(1.0),27/02/26 11:00:00,A,GE10,C10-S951_X_K,E_DI_VLO,PC_ENT,MT,2018,28.86,b,
ESTAT:ISOC_E_DII(1.0),27/02/26 11:00:00,A,GE10,C10-S951_X_K,E_DI_VLO,PC_ENT,MT,2019,21.32,b,
ESTAT:ISOC_E_DII(1.0),27/02/26 11:00:00,A,GE10,C10-S951_X_K,E_DI_VLO,PC_ENT,NL,2015,18.92,,
ESTAT:ISOC_E_DII(1.0),27/02/26 11:00:00,A,GE10,C10-S951_X_K,E_DI_VLO,PC_ENT,NL,2016,20.75,b,
ESTAT:ISOC_E_DII(1.0),27/02/26 11:00:00,A,GE10,C10-S951_X_K,E_DI_VLO,PC_ENT,NL,2017,23.23,b,
ESTAT:ISOC_E_DII(1.0),27/02/26 11:00:00,A,GE10,C10-S951_X_K,E_DI_VLO,PC_ENT,NL,2018,21.18,b,
ESTAT:ISOC_E_DII(1.0),27/02/26 11:00:00,A,GE10,C10-S951_X_K,E_DI_VLO,PC_ENT,NL,2019,23.51,b,
ESTAT:ISOC_E_DII(1.0),27/02/26 11:00:00,A,GE10,C10-S951_X_K,E_DI_VLO,PC_ENT,NO,2015,24.06,,
ESTAT:ISOC_E_DII(1.0),27/02/26 11:00:00,A,GE10,C10-S951_X_K,E_DI_VLO,PC_ENT,NO,2016,19.08,b,
ESTAT:ISOC_E_DII(1.0),27/02/26 11:00:00,A,GE10,C10-S951_X_K,E_DI_VLO,PC_ENT,NO,2017,27.81,b,
ESTAT:ISOC_E_DII(1.0),27/02/26 11:00:00,A,GE10,C10-S951_X_K,E_DI_VLO,PC_ENT,NO,2018,28.10,b,
ESTAT:ISOC_E_DII(1.0),27/02/26 11:00:00,A,GE10,C10-S951_X_K,E_DI_VLO,PC_ENT,NO,2019,24.69,b,
ESTAT:ISOC_E_DII(1.0),27/02/26 11:00:00,A,GE10,C10-S951_X_K,E_DI_VLO,PC_ENT,PL,2015,54.50,,
ESTAT:ISOC_E_DII(1.0),27/02/26 11:00:00,A,GE10,C10-S951_X_K,E_DI_VLO,PC_ENT,PL,2016,51.89,b,
ESTAT:ISOC_E_DII(1.0),27/02/26 11:00:00,A,GE10,C10-S951_X_K,E_DI_VLO,PC_ENT,PL,2017,49.48,b,
ESTAT:ISOC_E_DII(1.0),27/02/26 11:00:00,A,GE10,C10-S951_X_K,E_DI_VLO,PC_ENT,PL,2018,56.25,b,
ESTAT:ISOC_E_DII(1.0),27/02/26 11:00:00,A,GE10,C10-S951_X_K,E_DI_VLO,PC_ENT,PL,2019,60.41,b,
ESTAT:ISOC_E_DII(1.0),27/02/26 11:00:00,A,GE10,C10-S951_X_K,E_DI_VLO,PC_ENT,PT,2015,46.12,,
ESTAT:ISOC_E_DII(1.0),27/02/26 11:00:00,A,GE10,C10-S951_X_K,E_DI_VLO,PC_ENT,PT,2016,43.94,b,
ESTAT:ISOC_E_DII(1.0),27/02/26 11:00:00,A,GE10,C10-S951_X_K,E_DI_VLO,PC_ENT,PT,2017,37.99,b,
ESTAT:ISOC_E_DII(1.0),27/02/26 11:00:00,A,GE10,C10-S951_X_K,E_DI_VLO,PC_ENT,PT,2018,51.13,b,
ESTAT:ISOC_E_DII(1.0),27/02/26 11:00:00,A,GE10,C10-S951_X_K,E_DI_VLO,PC_ENT,PT,2019,39.70,b,
ESTAT:ISOC_E_DII(1.0),27/02/26 11:00:00,A,GE10,C10-S951_X_K,E_DI_VLO,PC_ENT,RO,2015,62.00,,
ESTAT:ISOC_E_DII(1.0),27/02/26 11:00:00,A,GE10,C10-S951_X_K,E_DI_VLO,PC_ENT,RO,2016,66.06,b,
ESTAT:ISOC_E_DII(1.0),27/02/26 11:00:00,A,GE10,C10-S951_X_K,E_DI_VLO,PC_ENT,RO,2017,61.56,b,
ESTAT:ISOC_E_DII(1.0),27/02/26 11:00:00,A,GE10,C10-S951_X_K,E_DI_VLO,PC_ENT,RO,2018,60.52,b,
ESTAT:ISOC_E_DII(1.0),27/02/26 11:00:00,A,GE10,C10-S951_X_K,E_DI_VLO,PC_ENT,RO,2019,67.44,b,
ESTAT:ISOC_E_DII(1.0),27/02/26 11:00:00,A,GE10,C10-S951_X_K,E_DI_VLO,PC_ENT,RS,2017,36.61,b,
ESTAT:ISOC_E_DII(1.0),27/02/26 11:00:00,A,GE10,C10-S951_X_K,E_DI_VLO,PC_ENT,RS,2018,41.54,b,
ESTAT:ISOC_E_DII(1.0),27/02/26 11:00:00,A,GE10,C10-S951_X_K,E_DI_VLO,PC_ENT,RS,2019,37.27,b,
ESTAT:ISOC_E_DII(1.0),27/02/26 11:00:00,A,GE10,C10-S951_X_K,E_DI_VLO,PC_ENT,SE,2015,27.75,,
ESTAT:ISOC_E_DII(1.0),27/02/26 11:00:00,A,GE10,C10-S951_X_K,E_DI_VLO,PC_ENT,SE,2016,20.67,b,
ESTAT:ISOC_E_DII(1.0),27/02/26 11:00:00,A,GE10,C10-S951_X_K,E_DI_VLO,PC_ENT,SE,2017,26.74,b,
ESTAT:ISOC_E_DII(1.0),27/02/26 11:00:00,A,GE10,C10-S951_X_K,E_DI_VLO,PC_ENT,SE,2018,21.84,b,
ESTAT:ISOC_E_DII(1.0),27/02/26 11:00:00,A,GE10,C10-S951_X_K,E_DI_VLO,PC_ENT,SE,2019,17.34,b,
ESTAT:ISOC_E_DII(1.0),27/02/26 11:00:00,A,GE10,C10-S951_X_K,E_DI_VLO,PC_ENT,SI,2015,45.00,,
ESTAT:ISOC_E_DII(1.0),27/02/26 11:00:00,A,GE10,C10-S951_X_K,E_DI_VLO,PC_ENT,SI,2016,37.59,b,
ESTAT:ISOC_E_DII(1.0),27/02/26 11:00:00,A,GE10,C10-S951_X_K,E_DI_VLO,PC_ENT,SI,2017,41.73,b,
ESTAT:ISOC_E_DII(1.0),27/02/26 11:00:00,A,GE10,C10-S951_X_K,E_DI_VLO,PC_ENT,SI,2018,31.62,b,
ESTAT:ISOC_E_DII(1.0),27/02/26 11:00:00,A,GE10,C10-S951_X_K,E_DI_VLO,PC_ENT,SI,2019,45.11,b,
ESTAT:ISOC_E_DII(1.0),27/02/26 11:00:00,A,GE10,C10-S951_X_K,E_DI_VLO,PC_ENT,SK,2015,37.07,,
ESTAT:ISOC_E_DII(1.0),27/02/26 11:00:00,A,GE10,C10-S951_X_K,E_DI_VLO,PC_ENT,SK,2016,38.83,b,
ESTAT:ISOC_E_DII(1.0),27/02/26 11:00:00,A,GE10,C10-S951_X_K,E_DI_VLO,PC_ENT,SK,2017,44.77,b,
ESTAT:ISOC_E_DII(1.0),27/02/26 11:00:00,A,GE10,C10-S951_X_K,E_DI_VLO,PC_ENT,SK,2018,51.59,b,
ESTAT:ISOC_E_DII(1.0),27/02/26 11:00:00,A,GE10,C10-S951_X_K,E_DI_VLO,PC_ENT,SK,2019,47.64,b,
ESTAT:ISOC_E_DII(1.0),27/02/26 11:00:00,A,GE10,C10-S951_X_K,E_DI_VLO,PC_ENT,TR,2017,69.60,b,
ESTAT:ISOC_E_DII(1.0),27/02/26 11:00:00,A,GE10,C10-S951_X_K,E_DI_VLO,PC_ENT,TR,2018,85.49,b,
ESTAT:ISOC_E_DII(1.0),27/02/26 11:00:00,A,GE10,C10-S951_X_K,E_DI_VLO,PC_ENT,UK,2015,37.50,,
ESTAT:ISOC_E_DII(1.0),27/02/26 11:00:00,A,GE10,C10-S951_X_K,E_DI_VLO,PC_ENT,UK,2016,33.83,b,
ESTAT:ISOC_E_DII(1.0),27/02/26 11:00:00,A,GE10,C10-S951_X_K,E_DI_VLO,PC_ENT,UK,2017,41.46,b,
ESTAT:ISOC_E_DII(1.0),27/02/26 11:00:00,A,GE10,C10-S951_X_K,E_DI_VLO,PC_ENT,UK,2018,38.38,b,
ESTAT:ISOC_E_DII(1.0),27/02/26 11:00:00,A,GE10,C10-S951_X_K,E_DI_VLO,PC_ENT,UK,2019,32.54,b,
ESTAT:ISOC_E_DII(1.0),27/02/26 11:00:00,A,GE250,C10-S951_X_K,E_DI2_HI,PC_ENT,AT,2018,41.71,,
ESTAT:ISOC_E_DII(1.0),27/02/26 11:00:00,A,GE250,C10-S951_X_K,E_DI2_HI,PC_ENT,AT,2020,44.49,,
ESTAT:ISOC_E_DII(1.0),27/02/26 11:00:00,A,GE250,C10-S951_X_K,E_DI2_HI,PC_ENT,BA,2020,14.62,,
ESTAT:ISOC_E_DII(1.0),27/02/26 11:00:00,A,GE250,C10-S951_X_K,E_DI2_HI,PC_ENT,BE,2018,44.60,,
ESTAT:ISOC_E_DII(1.0),27/02/26 11:00:00,A,GE250,C10-S951_X_K,E_DI2_HI,PC_ENT,BE,2020,45.75,,
ESTAT:ISOC_E_DII(1.0),27/02/26 11:00:00,A,GE250,C10-S951_X_K,E_DI2_HI,PC_ENT,BG,2018,14.91,,
ESTAT:ISOC_E_DII(1.0),27/02/26 11:00:00,A,GE250,C10-S951_X_K,E_DI2_HI,PC_ENT,BG,2020,17.06,,
ESTAT:ISOC_E_DII(1.0),27/02/26 11:00:00,A,GE250,C10-S951_X_K,E_DI2_HI,PC_ENT,CY,2018,14.49,,
ESTAT:ISOC_E_DII(1.0),27/02/26 11:00:00,A,GE250,C10-S951_X_K,E_DI2_HI,PC_ENT,CY,2020,24.52,,
ESTAT:ISOC_E_DII(1.0),27/02/26 11:00:00,A,GE250,C10-S951_X_K,E_DI2_HI,PC_ENT,CZ,2018,31.44,,
ESTAT:ISOC_E_DII(1.0),27/02/26 11:00:00,A,GE250,C10-S951_X_K,E_DI2_HI,PC_ENT,CZ,2020,42.26,,
ESTAT:ISOC_E_DII(1.0),27/02/26 11:00:00,A,GE250,C10-S951_X_K,E_DI2_HI,PC_ENT,DE,2018,31.35,,
ESTAT:ISOC_E_DII(1.0),27/02/26 11:00:00,A,GE250,C10-S951_X_K,E_DI2_HI,PC_ENT,DE,2020,41.80,,
ESTAT:ISOC_E_DII(1.0),27/02/26 11:00:00,A,GE250,C10-S951_X_K,E_DI2_HI,PC_ENT,DK,2018,51.96,,
ESTAT:ISOC_E_DII(1.0),27/02/26 11:00:00,A,GE250,C10-S951_X_K,E_DI2_HI,PC_ENT,DK,2020,50.25,,
ESTAT:ISOC_E_DII(1.0),27/02/26 11:00:00,A,GE250,C10-S951_X_K,E_DI2_HI,PC_ENT,EA,2018,35.65,,
ESTAT:ISOC_E_DII(1.0),27/02/26 11:00:00,A,GE250,C10-S951_X_K,E_DI2_HI,PC_ENT,EA,2020,42.69,,
ESTAT:ISOC_E_DII(1.0),27/02/26 11:00:00,A,GE250,C10-S951_X_K,E_DI2_HI,PC_ENT,EE,2018,31.74,,
ESTAT:ISOC_E_DII(1.0),27/02/26 11:00:00,A,GE250,C10-S951_X_K,E_DI2_HI,PC_ENT,EE,2020,38.36,,
ESTAT:ISOC_E_DII(1.0),27/02/26 11:00:00,A,GE250,C10-S951_X_K,E_DI2_HI,PC_ENT,EL,2018,17.02,,
ESTAT:ISOC_E_DII(1.0),27/02/26 11:00:00,A,GE250,C10-S951_X_K,E_DI2_HI,PC_ENT,EL,2020,22.43,,
ESTAT:ISOC_E_DII(1.0),27/02/26 11:00:00,A,GE250,C10-S951_X_K,E_DI2_HI,PC_ENT,ES,2018,34.84,,
ESTAT:ISOC_E_DII(1.0),27/02/26 11:00:00,A,GE250,C10-S951_X_K,E_DI2_HI,PC_ENT,ES,2020,,u,
ESTAT:ISOC_E_DII(1.0),27/02/26 11:00:00,A,GE250,C10-S951_X_K,E_DI2_HI,PC_ENT,EU15,2018,36.10,,
ESTAT:ISOC_E_DII(1.0),27/02/26 11:00:00,A,GE250,C10-S951_X_K,E_DI2_HI,PC_ENT,EU27_2007,2018,34.08,,
ESTAT:ISOC_E_DII(1.0),27/02/26 11:00:00,A,GE250,C10-S951_X_K,E_DI2_HI,PC_ENT,EU27_2020,2018,34.15,,
ESTAT:ISOC_E_DII(1.0),27/02/26 11:00:00,A,GE250,C10-S951_X_K,E_DI2_HI,PC_ENT,EU27_2020,2020,41.89,,
ESTAT:ISOC_E_DII(1.0),27/02/26 11:00:00,A,GE250,C10-S951_X_K,E_DI2_HI,PC_ENT,EU28,2018,33.99,,
ESTAT:ISOC_E_DII(1.0),27/02/26 11:00:00,A,GE250,C10-S951_X_K,E_DI2_HI,PC_ENT,FI,2018,55.48,,
ESTAT:ISOC_E_DII(1.0),27/02/26 11:00:00,A,GE250,C10-S951_X_K,E_DI2_HI,PC_ENT,FI,2020,50.83,,
ESTAT:ISOC_E_DII(1.0),27/02/26 11:00:00,A,GE250,C10-S951_X_K,E_DI2_HI,PC_ENT,FR,2018,41.68,,
ESTAT:ISOC_E_DII(1.0),27/02/26 11:00:00,A,GE250,C10-S951_X_K,E_DI2_HI,PC_ENT,FR,2020,47.44,,
ESTAT:ISOC_E_DII(1.0),27/02/26 11:00:00,A,GE250,C10-S951_X_K,E_DI2_HI,PC_ENT,HR,2018,22.67,,
ESTAT:ISOC_E_DII(1.0),27/02/26 11:00:00,A,GE250,C10-S951_X_K,E_DI2_HI,PC_ENT,HR,2020,41.12,,
ESTAT:ISOC_E_DII(1.0),27/02/26 11:00:00,A,GE250,C10-S951_X_K,E_DI2_HI,PC_ENT,HU,2018,30.38,,
ESTAT:ISOC_E_DII(1.0),27/02/26 11:00:00,A,GE250,C10-S951_X_K,E_DI2_HI,PC_ENT,HU,2020,32.67,,
ESTAT:ISOC_E_DII(1.0),27/02/26 11:00:00,A,GE250,C10-S951_X_K,E_DI2_HI,PC_ENT,IE,2018,36.69,,
ESTAT:ISOC_E_DII(1.0),27/02/26 11:00:00,A,GE250,C10-S951_X_K,E_DI2_HI,PC_ENT,IE,2020,48.28,,
ESTAT:ISOC_E_DII(1.0),27/02/26 11:00:00,A,GE250,C10-S951_X_K,E_DI2_HI,PC_ENT,IT,2018,33.75,,
ESTAT:ISOC_E_DII(1.0),27/02/26 11:00:00,A,GE250,C10-S951_X_K,E_DI2_HI,PC_ENT,IT,2020,45.81,b,
ESTAT:ISOC_E_DII(1.0),27/02/26 11:00:00,A,GE250,C10-S951_X_K,E_DI2_HI,PC_ENT,LT,2018,24.86,,
ESTAT:ISOC_E_DII(1.0),27/02/26 11:00:00,A,GE250,C10-S951_X_K,E_DI2_HI,PC_ENT,LT,2020,27.97,,
ESTAT:ISOC_E_DII(1.0),27/02/26 11:00:00,A,GE250,C10-S951_X_K,E_DI2_HI,PC_ENT,LU,2018,30.20,,
ESTAT:ISOC_E_DII(1.0),27/02/26 11:00:00,A,GE250,C10-S951_X_K,E_DI2_HI,PC_ENT,LU,2020,32.93,,
ESTAT:ISOC_E_DII(1.0),27/02/26 11:00:00,A,GE250,C10-S951_X_K,E_DI2_HI,PC_ENT,LV,2018,20.50,,
ESTAT:ISOC_E_DII(1.0),27/02/26 11:00:00,A,GE250,C10-S951_X_K,E_DI2_HI,PC_ENT,LV,2020,34.61,,
ESTAT:ISOC_E_DII(1.0),27/02/26 11:00:00,A,GE250,C10-S951_X_K,E_DI2_HI,PC_ENT,ME,2018,0,,
ESTAT:ISOC_E_DII(1.0),27/02/26 11:00:00,A,GE250,C10-S951_X_K,E_DI2_HI,PC_ENT,ME,2020,2.13,,
ESTAT:ISOC_E_DII(1.0),27/02/26 11:00:00,A,GE250,C10-S951_X_K,E_DI2_HI,PC_ENT,MK,2020,5.61,,
ESTAT:ISOC_E_DII(1.0),27/02/26 11:00:00,A,GE250,C10-S951_X_K,E_DI2_HI,PC_ENT,MT,2018,39.99,,
ESTAT:ISOC_E_DII(1.0),27/02/26 11:00:00,A,GE250,C10-S951_X_K,E_DI2_HI,PC_ENT,MT,2020,36.95,,
ESTAT:ISOC_E_DII(1.0),27/02/26 11:00:00,A,GE250,C10-S951_X_K,E_DI2_HI,PC_ENT,NL,2018,49.57,,
ESTAT:ISOC_E_DII(1.0),27/02/26 11:00:00,A,GE250,C10-S951_X_K,E_DI2_HI,PC_ENT,NL,2020,52.80,,
ESTAT:ISOC_E_DII(1.0),27/02/26 11:00:00,A,GE250,C10-S951_X_K,E_DI2_HI,PC_ENT,NO,2018,52.65,,
ESTAT:ISOC_E_DII(1.0),27/02/26 11:00:00,A,GE250,C10-S951_X_K,E_DI2_HI,PC_ENT,NO,2020,57.95,,
ESTAT:ISOC_E_DII(1.0),27/02/26 11:00:00,A,GE250,C10-S951_X_K,E_DI2_HI,PC_ENT,PL,2018,31.02,,
ESTAT:ISOC_E_DII(1.0),27/02/26 11:00:00,A,GE250,C10-S951_X_K,E_DI2_HI,PC_ENT,PL,2020,42.83,,
ESTAT:ISOC_E_DII(1.0),27/02/26 11:00:00,A,GE250,C10-S951_X_K,E_DI2_HI,PC_ENT,PT,2018,33.14,,
ESTAT:ISOC_E_DII(1.0),27/02/26 11:00:00,A,GE250,C10-S951_X_K,E_DI2_HI,PC_ENT,PT,2020,39.53,,
ESTAT:ISOC_E_DII(1.0),27/02/26 11:00:00,A,GE250,C10-S951_X_K,E_DI2_HI,PC_ENT,RO,2018,16.26,,
ESTAT:ISOC_E_DII(1.0),27/02/26 11:00:00,A,GE250,C10-S951_X_K,E_DI2_HI,PC_ENT,RO,2020,25.23,,
ESTAT:ISOC_E_DII(1.0),27/02/26 11:00:00,A,GE250,C10-S951_X_K,E_DI2_HI,PC_ENT,RS,2020,18.85,,
ESTAT:ISOC_E_DII(1.0),27/02/26 11:00:00,A,GE250,C10-S951_X_K,E_DI2_HI,PC_ENT,SE,2018,50.51,,
ESTAT:ISOC_E_DII(1.0),27/02/26 11:00:00,A,GE250,C10-S951_X_K,E_DI2_HI,PC_ENT,SE,2020,61.12,,
ESTAT:ISOC_E_DII(1.0),27/02/26 11:00:00,A,GE250,C10-S951_X_K,E_DI2_HI,PC_ENT,SI,2018,52.86,,
ESTAT:ISOC_E_DII(1.0),27/02/26 11:00:00,A,GE250,C10-S951_X_K,E_DI2_HI,PC_ENT,SI,2020,55.60,,
ESTAT:ISOC_E_DII(1.0),27/02/26 11:00:00,A,GE250,C10-S951_X_K,E_DI2_HI,PC_ENT,SK,2018,23.62,,
ESTAT:ISOC_E_DII(1.0),27/02/26 11:00:00,A,GE250,C10-S951_X_K,E_DI2_HI,PC_ENT,SK,2020,30.86,,
ESTAT:ISOC_E_DII(1.0),27/02/26 11:00:00,A,GE250,C10-S951_X_K,E_DI2_HI,PC_ENT,UK,2018,32.96,,
ESTAT:ISOC_E_DII(1.0),27/02/26 11:00:00,A,GE250,C10-S951_X_K,E_DI2_HI,PC_ENT,UK,2020,41.92,,
ESTAT:ISOC_E_DII(1.0),27/02/26 11:00:00,A,GE250,C10-S951_X_K,E_DI2_LO,PC_ENT,AT,2018,38.54,,
ESTAT:ISOC_E_DII(1.0),27/02/26 11:00:00,A,GE250,C10-S951_X_K,E_DI2_LO,PC_ENT,AT,2020,34.31,,
ESTAT:ISOC_E_DII(1.0),27/02/26 11:00:00,A,GE250,C10-S951_X_K,E_DI2_LO,PC_ENT,BA,2020,62.75,,
ESTAT:ISOC_E_DII(1.0),27/02/26 11:00:00,A,GE250,C10-S951_X_K,E_DI2_LO,PC_ENT,BE,2018,34.34,,
ESTAT:ISOC_E_DII(1.0),27/02/26 11:00:00,A,GE250,C10-S951_X_K,E_DI2_LO,PC_ENT,BE,2020,22.36,,
ESTAT:ISOC_E_DII(1.0),27/02/26 11:00:00,A,GE250,C10-S951_X_K,E_DI2_LO,PC_ENT,BG,2018,52.31,,
ESTAT:ISOC_E_DII(1.0),27/02/26 11:00:00,A,GE250,C10-S951_X_K,E_DI2_LO,PC_ENT,BG,2020,54.00,,
ESTAT:ISOC_E_DII(1.0),27/02/26 11:00:00,A,GE250,C10-S951_X_K,E_DI2_LO,PC_ENT,CY,2018,68.12,,
ESTAT:ISOC_E_DII(1.0),27/02/26 11:00:00,A,GE250,C10-S951_X_K,E_DI2_LO,PC_ENT,CY,2020,60.36,,
ESTAT:ISOC_E_DII(1.0),27/02/26 11:00:00,A,GE250,C10-S951_X_K,E_DI2_LO,PC_ENT,CZ,2018,47.41,,
ESTAT:ISOC_E_DII(1.0),27/02/26 11:00:00,A,GE250,C10-S951_X_K,E_DI2_LO,PC_ENT,CZ,2020,39.67,,
ESTAT:ISOC_E_DII(1.0),27/02/26 11:00:00,A,GE250,C10-S951_X_K,E_DI2_LO,PC_ENT,DE,2018,48.15,,
ESTAT:ISOC_E_DII(1.0),27/02/26 11:00:00,A,GE250,C10-S951_X_K,E_DI2_LO,PC_ENT,DE,2020,40.11,,
ESTAT:ISOC_E_DII(1.0),27/02/26 11:00:00,A,GE250,C10-S951_X_K,E_DI2_LO,PC_ENT,DK,2018,19.29,,
ESTAT:ISOC_E_DII(1.0),27/02/26 11:00:00,A,GE250,C10-S951_X_K,E_DI2_LO,PC_ENT,DK,2020,11.97,,
ESTAT:ISOC_E_DII(1.0),27/02/26 11:00:00,A,GE250,C10-S951_X_K,E_DI2_LO,PC_ENT,EA,2018,43.11,,
ESTAT:ISOC_E_DII(1.0),27/02/26 11:00:00,A,GE250,C10-S951_X_K,E_DI2_LO,PC_ENT,EA,2020,37.37,,
ESTAT:ISOC_E_DII(1.0),27/02/26 11:00:00,A,GE250,C10-S951_X_K,E_DI2_LO,PC_ENT,EE,2018,42.52,,
ESTAT:ISOC_E_DII(1.0),27/02/26 11:00:00,A,GE250,C10-S951_X_K,E_DI2_LO,PC_ENT,EE,2020,46.54,,
ESTAT:ISOC_E_DII(1.0),27/02/26 11:00:00,A,GE250,C10-S951_X_K,E_DI2_LO,PC_ENT,EL,2018,55.35,,
ESTAT:ISOC_E_DII(1.0),27/02/26 11:00:00,A,GE250,C10-S951_X_K,E_DI2_LO,PC_ENT,EL,2020,49.76,,
ESTAT:ISOC_E_DII(1.0),27/02/26 11:00:00,A,GE250,C10-S951_X_K,E_DI2_LO,PC_ENT,ES,2018,44.61,,
ESTAT:ISOC_E_DII(1.0),27/02/26 11:00:00,A,GE250,C10-S951_X_K,E_DI2_LO,PC_ENT,ES,2020,,u,
ESTAT:ISOC_E_DII(1.0),27/02/26 11:00:00,A,GE250,C10-S951_X_K,E_DI2_LO,PC_ENT,EU15,2018,42.64,,
ESTAT:ISOC_E_DII(1.0),27/02/26 11:00:00,A,GE250,C10-S951_X_K,E_DI2_LO,PC_ENT,EU27_2007,2018,44.05,,
ESTAT:ISOC_E_DII(1.0),27/02/26 11:00:00,A,GE250,C10-S951_X_K,E_DI2_LO,PC_ENT,EU27_2020,2018,43.64,,
ESTAT:ISOC_E_DII(1.0),27/02/26 11:00:00,A,GE250,C10-S951_X_K,E_DI2_LO,PC_ENT,EU27_2020,2020,38.22,,
ESTAT:ISOC_E_DII(1.0),27/02/26 11:00:00,A,GE250,C10-S951_X_K,E_DI2_LO,PC_ENT,EU28,2018,44.15,,
ESTAT:ISOC_E_DII(1.0),27/02/26 11:00:00,A,GE250,C10-S951_X_K,E_DI2_LO,PC_ENT,FI,2018,13.74,,
ESTAT:ISOC_E_DII(1.0),27/02/26 11:00:00,A,GE250,C10-S951_X_K,E_DI2_LO,PC_ENT,FI,2020,12.34,,
ESTAT:ISOC_E_DII(1.0),27/02/26 11:00:00,A,GE250,C10-S951_X_K,E_DI2_LO,PC_ENT,FR,2018,38.09,,
ESTAT:ISOC_E_DII(1.0),27/02/26 11:00:00,A,GE250,C10-S951_X_K,E_DI2_LO,PC_ENT,FR,2020,32.29,,
ESTAT:ISOC_E_DII(1.0),27/02/26 11:00:00,A,GE250,C10-S951_X_K,E_DI2_LO,PC_ENT,HR,2018,55.95,,
ESTAT:ISOC_E_DII(1.0),27/02/26 11:00:00,A,GE250,C10-S951_X_K,E_DI2_LO,PC_ENT,HR,2020,42.88,,
ESTAT:ISOC_E_DII(1.0),27/02/26 11:00:00,A,GE250,C10-S951_X_K,E_DI2_LO,PC_ENT,HU,2018,47.70,,
ESTAT:ISOC_E_DII(1.0),27/02/26 11:00:00,A,GE250,C10-S951_X_K,E_DI2_LO,PC_ENT,HU,2020,47.83,,
ESTAT:ISOC_E_DII(1.0),27/02/26 11:00:00,A,GE250,C10-S951_X_K,E_DI2_LO,PC_ENT,IE,2018,47.30,,
ESTAT:ISOC_E_DII(1.0),27/02/26 11:00:00,A,GE250,C10-S951_X_K,E_DI2_LO,PC_ENT,IE,2020,35.73,,
ESTAT:ISOC_E_DII(1.0),27/02/26 11:00:00,A,GE250,C10-S951_X_K,E_DI2_LO,PC_ENT,IT,2018,39.06,,
ESTAT:ISOC_E_DII(1.0),27/02/26 11:00:00,A,GE250,C10-S951_X_K,E_DI2_LO,PC_ENT,IT,2020,33.39,b,
ESTAT:ISOC_E_DII(1.0),27/02/26 11:00:00,A,GE250,C10-S951_X_K,E_DI2_LO,PC_ENT,LT,2018,58.57,,
ESTAT:ISOC_E_DII(1.0),27/02/26 11:00:00,A,GE250,C10-S951_X_K,E_DI2_LO,PC_ENT,LT,2020,59.41,,
ESTAT:ISOC_E_DII(1.0),27/02/26 11:00:00,A,GE250,C10-S951_X_K,E_DI2_LO,PC_ENT,LU,2018,45.38,,
ESTAT:ISOC_E_DII(1.0),27/02/26 11:00:00,A,GE250,C10-S951_X_K,E_DI2_LO,PC_ENT,LU,2020,46.92,,
ESTAT:ISOC_E_DII(1.0),27/02/26 11:00:00,A,GE250,C10-S951_X_K,E_DI2_LO,PC_ENT,LV,2018,59.50,,
ESTAT:ISOC_E_DII(1.0),27/02/26 11:00:00,A,GE250,C10-S951_X_K,E_DI2_LO,PC_ENT,LV,2020,47.70,,
ESTAT:ISOC_E_DII(1.0),27/02/26 11:00:00,A,GE250,C10-S951_X_K,E_DI2_LO,PC_ENT,ME,2018,69.18,,
ESTAT:ISOC_E_DII(1.0),27/02/26 11:00:00,A,GE250,C10-S951_X_K,E_DI2_LO,PC_ENT,ME,2020,75.89,,
ESTAT:ISOC_E_DII(1.0),27/02/26 11:00:00,A,GE250,C10-S951_X_K,E_DI2_LO,PC_ENT,MK,2020,57.99,,
ESTAT:ISOC_E_DII(1.0),27/02/26 11:00:00,A,GE250,C10-S951_X_K,E_DI2_LO,PC_ENT,MT,2018,37.38,,
ESTAT:ISOC_E_DII(1.0),27/02/26 11:00:00,A,GE250,C10-S951_X_K,E_DI2_LO,PC_ENT,MT,2020,36.06,,
ESTAT:ISOC_E_DII(1.0),27/02/26 11:00:00,A,GE250,C10-S951_X_K,E_DI2_LO,PC_ENT,NL,2018,33.75,,
ESTAT:ISOC_E_DII(1.0),27/02/26 11:00:00,A,GE250,C10-S951_X_K,E_DI2_LO,PC_ENT,NL,2020,28.35,,
ESTAT:ISOC_E_DII(1.0),27/02/26 11:00:00,A,GE250,C10-S951_X_K,E_DI2_LO,PC_ENT,NO,2018,26.56,,
ESTAT:ISOC_E_DII(1.0),27/02/26 11:00:00,A,GE250,C10-S951_X_K,E_DI2_LO,PC_ENT,NO,2020,21.40,,
ESTAT:ISOC_E_DII(1.0),27/02/26 11:00:00,A,GE250,C10-S951_X_K,E_DI2_LO,PC_ENT,PL,2018,47.91,,
ESTAT:ISOC_E_DII(1.0),27/02/26 11:00:00,A,GE250,C10-S951_X_K,E_DI2_LO,PC_ENT,PL,2020,40.23,,
ESTAT:ISOC_E_DII(1.0),27/02/26 11:00:00,A,GE250,C10-S951_X_K,E_DI2_LO,PC_ENT,PT,2018,45.25,,
ESTAT:ISOC_E_DII(1.0),27/02/26 11:00:00,A,GE250,C10-S951_X_K,E_DI2_LO,PC_ENT,PT,2020,42.33,,
ESTAT:ISOC_E_DII(1.0),27/02/26 11:00:00,A,GE250,C10-S951_X_K,E_DI2_LO,PC_ENT,RO,2018,50.55,,
ESTAT:ISOC_E_DII(1.0),27/02/26 11:00:00,A,GE250,C10-S951_X_K,E_DI2_LO,PC_ENT,RO,2020,52.51,,
ESTAT:ISOC_E_DII(1.0),27/02/26 11:00:00,A,GE250,C10-S951_X_K,E_DI2_LO,PC_ENT,RS,2020,59.09,,
ESTAT:ISOC_E_DII(1.0),27/02/26 11:00:00,A,GE250,C10-S951_X_K,E_DI2_LO,PC_ENT,SE,2018,22.20,,
ESTAT:ISOC_E_DII(1.0),27/02/26 11:00:00,A,GE250,C10-S951_X_K,E_DI2_LO,PC_ENT,SE,2020,23.61,,
ESTAT:ISOC_E_DII(1.0),27/02/26 11:00:00,A,GE250,C10-S951_X_K,E_DI2_LO,PC_ENT,SI,2018,34.93,,
ESTAT:ISOC_E_DII(1.0),27/02/26 11:00:00,A,GE250,C10-S951_X_K,E_DI2_LO,PC_ENT,SI,2020,28.04,,
ESTAT:ISOC_E_DII(1.0),27/02/26 11:00:00,A,GE250,C10-S951_X_K,E_DI2_LO,PC_ENT,SK,2018,51.94,,
ESTAT:ISOC_E_DII(1.0),27/02/26 11:00:00,A,GE250,C10-S951_X_K,E_DI2_LO,PC_ENT,SK,2020,51.20,,
ESTAT:ISOC_E_DII(1.0),27/02/26 11:00:00,A,GE250,C10-S951_X_K,E_DI2_LO,PC_ENT,UK,2018,47.35,,
ESTAT:ISOC_E_DII(1.0),27/02/26 11:00:00,A,GE250,C10-S951_X_K,E_DI2_LO,PC_ENT,UK,2020,40.92,,
ESTAT:ISOC_E_DII(1.0),27/02/26 11:00:00,A,GE250,C10-S951_X_K,E_DI2_VHI,PC_ENT,AT,2018,9.70,,
ESTAT:ISOC_E_DII(1.0),27/02/26 11:00:00,A,GE250,C10-S951_X_K,E_DI2_VHI,PC_ENT,AT,2020,13.78,,
ESTAT:ISOC_E_DII(1.0),27/02/26 11:00:00,A,GE250,C10-S951_X_K,E_DI2_VHI,PC_ENT,BA,2020,2.20,,
ESTAT:ISOC_E_DII(1.0),27/02/26 11:00:00,A,GE250,C10-S951_X_K,E_DI2_VHI,PC_ENT,BE,2018,15.31,,
ESTAT:ISOC_E_DII(1.0),27/02/26 11:00:00,A,GE250,C10-S951_X_K,E_DI2_VHI,PC_ENT,BE,2020,28.97,,
ESTAT:ISOC_E_DII(1.0),27/02/26 11:00:00,A,GE250,C10-S951_X_K,E_DI2_VHI,PC_ENT,BG,2018,,u,
ESTAT:ISOC_E_DII(1.0),27/02/26 11:00:00,A,GE250,C10-S951_X_K,E_DI2_VHI,PC_ENT,BG,2020,0.94,,
ESTAT:ISOC_E_DII(1.0),27/02/26 11:00:00,A,GE250,C10-S951_X_K,E_DI2_VHI,PC_ENT,CY,2018,1.45,,
ESTAT:ISOC_E_DII(1.0),27/02/26 11:00:00,A,GE250,C10-S951_X_K,E_DI2_VHI,PC_ENT,CY,2020,1.23,,
ESTAT:ISOC_E_DII(1.0),27/02/26 11:00:00,A,GE250,C10-S951_X_K,E_DI2_VHI,PC_ENT,CZ,2018,4.33,,
ESTAT:ISOC_E_DII(1.0),27/02/26 11:00:00,A,GE250,C10-S951_X_K,E_DI2_VHI,PC_ENT,CZ,2020,7.74,,
ESTAT:ISOC_E_DII(1.0),27/02/26 11:00:00,A,GE250,C10-S951_X_K,E_DI2_VHI,PC_ENT,DE,2018,1.65,,
ESTAT:ISOC_E_DII(1.0),27/02/26 11:00:00,A,GE250,C10-S951_X_K,E_DI2_VHI,PC_ENT,DE,2020,6.52,,
ESTAT:ISOC_E_DII(1.0),27/02/26 11:00:00,A,GE250,C10-S951_X_K,E_DI2_VHI,PC_ENT,DK,2018,26.00,,
ESTAT:ISOC_E_DII(1.0),27/02/26 11:00:00,A,GE250,C10-S951_X_K,E_DI2_VHI,PC_ENT,DK,2020,35.09,,
ESTAT:ISOC_E_DII(1.0),27/02/26 11:00:00,A,GE250,C10-S951_X_K,E_DI2_VHI,PC_ENT,EA,2018,5.26,,
ESTAT:ISOC_E_DII(1.0),27/02/26 11:00:00,A,GE250,C10-S951_X_K,E_DI2_VHI,PC_ENT,EA,2020,9.32,,
ESTAT:ISOC_E_DII(1.0),27/02/26 11:00:00,A,GE250,C10-S951_X_K,E_DI2_VHI,PC_ENT,EE,2018,6.59,,
ESTAT:ISOC_E_DII(1.0),27/02/26 11:00:00,A,GE250,C10-S951_X_K,E_DI2_VHI,PC_ENT,EE,2020,10.69,,
ESTAT:ISOC_E_DII(1.0),27/02/26 11:00:00,A,GE250,C10-S951_X_K,E_DI2_VHI,PC_ENT,EL,2018,1.18,,
ESTAT:ISOC_E_DII(1.0),27/02/26 11:00:00,A,GE250,C10-S951_X_K,E_DI2_VHI,PC_ENT,EL,2020,,u,
ESTAT:ISOC_E_DII(1.0),27/02/26 11:00:00,A,GE250,C10-S951_X_K,E_DI2_VHI,PC_ENT,ES,2018,2.57,,
ESTAT:ISOC_E_DII(1.0),27/02/26 11:00:00,A,GE250,C10-S951_X_K,E_DI2_VHI,PC_ENT,ES,2020,,u,
ESTAT:ISOC_E_DII(1.0),27/02/26 11:00:00,A,GE250,C10-S951_X_K,E_DI2_VHI,PC_ENT,EU15,2018,5.35,,
ESTAT:ISOC_E_DII(1.0),27/02/26 11:00:00,A,GE250,C10-S951_X_K,E_DI2_VHI,PC_ENT,EU27_2007,2018,4.79,,
ESTAT:ISOC_E_DII(1.0),27/02/26 11:00:00,A,GE250,C10-S951_X_K,E_DI2_VHI,PC_ENT,EU27_2020,2018,5.38,,
ESTAT:ISOC_E_DII(1.0),27/02/26 11:00:00,A,GE250,C10-S951_X_K,E_DI2_VHI,PC_ENT,EU27_2020,2020,8.93,,
ESTAT:ISOC_E_DII(1.0),27/02/26 11:00:00,A,GE250,C10-S951_X_K,E_DI2_VHI,PC_ENT,EU28,2018,4.79,,
ESTAT:ISOC_E_DII(1.0),27/02/26 11:00:00,A,GE250,C10-S951_X_K,E_DI2_VHI,PC_ENT,FI,2018,30.09,,
ESTAT:ISOC_E_DII(1.0),27/02/26 11:00:00,A,GE250,C10-S951_X_K,E_DI2_VHI,PC_ENT,FI,2020,35.84,,
ESTAT:ISOC_E_DII(1.0),27/02/26 11:00:00,A,GE250,C10-S951_X_K,E_DI2_VHI,PC_ENT,FR,2018,9.44,,
ESTAT:ISOC_E_DII(1.0),27/02/26 11:00:00,A,GE250,C10-S951_X_K,E_DI2_VHI,PC_ENT,FR,2020,11.69,,
ESTAT:ISOC_E_DII(1.0),27/02/26 11:00:00,A,GE250,C10-S951_X_K,E_DI2_VHI,PC_ENT,HR,2018,,,C
ESTAT:ISOC_E_DII(1.0),27/02/26 11:00:00,A,GE250,C10-S951_X_K,E_DI2_VHI,PC_ENT,HR,2020,6.13,,
ESTAT:ISOC_E_DII(1.0),27/02/26 11:00:00,A,GE250,C10-S951_X_K,E_DI2_VHI,PC_ENT,HU,2018,3.95,,
ESTAT:ISOC_E_DII(1.0),27/02/26 11:00:00,A,GE250,C10-S951_X_K,E_DI2_VHI,PC_ENT,HU,2020,3.23,,
ESTAT:ISOC_E_DII(1.0),27/02/26 11:00:00,A,GE250,C10-S951_X_K,E_DI2_VHI,PC_ENT,IE,2018,0,,
ESTAT:ISOC_E_DII(1.0),27/02/26 11:00:00,A,GE250,C10-S951_X_K,E_DI2_VHI,PC_ENT,IE,2020,10.91,,
ESTAT:ISOC_E_DII(1.0),27/02/26 11:00:00,A,GE250,C10-S951_X_K,E_DI2_VHI,PC_ENT,IT,2018,5.69,,
ESTAT:ISOC_E_DII(1.0),27/02/26 11:00:00,A,GE250,C10-S951_X_K,E_DI2_VHI,PC_ENT,IT,2020,11.55,b,
ESTAT:ISOC_E_DII(1.0),27/02/26 11:00:00,A,GE250,C10-S951_X_K,E_DI2_VHI,PC_ENT,LT,2018,1.43,,
ESTAT:ISOC_E_DII(1.0),27/02/26 11:00:00,A,GE250,C10-S951_X_K,E_DI2_VHI,PC_ENT,LT,2020,1.24,,
ESTAT:ISOC_E_DII(1.0),27/02/26 11:00:00,A,GE250,C10-S951_X_K,E_DI2_VHI,PC_ENT,LU,2018,0.80,,
ESTAT:ISOC_E_DII(1.0),27/02/26 11:00:00,A,GE250,C10-S951_X_K,E_DI2_VHI,PC_ENT,LU,2020,7.57,,
ESTAT:ISOC_E_DII(1.0),27/02/26 11:00:00,A,GE250,C10-S951_X_K,E_DI2_VHI,PC_ENT,LV,2018,0,,
ESTAT:ISOC_E_DII(1.0),27/02/26 11:00:00,A,GE250,C10-S951_X_K,E_DI2_VHI,PC_ENT,LV,2020,0.83,,
ESTAT:ISOC_E_DII(1.0),27/02/26 11:00:00,A,GE250,C10-S951_X_K,E_DI2_VHI,PC_ENT,ME,2018,,u,
ESTAT:ISOC_E_DII(1.0),27/02/26 11:00:00,A,GE250,C10-S951_X_K,E_DI2_VHI,PC_ENT,ME,2020,0,,
ESTAT:ISOC_E_DII(1.0),27/02/26 11:00:00,A,GE250,C10-S951_X_K,E_DI2_VHI,PC_ENT,MK,2020,0,,
ESTAT:ISOC_E_DII(1.0),27/02/26 11:00:00,A,GE250,C10-S951_X_K,E_DI2_VHI,PC_ENT,MT,2018,1.55,,
ESTAT:ISOC_E_DII(1.0),27/02/26 11:00:00,A,GE250,C10-S951_X_K,E_DI2_VHI,PC_ENT,MT,2020,9.93,,
ESTAT:ISOC_E_DII(1.0),27/02/26 11:00:00,A,GE250,C10-S951_X_K,E_DI2_VHI,PC_ENT,NL,2018,10.83,,
ESTAT:ISOC_E_DII(1.0),27/02/26 11:00:00,A,GE250,C10-S951_X_K,E_DI2_VHI,PC_ENT,NL,2020,14.44,,
ESTAT:ISOC_E_DII(1.0),27/02/26 11:00:00,A,GE250,C10-S951_X_K,E_DI2_VHI,PC_ENT,NO,2018,13.59,,
ESTAT:ISOC_E_DII(1.0),27/02/26 11:00:00,A,GE250,C10-S951_X_K,E_DI2_VHI,PC_ENT,NO,2020,17.35,,
ESTAT:ISOC_E_DII(1.0),27/02/26 11:00:00,A,GE250,C10-S951_X_K,E_DI2_VHI,PC_ENT,PL,2018,3.12,,
ESTAT:ISOC_E_DII(1.0),27/02/26 11:00:00,A,GE250,C10-S951_X_K,E_DI2_VHI,PC_ENT,PL,2020,7.75,,
ESTAT:ISOC_E_DII(1.0),27/02/26 11:00:00,A,GE250,C10-S951_X_K,E_DI2_VHI,PC_ENT,PT,2018,3.80,,
ESTAT:ISOC_E_DII(1.0),27/02/26 11:00:00,A,GE250,C10-S951_X_K,E_DI2_VHI,PC_ENT,PT,2020,6.45,,
ESTAT:ISOC_E_DII(1.0),27/02/26 11:00:00,A,GE250,C10-S951_X_K,E_DI2_VHI,PC_ENT,RO,2018,1.31,,
ESTAT:ISOC_E_DII(1.0),27/02/26 11:00:00,A,GE250,C10-S951_X_K,E_DI2_VHI,PC_ENT,RO,2020,1.60,,
ESTAT:ISOC_E_DII(1.0),27/02/26 11:00:00,A,GE250,C10-S951_X_K,E_DI2_VHI,PC_ENT,RS,2020,3.19,,
ESTAT:ISOC_E_DII(1.0),27/02/26 11:00:00,A,GE250,C10-S951_X_K,E_DI2_VHI,PC_ENT,SE,2018,21.58,,
ESTAT:ISOC_E_DII(1.0),27/02/26 11:00:00,A,GE250,C10-S951_X_K,E_DI2_VHI,PC_ENT,SE,2020,13.80,,
ESTAT:ISOC_E_DII(1.0),27/02/26 11:00:00,A,GE250,C10-S951_X_K,E_DI2_VHI,PC_ENT,SI,2018,7.66,,
ESTAT:ISOC_E_DII(1.0),27/02/26 11:00:00,A,GE250,C10-S951_X_K,E_DI2_VHI,PC_ENT,SI,2020,14.96,,
ESTAT:ISOC_E_DII(1.0),27/02/26 11:00:00,A,GE250,C10-S951_X_K,E_DI2_VHI,PC_ENT,SK,2018,1.25,,
ESTAT:ISOC_E_DII(1.0),27/02/26 11:00:00,A,GE250,C10-S951_X_K,E_DI2_VHI,PC_ENT,SK,2020,2.60,,
ESTAT:ISOC_E_DII(1.0),27/02/26 11:00:00,A,GE250,C10-S951_X_K,E_DI2_VHI,PC_ENT,UK,2018,1.13,,
ESTAT:ISOC_E_DII(1.0),27/02/26 11:00:00,A,GE250,C10-S951_X_K,E_DI2_VHI,PC_ENT,UK,2020,4.16,,
ESTAT:ISOC_E_DII(1.0),27/02/26 11:00:00,A,GE250,C10-S951_X_K,E_DI2_VLO,PC_ENT,AT,2018,10.05,,
ESTAT:ISOC_E_DII(1.0),27/02/26 11:00:00,A,GE250,C10-S951_X_K,E_DI2_VLO,PC_ENT,AT,2020,7.42,,
ESTAT:ISOC_E_DII(1.0),27/02/26 11:00:00,A,GE250,C10-S951_X_K,E_DI2_VLO,PC_ENT,BA,2020,20.43,,
ESTAT:ISOC_E_DII(1.0),27/02/26 11:00:00,A,GE250,C10-S951_X_K,E_DI2_VLO,PC_ENT,BE,2018,5.75,,
ESTAT:ISOC_E_DII(1.0),27/02/26 11:00:00,A,GE250,C10-S951_X_K,E_DI2_VLO,PC_ENT,BE,2020,2.92,,
ESTAT:ISOC_E_DII(1.0),27/02/26 11:00:00,A,GE250,C10-S951_X_K,E_DI2_VLO,PC_ENT,BG,2018,32.13,,
ESTAT:ISOC_E_DII(1.0),27/02/26 11:00:00,A,GE250,C10-S951_X_K,E_DI2_VLO,PC_ENT,BG,2020,28.00,,
ESTAT:ISOC_E_DII(1.0),27/02/26 11:00:00,A,GE250,C10-S951_X_K,E_DI2_VLO,PC_ENT,CY,2018,15.94,,
ESTAT:ISOC_E_DII(1.0),27/02/26 11:00:00,A,GE250,C10-S951_X_K,E_DI2_VLO,PC_ENT,CY,2020,13.89,,
ESTAT:ISOC_E_DII(1.0),27/02/26 11:00:00,A,GE250,C10-S951_X_K,E_DI2_VLO,PC_ENT,CZ,2018,16.83,,
ESTAT:ISOC_E_DII(1.0),27/02/26 11:00:00,A,GE250,C10-S951_X_K,E_DI2_VLO,PC_ENT,CZ,2020,10.33,,
ESTAT:ISOC_E_DII(1.0),27/02/26 11:00:00,A,GE250,C10-S951_X_K,E_DI2_VLO,PC_ENT,DE,2018,18.85,,
ESTAT:ISOC_E_DII(1.0),27/02/26 11:00:00,A,GE250,C10-S951_X_K,E_DI2_VLO,PC_ENT,DE,2020,11.57,,
ESTAT:ISOC_E_DII(1.0),27/02/26 11:00:00,A,GE250,C10-S951_X_K,E_DI2_VLO,PC_ENT,DK,2018,2.75,,
ESTAT:ISOC_E_DII(1.0),27/02/26 11:00:00,A,GE250,C10-S951_X_K,E_DI2_VLO,PC_ENT,DK,2020,2.69,,
ESTAT:ISOC_E_DII(1.0),27/02/26 11:00:00,A,GE250,C10-S951_X_K,E_DI2_VLO,PC_ENT,EA,2018,15.97,,
ESTAT:ISOC_E_DII(1.0),27/02/26 11:00:00,A,GE250,C10-S951_X_K,E_DI2_VLO,PC_ENT,EA,2020,10.69,,
ESTAT:ISOC_E_DII(1.0),27/02/26 11:00:00,A,GE250,C10-S951_X_K,E_DI2_VLO,PC_ENT,EE,2018,19.16,,
ESTAT:ISOC_E_DII(1.0),27/02/26 11:00:00,A,GE250,C10-S951_X_K,E_DI2_VLO,PC_ENT,EE,2020,4.40,,
ESTAT:ISOC_E_DII(1.0),27/02/26 11:00:00,A,GE250,C10-S951_X_K,E_DI2_VLO,PC_ENT,EL,2018,26.45,,
ESTAT:ISOC_E_DII(1.0),27/02/26 11:00:00,A,GE250,C10-S951_X_K,E_DI2_VLO,PC_ENT,EL,2020,24.74,,
ESTAT:ISOC_E_DII(1.0),27/02/26 11:00:00,A,GE250,C10-S951_X_K,E_DI2_VLO,PC_ENT,ES,2018,17.98,,
ESTAT:ISOC_E_DII(1.0),27/02/26 11:00:00,A,GE250,C10-S951_X_K,E_DI2_VLO,PC_ENT,ES,2020,,u,
ESTAT:ISOC_E_DII(1.0),27/02/26 11:00:00,A,GE250,C10-S951_X_K,E_DI2_VLO,PC_ENT,EU15,2018,15.91,,
ESTAT:ISOC_E_DII(1.0),27/02/26 11:00:00,A,GE250,C10-S951_X_K,E_DI2_VLO,PC_ENT,EU27_2007,2018,17.08,,
ESTAT:ISOC_E_DII(1.0),27/02/26 11:00:00,A,GE250,C10-S951_X_K,E_DI2_VLO,PC_ENT,EU27_2020,2018,16.88,,
ESTAT:ISOC_E_DII(1.0),27/02/26 11:00:00,A,GE250,C10-S951_X_K,E_DI2_VLO,PC_ENT,EU27_2020,2020,11.01,,
ESTAT:ISOC_E_DII(1.0),27/02/26 11:00:00,A,GE250,C10-S951_X_K,E_DI2_VLO,PC_ENT,EU28,2018,17.11,,
ESTAT:ISOC_E_DII(1.0),27/02/26 11:00:00,A,GE250,C10-S951_X_K,E_DI2_VLO,PC_ENT,FI,2018,0.69,,
ESTAT:ISOC_E_DII(1.0),27/02/26 11:00:00,A,GE250,C10-S951_X_K,E_DI2_VLO,PC_ENT,FI,2020,0.98,,
ESTAT:ISOC_E_DII(1.0),27/02/26 11:00:00,A,GE250,C10-S951_X_K,E_DI2_VLO,PC_ENT,FR,2018,10.79,,
ESTAT:ISOC_E_DII(1.0),27/02/26 11:00:00,A,GE250,C10-S951_X_K,E_DI2_VLO,PC_ENT,FR,2020,8.58,b,
ESTAT:ISOC_E_DII(1.0),27/02/26 11:00:00,A,GE250,C10-S951_X_K,E_DI2_VLO,PC_ENT,HR,2018,20.78,,
ESTAT:ISOC_E_DII(1.0),27/02/26 11:00:00,A,GE250,C10-S951_X_K,E_DI2_VLO,PC_ENT,HR,2020,9.87,,
ESTAT:ISOC_E_DII(1.0),27/02/26 11:00:00,A,GE250,C10-S951_X_K,E_DI2_VLO,PC_ENT,HU,2018,17.97,,
ESTAT:ISOC_E_DII(1.0),27/02/26 11:00:00,A,GE250,C10-S951_X_K,E_DI2_VLO,PC_ENT,HU,2020,16.06,,
ESTAT:ISOC_E_DII(1.0),27/02/26 11:00:00,A,GE250,C10-S951_X_K,E_DI2_VLO,PC_ENT,IE,2018,16.01,,
ESTAT:ISOC_E_DII(1.0),27/02/26 11:00:00,A,GE250,C10-S951_X_K,E_DI2_VLO,PC_ENT,IE,2020,5.08,,
ESTAT:ISOC_E_DII(1.0),27/02/26 11:00:00,A,GE250,C10-S951_X_K,E_DI2_VLO,PC_ENT,IT,2018,21.50,,
ESTAT:ISOC_E_DII(1.0),27/02/26 11:00:00,A,GE250,C10-S951_X_K,E_DI2_VLO,PC_ENT,IT,2020,9.25,b,
ESTAT:ISOC_E_DII(1.0),27/02/26 11:00:00,A,GE250,C10-S951_X_K,E_DI2_VLO,PC_ENT,LT,2018,15.43,,
ESTAT:ISOC_E_DII(1.0),27/02/26 11:00:00,A,GE250,C10-S951_X_K,E_DI2_VLO,PC_ENT,LT,2020,11.39,,
ESTAT:ISOC_E_DII(1.0),27/02/26 11:00:00,A,GE250,C10-S951_X_K,E_DI2_VLO,PC_ENT,LU,2018,23.63,,
ESTAT:ISOC_E_DII(1.0),27/02/26 11:00:00,A,GE250,C10-S951_X_K,E_DI2_VLO,PC_ENT,LU,2020,12.58,,
ESTAT:ISOC_E_DII(1.0),27/02/26 11:00:00,A,GE250,C10-S951_X_K,E_DI2_VLO,PC_ENT,LV,2018,20.00,,
ESTAT:ISOC_E_DII(1.0),27/02/26 11:00:00,A,GE250,C10-S951_X_K,E_DI2_VLO,PC_ENT,LV,2020,16.85,,
ESTAT:ISOC_E_DII(1.0),27/02/26 11:00:00,A,GE250,C10-S951_X_K,E_DI2_VLO,PC_ENT,ME,2018,,u,
ESTAT:ISOC_E_DII(1.0),27/02/26 11:00:00,A,GE250,C10-S951_X_K,E_DI2_VLO,PC_ENT,ME,2020,21.99,,
ESTAT:ISOC_E_DII(1.0),27/02/26 11:00:00,A,GE250,C10-S951_X_K,E_DI2_VLO,PC_ENT,MK,2020,36.39,,
ESTAT:ISOC_E_DII(1.0),27/02/26 11:00:00,A,GE250,C10-S951_X_K,E_DI2_VLO,PC_ENT,MT,2018,21.08,,
ESTAT:ISOC_E_DII(1.0),27/02/26 11:00:00,A,GE250,C10-S951_X_K,E_DI2_VLO,PC_ENT,MT,2020,17.06,,
ESTAT:ISOC_E_DII(1.0),27/02/26 11:00:00,A,GE250,C10-S951_X_K,E_DI2_VLO,PC_ENT,NL,2018,5.85,,
ESTAT:ISOC_E_DII(1.0),27/02/26 11:00:00,A,GE250,C10-S951_X_K,E_DI2_VLO,PC_ENT,NL,2020,4.41,,
ESTAT:ISOC_E_DII(1.0),27/02/26 11:00:00,A,GE250,C10-S951_X_K,E_DI2_VLO,PC_ENT,NO,2018,7.20,,
ESTAT:ISOC_E_DII(1.0),27/02/26 11:00:00,A,GE250,C10-S951_X_K,E_DI2_VLO,PC_ENT,NO,2020,3.31,,
ESTAT:ISOC_E_DII(1.0),27/02/26 11:00:00,A,GE250,C10-S951_X_K,E_DI2_VLO,PC_ENT,PL,2018,17.95,,
ESTAT:ISOC_E_DII(1.0),27/02/26 11:00:00,A,GE250,C10-S951_X_K,E_DI2_VLO,PC_ENT,PL,2020,9.20,,
ESTAT:ISOC_E_DII(1.0),27/02/26 11:00:00,A,GE250,C10-S951_X_K,E_DI2_VLO,PC_ENT,PT,2018,17.70,,
ESTAT:ISOC_E_DII(1.0),27/02/26 11:00:00,A,GE250,C10-S951_X_K,E_DI2_VLO,PC_ENT,PT,2020,11.70,,
ESTAT:ISOC_E_DII(1.0),27/02/26 11:00:00,A,GE250,C10-S951_X_K,E_DI2_VLO,PC_ENT,RO,2018,31.88,,
ESTAT:ISOC_E_DII(1.0),27/02/26 11:00:00,A,GE250,C10-S951_X_K,E_DI2_VLO,PC_ENT,RO,2020,20.67,,
ESTAT:ISOC_E_DII(1.0),27/02/26 11:00:00,A,GE250,C10-S951_X_K,E_DI2_VLO,PC_ENT,RS,2020,18.87,,
ESTAT:ISOC_E_DII(1.0),27/02/26 11:00:00,A,GE250,C10-S951_X_K,E_DI2_VLO,PC_ENT,SE,2018,5.72,,
ESTAT:ISOC_E_DII(1.0),27/02/26 11:00:00,A,GE250,C10-S951_X_K,E_DI2_VLO,PC_ENT,SE,2020,1.47,,
ESTAT:ISOC_E_DII(1.0),27/02/26 11:00:00,A,GE250,C10-S951_X_K,E_DI2_VLO,PC_ENT,SI,2018,4.55,,
ESTAT:ISOC_E_DII(1.0),27/02/26 11:00:00,A,GE250,C10-S951_X_K,E_DI2_VLO,PC_ENT,SI,2020,,,C
ESTAT:ISOC_E_DII(1.0),27/02/26 11:00:00,A,GE250,C10-S951_X_K,E_DI2_VLO,PC_ENT,SK,2018,23.20,,
ESTAT:ISOC_E_DII(1.0),27/02/26 11:00:00,A,GE250,C10-S951_X_K,E_DI2_VLO,PC_ENT,SK,2020,15.34,,
ESTAT:ISOC_E_DII(1.0),27/02/26 11:00:00,A,GE250,C10-S951_X_K,E_DI2_VLO,PC_ENT,UK,2018,18.56,,
ESTAT:ISOC_E_DII(1.0),27/02/26 11:00:00,A,GE250,C10-S951_X_K,E_DI2_VLO,PC_ENT,UK,2020,12.99,,
ESTAT:ISOC_E_DII(1.0),27/02/26 11:00:00,A,GE250,C10-S951_X_K,E_DI3_GELO,PC_ENT,AT,2021,96.32,,
ESTAT:ISOC_E_DII(1.0),27/02/26 11:00:00,A,GE250,C10-S951_X_K,E_DI3_GELO,PC_ENT,AT,2023,95.29,,
ESTAT:ISOC_E_DII(1.0),27/02/26 11:00:00,A,GE250,C10-S951_X_K,E_DI3_GELO,PC_ENT,AT,2025,97.95,,
ESTAT:ISOC_E_DII(1.0),27/02/26 11:00:00,A,GE250,C10-S951_X_K,E_DI3_GELO,PC_ENT,BA,2021,65.91,,
ESTAT:ISOC_E_DII(1.0),27/02/26 11:00:00,A,GE250,C10-S951_X_K,E_DI3_GELO,PC_ENT,BA,2023,75.86,,
ESTAT:ISOC_E_DII(1.0),27/02/26 11:00:00,A,GE250,C10-S951_X_K,E_DI3_GELO,PC_ENT,BA,2025,86.62,,
ESTAT:ISOC_E_DII(1.0),27/02/26 11:00:00,A,GE250,C10-S951_X_K,E_DI3_GELO,PC_ENT,BE,2021,95.48,,
ESTAT:ISOC_E_DII(1.0),27/02/26 11:00:00,A,GE250,C10-S951_X_K,E_DI3_GELO,PC_ENT,BE,2023,97.01,,
ESTAT:ISOC_E_DII(1.0),27/02/26 11:00:00,A,GE250,C10-S951_X_K,E_DI3_GELO,PC_ENT,BE,2025,99.58,,
ESTAT:ISOC_E_DII(1.0),27/02/26 11:00:00,A,GE250,C10-S951_X_K,E_DI3_GELO,PC_ENT,BG,2021,60.61,,
ESTAT:ISOC_E_DII(1.0),27/02/26 11:00:00,A,GE250,C10-S951_X_K,E_DI3_GELO,PC_ENT,BG,2023,66.32,,
ESTAT:ISOC_E_DII(1.0),27/02/26 11:00:00,A,GE250,C10-S951_X_K,E_DI3_GELO,PC_ENT,BG,2025,80.79,,
ESTAT:ISOC_E_DII(1.0),27/02/26 11:00:00,A,GE250,C10-S951_X_K,E_DI3_GELO,PC_ENT,CY,2021,96.63,,
ESTAT:ISOC_E_DII(1.0),27/02/26 11:00:00,A,GE250,C10-S951_X_K,E_DI3_GELO,PC_ENT,CY,2023,96.36,,
ESTAT:ISOC_E_DII(1.0),27/02/26 11:00:00,A,GE250,C10-S951_X_K,E_DI3_GELO,PC_ENT,CY,2025,98.20,,
ESTAT:ISOC_E_DII(1.0),27/02/26 11:00:00,A,GE250,C10-S951_X_K,E_DI3_GELO,PC_ENT,CZ,2021,89.62,,
ESTAT:ISOC_E_DII(1.0),27/02/26 11:00:00,A,GE250,C10-S951_X_K,E_DI3_GELO,PC_ENT,CZ,2023,91.16,,
ESTAT:ISOC_E_DII(1.0),27/02/26 11:00:00,A,GE250,C10-S951_X_K,E_DI3_GELO,PC_ENT,CZ,2025,97.14,,
ESTAT:ISOC_E_DII(1.0),27/02/26 11:00:00,A,GE250,C10-S951_X_K,E_DI3_GELO,PC_ENT,DE,2021,88.55,,
ESTAT:ISOC_E_DII(1.0),27/02/26 11:00:00,A,GE250,C10-S951_X_K,E_DI3_GELO,PC_ENT,DE,2023,92.86,,
ESTAT:ISOC_E_DII(1.0),27/02/26 11:00:00,A,GE250,C10-S951_X_K,E_DI3_GELO,PC_ENT,DE,2025,97.96,,
ESTAT:ISOC_E_DII(1.0),27/02/26 11:00:00,A,GE250,C10-S951_X_K,E_DI3_GELO,PC_ENT,DK,2021,97.69,,
ESTAT:ISOC_E_DII(1.0),27/02/26 11:00:00,A,GE250,C10-S951_X_K,E_DI3_GELO,PC_ENT,DK,2023,96.68,,
ESTAT:ISOC_E_DII(1.0),27/02/26 11:00:00,A,GE250,C10-S951_X_K,E_DI3_GELO,PC_ENT,DK,2025,99.81,,
ESTAT:ISOC_E_DII(1.0),27/02/26 11:00:00,A,GE250,C10-S951_X_K,E_DI3_GELO,PC_ENT,EA,2021,89.55,,
ESTAT:ISOC_E_DII(1.0),27/02/26 11:00:00,A,GE250,C10-S951_X_K,E_DI3_GELO,PC_ENT,EA,2023,92.41,,
ESTAT:ISOC_E_DII(1.0),27/02/26 11:00:00,A,GE250,C10-S951_X_K,E_DI3_GELO,PC_ENT,EA,2025,97.17,,
ESTAT:ISOC_E_DII(1.0),27/02/26 11:00:00,A,GE250,C10-S951_X_K,E_DI3_GELO,PC_ENT,EE,2021,89.73,,
ESTAT:ISOC_E_DII(1.0),27/02/26 11:00:00,A,GE250,C10-S951_X_K,E_DI3_GELO,PC_ENT,EE,2023,94.55,,
ESTAT:ISOC_E_DII(1.0),27/02/26 11:00:00,A,GE250,C10-S951_X_K,E_DI3_GELO,PC_ENT,EE,2025,99.35,d,
ESTAT:ISOC_E_DII(1.0),27/02/26 11:00:00,A,GE250,C10-S951_X_K,E_DI3_GELO,PC_ENT,EL,2021,73.32,,
ESTAT:ISOC_E_DII(1.0),27/02/26 11:00:00,A,GE250,C10-S951_X_K,E_DI3_GELO,PC_ENT,EL,2023,76.40,,
ESTAT:ISOC_E_DII(1.0),27/02/26 11:00:00,A,GE250,C10-S951_X_K,E_DI3_GELO,PC_ENT,EL,2025,92.48,,
ESTAT:ISOC_E_DII(1.0),27/02/26 11:00:00,A,GE250,C10-S951_X_K,E_DI3_GELO,PC_ENT,ES,2021,89.58,,
ESTAT:ISOC_E_DII(1.0),27/02/26 11:00:00,A,GE250,C10-S951_X_K,E_DI3_GELO,PC_ENT,ES,2023,92.95,,
ESTAT:ISOC_E_DII(1.0),27/02/26 11:00:00,A,GE250,C10-S951_X_K,E_DI3_GELO,PC_ENT,ES,2025,95.63,,
ESTAT:ISOC_E_DII(1.0),27/02/26 11:00:00,A,GE250,C10-S951_X_K,E_DI3_GELO,PC_ENT,EU27_2020,2021,88.13,,
ESTAT:ISOC_E_DII(1.0),27/02/26 11:00:00,A,GE250,C10-S951_X_K,E_DI3_GELO,PC_ENT,EU27_2020,2023,91.18,,
ESTAT:ISOC_E_DII(1.0),27/02/26 11:00:00,A,GE250,C10-S951_X_K,E_DI3_GELO,PC_ENT,EU27_2020,2025,96.39,,
ESTAT:ISOC_E_DII(1.0),27/02/26 11:00:00,A,GE250,C10-S951_X_K,E_DI3_GELO,PC_ENT,FI,2021,99.62,,
ESTAT:ISOC_E_DII(1.0),27/02/26 11:00:00,A,GE250,C10-S951_X_K,E_DI3_GELO,PC_ENT,FI,2023,99.80,,
ESTAT:ISOC_E_DII(1.0),27/02/26 11:00:00,A,GE250,C10-S951_X_K,E_DI3_GELO,PC_ENT,FI,2025,100.00,,
ESTAT:ISOC_E_DII(1.0),27/02/26 11:00:00,A,GE250,C10-S951_X_K,E_DI3_GELO,PC_ENT,FR,2021,89.44,,
ESTAT:ISOC_E_DII(1.0),27/02/26 11:00:00,A,GE250,C10-S951_X_K,E_DI3_GELO,PC_ENT,FR,2023,90.15,b,
ESTAT:ISOC_E_DII(1.0),27/02/26 11:00:00,A,GE250,C10-S951_X_K,E_DI3_GELO,PC_ENT,FR,2025,97.72,,
ESTAT:ISOC_E_DII(1.0),27/02/26 11:00:00,A,GE250,C10-S951_X_K,E_DI3_GELO,PC_ENT,HR,2021,80.77,,
ESTAT:ISOC_E_DII(1.0),27/02/26 11:00:00,A,GE250,C10-S951_X_K,E_DI3_GELO,PC_ENT,HR,2023,90.63,,
ESTAT:ISOC_E_DII(1.0),27/02/26 11:00:00,A,GE250,C10-S951_X_K,E_DI3_GELO,PC_ENT,HR,2025,95.35,,
ESTAT:ISOC_E_DII(1.0),27/02/26 11:00:00,A,GE250,C10-S951_X_K,E_DI3_GELO,PC_ENT,HU,2021,82.00,,
ESTAT:ISOC_E_DII(1.0),27/02/26 11:00:00,A,GE250,C10-S951_X_K,E_DI3_GELO,PC_ENT,HU,2023,93.55,,
ESTAT:ISOC_E_DII(1.0),27/02/26 11:00:00,A,GE250,C10-S951_X_K,E_DI3_GELO,PC_ENT,HU,2025,96.97,,
ESTAT:ISOC_E_DII(1.0),27/02/26 11:00:00,A,GE250,C10-S951_X_K,E_DI3_GELO,PC_ENT,IE,2021,94.32,,
ESTAT:ISOC_E_DII(1.0),27/02/26 11:00:00,A,GE250,C10-S951_X_K,E_DI3_GELO,PC_ENT,IE,2023,93.83,,
ESTAT:ISOC_E_DII(1.0),27/02/26 11:00:00,A,GE250,C10-S951_X_K,E_DI3_GELO,PC_ENT,IE,2025,97.79,,
ESTAT:ISOC_E_DII(1.0),27/02/26 11:00:00,A,GE250,C10-S951_X_K,E_DI3_GELO,PC_ENT,IT,2021,87.77,,
ESTAT:ISOC_E_DII(1.0),27/02/26 11:00:00,A,GE250,C10-S951_X_K,E_DI3_GELO,PC_ENT,IT,2023,91.11,,
ESTAT:ISOC_E_DII(1.0),27/02/26 11:00:00,A,GE250,C10-S951_X_K,E_DI3_GELO,PC_ENT,IT,2025,96.37,,
ESTAT:ISOC_E_DII(1.0),27/02/26 11:00:00,A,GE250,C10-S951_X_K,E_DI3_GELO,PC_ENT,LT,2021,91.43,,
ESTAT:ISOC_E_DII(1.0),27/02/26 11:00:00,A,GE250,C10-S951_X_K,E_DI3_GELO,PC_ENT,LT,2023,93.60,,
ESTAT:ISOC_E_DII(1.0),27/02/26 11:00:00,A,GE250,C10-S951_X_K,E_DI3_GELO,PC_ENT,LT,2025,98.25,,
ESTAT:ISOC_E_DII(1.0),27/02/26 11:00:00,A,GE250,C10-S951_X_K,E_DI3_GELO,PC_ENT,LU,2021,88.79,,
ESTAT:ISOC_E_DII(1.0),27/02/26 11:00:00,A,GE250,C10-S951_X_K,E_DI3_GELO,PC_ENT,LU,2023,93.95,,
ESTAT:ISOC_E_DII(1.0),27/02/26 11:00:00,A,GE250,C10-S951_X_K,E_DI3_GELO,PC_ENT,LU,2025,96.01,,
ESTAT:ISOC_E_DII(1.0),27/02/26 11:00:00,A,GE250,C10-S951_X_K,E_DI3_GELO,PC_ENT,LV,2021,88.61,,
ESTAT:ISOC_E_DII(1.0),27/02/26 11:00:00,A,GE250,C10-S951_X_K,E_DI3_GELO,PC_ENT,LV,2023,93.72,,
ESTAT:ISOC_E_DII(1.0),27/02/26 11:00:00,A,GE250,C10-S951_X_K,E_DI3_GELO,PC_ENT,LV,2025,98.21,,
ESTAT:ISOC_E_DII(1.0),27/02/26 11:00:00,A,GE250,C10-S951_X_K,E_DI3_GELO,PC_ENT,ME,2021,67.17,,
ESTAT:ISOC_E_DII(1.0),27/02/26 11:00:00,A,GE250,C10-S951_X_K,E_DI3_GELO,PC_ENT,ME,2023,,,C
ESTAT:ISOC_E_DII(1.0),27/02/26 11:00:00,A,GE250,C10-S951_X_K,E_DI3_GELO,PC_ENT,ME,2025,80.83,,
ESTAT:ISOC_E_DII(1.0),27/02/26 11:00:00,A,GE250,C10-S951_X_K,E_DI3_GELO,PC_ENT,MK,2021,,,C
ESTAT:ISOC_E_DII(1.0),27/02/26 11:00:00,A,GE250,C10-S951_X_K,E_DI3_GELO,PC_ENT,MT,2021,82.50,,
ESTAT:ISOC_E_DII(1.0),27/02/26 11:00:00,A,GE250,C10-S951_X_K,E_DI3_GELO,PC_ENT,MT,2023,90.36,,
ESTAT:ISOC_E_DII(1.0),27/02/26 11:00:00,A,GE250,C10-S951_X_K,E_DI3_GELO,PC_ENT,MT,2025,94.85,,
ESTAT:ISOC_E_DII(1.0),27/02/26 11:00:00,A,GE250,C10-S951_X_K,E_DI3_GELO,PC_ENT,NL,2021,95.13,,
ESTAT:ISOC_E_DII(1.0),27/02/26 11:00:00,A,GE250,C10-S951_X_K,E_DI3_GELO,PC_ENT,NL,2023,97.55,,
ESTAT:ISOC_E_DII(1.0),27/02/26 11:00:00,A,GE250,C10-S951_X_K,E_DI3_GELO,PC_ENT,NL,2025,97.92,,
ESTAT:ISOC_E_DII(1.0),27/02/26 11:00:00,A,GE250,C10-S951_X_K,E_DI3_GELO,PC_ENT,NO,2021,95.88,,
ESTAT:ISOC_E_DII(1.0),27/02/26 11:00:00,A,GE250,C10-S951_X_K,E_DI3_GELO,PC_ENT,NO,2023,97.14,,
ESTAT:ISOC_E_DII(1.0),27/02/26 11:00:00,A,GE250,C10-S951_X_K,E_DI3_GELO,PC_ENT,NO,2025,98.63,,
ESTAT:ISOC_E_DII(1.0),27/02/26 11:00:00,A,GE250,C10-S951_X_K,E_DI3_GELO,PC_ENT,PL,2021,90.13,,
ESTAT:ISOC_E_DII(1.0),27/02/26 11:00:00,A,GE250,C10-S951_X_K,E_DI3_GELO,PC_ENT,PL,2023,94.09,,
ESTAT:ISOC_E_DII(1.0),27/02/26 11:00:00,A,GE250,C10-S951_X_K,E_DI3_GELO,PC_ENT,PL,2025,97.01,,
ESTAT:ISOC_E_DII(1.0),27/02/26 11:00:00,A,GE250,C10-S951_X_K,E_DI3_GELO,PC_ENT,PT,2021,88.67,,
ESTAT:ISOC_E_DII(1.0),27/02/26 11:00:00,A,GE250,C10-S951_X_K,E_DI3_GELO,PC_ENT,PT,2023,92.08,,
ESTAT:ISOC_E_DII(1.0),27/02/26 11:00:00,A,GE250,C10-S951_X_K,E_DI3_GELO,PC_ENT,PT,2025,95.35,,
ESTAT:ISOC_E_DII(1.0),27/02/26 11:00:00,A,GE250,C10-S951_X_K,E_DI3_GELO,PC_ENT,RO,2021,60.79,,
ESTAT:ISOC_E_DII(1.0),27/02/26 11:00:00,A,GE250,C10-S951_X_K,E_DI3_GELO,PC_ENT,RO,2023,60.86,,
ESTAT:ISOC_E_DII(1.0),27/02/26 11:00:00,A,GE250,C10-S951_X_K,E_DI3_GELO,PC_ENT,RO,2025,80.66,,
ESTAT:ISOC_E_DII(1.0),27/02/26 11:00:00,A,GE250,C10-S951_X_K,E_DI3_GELO,PC_ENT,RS,2021,65.63,,
ESTAT:ISOC_E_DII(1.0),27/02/26 11:00:00,A,GE250,C10-S951_X_K,E_DI3_GELO,PC_ENT,RS,2023,76.22,,
ESTAT:ISOC_E_DII(1.0),27/02/26 11:00:00,A,GE250,C10-S951_X_K,E_DI3_GELO,PC_ENT,RS,2025,81.70,,
ESTAT:ISOC_E_DII(1.0),27/02/26 11:00:00,A,GE250,C10-S951_X_K,E_DI3_GELO,PC_ENT,SE,2021,98.50,,
ESTAT:ISOC_E_DII(1.0),27/02/26 11:00:00,A,GE250,C10-S951_X_K,E_DI3_GELO,PC_ENT,SE,2023,98.07,b,
ESTAT:ISOC_E_DII(1.0),27/02/26 11:00:00,A,GE250,C10-S951_X_K,E_DI3_GELO,PC_ENT,SE,2025,98.86,,
ESTAT:ISOC_E_DII(1.0),27/02/26 11:00:00,A,GE250,C10-S951_X_K,E_DI3_GELO,PC_ENT,SI,2021,96.37,,
ESTAT:ISOC_E_DII(1.0),27/02/26 11:00:00,A,GE250,C10-S951_X_K,E_DI3_GELO,PC_ENT,SI,2023,96.60,,
ESTAT:ISOC_E_DII(1.0),27/02/26 11:00:00,A,GE250,C10-S951_X_K,E_DI3_GELO,PC_ENT,SI,2025,99.19,,
ESTAT:ISOC_E_DII(1.0),27/02/26 11:00:00,A,GE250,C10-S951_X_K,E_DI3_GELO,PC_ENT,SK,2021,76.27,,
ESTAT:ISOC_E_DII(1.0),27/02/26 11:00:00,A,GE250,C10-S951_X_K,E_DI3_GELO,PC_ENT,SK,2023,84.51,,
ESTAT:ISOC_E_DII(1.0),27/02/26 11:00:00,A,GE250,C10-S951_X_K,E_DI3_GELO,PC_ENT,SK,2025,89.35,,
ESTAT:ISOC_E_DII(1.0),27/02/26 11:00:00,A,GE250,C10-S951_X_K,E_DI3_GELO,PC_ENT,TR,2025,85.11,,
ESTAT:ISOC_E_DII(1.0),27/02/26 11:00:00,A,GE250,C10-S951_X_K,E_DI3_HI,PC_ENT,AT,2021,47.37,,
ESTAT:ISOC_E_DII(1.0),27/02/26 11:00:00,A,GE250,C10-S951_X_K,E_DI3_HI,PC_ENT,AT,2023,49.03,,
ESTAT:ISOC_E_DII(1.0),27/02/26 11:00:00,A,GE250,C10-S951_X_K,E_DI3_HI,PC_ENT,AT,2025,43.66,,
ESTAT:ISOC_E_DII(1.0),27/02/26 11:00:00,A,GE250,C10-S951_X_K,E_DI3_HI,PC_ENT,BA,2021,24.46,,
ESTAT:ISOC_E_DII(1.0),27/02/26 11:00:00,A,GE250,C10-S951_X_K,E_DI3_HI,PC_ENT,BA,2023,26.73,,
ESTAT:ISOC_E_DII(1.0),27/02/26 11:00:00,A,GE250,C10-S951_X_K,E_DI3_HI,PC_ENT,BA,2025,35.89,,
ESTAT:ISOC_E_DII(1.0),27/02/26 11:00:00,A,GE250,C10-S951_X_K,E_DI3_HI,PC_ENT,BE,2021,54.09,,
ESTAT:ISOC_E_DII(1.0),27/02/26 11:00:00,A,GE250,C10-S951_X_K,E_DI3_HI,PC_ENT,BE,2023,41.31,,
ESTAT:ISOC_E_DII(1.0),27/02/26 11:00:00,A,GE250,C10-S951_X_K,E_DI3_HI,PC_ENT,BE,2025,31.86,,
ESTAT:ISOC_E_DII(1.0),27/02/26 11:00:00,A,GE250,C10-S951_X_K,E_DI3_HI,PC_ENT,BG,2021,20.47,,
ESTAT:ISOC_E_DII(1.0),27/02/26 11:00:00,A,GE250,C10-S951_X_K,E_DI3_HI,PC_ENT,BG,2023,28.25,,
ESTAT:ISOC_E_DII(1.0),27/02/26 11:00:00,A,GE250,C10-S951_X_K,E_DI3_HI,PC_ENT,BG,2025,33.07,,
ESTAT:ISOC_E_DII(1.0),27/02/26 11:00:00,A,GE250,C10-S951_X_K,E_DI3_HI,PC_ENT,CY,2021,60.27,,
ESTAT:ISOC_E_DII(1.0),27/02/26 11:00:00,A,GE250,C10-S951_X_K,E_DI3_HI,PC_ENT,CY,2023,48.95,,
ESTAT:ISOC_E_DII(1.0),27/02/26 11:00:00,A,GE250,C10-S951_X_K,E_DI3_HI,PC_ENT,CY,2025,40.34,,
ESTAT:ISOC_E_DII(1.0),27/02/26 11:00:00,A,GE250,C10-S951_X_K,E_DI3_HI,PC_ENT,CZ,2021,38.56,,
ESTAT:ISOC_E_DII(1.0),27/02/26 11:00:00,A,GE250,C10-S951_X_K,E_DI3_HI,PC_ENT,CZ,2023,41.62,,
ESTAT:ISOC_E_DII(1.0),27/02/26 11:00:00,A,GE250,C10-S951_X_K,E_DI3_HI,PC_ENT,CZ,2025,45.85,,
ESTAT:ISOC_E_DII(1.0),27/02/26 11:00:00,A,GE250,C10-S951_X_K,E_DI3_HI,PC_ENT,DE,2021,43.24,,
ESTAT:ISOC_E_DII(1.0),27/02/26 11:00:00,A,GE250,C10-S951_X_K,E_DI3_HI,PC_ENT,DE,2023,41.96,,
ESTAT:ISOC_E_DII(1.0),27/02/26 11:00:00,A,GE250,C10-S951_X_K,E_DI3_HI,PC_ENT,DE,2025,44.56,,
ESTAT:ISOC_E_DII(1.0),27/02/26 11:00:00,A,GE250,C10-S951_X_K,E_DI3_HI,PC_ENT,DK,2021,38.41,,
ESTAT:ISOC_E_DII(1.0),27/02/26 11:00:00,A,GE250,C10-S951_X_K,E_DI3_HI,PC_ENT,DK,2023,52.31,,
ESTAT:ISOC_E_DII(1.0),27/02/26 11:00:00,A,GE250,C10-S951_X_K,E_DI3_HI,PC_ENT,DK,2025,25.72,,
ESTAT:ISOC_E_DII(1.0),27/02/26 11:00:00,A,GE250,C10-S951_X_K,E_DI3_HI,PC_ENT,EA,2021,45.00,,
ESTAT:ISOC_E_DII(1.0),27/02/26 11:00:00,A,GE250,C10-S951_X_K,E_DI3_HI,PC_ENT,EA,2023,42.18,,
ESTAT:ISOC_E_DII(1.0),27/02/26 11:00:00,A,GE250,C10-S951_X_K,E_DI3_HI,PC_ENT,EA,2025,39.75,,
ESTAT:ISOC_E_DII(1.0),27/02/26 11:00:00,A,GE250,C10-S951_X_K,E_DI3_HI,PC_ENT,EE,2021,41.10,,
ESTAT:ISOC_E_DII(1.0),27/02/26 11:00:00,A,GE250,C10-S951_X_K,E_DI3_HI,PC_ENT,EE,2023,42.42,,
ESTAT:ISOC_E_DII(1.0),27/02/26 11:00:00,A,GE250,C10-S951_X_K,E_DI3_HI,PC_ENT,EE,2025,46.45,d,
ESTAT:ISOC_E_DII(1.0),27/02/26 11:00:00,A,GE250,C10-S951_X_K,E_DI3_HI,PC_ENT,EL,2021,29.03,,
ESTAT:ISOC_E_DII(1.0),27/02/26 11:00:00,A,GE250,C10-S951_X_K,E_DI3_HI,PC_ENT,EL,2023,28.94,,
ESTAT:ISOC_E_DII(1.0),27/02/26 11:00:00,A,GE250,C10-S951_X_K,E_DI3_HI,PC_ENT,EL,2025,40.15,,
ESTAT:ISOC_E_DII(1.0),27/02/26 11:00:00,A,GE250,C10-S951_X_K,E_DI3_HI,PC_ENT,ES,2021,44.10,,
ESTAT:ISOC_E_DII(1.0),27/02/26 11:00:00,A,GE250,C10-S951_X_K,E_DI3_HI,PC_ENT,ES,2023,38.31,,
ESTAT:ISOC_E_DII(1.0),27/02/26 11:00:00,A,GE250,C10-S951_X_K,E_DI3_HI,PC_ENT,ES,2025,34.11,,
ESTAT:ISOC_E_DII(1.0),27/02/26 11:00:00,A,GE250,C10-S951_X_K,E_DI3_HI,PC_ENT,EU27_2020,2021,42.60,,
ESTAT:ISOC_E_DII(1.0),27/02/26 11:00:00,A,GE250,C10-S951_X_K,E_DI3_HI,PC_ENT,EU27_2020,2023,42.03,,
ESTAT:ISOC_E_DII(1.0),27/02/26 11:00:00,A,GE250,C10-S951_X_K,E_DI3_HI,PC_ENT,EU27_2020,2025,39.74,,
ESTAT:ISOC_E_DII(1.0),27/02/26 11:00:00,A,GE250,C10-S951_X_K,E_DI3_HI,PC_ENT,FI,2021,44.32,,
ESTAT:ISOC_E_DII(1.0),27/02/26 11:00:00,A,GE250,C10-S951_X_K,E_DI3_HI,PC_ENT,FI,2023,39.55,,
ESTAT:ISOC_E_DII(1.0),27/02/26 11:00:00,A,GE250,C10-S951_X_K,E_DI3_HI,PC_ENT,FI,2025,22.65,,
ESTAT:ISOC_E_DII(1.0),27/02/26 11:00:00,A,GE250,C10-S951_X_K,E_DI3_HI,PC_ENT,FR,2021,46.51,,
ESTAT:ISOC_E_DII(1.0),27/02/26 11:00:00,A,GE250,C10-S951_X_K,E_DI3_HI,PC_ENT,FR,2023,42.03,b,
ESTAT:ISOC_E_DII(1.0),27/02/26 11:00:00,A,GE250,C10-S951_X_K,E_DI3_HI,PC_ENT,FR,2025,33.89,,
ESTAT:ISOC_E_DII(1.0),27/02/26 11:00:00,A,GE250,C10-S951_X_K,E_DI3_HI,PC_ENT,HR,2021,29.63,,
ESTAT:ISOC_E_DII(1.0),27/02/26 11:00:00,A,GE250,C10-S951_X_K,E_DI3_HI,PC_ENT,HR,2023,42.35,,
ESTAT:ISOC_E_DII(1.0),27/02/26 11:00:00,A,GE250,C10-S951_X_K,E_DI3_HI,PC_ENT,HR,2025,45.65,,
ESTAT:ISOC_E_DII(1.0),27/02/26 11:00:00,A,GE250,C10-S951_X_K,E_DI3_HI,PC_ENT,HU,2021,35.10,,
ESTAT:ISOC_E_DII(1.0),27/02/26 11:00:00,A,GE250,C10-S951_X_K,E_DI3_HI,PC_ENT,HU,2023,49.94,,
ESTAT:ISOC_E_DII(1.0),27/02/26 11:00:00,A,GE250,C10-S951_X_K,E_DI3_HI,PC_ENT,HU,2025,48.64,,
ESTAT:ISOC_E_DII(1.0),27/02/26 11:00:00,A,GE250,C10-S951_X_K,E_DI3_HI,PC_ENT,IE,2021,49.86,,
ESTAT:ISOC_E_DII(1.0),27/02/26 11:00:00,A,GE250,C10-S951_X_K,E_DI3_HI,PC_ENT,IE,2023,47.30,,
ESTAT:ISOC_E_DII(1.0),27/02/26 11:00:00,A,GE250,C10-S951_X_K,E_DI3_HI,PC_ENT,IE,2025,42.82,,
ESTAT:ISOC_E_DII(1.0),27/02/26 11:00:00,A,GE250,C10-S951_X_K,E_DI3_HI,PC_ENT,IT,2021,41.71,,
ESTAT:ISOC_E_DII(1.0),27/02/26 11:00:00,A,GE250,C10-S951_X_K,E_DI3_HI,PC_ENT,IT,2023,44.07,,
ESTAT:ISOC_E_DII(1.0),27/02/26 11:00:00,A,GE250,C10-S951_X_K,E_DI3_HI,PC_ENT,IT,2025,42.79,,
ESTAT:ISOC_E_DII(1.0),27/02/26 11:00:00,A,GE250,C10-S951_X_K,E_DI3_HI,PC_ENT,LT,2021,44.52,,
ESTAT:ISOC_E_DII(1.0),27/02/26 11:00:00,A,GE250,C10-S951_X_K,E_DI3_HI,PC_ENT,LT,2023,50.93,,
ESTAT:ISOC_E_DII(1.0),27/02/26 11:00:00,A,GE250,C10-S951_X_K,E_DI3_HI,PC_ENT,LT,2025,45.83,,
ESTAT:ISOC_E_DII(1.0),27/02/26 11:00:00,A,GE250,C10-S951_X_K,E_DI3_HI,PC_ENT,LU,2021,44.64,,
ESTAT:ISOC_E_DII(1.0),27/02/26 11:00:00,A,GE250,C10-S951_X_K,E_DI3_HI,PC_ENT,LU,2023,39.47,,
ESTAT:ISOC_E_DII(1.0),27/02/26 11:00:00,A,GE250,C10-S951_X_K,E_DI3_HI,PC_ENT,LU,2025,46.95,,
ESTAT:ISOC_E_DII(1.0),27/02/26 11:00:00,A,GE250,C10-S951_X_K,E_DI3_HI,PC_ENT,LV,2021,46.53,,
ESTAT:ISOC_E_DII(1.0),27/02/26 11:00:00,A,GE250,C10-S951_X_K,E_DI3_HI,PC_ENT,LV,2023,42.03,,
ESTAT:ISOC_E_DII(1.0),27/02/26 11:00:00,A,GE250,C10-S951_X_K,E_DI3_HI,PC_ENT,LV,2025,44.39,,
ESTAT:ISOC_E_DII(1.0),27/02/26 11:00:00,A,GE250,C10-S951_X_K,E_DI3_HI,PC_ENT,ME,2021,34.85,,
ESTAT:ISOC_E_DII(1.0),27/02/26 11:00:00,A,GE250,C10-S951_X_K,E_DI3_HI,PC_ENT,ME,2023,,,C
ESTAT:ISOC_E_DII(1.0),27/02/26 11:00:00,A,GE250,C10-S951_X_K,E_DI3_HI,PC_ENT,ME,2025,21.44,,
ESTAT:ISOC_E_DII(1.0),27/02/26 11:00:00,A,GE250,C10-S951_X_K,E_DI3_HI,PC_ENT,MK,2021,,,C
ESTAT:ISOC_E_DII(1.0),27/02/26 11:00:00,A,GE250,C10-S951_X_K,E_DI3_HI,PC_ENT,MT,2021,48.75,,
ESTAT:ISOC_E_DII(1.0),27/02/26 11:00:00,A,GE250,C10-S951_X_K,E_DI3_HI,PC_ENT,MT,2023,42.17,,
ESTAT:ISOC_E_DII(1.0),27/02/26 11:00:00,A,GE250,C10-S951_X_K,E_DI3_HI,PC_ENT,MT,2025,40.34,,
ESTAT:ISOC_E_DII(1.0),27/02/26 11:00:00,A,GE250,C10-S951_X_K,E_DI3_HI,PC_ENT,NL,2021,61.23,,
ESTAT:ISOC_E_DII(1.0),27/02/26 11:00:00,A,GE250,C10-S951_X_K,E_DI3_HI,PC_ENT,NL,2023,48.57,,
ESTAT:ISOC_E_DII(1.0),27/02/26 11:00:00,A,GE250,C10-S951_X_K,E_DI3_HI,PC_ENT,NL,2025,35.57,b,
ESTAT:ISOC_E_DII(1.0),27/02/26 11:00:00,A,GE250,C10-S951_X_K,E_DI3_HI,PC_ENT,NO,2021,46.22,,
ESTAT:ISOC_E_DII(1.0),27/02/26 11:00:00,A,GE250,C10-S951_X_K,E_DI3_HI,PC_ENT,NO,2023,46.62,,
ESTAT:ISOC_E_DII(1.0),27/02/26 11:00:00,A,GE250,C10-S951_X_K,E_DI3_HI,PC_ENT,NO,2025,34.98,,
ESTAT:ISOC_E_DII(1.0),27/02/26 11:00:00,A,GE250,C10-S951_X_K,E_DI3_HI,PC_ENT,PL,2021,41.20,,
ESTAT:ISOC_E_DII(1.0),27/02/26 11:00:00,A,GE250,C10-S951_X_K,E_DI3_HI,PC_ENT,PL,2023,47.98,,
ESTAT:ISOC_E_DII(1.0),27/02/26 11:00:00,A,GE250,C10-S951_X_K,E_DI3_HI,PC_ENT,PL,2025,44.54,,
ESTAT:ISOC_E_DII(1.0),27/02/26 11:00:00,A,GE250,C10-S951_X_K,E_DI3_HI,PC_ENT,PT,2021,42.19,,
ESTAT:ISOC_E_DII(1.0),27/02/26 11:00:00,A,GE250,C10-S951_X_K,E_DI3_HI,PC_ENT,PT,2023,40.81,,
ESTAT:ISOC_E_DII(1.0),27/02/26 11:00:00,A,GE250,C10-S951_X_K,E_DI3_HI,PC_ENT,PT,2025,42.74,,
ESTAT:ISOC_E_DII(1.0),27/02/26 11:00:00,A,GE250,C10-S951_X_K,E_DI3_HI,PC_ENT,RO,2021,19.96,,
ESTAT:ISOC_E_DII(1.0),27/02/26 11:00:00,A,GE250,C10-S951_X_K,E_DI3_HI,PC_ENT,RO,2023,22.26,,
ESTAT:ISOC_E_DII(1.0),27/02/26 11:00:00,A,GE250,C10-S951_X_K,E_DI3_HI,PC_ENT,RO,2025,33.31,,
ESTAT:ISOC_E_DII(1.0),27/02/26 11:00:00,A,GE250,C10-S951_X_K,E_DI3_HI,PC_ENT,RS,2021,17.32,,
ESTAT:ISOC_E_DII(1.0),27/02/26 11:00:00,A,GE250,C10-S951_X_K,E_DI3_HI,PC_ENT,RS,2023,30.74,,
ESTAT:ISOC_E_DII(1.0),27/02/26 11:00:00,A,GE250,C10-S951_X_K,E_DI3_HI,PC_ENT,RS,2025,31.05,,
ESTAT:ISOC_E_DII(1.0),27/02/26 11:00:00,A,GE250,C10-S951_X_K,E_DI3_HI,PC_ENT,SE,2021,41.82,,
ESTAT:ISOC_E_DII(1.0),27/02/26 11:00:00,A,GE250,C10-S951_X_K,E_DI3_HI,PC_ENT,SE,2023,43.28,b,
ESTAT:ISOC_E_DII(1.0),27/02/26 11:00:00,A,GE250,C10-S951_X_K,E_DI3_HI,PC_ENT,SE,2025,30.69,,
ESTAT:ISOC_E_DII(1.0),27/02/26 11:00:00,A,GE250,C10-S951_X_K,E_DI3_HI,PC_ENT,SI,2021,50.61,,
ESTAT:ISOC_E_DII(1.0),27/02/26 11:00:00,A,GE250,C10-S951_X_K,E_DI3_HI,PC_ENT,SI,2023,42.98,,
ESTAT:ISOC_E_DII(1.0),27/02/26 11:00:00,A,GE250,C10-S951_X_K,E_DI3_HI,PC_ENT,SI,2025,37.49,,
ESTAT:ISOC_E_DII(1.0),27/02/26 11:00:00,A,GE250,C10-S951_X_K,E_DI3_HI,PC_ENT,SK,2021,31.04,,
ESTAT:ISOC_E_DII(1.0),27/02/26 11:00:00,A,GE250,C10-S951_X_K,E_DI3_HI,PC_ENT,SK,2023,34.95,,
ESTAT:ISOC_E_DII(1.0),27/02/26 11:00:00,A,GE250,C10-S951_X_K,E_DI3_HI,PC_ENT,SK,2025,39.38,,
ESTAT:ISOC_E_DII(1.0),27/02/26 11:00:00,A,GE250,C10-S951_X_K,E_DI3_HI,PC_ENT,TR,2025,37.06,,
ESTAT:ISOC_E_DII(1.0),27/02/26 11:00:00,A,GE250,C10-S951_X_K,E_DI3_LO,PC_ENT,AT,2021,24.01,,
ESTAT:ISOC_E_DII(1.0),27/02/26 11:00:00,A,GE250,C10-S951_X_K,E_DI3_LO,PC_ENT,AT,2023,19.24,,
ESTAT:ISOC_E_DII(1.0),27/02/26 11:00:00,A,GE250,C10-S951_X_K,E_DI3_LO,PC_ENT,AT,2025,10.36,,
ESTAT:ISOC_E_DII(1.0),27/02/26 11:00:00,A,GE250,C10-S951_X_K,E_DI3_LO,PC_ENT,BA,2021,37.72,,
ESTAT:ISOC_E_DII(1.0),27/02/26 11:00:00,A,GE250,C10-S951_X_K,E_DI3_LO,PC_ENT,BA,2023,42.93,,
ESTAT:ISOC_E_DII(1.0),27/02/26 11:00:00,A,GE250,C10-S951_X_K,E_DI3_LO,PC_ENT,BA,2025,29.32,,
ESTAT:ISOC_E_DII(1.0),27/02/26 11:00:00,A,GE250,C10-S951_X_K,E_DI3_LO,PC_ENT,BE,2021,22.42,,
ESTAT:ISOC_E_DII(1.0),27/02/26 11:00:00,A,GE250,C10-S951_X_K,E_DI3_LO,PC_ENT,BE,2023,10.08,,
ESTAT:ISOC_E_DII(1.0),27/02/26 11:00:00,A,GE250,C10-S951_X_K,E_DI3_LO,PC_ENT,BE,2025,5.07,,
ESTAT:ISOC_E_DII(1.0),27/02/26 11:00:00,A,GE250,C10-S951_X_K,E_DI3_LO,PC_ENT,BG,2021,35.15,,
ESTAT:ISOC_E_DII(1.0),27/02/26 11:00:00,A,GE250,C10-S951_X_K,E_DI3_LO,PC_ENT,BG,2023,30.63,,
ESTAT:ISOC_E_DII(1.0),27/02/26 11:00:00,A,GE250,C10-S951_X_K,E_DI3_LO,PC_ENT,BG,2025,35.84,,
ESTAT:ISOC_E_DII(1.0),27/02/26 11:00:00,A,GE250,C10-S951_X_K,E_DI3_LO,PC_ENT,CY,2021,27.33,,
ESTAT:ISOC_E_DII(1.0),27/02/26 11:00:00,A,GE250,C10-S951_X_K,E_DI3_LO,PC_ENT,CY,2023,25.56,,
ESTAT:ISOC_E_DII(1.0),27/02/26 11:00:00,A,GE250,C10-S951_X_K,E_DI3_LO,PC_ENT,CY,2025,21.00,,
ESTAT:ISOC_E_DII(1.0),27/02/26 11:00:00,A,GE250,C10-S951_X_K,E_DI3_LO,PC_ENT,CZ,2021,33.66,,
ESTAT:ISOC_E_DII(1.0),27/02/26 11:00:00,A,GE250,C10-S951_X_K,E_DI3_LO,PC_ENT,CZ,2023,28.32,,
ESTAT:ISOC_E_DII(1.0),27/02/26 11:00:00,A,GE250,C10-S951_X_K,E_DI3_LO,PC_ENT,CZ,2025,14.00,,
ESTAT:ISOC_E_DII(1.0),27/02/26 11:00:00,A,GE250,C10-S951_X_K,E_DI3_LO,PC_ENT,DE,2021,26.68,,
ESTAT:ISOC_E_DII(1.0),27/02/26 11:00:00,A,GE250,C10-S951_X_K,E_DI3_LO,PC_ENT,DE,2023,23.21,,
ESTAT:ISOC_E_DII(1.0),27/02/26 11:00:00,A,GE250,C10-S951_X_K,E_DI3_LO,PC_ENT,DE,2025,14.24,,
ESTAT:ISOC_E_DII(1.0),27/02/26 11:00:00,A,GE250,C10-S951_X_K,E_DI3_LO,PC_ENT,DK,2021,13.29,,
ESTAT:ISOC_E_DII(1.0),27/02/26 11:00:00,A,GE250,C10-S951_X_K,E_DI3_LO,PC_ENT,DK,2023,14.13,,
ESTAT:ISOC_E_DII(1.0),27/02/26 11:00:00,A,GE250,C10-S951_X_K,E_DI3_LO,PC_ENT,DK,2025,4.60,,
ESTAT:ISOC_E_DII(1.0),27/02/26 11:00:00,A,GE250,C10-S951_X_K,E_DI3_LO,PC_ENT,EA,2021,27.49,,
ESTAT:ISOC_E_DII(1.0),27/02/26 11:00:00,A,GE250,C10-S951_X_K,E_DI3_LO,PC_ENT,EA,2023,22.01,,
ESTAT:ISOC_E_DII(1.0),27/02/26 11:00:00,A,GE250,C10-S951_X_K,E_DI3_LO,PC_ENT,EA,2025,12.83,,
ESTAT:ISOC_E_DII(1.0),27/02/26 11:00:00,A,GE250,C10-S951_X_K,E_DI3_LO,PC_ENT,EE,2021,30.14,,
ESTAT:ISOC_E_DII(1.0),27/02/26 11:00:00,A,GE250,C10-S951_X_K,E_DI3_LO,PC_ENT,EE,2023,27.27,,
ESTAT:ISOC_E_DII(1.0),27/02/26 11:00:00,A,GE250,C10-S951_X_K,E_DI3_LO,PC_ENT,EE,2025,19.35,d,
ESTAT:ISOC_E_DII(1.0),27/02/26 11:00:00,A,GE250,C10-S951_X_K,E_DI3_LO,PC_ENT,EL,2021,37.26,,
ESTAT:ISOC_E_DII(1.0),27/02/26 11:00:00,A,GE250,C10-S951_X_K,E_DI3_LO,PC_ENT,EL,2023,34.39,,
ESTAT:ISOC_E_DII(1.0),27/02/26 11:00:00,A,GE250,C10-S951_X_K,E_DI3_LO,PC_ENT,EL,2025,23.13,,
ESTAT:ISOC_E_DII(1.0),27/02/26 11:00:00,A,GE250,C10-S951_X_K,E_DI3_LO,PC_ENT,ES,2021,26.53,,
ESTAT:ISOC_E_DII(1.0),27/02/26 11:00:00,A,GE250,C10-S951_X_K,E_DI3_LO,PC_ENT,ES,2023,17.58,,
ESTAT:ISOC_E_DII(1.0),27/02/26 11:00:00,A,GE250,C10-S951_X_K,E_DI3_LO,PC_ENT,ES,2025,11.80,,
ESTAT:ISOC_E_DII(1.0),27/02/26 11:00:00,A,GE250,C10-S951_X_K,E_DI3_LO,PC_ENT,EU27_2020,2021,28.39,,
ESTAT:ISOC_E_DII(1.0),27/02/26 11:00:00,A,GE250,C10-S951_X_K,E_DI3_LO,PC_ENT,EU27_2020,2023,22.75,,
ESTAT:ISOC_E_DII(1.0),27/02/26 11:00:00,A,GE250,C10-S951_X_K,E_DI3_LO,PC_ENT,EU27_2020,2025,13.92,,
ESTAT:ISOC_E_DII(1.0),27/02/26 11:00:00,A,GE250,C10-S951_X_K,E_DI3_LO,PC_ENT,FI,2021,6.95,,
ESTAT:ISOC_E_DII(1.0),27/02/26 11:00:00,A,GE250,C10-S951_X_K,E_DI3_LO,PC_ENT,FI,2023,3.54,,
ESTAT:ISOC_E_DII(1.0),27/02/26 11:00:00,A,GE250,C10-S951_X_K,E_DI3_LO,PC_ENT,FI,2025,2.04,,
ESTAT:ISOC_E_DII(1.0),27/02/26 11:00:00,A,GE250,C10-S951_X_K,E_DI3_LO,PC_ENT,FR,2021,35.31,,
ESTAT:ISOC_E_DII(1.0),27/02/26 11:00:00,A,GE250,C10-S951_X_K,E_DI3_LO,PC_ENT,FR,2023,26.86,b,
ESTAT:ISOC_E_DII(1.0),27/02/26 11:00:00,A,GE250,C10-S951_X_K,E_DI3_LO,PC_ENT,FR,2025,11.11,,
ESTAT:ISOC_E_DII(1.0),27/02/26 11:00:00,A,GE250,C10-S951_X_K,E_DI3_LO,PC_ENT,HR,2021,34.65,,
ESTAT:ISOC_E_DII(1.0),27/02/26 11:00:00,A,GE250,C10-S951_X_K,E_DI3_LO,PC_ENT,HR,2023,27.31,,
ESTAT:ISOC_E_DII(1.0),27/02/26 11:00:00,A,GE250,C10-S951_X_K,E_DI3_LO,PC_ENT,HR,2025,18.78,,
ESTAT:ISOC_E_DII(1.0),27/02/26 11:00:00,A,GE250,C10-S951_X_K,E_DI3_LO,PC_ENT,HU,2021,35.99,,
ESTAT:ISOC_E_DII(1.0),27/02/26 11:00:00,A,GE250,C10-S951_X_K,E_DI3_LO,PC_ENT,HU,2023,26.15,,
ESTAT:ISOC_E_DII(1.0),27/02/26 11:00:00,A,GE250,C10-S951_X_K,E_DI3_LO,PC_ENT,HU,2025,18.63,,
ESTAT:ISOC_E_DII(1.0),27/02/26 11:00:00,A,GE250,C10-S951_X_K,E_DI3_LO,PC_ENT,IE,2021,25.23,,
ESTAT:ISOC_E_DII(1.0),27/02/26 11:00:00,A,GE250,C10-S951_X_K,E_DI3_LO,PC_ENT,IE,2023,18.85,,
ESTAT:ISOC_E_DII(1.0),27/02/26 11:00:00,A,GE250,C10-S951_X_K,E_DI3_LO,PC_ENT,IE,2025,10.58,,
ESTAT:ISOC_E_DII(1.0),27/02/26 11:00:00,A,GE250,C10-S951_X_K,E_DI3_LO,PC_ENT,IT,2021,26.20,,
ESTAT:ISOC_E_DII(1.0),27/02/26 11:00:00,A,GE250,C10-S951_X_K,E_DI3_LO,PC_ENT,IT,2023,22.97,,
ESTAT:ISOC_E_DII(1.0),27/02/26 11:00:00,A,GE250,C10-S951_X_K,E_DI3_LO,PC_ENT,IT,2025,14.94,,
ESTAT:ISOC_E_DII(1.0),27/02/26 11:00:00,A,GE250,C10-S951_X_K,E_DI3_LO,PC_ENT,LT,2021,32.14,,
ESTAT:ISOC_E_DII(1.0),27/02/26 11:00:00,A,GE250,C10-S951_X_K,E_DI3_LO,PC_ENT,LT,2023,23.73,,
ESTAT:ISOC_E_DII(1.0),27/02/26 11:00:00,A,GE250,C10-S951_X_K,E_DI3_LO,PC_ENT,LT,2025,8.55,,
ESTAT:ISOC_E_DII(1.0),27/02/26 11:00:00,A,GE250,C10-S951_X_K,E_DI3_LO,PC_ENT,LU,2021,33.54,,
ESTAT:ISOC_E_DII(1.0),27/02/26 11:00:00,A,GE250,C10-S951_X_K,E_DI3_LO,PC_ENT,LU,2023,31.84,,
ESTAT:ISOC_E_DII(1.0),27/02/26 11:00:00,A,GE250,C10-S951_X_K,E_DI3_LO,PC_ENT,LU,2025,20.27,,
ESTAT:ISOC_E_DII(1.0),27/02/26 11:00:00,A,GE250,C10-S951_X_K,E_DI3_LO,PC_ENT,LV,2021,31.19,,
ESTAT:ISOC_E_DII(1.0),27/02/26 11:00:00,A,GE250,C10-S951_X_K,E_DI3_LO,PC_ENT,LV,2023,28.50,,
ESTAT:ISOC_E_DII(1.0),27/02/26 11:00:00,A,GE250,C10-S951_X_K,E_DI3_LO,PC_ENT,LV,2025,19.28,,
ESTAT:ISOC_E_DII(1.0),27/02/26 11:00:00,A,GE250,C10-S951_X_K,E_DI3_LO,PC_ENT,ME,2021,23.23,,
ESTAT:ISOC_E_DII(1.0),27/02/26 11:00:00,A,GE250,C10-S951_X_K,E_DI3_LO,PC_ENT,ME,2023,,,C
ESTAT:ISOC_E_DII(1.0),27/02/26 11:00:00,A,GE250,C10-S951_X_K,E_DI3_LO,PC_ENT,ME,2025,37.30,,
ESTAT:ISOC_E_DII(1.0),27/02/26 11:00:00,A,GE250,C10-S951_X_K,E_DI3_LO,PC_ENT,MK,2021,42.40,,
ESTAT:ISOC_E_DII(1.0),27/02/26 11:00:00,A,GE250,C10-S951_X_K,E_DI3_LO,PC_ENT,MT,2021,18.75,,
ESTAT:ISOC_E_DII(1.0),27/02/26 11:00:00,A,GE250,C10-S951_X_K,E_DI3_LO,PC_ENT,MT,2023,14.46,,
ESTAT:ISOC_E_DII(1.0),27/02/26 11:00:00,A,GE250,C10-S951_X_K,E_DI3_LO,PC_ENT,MT,2025,13.43,,
ESTAT:ISOC_E_DII(1.0),27/02/26 11:00:00,A,GE250,C10-S951_X_K,E_DI3_LO,PC_ENT,NL,2021,21.25,,
ESTAT:ISOC_E_DII(1.0),27/02/26 11:00:00,A,GE250,C10-S951_X_K,E_DI3_LO,PC_ENT,NL,2023,11.60,,
ESTAT:ISOC_E_DII(1.0),27/02/26 11:00:00,A,GE250,C10-S951_X_K,E_DI3_LO,PC_ENT,NL,2025,6.24,,
ESTAT:ISOC_E_DII(1.0),27/02/26 11:00:00,A,GE250,C10-S951_X_K,E_DI3_LO,PC_ENT,NO,2021,15.93,,
ESTAT:ISOC_E_DII(1.0),27/02/26 11:00:00,A,GE250,C10-S951_X_K,E_DI3_LO,PC_ENT,NO,2023,16.42,,
ESTAT:ISOC_E_DII(1.0),27/02/26 11:00:00,A,GE250,C10-S951_X_K,E_DI3_LO,PC_ENT,NO,2025,11.20,,
ESTAT:ISOC_E_DII(1.0),27/02/26 11:00:00,A,GE250,C10-S951_X_K,E_DI3_LO,PC_ENT,PL,2021,33.20,,
ESTAT:ISOC_E_DII(1.0),27/02/26 11:00:00,A,GE250,C10-S951_X_K,E_DI3_LO,PC_ENT,PL,2023,24.12,,
ESTAT:ISOC_E_DII(1.0),27/02/26 11:00:00,A,GE250,C10-S951_X_K,E_DI3_LO,PC_ENT,PL,2025,13.33,,
ESTAT:ISOC_E_DII(1.0),27/02/26 11:00:00,A,GE250,C10-S951_X_K,E_DI3_LO,PC_ENT,PT,2021,29.98,,
ESTAT:ISOC_E_DII(1.0),27/02/26 11:00:00,A,GE250,C10-S951_X_K,E_DI3_LO,PC_ENT,PT,2023,24.14,,
ESTAT:ISOC_E_DII(1.0),27/02/26 11:00:00,A,GE250,C10-S951_X_K,E_DI3_LO,PC_ENT,PT,2025,15.68,,
ESTAT:ISOC_E_DII(1.0),27/02/26 11:00:00,A,GE250,C10-S951_X_K,E_DI3_LO,PC_ENT,RO,2021,37.64,,
ESTAT:ISOC_E_DII(1.0),27/02/26 11:00:00,A,GE250,C10-S951_X_K,E_DI3_LO,PC_ENT,RO,2023,33.60,,
ESTAT:ISOC_E_DII(1.0),27/02/26 11:00:00,A,GE250,C10-S951_X_K,E_DI3_LO,PC_ENT,RO,2025,36.49,,
ESTAT:ISOC_E_DII(1.0),27/02/26 11:00:00,A,GE250,C10-S951_X_K,E_DI3_LO,PC_ENT,RS,2021,43.66,,
ESTAT:ISOC_E_DII(1.0),27/02/26 11:00:00,A,GE250,C10-S951_X_K,E_DI3_LO,PC_ENT,RS,2023,37.14,,
ESTAT:ISOC_E_DII(1.0),27/02/26 11:00:00,A,GE250,C10-S951_X_K,E_DI3_LO,PC_ENT,RS,2025,39.99,,
ESTAT:ISOC_E_DII(1.0),27/02/26 11:00:00,A,GE250,C10-S951_X_K,E_DI3_LO,PC_ENT,SE,2021,10.90,,
ESTAT:ISOC_E_DII(1.0),27/02/26 11:00:00,A,GE250,C10-S951_X_K,E_DI3_LO,PC_ENT,SE,2023,14.10,b,
ESTAT:ISOC_E_DII(1.0),27/02/26 11:00:00,A,GE250,C10-S951_X_K,E_DI3_LO,PC_ENT,SE,2025,5.71,,
ESTAT:ISOC_E_DII(1.0),27/02/26 11:00:00,A,GE250,C10-S951_X_K,E_DI3_LO,PC_ENT,SI,2021,19.83,,
ESTAT:ISOC_E_DII(1.0),27/02/26 11:00:00,A,GE250,C10-S951_X_K,E_DI3_LO,PC_ENT,SI,2023,17.02,,
ESTAT:ISOC_E_DII(1.0),27/02/26 11:00:00,A,GE250,C10-S951_X_K,E_DI3_LO,PC_ENT,SI,2025,7.77,,
ESTAT:ISOC_E_DII(1.0),27/02/26 11:00:00,A,GE250,C10-S951_X_K,E_DI3_LO,PC_ENT,SK,2021,35.79,,
ESTAT:ISOC_E_DII(1.0),27/02/26 11:00:00,A,GE250,C10-S951_X_K,E_DI3_LO,PC_ENT,SK,2023,34.70,,
ESTAT:ISOC_E_DII(1.0),27/02/26 11:00:00,A,GE250,C10-S951_X_K,E_DI3_LO,PC_ENT,SK,2025,29.45,,
ESTAT:ISOC_E_DII(1.0),27/02/26 11:00:00,A,GE250,C10-S951_X_K,E_DI3_LO,PC_ENT,TR,2025,35.25,,
ESTAT:ISOC_E_DII(1.0),27/02/26 11:00:00,A,GE250,C10-S951_X_K,E_DI3_VHI,PC_ENT,AT,2021,24.95,,
ESTAT:ISOC_E_DII(1.0),27/02/26 11:00:00,A,GE250,C10-S951_X_K,E_DI3_VHI,PC_ENT,AT,2023,27.02,,
ESTAT:ISOC_E_DII(1.0),27/02/26 11:00:00,A,GE250,C10-S951_X_K,E_DI3_VHI,PC_ENT,AT,2025,43.94,,
ESTAT:ISOC_E_DII(1.0),27/02/26 11:00:00,A,GE250,C10-S951_X_K,E_DI3_VHI,PC_ENT,BA,2021,3.73,,
ESTAT:ISOC_E_DII(1.0),27/02/26 11:00:00,A,GE250,C10-S951_X_K,E_DI3_VHI,PC_ENT,BA,2023,6.20,,
ESTAT:ISOC_E_DII(1.0),27/02/26 11:00:00,A,GE250,C10-S951_X_K,E_DI3_VHI,PC_ENT,BA,2025,21.41,,
ESTAT:ISOC_E_DII(1.0),27/02/26 11:00:00,A,GE250,C10-S951_X_K,E_DI3_VHI,PC_ENT,BE,2021,18.97,,
ESTAT:ISOC_E_DII(1.0),27/02/26 11:00:00,A,GE250,C10-S951_X_K,E_DI3_VHI,PC_ENT,BE,2023,45.62,,
ESTAT:ISOC_E_DII(1.0),27/02/26 11:00:00,A,GE250,C10-S951_X_K,E_DI3_VHI,PC_ENT,BE,2025,62.65,,
ESTAT:ISOC_E_DII(1.0),27/02/26 11:00:00,A,GE250,C10-S951_X_K,E_DI3_VHI,PC_ENT,BG,2021,4.99,,
ESTAT:ISOC_E_DII(1.0),27/02/26 11:00:00,A,GE250,C10-S951_X_K,E_DI3_VHI,PC_ENT,BG,2023,7.44,,
ESTAT:ISOC_E_DII(1.0),27/02/26 11:00:00,A,GE250,C10-S951_X_K,E_DI3_VHI,PC_ENT,BG,2025,11.88,,
ESTAT:ISOC_E_DII(1.0),27/02/26 11:00:00,A,GE250,C10-S951_X_K,E_DI3_VHI,PC_ENT,CY,2021,9.03,,
ESTAT:ISOC_E_DII(1.0),27/02/26 11:00:00,A,GE250,C10-S951_X_K,E_DI3_VHI,PC_ENT,CY,2023,21.85,,
ESTAT:ISOC_E_DII(1.0),27/02/26 11:00:00,A,GE250,C10-S951_X_K,E_DI3_VHI,PC_ENT,CY,2025,36.86,,
ESTAT:ISOC_E_DII(1.0),27/02/26 11:00:00,A,GE250,C10-S951_X_K,E_DI3_VHI,PC_ENT,CZ,2021,17.40,,
ESTAT:ISOC_E_DII(1.0),27/02/26 11:00:00,A,GE250,C10-S951_X_K,E_DI3_VHI,PC_ENT,CZ,2023,21.22,,
ESTAT:ISOC_E_DII(1.0),27/02/26 11:00:00,A,GE250,C10-S951_X_K,E_DI3_VHI,PC_ENT,CZ,2025,37.30,,
ESTAT:ISOC_E_DII(1.0),27/02/26 11:00:00,A,GE250,C10-S951_X_K,E_DI3_VHI,PC_ENT,DE,2021,18.63,,
ESTAT:ISOC_E_DII(1.0),27/02/26 11:00:00,A,GE250,C10-S951_X_K,E_DI3_VHI,PC_ENT,DE,2023,27.69,,
ESTAT:ISOC_E_DII(1.0),27/02/26 11:00:00,A,GE250,C10-S951_X_K,E_DI3_VHI,PC_ENT,DE,2025,39.16,,
ESTAT:ISOC_E_DII(1.0),27/02/26 11:00:00,A,GE250,C10-S951_X_K,E_DI3_VHI,PC_ENT,DK,2021,46.00,,
ESTAT:ISOC_E_DII(1.0),27/02/26 11:00:00,A,GE250,C10-S951_X_K,E_DI3_VHI,PC_ENT,DK,2023,30.24,,
ESTAT:ISOC_E_DII(1.0),27/02/26 11:00:00,A,GE250,C10-S951_X_K,E_DI3_VHI,PC_ENT,DK,2025,69.49,,
ESTAT:ISOC_E_DII(1.0),27/02/26 11:00:00,A,GE250,C10-S951_X_K,E_DI3_VHI,PC_ENT,EA,2021,17.07,,
ESTAT:ISOC_E_DII(1.0),27/02/26 11:00:00,A,GE250,C10-S951_X_K,E_DI3_VHI,PC_ENT,EA,2023,28.23,,
ESTAT:ISOC_E_DII(1.0),27/02/26 11:00:00,A,GE250,C10-S951_X_K,E_DI3_VHI,PC_ENT,EA,2025,44.58,,
ESTAT:ISOC_E_DII(1.0),27/02/26 11:00:00,A,GE250,C10-S951_X_K,E_DI3_VHI,PC_ENT,EE,2021,18.49,,
ESTAT:ISOC_E_DII(1.0),27/02/26 11:00:00,A,GE250,C10-S951_X_K,E_DI3_VHI,PC_ENT,EE,2023,24.85,,
ESTAT:ISOC_E_DII(1.0),27/02/26 11:00:00,A,GE250,C10-S951_X_K,E_DI3_VHI,PC_ENT,EE,2025,33.55,d,
ESTAT:ISOC_E_DII(1.0),27/02/26 11:00:00,A,GE250,C10-S951_X_K,E_DI3_VHI,PC_ENT,EL,2021,7.03,,
ESTAT:ISOC_E_DII(1.0),27/02/26 11:00:00,A,GE250,C10-S951_X_K,E_DI3_VHI,PC_ENT,EL,2023,13.07,,
ESTAT:ISOC_E_DII(1.0),27/02/26 11:00:00,A,GE250,C10-S951_X_K,E_DI3_VHI,PC_ENT,EL,2025,29.21,,
ESTAT:ISOC_E_DII(1.0),27/02/26 11:00:00,A,GE250,C10-S951_X_K,E_DI3_VHI,PC_ENT,ES,2021,18.95,,
ESTAT:ISOC_E_DII(1.0),27/02/26 11:00:00,A,GE250,C10-S951_X_K,E_DI3_VHI,PC_ENT,ES,2023,37.06,,
ESTAT:ISOC_E_DII(1.0),27/02/26 11:00:00,A,GE250,C10-S951_X_K,E_DI3_VHI,PC_ENT,ES,2025,49.72,,
ESTAT:ISOC_E_DII(1.0),27/02/26 11:00:00,A,GE250,C10-S951_X_K,E_DI3_VHI,PC_ENT,EU27_2020,2021,17.14,,
ESTAT:ISOC_E_DII(1.0),27/02/26 11:00:00,A,GE250,C10-S951_X_K,E_DI3_VHI,PC_ENT,EU27_2020,2023,26.41,,
ESTAT:ISOC_E_DII(1.0),27/02/26 11:00:00,A,GE250,C10-S951_X_K,E_DI3_VHI,PC_ENT,EU27_2020,2025,42.72,,
ESTAT:ISOC_E_DII(1.0),27/02/26 11:00:00,A,GE250,C10-S951_X_K,E_DI3_VHI,PC_ENT,FI,2021,48.34,,
ESTAT:ISOC_E_DII(1.0),27/02/26 11:00:00,A,GE250,C10-S951_X_K,E_DI3_VHI,PC_ENT,FI,2023,56.72,,
ESTAT:ISOC_E_DII(1.0),27/02/26 11:00:00,A,GE250,C10-S951_X_K,E_DI3_VHI,PC_ENT,FI,2025,75.30,,
ESTAT:ISOC_E_DII(1.0),27/02/26 11:00:00,A,GE250,C10-S951_X_K,E_DI3_VHI,PC_ENT,FR,2021,7.62,,
ESTAT:ISOC_E_DII(1.0),27/02/26 11:00:00,A,GE250,C10-S951_X_K,E_DI3_VHI,PC_ENT,FR,2023,21.26,b,
ESTAT:ISOC_E_DII(1.0),27/02/26 11:00:00,A,GE250,C10-S951_X_K,E_DI3_VHI,PC_ENT,FR,2025,52.72,,
ESTAT:ISOC_E_DII(1.0),27/02/26 11:00:00,A,GE250,C10-S951_X_K,E_DI3_VHI,PC_ENT,HR,2021,16.49,,
ESTAT:ISOC_E_DII(1.0),27/02/26 11:00:00,A,GE250,C10-S951_X_K,E_DI3_VHI,PC_ENT,HR,2023,20.97,,
ESTAT:ISOC_E_DII(1.0),27/02/26 11:00:00,A,GE250,C10-S951_X_K,E_DI3_VHI,PC_ENT,HR,2025,30.91,,
ESTAT:ISOC_E_DII(1.0),27/02/26 11:00:00,A,GE250,C10-S951_X_K,E_DI3_VHI,PC_ENT,HU,2021,10.91,,
ESTAT:ISOC_E_DII(1.0),27/02/26 11:00:00,A,GE250,C10-S951_X_K,E_DI3_VHI,PC_ENT,HU,2023,17.46,,
ESTAT:ISOC_E_DII(1.0),27/02/26 11:00:00,A,GE250,C10-S951_X_K,E_DI3_VHI,PC_ENT,HU,2025,29.69,,
ESTAT:ISOC_E_DII(1.0),27/02/26 11:00:00,A,GE250,C10-S951_X_K,E_DI3_VHI,PC_ENT,IE,2021,19.22,,
ESTAT:ISOC_E_DII(1.0),27/02/26 11:00:00,A,GE250,C10-S951_X_K,E_DI3_VHI,PC_ENT,IE,2023,27.69,,
ESTAT:ISOC_E_DII(1.0),27/02/26 11:00:00,A,GE250,C10-S951_X_K,E_DI3_VHI,PC_ENT,IE,2025,44.38,,
ESTAT:ISOC_E_DII(1.0),27/02/26 11:00:00,A,GE250,C10-S951_X_K,E_DI3_VHI,PC_ENT,IT,2021,19.86,,
ESTAT:ISOC_E_DII(1.0),27/02/26 11:00:00,A,GE250,C10-S951_X_K,E_DI3_VHI,PC_ENT,IT,2023,24.07,,
ESTAT:ISOC_E_DII(1.0),27/02/26 11:00:00,A,GE250,C10-S951_X_K,E_DI3_VHI,PC_ENT,IT,2025,38.65,,
ESTAT:ISOC_E_DII(1.0),27/02/26 11:00:00,A,GE250,C10-S951_X_K,E_DI3_VHI,PC_ENT,LT,2021,14.76,,
ESTAT:ISOC_E_DII(1.0),27/02/26 11:00:00,A,GE250,C10-S951_X_K,E_DI3_VHI,PC_ENT,LT,2023,18.93,,
ESTAT:ISOC_E_DII(1.0),27/02/26 11:00:00,A,GE250,C10-S951_X_K,E_DI3_VHI,PC_ENT,LT,2025,43.64,,
ESTAT:ISOC_E_DII(1.0),27/02/26 11:00:00,A,GE250,C10-S951_X_K,E_DI3_VHI,PC_ENT,LU,2021,10.62,,
ESTAT:ISOC_E_DII(1.0),27/02/26 11:00:00,A,GE250,C10-S951_X_K,E_DI3_VHI,PC_ENT,LU,2023,22.64,,
ESTAT:ISOC_E_DII(1.0),27/02/26 11:00:00,A,GE250,C10-S951_X_K,E_DI3_VHI,PC_ENT,LU,2025,28.79,,
ESTAT:ISOC_E_DII(1.0),27/02/26 11:00:00,A,GE250,C10-S951_X_K,E_DI3_VHI,PC_ENT,LV,2021,10.89,,
ESTAT:ISOC_E_DII(1.0),27/02/26 11:00:00,A,GE250,C10-S951_X_K,E_DI3_VHI,PC_ENT,LV,2023,23.19,,
ESTAT:ISOC_E_DII(1.0),27/02/26 11:00:00,A,GE250,C10-S951_X_K,E_DI3_VHI,PC_ENT,LV,2025,34.53,,
ESTAT:ISOC_E_DII(1.0),27/02/26 11:00:00,A,GE250,C10-S951_X_K,E_DI3_VHI,PC_ENT,ME,2021,9.09,,
ESTAT:ISOC_E_DII(1.0),27/02/26 11:00:00,A,GE250,C10-S951_X_K,E_DI3_VHI,PC_ENT,ME,2023,,,C
ESTAT:ISOC_E_DII(1.0),27/02/26 11:00:00,A,GE250,C10-S951_X_K,E_DI3_VHI,PC_ENT,ME,2025,22.09,,
ESTAT:ISOC_E_DII(1.0),27/02/26 11:00:00,A,GE250,C10-S951_X_K,E_DI3_VHI,PC_ENT,MK,2021,3.39,,
ESTAT:ISOC_E_DII(1.0),27/02/26 11:00:00,A,GE250,C10-S951_X_K,E_DI3_VHI,PC_ENT,MT,2021,15.00,,
ESTAT:ISOC_E_DII(1.0),27/02/26 11:00:00,A,GE250,C10-S951_X_K,E_DI3_VHI,PC_ENT,MT,2023,33.73,,
ESTAT:ISOC_E_DII(1.0),27/02/26 11:00:00,A,GE250,C10-S951_X_K,E_DI3_VHI,PC_ENT,MT,2025,41.08,,
ESTAT:ISOC_E_DII(1.0),27/02/26 11:00:00,A,GE250,C10-S951_X_K,E_DI3_VHI,PC_ENT,NL,2021,12.65,,
ESTAT:ISOC_E_DII(1.0),27/02/26 11:00:00,A,GE250,C10-S951_X_K,E_DI3_VHI,PC_ENT,NL,2023,37.38,,
ESTAT:ISOC_E_DII(1.0),27/02/26 11:00:00,A,GE250,C10-S951_X_K,E_DI3_VHI,PC_ENT,NL,2025,56.12,b,
ESTAT:ISOC_E_DII(1.0),27/02/26 11:00:00,A,GE250,C10-S951_X_K,E_DI3_VHI,PC_ENT,NO,2021,33.73,,
ESTAT:ISOC_E_DII(1.0),27/02/26 11:00:00,A,GE250,C10-S951_X_K,E_DI3_VHI,PC_ENT,NO,2023,34.11,,
ESTAT:ISOC_E_DII(1.0),27/02/26 11:00:00,A,GE250,C10-S951_X_K,E_DI3_VHI,PC_ENT,NO,2025,52.45,,
ESTAT:ISOC_E_DII(1.0),27/02/26 11:00:00,A,GE250,C10-S951_X_K,E_DI3_VHI,PC_ENT,PL,2021,15.73,,
ESTAT:ISOC_E_DII(1.0),27/02/26 11:00:00,A,GE250,C10-S951_X_K,E_DI3_VHI,PC_ENT,PL,2023,21.98,,
ESTAT:ISOC_E_DII(1.0),27/02/26 11:00:00,A,GE250,C10-S951_X_K,E_DI3_VHI,PC_ENT,PL,2025,39.13,,
ESTAT:ISOC_E_DII(1.0),27/02/26 11:00:00,A,GE250,C10-S951_X_K,E_DI3_VHI,PC_ENT,PT,2021,16.50,,
ESTAT:ISOC_E_DII(1.0),27/02/26 11:00:00,A,GE250,C10-S951_X_K,E_DI3_VHI,PC_ENT,PT,2023,27.13,,
ESTAT:ISOC_E_DII(1.0),27/02/26 11:00:00,A,GE250,C10-S951_X_K,E_DI3_VHI,PC_ENT,PT,2025,36.93,,
ESTAT:ISOC_E_DII(1.0),27/02/26 11:00:00,A,GE250,C10-S951_X_K,E_DI3_VHI,PC_ENT,RO,2021,3.18,,
ESTAT:ISOC_E_DII(1.0),27/02/26 11:00:00,A,GE250,C10-S951_X_K,E_DI3_VHI,PC_ENT,RO,2023,4.99,,
ESTAT:ISOC_E_DII(1.0),27/02/26 11:00:00,A,GE250,C10-S951_X_K,E_DI3_VHI,PC_ENT,RO,2025,10.86,,
ESTAT:ISOC_E_DII(1.0),27/02/26 11:00:00,A,GE250,C10-S951_X_K,E_DI3_VHI,PC_ENT,RS,2021,4.65,,
ESTAT:ISOC_E_DII(1.0),27/02/26 11:00:00,A,GE250,C10-S951_X_K,E_DI3_VHI,PC_ENT,RS,2023,8.35,,
ESTAT:ISOC_E_DII(1.0),27/02/26 11:00:00,A,GE250,C10-S951_X_K,E_DI3_VHI,PC_ENT,RS,2025,10.66,,
ESTAT:ISOC_E_DII(1.0),27/02/26 11:00:00,A,GE250,C10-S951_X_K,E_DI3_VHI,PC_ENT,SE,2021,45.78,,
ESTAT:ISOC_E_DII(1.0),27/02/26 11:00:00,A,GE250,C10-S951_X_K,E_DI3_VHI,PC_ENT,SE,2023,40.69,b,
ESTAT:ISOC_E_DII(1.0),27/02/26 11:00:00,A,GE250,C10-S951_X_K,E_DI3_VHI,PC_ENT,SE,2025,62.45,,
ESTAT:ISOC_E_DII(1.0),27/02/26 11:00:00,A,GE250,C10-S951_X_K,E_DI3_VHI,PC_ENT,SI,2021,25.93,,
ESTAT:ISOC_E_DII(1.0),27/02/26 11:00:00,A,GE250,C10-S951_X_K,E_DI3_VHI,PC_ENT,SI,2023,36.60,,
ESTAT:ISOC_E_DII(1.0),27/02/26 11:00:00,A,GE250,C10-S951_X_K,E_DI3_VHI,PC_ENT,SI,2025,53.92,,
ESTAT:ISOC_E_DII(1.0),27/02/26 11:00:00,A,GE250,C10-S951_X_K,E_DI3_VHI,PC_ENT,SK,2021,9.44,,
ESTAT:ISOC_E_DII(1.0),27/02/26 11:00:00,A,GE250,C10-S951_X_K,E_DI3_VHI,PC_ENT,SK,2023,14.86,,
ESTAT:ISOC_E_DII(1.0),27/02/26 11:00:00,A,GE250,C10-S951_X_K,E_DI3_VHI,PC_ENT,SK,2025,20.52,,
ESTAT:ISOC_E_DII(1.0),27/02/26 11:00:00,A,GE250,C10-S951_X_K,E_DI3_VHI,PC_ENT,TR,2025,12.79,,
ESTAT:ISOC_E_DII(1.0),27/02/26 11:00:00,A,GE250,C10-S951_X_K,E_DI3_VLO,PC_ENT,AT,2021,3.68,,
ESTAT:ISOC_E_DII(1.0),27/02/26 11:00:00,A,GE250,C10-S951_X_K,E_DI3_VLO,PC_ENT,AT,2023,4.71,,
ESTAT:ISOC_E_DII(1.0),27/02/26 11:00:00,A,GE250,C10-S951_X_K,E_DI3_VLO,PC_ENT,AT,2025,2.05,,
ESTAT:ISOC_E_DII(1.0),27/02/26 11:00:00,A,GE250,C10-S951_X_K,E_DI3_VLO,PC_ENT,BA,2021,34.09,,
ESTAT:ISOC_E_DII(1.0),27/02/26 11:00:00,A,GE250,C10-S951_X_K,E_DI3_VLO,PC_ENT,BA,2023,24.14,,
ESTAT:ISOC_E_DII(1.0),27/02/26 11:00:00,A,GE250,C10-S951_X_K,E_DI3_VLO,PC_ENT,BA,2025,13.38,,
ESTAT:ISOC_E_DII(1.0),27/02/26 11:00:00,A,GE250,C10-S951_X_K,E_DI3_VLO,PC_ENT,BE,2021,4.52,,
ESTAT:ISOC_E_DII(1.0),27/02/26 11:00:00,A,GE250,C10-S951_X_K,E_DI3_VLO,PC_ENT,BE,2023,2.99,,
ESTAT:ISOC_E_DII(1.0),27/02/26 11:00:00,A,GE250,C10-S951_X_K,E_DI3_VLO,PC_ENT,BE,2025,0.42,,
ESTAT:ISOC_E_DII(1.0),27/02/26 11:00:00,A,GE250,C10-S951_X_K,E_DI3_VLO,PC_ENT,BG,2021,39.39,,
ESTAT:ISOC_E_DII(1.0),27/02/26 11:00:00,A,GE250,C10-S951_X_K,E_DI3_VLO,PC_ENT,BG,2023,33.68,,
ESTAT:ISOC_E_DII(1.0),27/02/26 11:00:00,A,GE250,C10-S951_X_K,E_DI3_VLO,PC_ENT,BG,2025,19.21,,
ESTAT:ISOC_E_DII(1.0),27/02/26 11:00:00,A,GE250,C10-S951_X_K,E_DI3_VLO,PC_ENT,CY,2021,3.37,,
ESTAT:ISOC_E_DII(1.0),27/02/26 11:00:00,A,GE250,C10-S951_X_K,E_DI3_VLO,PC_ENT,CY,2023,3.64,,
ESTAT:ISOC_E_DII(1.0),27/02/26 11:00:00,A,GE250,C10-S951_X_K,E_DI3_VLO,PC_ENT,CY,2025,1.80,,
ESTAT:ISOC_E_DII(1.0),27/02/26 11:00:00,A,GE250,C10-S951_X_K,E_DI3_VLO,PC_ENT,CZ,2021,10.38,,
ESTAT:ISOC_E_DII(1.0),27/02/26 11:00:00,A,GE250,C10-S951_X_K,E_DI3_VLO,PC_ENT,CZ,2023,8.84,,
ESTAT:ISOC_E_DII(1.0),27/02/26 11:00:00,A,GE250,C10-S951_X_K,E_DI3_VLO,PC_ENT,CZ,2025,2.86,,
ESTAT:ISOC_E_DII(1.0),27/02/26 11:00:00,A,GE250,C10-S951_X_K,E_DI3_VLO,PC_ENT,DE,2021,11.45,,
ESTAT:ISOC_E_DII(1.0),27/02/26 11:00:00,A,GE250,C10-S951_X_K,E_DI3_VLO,PC_ENT,DE,2023,7.14,,
ESTAT:ISOC_E_DII(1.0),27/02/26 11:00:00,A,GE250,C10-S951_X_K,E_DI3_VLO,PC_ENT,DE,2025,2.04,,
ESTAT:ISOC_E_DII(1.0),27/02/26 11:00:00,A,GE250,C10-S951_X_K,E_DI3_VLO,PC_ENT,DK,2021,2.31,,
ESTAT:ISOC_E_DII(1.0),27/02/26 11:00:00,A,GE250,C10-S951_X_K,E_DI3_VLO,PC_ENT,DK,2023,3.32,,
ESTAT:ISOC_E_DII(1.0),27/02/26 11:00:00,A,GE250,C10-S951_X_K,E_DI3_VLO,PC_ENT,DK,2025,,,C
ESTAT:ISOC_E_DII(1.0),27/02/26 11:00:00,A,GE250,C10-S951_X_K,E_DI3_VLO,PC_ENT,EA,2021,10.45,,
ESTAT:ISOC_E_DII(1.0),27/02/26 11:00:00,A,GE250,C10-S951_X_K,E_DI3_VLO,PC_ENT,EA,2023,7.59,,
ESTAT:ISOC_E_DII(1.0),27/02/26 11:00:00,A,GE250,C10-S951_X_K,E_DI3_VLO,PC_ENT,EA,2025,2.85,,
ESTAT:ISOC_E_DII(1.0),27/02/26 11:00:00,A,GE250,C10-S951_X_K,E_DI3_VLO,PC_ENT,EE,2021,10.27,,
ESTAT:ISOC_E_DII(1.0),27/02/26 11:00:00,A,GE250,C10-S951_X_K,E_DI3_VLO,PC_ENT,EE,2023,5.45,,
ESTAT:ISOC_E_DII(1.0),27/02/26 11:00:00,A,GE250,C10-S951_X_K,E_DI3_VLO,PC_ENT,EE,2025,0.65,d,
ESTAT:ISOC_E_DII(1.0),27/02/26 11:00:00,A,GE250,C10-S951_X_K,E_DI3_VLO,PC_ENT,EL,2021,26.68,,
ESTAT:ISOC_E_DII(1.0),27/02/26 11:00:00,A,GE250,C10-S951_X_K,E_DI3_VLO,PC_ENT,EL,2023,23.60,,
ESTAT:ISOC_E_DII(1.0),27/02/26 11:00:00,A,GE250,C10-S951_X_K,E_DI3_VLO,PC_ENT,EL,2025,7.52,,
ESTAT:ISOC_E_DII(1.0),27/02/26 11:00:00,A,GE250,C10-S951_X_K,E_DI3_VLO,PC_ENT,ES,2021,10.42,,
ESTAT:ISOC_E_DII(1.0),27/02/26 11:00:00,A,GE250,C10-S951_X_K,E_DI3_VLO,PC_ENT,ES,2023,7.05,,
ESTAT:ISOC_E_DII(1.0),27/02/26 11:00:00,A,GE250,C10-S951_X_K,E_DI3_VLO,PC_ENT,ES,2025,4.37,,
ESTAT:ISOC_E_DII(1.0),27/02/26 11:00:00,A,GE250,C10-S951_X_K,E_DI3_VLO,PC_ENT,EU27_2020,2021,11.86,,
ESTAT:ISOC_E_DII(1.0),27/02/26 11:00:00,A,GE250,C10-S951_X_K,E_DI3_VLO,PC_ENT,EU27_2020,2023,8.82,,
ESTAT:ISOC_E_DII(1.0),27/02/26 11:00:00,A,GE250,C10-S951_X_K,E_DI3_VLO,PC_ENT,EU27_2020,2025,3.68,,
ESTAT:ISOC_E_DII(1.0),27/02/26 11:00:00,A,GE250,C10-S951_X_K,E_DI3_VLO,PC_ENT,FI,2021,,u,
ESTAT:ISOC_E_DII(1.0),27/02/26 11:00:00,A,GE250,C10-S951_X_K,E_DI3_VLO,PC_ENT,FI,2023,,u,
ESTAT:ISOC_E_DII(1.0),27/02/26 11:00:00,A,GE250,C10-S951_X_K,E_DI3_VLO,PC_ENT,FI,2025,0,,
ESTAT:ISOC_E_DII(1.0),27/02/26 11:00:00,A,GE250,C10-S951_X_K,E_DI3_VLO,PC_ENT,FR,2021,10.56,,
ESTAT:ISOC_E_DII(1.0),27/02/26 11:00:00,A,GE250,C10-S951_X_K,E_DI3_VLO,PC_ENT,FR,2023,9.85,b,
ESTAT:ISOC_E_DII(1.0),27/02/26 11:00:00,A,GE250,C10-S951_X_K,E_DI3_VLO,PC_ENT,FR,2025,2.28,,
ESTAT:ISOC_E_DII(1.0),27/02/26 11:00:00,A,GE250,C10-S951_X_K,E_DI3_VLO,PC_ENT,HR,2021,19.23,,
ESTAT:ISOC_E_DII(1.0),27/02/26 11:00:00,A,GE250,C10-S951_X_K,E_DI3_VLO,PC_ENT,HR,2023,9.37,,
ESTAT:ISOC_E_DII(1.0),27/02/26 11:00:00,A,GE250,C10-S951_X_K,E_DI3_VLO,PC_ENT,HR,2025,4.65,,
ESTAT:ISOC_E_DII(1.0),27/02/26 11:00:00,A,GE250,C10-S951_X_K,E_DI3_VLO,PC_ENT,HU,2021,17.56,,
ESTAT:ISOC_E_DII(1.0),27/02/26 11:00:00,A,GE250,C10-S951_X_K,E_DI3_VLO,PC_ENT,HU,2023,6.45,,
ESTAT:ISOC_E_DII(1.0),27/02/26 11:00:00,A,GE250,C10-S951_X_K,E_DI3_VLO,PC_ENT,HU,2025,3.03,,
ESTAT:ISOC_E_DII(1.0),27/02/26 11:00:00,A,GE250,C10-S951_X_K,E_DI3_VLO,PC_ENT,IE,2021,5.68,,
ESTAT:ISOC_E_DII(1.0),27/02/26 11:00:00,A,GE250,C10-S951_X_K,E_DI3_VLO,PC_ENT,IE,2023,6.17,,
ESTAT:ISOC_E_DII(1.0),27/02/26 11:00:00,A,GE250,C10-S951_X_K,E_DI3_VLO,PC_ENT,IE,2025,2.21,,
ESTAT:ISOC_E_DII(1.0),27/02/26 11:00:00,A,GE250,C10-S951_X_K,E_DI3_VLO,PC_ENT,IT,2021,12.23,,
ESTAT:ISOC_E_DII(1.0),27/02/26 11:00:00,A,GE250,C10-S951_X_K,E_DI3_VLO,PC_ENT,IT,2023,8.89,,
ESTAT:ISOC_E_DII(1.0),27/02/26 11:00:00,A,GE250,C10-S951_X_K,E_DI3_VLO,PC_ENT,IT,2025,3.63,,
ESTAT:ISOC_E_DII(1.0),27/02/26 11:00:00,A,GE250,C10-S951_X_K,E_DI3_VLO,PC_ENT,LT,2021,8.57,,
ESTAT:ISOC_E_DII(1.0),27/02/26 11:00:00,A,GE250,C10-S951_X_K,E_DI3_VLO,PC_ENT,LT,2023,6.40,,
ESTAT:ISOC_E_DII(1.0),27/02/26 11:00:00,A,GE250,C10-S951_X_K,E_DI3_VLO,PC_ENT,LT,2025,1.97,,
ESTAT:ISOC_E_DII(1.0),27/02/26 11:00:00,A,GE250,C10-S951_X_K,E_DI3_VLO,PC_ENT,LU,2021,11.20,,
ESTAT:ISOC_E_DII(1.0),27/02/26 11:00:00,A,GE250,C10-S951_X_K,E_DI3_VLO,PC_ENT,LU,2023,6.06,,
ESTAT:ISOC_E_DII(1.0),27/02/26 11:00:00,A,GE250,C10-S951_X_K,E_DI3_VLO,PC_ENT,LU,2025,3.99,,
ESTAT:ISOC_E_DII(1.0),27/02/26 11:00:00,A,GE250,C10-S951_X_K,E_DI3_VLO,PC_ENT,LV,2021,11.39,,
ESTAT:ISOC_E_DII(1.0),27/02/26 11:00:00,A,GE250,C10-S951_X_K,E_DI3_VLO,PC_ENT,LV,2023,6.28,,
ESTAT:ISOC_E_DII(1.0),27/02/26 11:00:00,A,GE250,C10-S951_X_K,E_DI3_VLO,PC_ENT,LV,2025,1.79,,
ESTAT:ISOC_E_DII(1.0),27/02/26 11:00:00,A,GE250,C10-S951_X_K,E_DI3_VLO,PC_ENT,ME,2021,32.83,,
ESTAT:ISOC_E_DII(1.0),27/02/26 11:00:00,A,GE250,C10-S951_X_K,E_DI3_VLO,PC_ENT,ME,2023,,,C
ESTAT:ISOC_E_DII(1.0),27/02/26 11:00:00,A,GE250,C10-S951_X_K,E_DI3_VLO,PC_ENT,ME,2025,19.17,,
ESTAT:ISOC_E_DII(1.0),27/02/26 11:00:00,A,GE250,C10-S951_X_K,E_DI3_VLO,PC_ENT,MK,2021,36.38,,
ESTAT:ISOC_E_DII(1.0),27/02/26 11:00:00,A,GE250,C10-S951_X_K,E_DI3_VLO,PC_ENT,MT,2021,17.50,,
ESTAT:ISOC_E_DII(1.0),27/02/26 11:00:00,A,GE250,C10-S951_X_K,E_DI3_VLO,PC_ENT,MT,2023,9.64,,
ESTAT:ISOC_E_DII(1.0),27/02/26 11:00:00,A,GE250,C10-S951_X_K,E_DI3_VLO,PC_ENT,MT,2025,5.15,,
ESTAT:ISOC_E_DII(1.0),27/02/26 11:00:00,A,GE250,C10-S951_X_K,E_DI3_VLO,PC_ENT,NL,2021,4.87,,
ESTAT:ISOC_E_DII(1.0),27/02/26 11:00:00,A,GE250,C10-S951_X_K,E_DI3_VLO,PC_ENT,NL,2023,2.45,,
ESTAT:ISOC_E_DII(1.0),27/02/26 11:00:00,A,GE250,C10-S951_X_K,E_DI3_VLO,PC_ENT,NL,2025,2.08,,
ESTAT:ISOC_E_DII(1.0),27/02/26 11:00:00,A,GE250,C10-S951_X_K,E_DI3_VLO,PC_ENT,NO,2021,4.12,,
ESTAT:ISOC_E_DII(1.0),27/02/26 11:00:00,A,GE250,C10-S951_X_K,E_DI3_VLO,PC_ENT,NO,2023,2.86,,
ESTAT:ISOC_E_DII(1.0),27/02/26 11:00:00,A,GE250,C10-S951_X_K,E_DI3_VLO,PC_ENT,NO,2025,1.37,,
ESTAT:ISOC_E_DII(1.0),27/02/26 11:00:00,A,GE250,C10-S951_X_K,E_DI3_VLO,PC_ENT,PL,2021,9.87,,
ESTAT:ISOC_E_DII(1.0),27/02/26 11:00:00,A,GE250,C10-S951_X_K,E_DI3_VLO,PC_ENT,PL,2023,5.91,,
ESTAT:ISOC_E_DII(1.0),27/02/26 11:00:00,A,GE250,C10-S951_X_K,E_DI3_VLO,PC_ENT,PL,2025,2.99,,
ESTAT:ISOC_E_DII(1.0),27/02/26 11:00:00,A,GE250,C10-S951_X_K,E_DI3_VLO,PC_ENT,PT,2021,11.33,,
ESTAT:ISOC_E_DII(1.0),27/02/26 11:00:00,A,GE250,C10-S951_X_K,E_DI3_VLO,PC_ENT,PT,2023,7.92,,
ESTAT:ISOC_E_DII(1.0),27/02/26 11:00:00,A,GE250,C10-S951_X_K,E_DI3_VLO,PC_ENT,PT,2025,4.65,,
ESTAT:ISOC_E_DII(1.0),27/02/26 11:00:00,A,GE250,C10-S951_X_K,E_DI3_VLO,PC_ENT,RO,2021,39.21,,
ESTAT:ISOC_E_DII(1.0),27/02/26 11:00:00,A,GE250,C10-S951_X_K,E_DI3_VLO,PC_ENT,RO,2023,39.14,,
ESTAT:ISOC_E_DII(1.0),27/02/26 11:00:00,A,GE250,C10-S951_X_K,E_DI3_VLO,PC_ENT,RO,2025,19.34,,
ESTAT:ISOC_E_DII(1.0),27/02/26 11:00:00,A,GE250,C10-S951_X_K,E_DI3_VLO,PC_ENT,RS,2021,34.37,,
ESTAT:ISOC_E_DII(1.0),27/02/26 11:00:00,A,GE250,C10-S951_X_K,E_DI3_VLO,PC_ENT,RS,2023,23.78,,
ESTAT:ISOC_E_DII(1.0),27/02/26 11:00:00,A,GE250,C10-S951_X_K,E_DI3_VLO,PC_ENT,RS,2025,18.30,,
ESTAT:ISOC_E_DII(1.0),27/02/26 11:00:00,A,GE250,C10-S951_X_K,E_DI3_VLO,PC_ENT,SE,2021,1.50,,
ESTAT:ISOC_E_DII(1.0),27/02/26 11:00:00,A,GE250,C10-S951_X_K,E_DI3_VLO,PC_ENT,SE,2023,1.93,b,
ESTAT:ISOC_E_DII(1.0),27/02/26 11:00:00,A,GE250,C10-S951_X_K,E_DI3_VLO,PC_ENT,SE,2025,1.14,,
ESTAT:ISOC_E_DII(1.0),27/02/26 11:00:00,A,GE250,C10-S951_X_K,E_DI3_VLO,PC_ENT,SI,2021,3.63,,
ESTAT:ISOC_E_DII(1.0),27/02/26 11:00:00,A,GE250,C10-S951_X_K,E_DI3_VLO,PC_ENT,SI,2023,3.40,,
ESTAT:ISOC_E_DII(1.0),27/02/26 11:00:00,A,GE250,C10-S951_X_K,E_DI3_VLO,PC_ENT,SI,2025,,,C
ESTAT:ISOC_E_DII(1.0),27/02/26 11:00:00,A,GE250,C10-S951_X_K,E_DI3_VLO,PC_ENT,SK,2021,23.73,,
ESTAT:ISOC_E_DII(1.0),27/02/26 11:00:00,A,GE250,C10-S951_X_K,E_DI3_VLO,PC_ENT,SK,2023,15.49,,
ESTAT:ISOC_E_DII(1.0),27/02/26 11:00:00,A,GE250,C10-S951_X_K,E_DI3_VLO,PC_ENT,SK,2025,10.65,,
ESTAT:ISOC_E_DII(1.0),27/02/26 11:00:00,A,GE250,C10-S951_X_K,E_DI3_VLO,PC_ENT,TR,2025,14.89,,
ESTAT:ISOC_E_DII(1.0),27/02/26 11:00:00,A,GE250,C10-S951_X_K,E_DI4_GELO,PC_ENT,AT,2022,98.81,,
ESTAT:ISOC_E_DII(1.0),27/02/26 11:00:00,A,GE250,C10-S951_X_K,E_DI4_GELO,PC_ENT,AT,2024,99.39,,
ESTAT:ISOC_E_DII(1.0),27/02/26 11:00:00,A,GE250,C10-S951_X_K,E_DI4_GELO,PC_ENT,BA,2022,89.91,,
ESTAT:ISOC_E_DII(1.0),27/02/26 11:00:00,A,GE250,C10-S951_X_K,E_DI4_GELO,PC_ENT,BA,2024,86.31,,
ESTAT:ISOC_E_DII(1.0),27/02/26 11:00:00,A,GE250,C10-S951_X_K,E_DI4_GELO,PC_ENT,BE,2022,99.71,,
ESTAT:ISOC_E_DII(1.0),27/02/26 11:00:00,A,GE250,C10-S951_X_K,E_DI4_GELO,PC_ENT,BE,2024,99.58,,
ESTAT:ISOC_E_DII(1.0),27/02/26 11:00:00,A,GE250,C10-S951_X_K,E_DI4_GELO,PC_ENT,BG,2022,90.66,,
ESTAT:ISOC_E_DII(1.0),27/02/26 11:00:00,A,GE250,C10-S951_X_K,E_DI4_GELO,PC_ENT,BG,2024,91.14,,
ESTAT:ISOC_E_DII(1.0),27/02/26 11:00:00,A,GE250,C10-S951_X_K,E_DI4_GELO,PC_ENT,CY,2022,97.53,,
ESTAT:ISOC_E_DII(1.0),27/02/26 11:00:00,A,GE250,C10-S951_X_K,E_DI4_GELO,PC_ENT,CY,2024,100.00,,
ESTAT:ISOC_E_DII(1.0),27/02/26 11:00:00,A,GE250,C10-S951_X_K,E_DI4_GELO,PC_ENT,CZ,2022,98.62,,
ESTAT:ISOC_E_DII(1.0),27/02/26 11:00:00,A,GE250,C10-S951_X_K,E_DI4_GELO,PC_ENT,CZ,2024,98.17,,
ESTAT:ISOC_E_DII(1.0),27/02/26 11:00:00,A,GE250,C10-S951_X_K,E_DI4_GELO,PC_ENT,DE,2022,98.56,,
ESTAT:ISOC_E_DII(1.0),27/02/26 11:00:00,A,GE250,C10-S951_X_K,E_DI4_GELO,PC_ENT,DE,2024,99.20,,
ESTAT:ISOC_E_DII(1.0),27/02/26 11:00:00,A,GE250,C10-S951_X_K,E_DI4_GELO,PC_ENT,DK,2022,99.84,,
ESTAT:ISOC_E_DII(1.0),27/02/26 11:00:00,A,GE250,C10-S951_X_K,E_DI4_GELO,PC_ENT,DK,2024,99.82,,
ESTAT:ISOC_E_DII(1.0),27/02/26 11:00:00,A,GE250,C10-S951_X_K,E_DI4_GELO,PC_ENT,EA,2022,97.66,,
ESTAT:ISOC_E_DII(1.0),27/02/26 11:00:00,A,GE250,C10-S951_X_K,E_DI4_GELO,PC_ENT,EA,2024,98.22,,
ESTAT:ISOC_E_DII(1.0),27/02/26 11:00:00,A,GE250,C10-S951_X_K,E_DI4_GELO,PC_ENT,EE,2022,98.00,,
ESTAT:ISOC_E_DII(1.0),27/02/26 11:00:00,A,GE250,C10-S951_X_K,E_DI4_GELO,PC_ENT,EE,2024,98.74,,
ESTAT:ISOC_E_DII(1.0),27/02/26 11:00:00,A,GE250,C10-S951_X_K,E_DI4_GELO,PC_ENT,EL,2022,86.47,,
ESTAT:ISOC_E_DII(1.0),27/02/26 11:00:00,A,GE250,C10-S951_X_K,E_DI4_GELO,PC_ENT,EL,2024,86.43,,
ESTAT:ISOC_E_DII(1.0),27/02/26 11:00:00,A,GE250,C10-S951_X_K,E_DI4_GELO,PC_ENT,ES,2022,96.97,,
ESTAT:ISOC_E_DII(1.0),27/02/26 11:00:00,A,GE250,C10-S951_X_K,E_DI4_GELO,PC_ENT,ES,2024,96.37,,
ESTAT:ISOC_E_DII(1.0),27/02/26 11:00:00,A,GE250,C10-S951_X_K,E_DI4_GELO,PC_ENT,EU27_2020,2022,97.27,,
ESTAT:ISOC_E_DII(1.0),27/02/26 11:00:00,A,GE250,C10-S951_X_K,E_DI4_GELO,PC_ENT,EU27_2020,2024,97.98,,
ESTAT:ISOC_E_DII(1.0),27/02/26 11:00:00,A,GE250,C10-S951_X_K,E_DI4_GELO,PC_ENT,FI,2022,99.61,,
ESTAT:ISOC_E_DII(1.0),27/02/26 11:00:00,A,GE250,C10-S951_X_K,E_DI4_GELO,PC_ENT,FI,2024,100.00,,
ESTAT:ISOC_E_DII(1.0),27/02/26 11:00:00,A,GE250,C10-S951_X_K,E_DI4_GELO,PC_ENT,FR,2022,97.32,b,
ESTAT:ISOC_E_DII(1.0),27/02/26 11:00:00,A,GE250,C10-S951_X_K,E_DI4_GELO,PC_ENT,FR,2024,98.93,,
ESTAT:ISOC_E_DII(1.0),27/02/26 11:00:00,A,GE250,C10-S951_X_K,E_DI4_GELO,PC_ENT,HR,2022,97.45,,
ESTAT:ISOC_E_DII(1.0),27/02/26 11:00:00,A,GE250,C10-S951_X_K,E_DI4_GELO,PC_ENT,HR,2024,97.10,,
ESTAT:ISOC_E_DII(1.0),27/02/26 11:00:00,A,GE250,C10-S951_X_K,E_DI4_GELO,PC_ENT,HU,2022,97.52,,
ESTAT:ISOC_E_DII(1.0),27/02/26 11:00:00,A,GE250,C10-S951_X_K,E_DI4_GELO,PC_ENT,HU,2024,96.26,,
ESTAT:ISOC_E_DII(1.0),27/02/26 11:00:00,A,GE250,C10-S951_X_K,E_DI4_GELO,PC_ENT,IE,2022,98.26,,
ESTAT:ISOC_E_DII(1.0),27/02/26 11:00:00,A,GE250,C10-S951_X_K,E_DI4_GELO,PC_ENT,IE,2024,98.91,,
ESTAT:ISOC_E_DII(1.0),27/02/26 11:00:00,A,GE250,C10-S951_X_K,E_DI4_GELO,PC_ENT,IT,2022,97.13,,
ESTAT:ISOC_E_DII(1.0),27/02/26 11:00:00,A,GE250,C10-S951_X_K,E_DI4_GELO,PC_ENT,IT,2024,97.79,,
ESTAT:ISOC_E_DII(1.0),27/02/26 11:00:00,A,GE250,C10-S951_X_K,E_DI4_GELO,PC_ENT,LT,2022,97.28,,
ESTAT:ISOC_E_DII(1.0),27/02/26 11:00:00,A,GE250,C10-S951_X_K,E_DI4_GELO,PC_ENT,LT,2024,98.41,,
ESTAT:ISOC_E_DII(1.0),27/02/26 11:00:00,A,GE250,C10-S951_X_K,E_DI4_GELO,PC_ENT,LU,2022,99.31,,
ESTAT:ISOC_E_DII(1.0),27/02/26 11:00:00,A,GE250,C10-S951_X_K,E_DI4_GELO,PC_ENT,LU,2024,100.00,,
ESTAT:ISOC_E_DII(1.0),27/02/26 11:00:00,A,GE250,C10-S951_X_K,E_DI4_GELO,PC_ENT,LV,2022,97.44,,
ESTAT:ISOC_E_DII(1.0),27/02/26 11:00:00,A,GE250,C10-S951_X_K,E_DI4_GELO,PC_ENT,LV,2024,97.75,,
ESTAT:ISOC_E_DII(1.0),27/02/26 11:00:00,A,GE250,C10-S951_X_K,E_DI4_GELO,PC_ENT,ME,2022,95.19,,
ESTAT:ISOC_E_DII(1.0),27/02/26 11:00:00,A,GE250,C10-S951_X_K,E_DI4_GELO,PC_ENT,ME,2024,89.24,,
ESTAT:ISOC_E_DII(1.0),27/02/26 11:00:00,A,GE250,C10-S951_X_K,E_DI4_GELO,PC_ENT,MK,2022,,u,
ESTAT:ISOC_E_DII(1.0),27/02/26 11:00:00,A,GE250,C10-S951_X_K,E_DI4_GELO,PC_ENT,MT,2022,92.21,,
ESTAT:ISOC_E_DII(1.0),27/02/26 11:00:00,A,GE250,C10-S951_X_K,E_DI4_GELO,PC_ENT,MT,2024,94.57,,
ESTAT:ISOC_E_DII(1.0),27/02/26 11:00:00,A,GE250,C10-S951_X_K,E_DI4_GELO,PC_ENT,NL,2022,98.65,,
ESTAT:ISOC_E_DII(1.0),27/02/26 11:00:00,A,GE250,C10-S951_X_K,E_DI4_GELO,PC_ENT,NL,2024,98.22,,
ESTAT:ISOC_E_DII(1.0),27/02/26 11:00:00,A,GE250,C10-S951_X_K,E_DI4_GELO,PC_ENT,NO,2022,99.48,,
ESTAT:ISOC_E_DII(1.0),27/02/26 11:00:00,A,GE250,C10-S951_X_K,E_DI4_GELO,PC_ENT,NO,2024,99.23,,
ESTAT:ISOC_E_DII(1.0),27/02/26 11:00:00,A,GE250,C10-S951_X_K,E_DI4_GELO,PC_ENT,PL,2022,98.35,,
ESTAT:ISOC_E_DII(1.0),27/02/26 11:00:00,A,GE250,C10-S951_X_K,E_DI4_GELO,PC_ENT,PL,2024,99.26,,
ESTAT:ISOC_E_DII(1.0),27/02/26 11:00:00,A,GE250,C10-S951_X_K,E_DI4_GELO,PC_ENT,PT,2022,97.35,,
ESTAT:ISOC_E_DII(1.0),27/02/26 11:00:00,A,GE250,C10-S951_X_K,E_DI4_GELO,PC_ENT,PT,2024,98.25,,
ESTAT:ISOC_E_DII(1.0),27/02/26 11:00:00,A,GE250,C10-S951_X_K,E_DI4_GELO,PC_ENT,RO,2022,85.78,,
ESTAT:ISOC_E_DII(1.0),27/02/26 11:00:00,A,GE250,C10-S951_X_K,E_DI4_GELO,PC_ENT,RO,2024,91.60,,
ESTAT:ISOC_E_DII(1.0),27/02/26 11:00:00,A,GE250,C10-S951_X_K,E_DI4_GELO,PC_ENT,RS,2022,96.18,,
ESTAT:ISOC_E_DII(1.0),27/02/26 11:00:00,A,GE250,C10-S951_X_K,E_DI4_GELO,PC_ENT,RS,2024,98.73,,
ESTAT:ISOC_E_DII(1.0),27/02/26 11:00:00,A,GE250,C10-S951_X_K,E_DI4_GELO,PC_ENT,SE,2022,99.19,,
ESTAT:ISOC_E_DII(1.0),27/02/26 11:00:00,A,GE250,C10-S951_X_K,E_DI4_GELO,PC_ENT,SE,2024,99.72,b,
ESTAT:ISOC_E_DII(1.0),27/02/26 11:00:00,A,GE250,C10-S951_X_K,E_DI4_GELO,PC_ENT,SI,2022,98.71,,
ESTAT:ISOC_E_DII(1.0),27/02/26 11:00:00,A,GE250,C10-S951_X_K,E_DI4_GELO,PC_ENT,SI,2024,100.00,,
ESTAT:ISOC_E_DII(1.0),27/02/26 11:00:00,A,GE250,C10-S951_X_K,E_DI4_GELO,PC_ENT,SK,2022,95.94,,
ESTAT:ISOC_E_DII(1.0),27/02/26 11:00:00,A,GE250,C10-S951_X_K,E_DI4_GELO,PC_ENT,SK,2024,95.05,,
ESTAT:ISOC_E_DII(1.0),27/02/26 11:00:00,A,GE250,C10-S951_X_K,E_DI4_HI,PC_ENT,AT,2022,54.12,,
ESTAT:ISOC_E_DII(1.0),27/02/26 11:00:00,A,GE250,C10-S951_X_K,E_DI4_HI,PC_ENT,AT,2024,43.44,,
ESTAT:ISOC_E_DII(1.0),27/02/26 11:00:00,A,GE250,C10-S951_X_K,E_DI4_HI,PC_ENT,BA,2022,51.10,,
ESTAT:ISOC_E_DII(1.0),27/02/26 11:00:00,A,GE250,C10-S951_X_K,E_DI4_HI,PC_ENT,BA,2024,42.72,,
ESTAT:ISOC_E_DII(1.0),27/02/26 11:00:00,A,GE250,C10-S951_X_K,E_DI4_HI,PC_ENT,BE,2022,45.55,,
ESTAT:ISOC_E_DII(1.0),27/02/26 11:00:00,A,GE250,C10-S951_X_K,E_DI4_HI,PC_ENT,BE,2024,30.18,,
ESTAT:ISOC_E_DII(1.0),27/02/26 11:00:00,A,GE250,C10-S951_X_K,E_DI4_HI,PC_ENT,BG,2022,47.02,,
ESTAT:ISOC_E_DII(1.0),27/02/26 11:00:00,A,GE250,C10-S951_X_K,E_DI4_HI,PC_ENT,BG,2024,47.06,,
ESTAT:ISOC_E_DII(1.0),27/02/26 11:00:00,A,GE250,C10-S951_X_K,E_DI4_HI,PC_ENT,CY,2022,59.65,,
ESTAT:ISOC_E_DII(1.0),27/02/26 11:00:00,A,GE250,C10-S951_X_K,E_DI4_HI,PC_ENT,CY,2024,47.17,,
ESTAT:ISOC_E_DII(1.0),27/02/26 11:00:00,A,GE250,C10-S951_X_K,E_DI4_HI,PC_ENT,CZ,2022,52.21,,
ESTAT:ISOC_E_DII(1.0),27/02/26 11:00:00,A,GE250,C10-S951_X_K,E_DI4_HI,PC_ENT,CZ,2024,50.46,,
ESTAT:ISOC_E_DII(1.0),27/02/26 11:00:00,A,GE250,C10-S951_X_K,E_DI4_HI,PC_ENT,DE,2022,57.09,,
ESTAT:ISOC_E_DII(1.0),27/02/26 11:00:00,A,GE250,C10-S951_X_K,E_DI4_HI,PC_ENT,DE,2024,45.21,,
ESTAT:ISOC_E_DII(1.0),27/02/26 11:00:00,A,GE250,C10-S951_X_K,E_DI4_HI,PC_ENT,DK,2022,37.68,,
ESTAT:ISOC_E_DII(1.0),27/02/26 11:00:00,A,GE250,C10-S951_X_K,E_DI4_HI,PC_ENT,DK,2024,27.35,,
ESTAT:ISOC_E_DII(1.0),27/02/26 11:00:00,A,GE250,C10-S951_X_K,E_DI4_HI,PC_ENT,EA,2022,54.60,,
ESTAT:ISOC_E_DII(1.0),27/02/26 11:00:00,A,GE250,C10-S951_X_K,E_DI4_HI,PC_ENT,EA,2024,44.80,,
ESTAT:ISOC_E_DII(1.0),27/02/26 11:00:00,A,GE250,C10-S951_X_K,E_DI4_HI,PC_ENT,EE,2022,45.33,,
ESTAT:ISOC_E_DII(1.0),27/02/26 11:00:00,A,GE250,C10-S951_X_K,E_DI4_HI,PC_ENT,EE,2024,47.80,,
ESTAT:ISOC_E_DII(1.0),27/02/26 11:00:00,A,GE250,C10-S951_X_K,E_DI4_HI,PC_ENT,EL,2022,63.88,,
ESTAT:ISOC_E_DII(1.0),27/02/26 11:00:00,A,GE250,C10-S951_X_K,E_DI4_HI,PC_ENT,EL,2024,39.12,,
ESTAT:ISOC_E_DII(1.0),27/02/26 11:00:00,A,GE250,C10-S951_X_K,E_DI4_HI,PC_ENT,ES,2022,54.16,,
ESTAT:ISOC_E_DII(1.0),27/02/26 11:00:00,A,GE250,C10-S951_X_K,E_DI4_HI,PC_ENT,ES,2024,40.98,,
ESTAT:ISOC_E_DII(1.0),27/02/26 11:00:00,A,GE250,C10-S951_X_K,E_DI4_HI,PC_ENT,EU27_2020,2022,54.07,,
ESTAT:ISOC_E_DII(1.0),27/02/26 11:00:00,A,GE250,C10-S951_X_K,E_DI4_HI,PC_ENT,EU27_2020,2024,45.76,,
ESTAT:ISOC_E_DII(1.0),27/02/26 11:00:00,A,GE250,C10-S951_X_K,E_DI4_HI,PC_ENT,FI,2022,46.50,,
ESTAT:ISOC_E_DII(1.0),27/02/26 11:00:00,A,GE250,C10-S951_X_K,E_DI4_HI,PC_ENT,FI,2024,26.45,,
ESTAT:ISOC_E_DII(1.0),27/02/26 11:00:00,A,GE250,C10-S951_X_K,E_DI4_HI,PC_ENT,FR,2022,52.27,b,
ESTAT:ISOC_E_DII(1.0),27/02/26 11:00:00,A,GE250,C10-S951_X_K,E_DI4_HI,PC_ENT,FR,2024,52.01,,
ESTAT:ISOC_E_DII(1.0),27/02/26 11:00:00,A,GE250,C10-S951_X_K,E_DI4_HI,PC_ENT,HR,2022,47.07,,
ESTAT:ISOC_E_DII(1.0),27/02/26 11:00:00,A,GE250,C10-S951_X_K,E_DI4_HI,PC_ENT,HR,2024,47.12,,
ESTAT:ISOC_E_DII(1.0),27/02/26 11:00:00,A,GE250,C10-S951_X_K,E_DI4_HI,PC_ENT,HU,2022,55.83,,
ESTAT:ISOC_E_DII(1.0),27/02/26 11:00:00,A,GE250,C10-S951_X_K,E_DI4_HI,PC_ENT,HU,2024,56.22,,
ESTAT:ISOC_E_DII(1.0),27/02/26 11:00:00,A,GE250,C10-S951_X_K,E_DI4_HI,PC_ENT,IE,2022,56.56,,
ESTAT:ISOC_E_DII(1.0),27/02/26 11:00:00,A,GE250,C10-S951_X_K,E_DI4_HI,PC_ENT,IE,2024,41.65,,
ESTAT:ISOC_E_DII(1.0),27/02/26 11:00:00,A,GE250,C10-S951_X_K,E_DI4_HI,PC_ENT,IT,2022,49.79,,
ESTAT:ISOC_E_DII(1.0),27/02/26 11:00:00,A,GE250,C10-S951_X_K,E_DI4_HI,PC_ENT,IT,2024,46.35,,
ESTAT:ISOC_E_DII(1.0),27/02/26 11:00:00,A,GE250,C10-S951_X_K,E_DI4_HI,PC_ENT,LT,2022,54.70,,
ESTAT:ISOC_E_DII(1.0),27/02/26 11:00:00,A,GE250,C10-S951_X_K,E_DI4_HI,PC_ENT,LT,2024,48.97,,
ESTAT:ISOC_E_DII(1.0),27/02/26 11:00:00,A,GE250,C10-S951_X_K,E_DI4_HI,PC_ENT,LU,2022,57.70,,
ESTAT:ISOC_E_DII(1.0),27/02/26 11:00:00,A,GE250,C10-S951_X_K,E_DI4_HI,PC_ENT,LU,2024,47.29,,
ESTAT:ISOC_E_DII(1.0),27/02/26 11:00:00,A,GE250,C10-S951_X_K,E_DI4_HI,PC_ENT,LV,2022,65.64,,
ESTAT:ISOC_E_DII(1.0),27/02/26 11:00:00,A,GE250,C10-S951_X_K,E_DI4_HI,PC_ENT,LV,2024,49.55,,
ESTAT:ISOC_E_DII(1.0),27/02/26 11:00:00,A,GE250,C10-S951_X_K,E_DI4_HI,PC_ENT,ME,2022,41.99,,
ESTAT:ISOC_E_DII(1.0),27/02/26 11:00:00,A,GE250,C10-S951_X_K,E_DI4_HI,PC_ENT,ME,2024,39.31,,
ESTAT:ISOC_E_DII(1.0),27/02/26 11:00:00,A,GE250,C10-S951_X_K,E_DI4_HI,PC_ENT,MK,2022,47.27,,
ESTAT:ISOC_E_DII(1.0),27/02/26 11:00:00,A,GE250,C10-S951_X_K,E_DI4_HI,PC_ENT,MT,2022,46.75,,
ESTAT:ISOC_E_DII(1.0),27/02/26 11:00:00,A,GE250,C10-S951_X_K,E_DI4_HI,PC_ENT,MT,2024,33.70,,
ESTAT:ISOC_E_DII(1.0),27/02/26 11:00:00,A,GE250,C10-S951_X_K,E_DI4_HI,PC_ENT,NL,2022,57.20,,
ESTAT:ISOC_E_DII(1.0),27/02/26 11:00:00,A,GE250,C10-S951_X_K,E_DI4_HI,PC_ENT,NL,2024,41.01,,
ESTAT:ISOC_E_DII(1.0),27/02/26 11:00:00,A,GE250,C10-S951_X_K,E_DI4_HI,PC_ENT,NO,2022,46.86,,
ESTAT:ISOC_E_DII(1.0),27/02/26 11:00:00,A,GE250,C10-S951_X_K,E_DI4_HI,PC_ENT,NO,2024,38.59,,
ESTAT:ISOC_E_DII(1.0),27/02/26 11:00:00,A,GE250,C10-S951_X_K,E_DI4_HI,PC_ENT,PL,2022,59.40,,
ESTAT:ISOC_E_DII(1.0),27/02/26 11:00:00,A,GE250,C10-S951_X_K,E_DI4_HI,PC_ENT,PL,2024,56.21,,
ESTAT:ISOC_E_DII(1.0),27/02/26 11:00:00,A,GE250,C10-S951_X_K,E_DI4_HI,PC_ENT,PT,2022,57.09,,
ESTAT:ISOC_E_DII(1.0),27/02/26 11:00:00,A,GE250,C10-S951_X_K,E_DI4_HI,PC_ENT,PT,2024,46.41,,
ESTAT:ISOC_E_DII(1.0),27/02/26 11:00:00,A,GE250,C10-S951_X_K,E_DI4_HI,PC_ENT,RO,2022,50.63,,
ESTAT:ISOC_E_DII(1.0),27/02/26 11:00:00,A,GE250,C10-S951_X_K,E_DI4_HI,PC_ENT,RO,2024,48.31,,
ESTAT:ISOC_E_DII(1.0),27/02/26 11:00:00,A,GE250,C10-S951_X_K,E_DI4_HI,PC_ENT,RS,2022,56.83,,
ESTAT:ISOC_E_DII(1.0),27/02/26 11:00:00,A,GE250,C10-S951_X_K,E_DI4_HI,PC_ENT,RS,2024,50.27,,
ESTAT:ISOC_E_DII(1.0),27/02/26 11:00:00,A,GE250,C10-S951_X_K,E_DI4_HI,PC_ENT,SE,2022,41.62,,
ESTAT:ISOC_E_DII(1.0),27/02/26 11:00:00,A,GE250,C10-S951_X_K,E_DI4_HI,PC_ENT,SE,2024,31.84,b,
ESTAT:ISOC_E_DII(1.0),27/02/26 11:00:00,A,GE250,C10-S951_X_K,E_DI4_HI,PC_ENT,SI,2022,47.37,,
ESTAT:ISOC_E_DII(1.0),27/02/26 11:00:00,A,GE250,C10-S951_X_K,E_DI4_HI,PC_ENT,SI,2024,38.63,,
ESTAT:ISOC_E_DII(1.0),27/02/26 11:00:00,A,GE250,C10-S951_X_K,E_DI4_HI,PC_ENT,SK,2022,55.77,,
ESTAT:ISOC_E_DII(1.0),27/02/26 11:00:00,A,GE250,C10-S951_X_K,E_DI4_HI,PC_ENT,SK,2024,53.43,,
ESTAT:ISOC_E_DII(1.0),27/02/26 11:00:00,A,GE250,C10-S951_X_K,E_DI4_LO,PC_ENT,AT,2022,10.64,,
ESTAT:ISOC_E_DII(1.0),27/02/26 11:00:00,A,GE250,C10-S951_X_K,E_DI4_LO,PC_ENT,AT,2024,9.04,,
ESTAT:ISOC_E_DII(1.0),27/02/26 11:00:00,A,GE250,C10-S951_X_K,E_DI4_LO,PC_ENT,BA,2022,27.05,,
ESTAT:ISOC_E_DII(1.0),27/02/26 11:00:00,A,GE250,C10-S951_X_K,E_DI4_LO,PC_ENT,BA,2024,28.12,,
ESTAT:ISOC_E_DII(1.0),27/02/26 11:00:00,A,GE250,C10-S951_X_K,E_DI4_LO,PC_ENT,BE,2022,6.21,,
ESTAT:ISOC_E_DII(1.0),27/02/26 11:00:00,A,GE250,C10-S951_X_K,E_DI4_LO,PC_ENT,BE,2024,4.23,,
ESTAT:ISOC_E_DII(1.0),27/02/26 11:00:00,A,GE250,C10-S951_X_K,E_DI4_LO,PC_ENT,BG,2022,35.34,,
ESTAT:ISOC_E_DII(1.0),27/02/26 11:00:00,A,GE250,C10-S951_X_K,E_DI4_LO,PC_ENT,BG,2024,28.43,,
ESTAT:ISOC_E_DII(1.0),27/02/26 11:00:00,A,GE250,C10-S951_X_K,E_DI4_LO,PC_ENT,CY,2022,12.87,,
ESTAT:ISOC_E_DII(1.0),27/02/26 11:00:00,A,GE250,C10-S951_X_K,E_DI4_LO,PC_ENT,CY,2024,6.60,,
ESTAT:ISOC_E_DII(1.0),27/02/26 11:00:00,A,GE250,C10-S951_X_K,E_DI4_LO,PC_ENT,CZ,2022,8.83,,
ESTAT:ISOC_E_DII(1.0),27/02/26 11:00:00,A,GE250,C10-S951_X_K,E_DI4_LO,PC_ENT,CZ,2024,8.75,,
ESTAT:ISOC_E_DII(1.0),27/02/26 11:00:00,A,GE250,C10-S951_X_K,E_DI4_LO,PC_ENT,DE,2022,13.01,,
ESTAT:ISOC_E_DII(1.0),27/02/26 11:00:00,A,GE250,C10-S951_X_K,E_DI4_LO,PC_ENT,DE,2024,8.41,,
ESTAT:ISOC_E_DII(1.0),27/02/26 11:00:00,A,GE250,C10-S951_X_K,E_DI4_LO,PC_ENT,DK,2022,3.72,,
ESTAT:ISOC_E_DII(1.0),27/02/26 11:00:00,A,GE250,C10-S951_X_K,E_DI4_LO,PC_ENT,DK,2024,3.52,,
ESTAT:ISOC_E_DII(1.0),27/02/26 11:00:00,A,GE250,C10-S951_X_K,E_DI4_LO,PC_ENT,EA,2022,13.86,,
ESTAT:ISOC_E_DII(1.0),27/02/26 11:00:00,A,GE250,C10-S951_X_K,E_DI4_LO,PC_ENT,EA,2024,11.35,,
ESTAT:ISOC_E_DII(1.0),27/02/26 11:00:00,A,GE250,C10-S951_X_K,E_DI4_LO,PC_ENT,EE,2022,16.67,,
ESTAT:ISOC_E_DII(1.0),27/02/26 11:00:00,A,GE250,C10-S951_X_K,E_DI4_LO,PC_ENT,EE,2024,9.43,,
ESTAT:ISOC_E_DII(1.0),27/02/26 11:00:00,A,GE250,C10-S951_X_K,E_DI4_LO,PC_ENT,EL,2022,13.79,,
ESTAT:ISOC_E_DII(1.0),27/02/26 11:00:00,A,GE250,C10-S951_X_K,E_DI4_LO,PC_ENT,EL,2024,29.28,,
ESTAT:ISOC_E_DII(1.0),27/02/26 11:00:00,A,GE250,C10-S951_X_K,E_DI4_LO,PC_ENT,ES,2022,13.92,,
ESTAT:ISOC_E_DII(1.0),27/02/26 11:00:00,A,GE250,C10-S951_X_K,E_DI4_LO,PC_ENT,ES,2024,11.47,,
ESTAT:ISOC_E_DII(1.0),27/02/26 11:00:00,A,GE250,C10-S951_X_K,E_DI4_LO,PC_ENT,EU27_2020,2022,13.67,,
ESTAT:ISOC_E_DII(1.0),27/02/26 11:00:00,A,GE250,C10-S951_X_K,E_DI4_LO,PC_ENT,EU27_2020,2024,11.55,,
ESTAT:ISOC_E_DII(1.0),27/02/26 11:00:00,A,GE250,C10-S951_X_K,E_DI4_LO,PC_ENT,FI,2022,2.90,,
ESTAT:ISOC_E_DII(1.0),27/02/26 11:00:00,A,GE250,C10-S951_X_K,E_DI4_LO,PC_ENT,FI,2024,1.63,,
ESTAT:ISOC_E_DII(1.0),27/02/26 11:00:00,A,GE250,C10-S951_X_K,E_DI4_LO,PC_ENT,FR,2022,20.11,b,
ESTAT:ISOC_E_DII(1.0),27/02/26 11:00:00,A,GE250,C10-S951_X_K,E_DI4_LO,PC_ENT,FR,2024,17.15,,
ESTAT:ISOC_E_DII(1.0),27/02/26 11:00:00,A,GE250,C10-S951_X_K,E_DI4_LO,PC_ENT,HR,2022,17.79,,
ESTAT:ISOC_E_DII(1.0),27/02/26 11:00:00,A,GE250,C10-S951_X_K,E_DI4_LO,PC_ENT,HR,2024,15.36,,
ESTAT:ISOC_E_DII(1.0),27/02/26 11:00:00,A,GE250,C10-S951_X_K,E_DI4_LO,PC_ENT,HU,2022,11.20,,
ESTAT:ISOC_E_DII(1.0),27/02/26 11:00:00,A,GE250,C10-S951_X_K,E_DI4_LO,PC_ENT,HU,2024,12.05,,
ESTAT:ISOC_E_DII(1.0),27/02/26 11:00:00,A,GE250,C10-S951_X_K,E_DI4_LO,PC_ENT,IE,2022,16.04,,
ESTAT:ISOC_E_DII(1.0),27/02/26 11:00:00,A,GE250,C10-S951_X_K,E_DI4_LO,PC_ENT,IE,2024,6.53,,
ESTAT:ISOC_E_DII(1.0),27/02/26 11:00:00,A,GE250,C10-S951_X_K,E_DI4_LO,PC_ENT,IT,2022,15.02,,
ESTAT:ISOC_E_DII(1.0),27/02/26 11:00:00,A,GE250,C10-S951_X_K,E_DI4_LO,PC_ENT,IT,2024,14.67,,
ESTAT:ISOC_E_DII(1.0),27/02/26 11:00:00,A,GE250,C10-S951_X_K,E_DI4_LO,PC_ENT,LT,2022,13.37,,
ESTAT:ISOC_E_DII(1.0),27/02/26 11:00:00,A,GE250,C10-S951_X_K,E_DI4_LO,PC_ENT,LT,2024,15.03,,
ESTAT:ISOC_E_DII(1.0),27/02/26 11:00:00,A,GE250,C10-S951_X_K,E_DI4_LO,PC_ENT,LU,2022,24.01,,
ESTAT:ISOC_E_DII(1.0),27/02/26 11:00:00,A,GE250,C10-S951_X_K,E_DI4_LO,PC_ENT,LU,2024,20.60,,
ESTAT:ISOC_E_DII(1.0),27/02/26 11:00:00,A,GE250,C10-S951_X_K,E_DI4_LO,PC_ENT,LV,2022,10.26,,
ESTAT:ISOC_E_DII(1.0),27/02/26 11:00:00,A,GE250,C10-S951_X_K,E_DI4_LO,PC_ENT,LV,2024,12.61,,
ESTAT:ISOC_E_DII(1.0),27/02/26 11:00:00,A,GE250,C10-S951_X_K,E_DI4_LO,PC_ENT,ME,2022,38.68,,
ESTAT:ISOC_E_DII(1.0),27/02/26 11:00:00,A,GE250,C10-S951_X_K,E_DI4_LO,PC_ENT,ME,2024,36.61,,
ESTAT:ISOC_E_DII(1.0),27/02/26 11:00:00,A,GE250,C10-S951_X_K,E_DI4_LO,PC_ENT,MK,2022,34.16,,
ESTAT:ISOC_E_DII(1.0),27/02/26 11:00:00,A,GE250,C10-S951_X_K,E_DI4_LO,PC_ENT,MT,2022,11.69,,
ESTAT:ISOC_E_DII(1.0),27/02/26 11:00:00,A,GE250,C10-S951_X_K,E_DI4_LO,PC_ENT,MT,2024,11.96,,
ESTAT:ISOC_E_DII(1.0),27/02/26 11:00:00,A,GE250,C10-S951_X_K,E_DI4_LO,PC_ENT,NL,2022,10.96,,
ESTAT:ISOC_E_DII(1.0),27/02/26 11:00:00,A,GE250,C10-S951_X_K,E_DI4_LO,PC_ENT,NL,2024,7.36,,
ESTAT:ISOC_E_DII(1.0),27/02/26 11:00:00,A,GE250,C10-S951_X_K,E_DI4_LO,PC_ENT,NO,2022,9.28,,
ESTAT:ISOC_E_DII(1.0),27/02/26 11:00:00,A,GE250,C10-S951_X_K,E_DI4_LO,PC_ENT,NO,2024,8.63,,
ESTAT:ISOC_E_DII(1.0),27/02/26 11:00:00,A,GE250,C10-S951_X_K,E_DI4_LO,PC_ENT,PL,2022,9.09,,
ESTAT:ISOC_E_DII(1.0),27/02/26 11:00:00,A,GE250,C10-S951_X_K,E_DI4_LO,PC_ENT,PL,2024,6.29,,
ESTAT:ISOC_E_DII(1.0),27/02/26 11:00:00,A,GE250,C10-S951_X_K,E_DI4_LO,PC_ENT,PT,2022,10.40,,
ESTAT:ISOC_E_DII(1.0),27/02/26 11:00:00,A,GE250,C10-S951_X_K,E_DI4_LO,PC_ENT,PT,2024,11.34,,
ESTAT:ISOC_E_DII(1.0),27/02/26 11:00:00,A,GE250,C10-S951_X_K,E_DI4_LO,PC_ENT,RO,2022,27.70,,
ESTAT:ISOC_E_DII(1.0),27/02/26 11:00:00,A,GE250,C10-S951_X_K,E_DI4_LO,PC_ENT,RO,2024,32.30,,
ESTAT:ISOC_E_DII(1.0),27/02/26 11:00:00,A,GE250,C10-S951_X_K,E_DI4_LO,PC_ENT,RS,2022,18.55,,
ESTAT:ISOC_E_DII(1.0),27/02/26 11:00:00,A,GE250,C10-S951_X_K,E_DI4_LO,PC_ENT,RS,2024,20.15,,
ESTAT:ISOC_E_DII(1.0),27/02/26 11:00:00,A,GE250,C10-S951_X_K,E_DI4_LO,PC_ENT,SE,2022,2.72,,
ESTAT:ISOC_E_DII(1.0),27/02/26 11:00:00,A,GE250,C10-S951_X_K,E_DI4_LO,PC_ENT,SE,2024,4.09,b,
ESTAT:ISOC_E_DII(1.0),27/02/26 11:00:00,A,GE250,C10-S951_X_K,E_DI4_LO,PC_ENT,SI,2022,8.28,,
ESTAT:ISOC_E_DII(1.0),27/02/26 11:00:00,A,GE250,C10-S951_X_K,E_DI4_LO,PC_ENT,SI,2024,4.49,,
ESTAT:ISOC_E_DII(1.0),27/02/26 11:00:00,A,GE250,C10-S951_X_K,E_DI4_LO,PC_ENT,SK,2022,15.50,,
ESTAT:ISOC_E_DII(1.0),27/02/26 11:00:00,A,GE250,C10-S951_X_K,E_DI4_LO,PC_ENT,SK,2024,15.06,,
ESTAT:ISOC_E_DII(1.0),27/02/26 11:00:00,A,GE250,C10-S951_X_K,E_DI4_VHI,PC_ENT,AT,2022,34.05,,
ESTAT:ISOC_E_DII(1.0),27/02/26 11:00:00,A,GE250,C10-S951_X_K,E_DI4_VHI,PC_ENT,AT,2024,46.91,,
ESTAT:ISOC_E_DII(1.0),27/02/26 11:00:00,A,GE250,C10-S951_X_K,E_DI4_VHI,PC_ENT,BA,2022,11.76,,
ESTAT:ISOC_E_DII(1.0),27/02/26 11:00:00,A,GE250,C10-S951_X_K,E_DI4_VHI,PC_ENT,BA,2024,15.46,,
ESTAT:ISOC_E_DII(1.0),27/02/26 11:00:00,A,GE250,C10-S951_X_K,E_DI4_VHI,PC_ENT,BE,2022,47.95,,
ESTAT:ISOC_E_DII(1.0),27/02/26 11:00:00,A,GE250,C10-S951_X_K,E_DI4_VHI,PC_ENT,BE,2024,65.17,,
ESTAT:ISOC_E_DII(1.0),27/02/26 11:00:00,A,GE250,C10-S951_X_K,E_DI4_VHI,PC_ENT,BG,2022,8.29,,
ESTAT:ISOC_E_DII(1.0),27/02/26 11:00:00,A,GE250,C10-S951_X_K,E_DI4_VHI,PC_ENT,BG,2024,15.66,,
ESTAT:ISOC_E_DII(1.0),27/02/26 11:00:00,A,GE250,C10-S951_X_K,E_DI4_VHI,PC_ENT,CY,2022,25.00,,
ESTAT:ISOC_E_DII(1.0),27/02/26 11:00:00,A,GE250,C10-S951_X_K,E_DI4_VHI,PC_ENT,CY,2024,46.23,,
ESTAT:ISOC_E_DII(1.0),27/02/26 11:00:00,A,GE250,C10-S951_X_K,E_DI4_VHI,PC_ENT,CZ,2022,37.58,,
ESTAT:ISOC_E_DII(1.0),27/02/26 11:00:00,A,GE250,C10-S951_X_K,E_DI4_VHI,PC_ENT,CZ,2024,38.97,,
ESTAT:ISOC_E_DII(1.0),27/02/26 11:00:00,A,GE250,C10-S951_X_K,E_DI4_VHI,PC_ENT,DE,2022,28.46,,
ESTAT:ISOC_E_DII(1.0),27/02/26 11:00:00,A,GE250,C10-S951_X_K,E_DI4_VHI,PC_ENT,DE,2024,45.58,,
ESTAT:ISOC_E_DII(1.0),27/02/26 11:00:00,A,GE250,C10-S951_X_K,E_DI4_VHI,PC_ENT,DK,2022,58.44,,
ESTAT:ISOC_E_DII(1.0),27/02/26 11:00:00,A,GE250,C10-S951_X_K,E_DI4_VHI,PC_ENT,DK,2024,68.95,,
ESTAT:ISOC_E_DII(1.0),27/02/26 11:00:00,A,GE250,C10-S951_X_K,E_DI4_VHI,PC_ENT,EA,2022,29.20,,
ESTAT:ISOC_E_DII(1.0),27/02/26 11:00:00,A,GE250,C10-S951_X_K,E_DI4_VHI,PC_ENT,EA,2024,42.06,,
ESTAT:ISOC_E_DII(1.0),27/02/26 11:00:00,A,GE250,C10-S951_X_K,E_DI4_VHI,PC_ENT,EE,2022,36.00,,
ESTAT:ISOC_E_DII(1.0),27/02/26 11:00:00,A,GE250,C10-S951_X_K,E_DI4_VHI,PC_ENT,EE,2024,41.51,,
ESTAT:ISOC_E_DII(1.0),27/02/26 11:00:00,A,GE250,C10-S951_X_K,E_DI4_VHI,PC_ENT,EL,2022,8.79,,
ESTAT:ISOC_E_DII(1.0),27/02/26 11:00:00,A,GE250,C10-S951_X_K,E_DI4_VHI,PC_ENT,EL,2024,18.03,,
ESTAT:ISOC_E_DII(1.0),27/02/26 11:00:00,A,GE250,C10-S951_X_K,E_DI4_VHI,PC_ENT,ES,2022,28.89,,
ESTAT:ISOC_E_DII(1.0),27/02/26 11:00:00,A,GE250,C10-S951_X_K,E_DI4_VHI,PC_ENT,ES,2024,43.92,,
ESTAT:ISOC_E_DII(1.0),27/02/26 11:00:00,A,GE250,C10-S951_X_K,E_DI4_VHI,PC_ENT,EU27_2020,2022,29.54,,
ESTAT:ISOC_E_DII(1.0),27/02/26 11:00:00,A,GE250,C10-S951_X_K,E_DI4_VHI,PC_ENT,EU27_2020,2024,40.67,,
ESTAT:ISOC_E_DII(1.0),27/02/26 11:00:00,A,GE250,C10-S951_X_K,E_DI4_VHI,PC_ENT,FI,2022,50.21,,
ESTAT:ISOC_E_DII(1.0),27/02/26 11:00:00,A,GE250,C10-S951_X_K,E_DI4_VHI,PC_ENT,FI,2024,71.92,,
ESTAT:ISOC_E_DII(1.0),27/02/26 11:00:00,A,GE250,C10-S951_X_K,E_DI4_VHI,PC_ENT,FR,2022,24.94,b,
ESTAT:ISOC_E_DII(1.0),27/02/26 11:00:00,A,GE250,C10-S951_X_K,E_DI4_VHI,PC_ENT,FR,2024,29.77,,
ESTAT:ISOC_E_DII(1.0),27/02/26 11:00:00,A,GE250,C10-S951_X_K,E_DI4_VHI,PC_ENT,HR,2022,32.59,,
ESTAT:ISOC_E_DII(1.0),27/02/26 11:00:00,A,GE250,C10-S951_X_K,E_DI4_VHI,PC_ENT,HR,2024,34.62,,
ESTAT:ISOC_E_DII(1.0),27/02/26 11:00:00,A,GE250,C10-S951_X_K,E_DI4_VHI,PC_ENT,HU,2022,30.49,,
ESTAT:ISOC_E_DII(1.0),27/02/26 11:00:00,A,GE250,C10-S951_X_K,E_DI4_VHI,PC_ENT,HU,2024,27.99,,
ESTAT:ISOC_E_DII(1.0),27/02/26 11:00:00,A,GE250,C10-S951_X_K,E_DI4_VHI,PC_ENT,IE,2022,25.67,,
ESTAT:ISOC_E_DII(1.0),27/02/26 11:00:00,A,GE250,C10-S951_X_K,E_DI4_VHI,PC_ENT,IE,2024,50.73,,
ESTAT:ISOC_E_DII(1.0),27/02/26 11:00:00,A,GE250,C10-S951_X_K,E_DI4_VHI,PC_ENT,IT,2022,32.32,,
ESTAT:ISOC_E_DII(1.0),27/02/26 11:00:00,A,GE250,C10-S951_X_K,E_DI4_VHI,PC_ENT,IT,2024,36.77,,
ESTAT:ISOC_E_DII(1.0),27/02/26 11:00:00,A,GE250,C10-S951_X_K,E_DI4_VHI,PC_ENT,LT,2022,29.21,,
ESTAT:ISOC_E_DII(1.0),27/02/26 11:00:00,A,GE250,C10-S951_X_K,E_DI4_VHI,PC_ENT,LT,2024,34.17,,
ESTAT:ISOC_E_DII(1.0),27/02/26 11:00:00,A,GE250,C10-S951_X_K,E_DI4_VHI,PC_ENT,LU,2022,17.60,,
ESTAT:ISOC_E_DII(1.0),27/02/26 11:00:00,A,GE250,C10-S951_X_K,E_DI4_VHI,PC_ENT,LU,2024,32.11,,
ESTAT:ISOC_E_DII(1.0),27/02/26 11:00:00,A,GE250,C10-S951_X_K,E_DI4_VHI,PC_ENT,LV,2022,21.54,,
ESTAT:ISOC_E_DII(1.0),27/02/26 11:00:00,A,GE250,C10-S951_X_K,E_DI4_VHI,PC_ENT,LV,2024,35.59,,
ESTAT:ISOC_E_DII(1.0),27/02/26 11:00:00,A,GE250,C10-S951_X_K,E_DI4_VHI,PC_ENT,ME,2022,14.53,,
ESTAT:ISOC_E_DII(1.0),27/02/26 11:00:00,A,GE250,C10-S951_X_K,E_DI4_VHI,PC_ENT,ME,2024,,,C
ESTAT:ISOC_E_DII(1.0),27/02/26 11:00:00,A,GE250,C10-S951_X_K,E_DI4_VHI,PC_ENT,MK,2022,,u,
ESTAT:ISOC_E_DII(1.0),27/02/26 11:00:00,A,GE250,C10-S951_X_K,E_DI4_VHI,PC_ENT,MT,2022,33.77,,
ESTAT:ISOC_E_DII(1.0),27/02/26 11:00:00,A,GE250,C10-S951_X_K,E_DI4_VHI,PC_ENT,MT,2024,48.91,,
ESTAT:ISOC_E_DII(1.0),27/02/26 11:00:00,A,GE250,C10-S951_X_K,E_DI4_VHI,PC_ENT,NL,2022,30.49,,
ESTAT:ISOC_E_DII(1.0),27/02/26 11:00:00,A,GE250,C10-S951_X_K,E_DI4_VHI,PC_ENT,NL,2024,49.85,,
ESTAT:ISOC_E_DII(1.0),27/02/26 11:00:00,A,GE250,C10-S951_X_K,E_DI4_VHI,PC_ENT,NO,2022,43.34,,
ESTAT:ISOC_E_DII(1.0),27/02/26 11:00:00,A,GE250,C10-S951_X_K,E_DI4_VHI,PC_ENT,NO,2024,52.02,,
ESTAT:ISOC_E_DII(1.0),27/02/26 11:00:00,A,GE250,C10-S951_X_K,E_DI4_VHI,PC_ENT,PL,2022,29.85,,
ESTAT:ISOC_E_DII(1.0),27/02/26 11:00:00,A,GE250,C10-S951_X_K,E_DI4_VHI,PC_ENT,PL,2024,36.76,,
ESTAT:ISOC_E_DII(1.0),27/02/26 11:00:00,A,GE250,C10-S951_X_K,E_DI4_VHI,PC_ENT,PT,2022,29.85,,
ESTAT:ISOC_E_DII(1.0),27/02/26 11:00:00,A,GE250,C10-S951_X_K,E_DI4_VHI,PC_ENT,PT,2024,40.50,,
ESTAT:ISOC_E_DII(1.0),27/02/26 11:00:00,A,GE250,C10-S951_X_K,E_DI4_VHI,PC_ENT,RO,2022,7.45,,
ESTAT:ISOC_E_DII(1.0),27/02/26 11:00:00,A,GE250,C10-S951_X_K,E_DI4_VHI,PC_ENT,RO,2024,10.99,,
ESTAT:ISOC_E_DII(1.0),27/02/26 11:00:00,A,GE250,C10-S951_X_K,E_DI4_VHI,PC_ENT,RS,2022,20.80,,
ESTAT:ISOC_E_DII(1.0),27/02/26 11:00:00,A,GE250,C10-S951_X_K,E_DI4_VHI,PC_ENT,RS,2024,28.31,,
ESTAT:ISOC_E_DII(1.0),27/02/26 11:00:00,A,GE250,C10-S951_X_K,E_DI4_VHI,PC_ENT,SE,2022,54.85,,
ESTAT:ISOC_E_DII(1.0),27/02/26 11:00:00,A,GE250,C10-S951_X_K,E_DI4_VHI,PC_ENT,SE,2024,63.79,b,
ESTAT:ISOC_E_DII(1.0),27/02/26 11:00:00,A,GE250,C10-S951_X_K,E_DI4_VHI,PC_ENT,SI,2022,43.05,,
ESTAT:ISOC_E_DII(1.0),27/02/26 11:00:00,A,GE250,C10-S951_X_K,E_DI4_VHI,PC_ENT,SI,2024,56.88,,
ESTAT:ISOC_E_DII(1.0),27/02/26 11:00:00,A,GE250,C10-S951_X_K,E_DI4_VHI,PC_ENT,SK,2022,24.67,,
ESTAT:ISOC_E_DII(1.0),27/02/26 11:00:00,A,GE250,C10-S951_X_K,E_DI4_VHI,PC_ENT,SK,2024,26.57,,
ESTAT:ISOC_E_DII(1.0),27/02/26 11:00:00,A,GE250,C10-S951_X_K,E_DI4_VLO,PC_ENT,AT,2022,1.19,,
ESTAT:ISOC_E_DII(1.0),27/02/26 11:00:00,A,GE250,C10-S951_X_K,E_DI4_VLO,PC_ENT,AT,2024,0.61,,
ESTAT:ISOC_E_DII(1.0),27/02/26 11:00:00,A,GE250,C10-S951_X_K,E_DI4_VLO,PC_ENT,BA,2022,10.09,,
ESTAT:ISOC_E_DII(1.0),27/02/26 11:00:00,A,GE250,C10-S951_X_K,E_DI4_VLO,PC_ENT,BA,2024,13.69,,
ESTAT:ISOC_E_DII(1.0),27/02/26 11:00:00,A,GE250,C10-S951_X_K,E_DI4_VLO,PC_ENT,BE,2022,0.29,,
ESTAT:ISOC_E_DII(1.0),27/02/26 11:00:00,A,GE250,C10-S951_X_K,E_DI4_VLO,PC_ENT,BE,2024,0.42,,
ESTAT:ISOC_E_DII(1.0),27/02/26 11:00:00,A,GE250,C10-S951_X_K,E_DI4_VLO,PC_ENT,BG,2022,9.34,,
ESTAT:ISOC_E_DII(1.0),27/02/26 11:00:00,A,GE250,C10-S951_X_K,E_DI4_VLO,PC_ENT,BG,2024,8.86,,
ESTAT:ISOC_E_DII(1.0),27/02/26 11:00:00,A,GE250,C10-S951_X_K,E_DI4_VLO,PC_ENT,CY,2022,2.47,,
ESTAT:ISOC_E_DII(1.0),27/02/26 11:00:00,A,GE250,C10-S951_X_K,E_DI4_VLO,PC_ENT,CY,2024,0,,
ESTAT:ISOC_E_DII(1.0),27/02/26 11:00:00,A,GE250,C10-S951_X_K,E_DI4_VLO,PC_ENT,CZ,2022,1.38,,
ESTAT:ISOC_E_DII(1.0),27/02/26 11:00:00,A,GE250,C10-S951_X_K,E_DI4_VLO,PC_ENT,CZ,2024,1.83,,
ESTAT:ISOC_E_DII(1.0),27/02/26 11:00:00,A,GE250,C10-S951_X_K,E_DI4_VLO,PC_ENT,DE,2022,1.43,,
ESTAT:ISOC_E_DII(1.0),27/02/26 11:00:00,A,GE250,C10-S951_X_K,E_DI4_VLO,PC_ENT,DE,2024,0.80,,
ESTAT:ISOC_E_DII(1.0),27/02/26 11:00:00,A,GE250,C10-S951_X_K,E_DI4_VLO,PC_ENT,DK,2022,0.16,,
ESTAT:ISOC_E_DII(1.0),27/02/26 11:00:00,A,GE250,C10-S951_X_K,E_DI4_VLO,PC_ENT,DK,2024,0.18,,
ESTAT:ISOC_E_DII(1.0),27/02/26 11:00:00,A,GE250,C10-S951_X_K,E_DI4_VLO,PC_ENT,EA,2022,2.33,,
ESTAT:ISOC_E_DII(1.0),27/02/26 11:00:00,A,GE250,C10-S951_X_K,E_DI4_VLO,PC_ENT,EA,2024,1.78,,
ESTAT:ISOC_E_DII(1.0),27/02/26 11:00:00,A,GE250,C10-S951_X_K,E_DI4_VLO,PC_ENT,EE,2022,2.00,,
ESTAT:ISOC_E_DII(1.0),27/02/26 11:00:00,A,GE250,C10-S951_X_K,E_DI4_VLO,PC_ENT,EE,2024,1.26,,
ESTAT:ISOC_E_DII(1.0),27/02/26 11:00:00,A,GE250,C10-S951_X_K,E_DI4_VLO,PC_ENT,EL,2022,13.53,,
ESTAT:ISOC_E_DII(1.0),27/02/26 11:00:00,A,GE250,C10-S951_X_K,E_DI4_VLO,PC_ENT,EL,2024,13.57,,
ESTAT:ISOC_E_DII(1.0),27/02/26 11:00:00,A,GE250,C10-S951_X_K,E_DI4_VLO,PC_ENT,ES,2022,3.03,,
ESTAT:ISOC_E_DII(1.0),27/02/26 11:00:00,A,GE250,C10-S951_X_K,E_DI4_VLO,PC_ENT,ES,2024,3.63,,
ESTAT:ISOC_E_DII(1.0),27/02/26 11:00:00,A,GE250,C10-S951_X_K,E_DI4_VLO,PC_ENT,EU27_2020,2022,2.73,,
ESTAT:ISOC_E_DII(1.0),27/02/26 11:00:00,A,GE250,C10-S951_X_K,E_DI4_VLO,PC_ENT,EU27_2020,2024,2.02,,
ESTAT:ISOC_E_DII(1.0),27/02/26 11:00:00,A,GE250,C10-S951_X_K,E_DI4_VLO,PC_ENT,FI,2022,0.39,,
ESTAT:ISOC_E_DII(1.0),27/02/26 11:00:00,A,GE250,C10-S951_X_K,E_DI4_VLO,PC_ENT,FI,2024,0,,
ESTAT:ISOC_E_DII(1.0),27/02/26 11:00:00,A,GE250,C10-S951_X_K,E_DI4_VLO,PC_ENT,FR,2022,2.68,b,
ESTAT:ISOC_E_DII(1.0),27/02/26 11:00:00,A,GE250,C10-S951_X_K,E_DI4_VLO,PC_ENT,FR,2024,1.07,,
ESTAT:ISOC_E_DII(1.0),27/02/26 11:00:00,A,GE250,C10-S951_X_K,E_DI4_VLO,PC_ENT,HR,2022,2.55,,
ESTAT:ISOC_E_DII(1.0),27/02/26 11:00:00,A,GE250,C10-S951_X_K,E_DI4_VLO,PC_ENT,HR,2024,2.90,,
ESTAT:ISOC_E_DII(1.0),27/02/26 11:00:00,A,GE250,C10-S951_X_K,E_DI4_VLO,PC_ENT,HU,2022,2.48,,
ESTAT:ISOC_E_DII(1.0),27/02/26 11:00:00,A,GE250,C10-S951_X_K,E_DI4_VLO,PC_ENT,HU,2024,3.74,,
ESTAT:ISOC_E_DII(1.0),27/02/26 11:00:00,A,GE250,C10-S951_X_K,E_DI4_VLO,PC_ENT,IE,2022,1.74,,
ESTAT:ISOC_E_DII(1.0),27/02/26 11:00:00,A,GE250,C10-S951_X_K,E_DI4_VLO,PC_ENT,IE,2024,1.09,,
ESTAT:ISOC_E_DII(1.0),27/02/26 11:00:00,A,GE250,C10-S951_X_K,E_DI4_VLO,PC_ENT,IT,2022,2.87,,
ESTAT:ISOC_E_DII(1.0),27/02/26 11:00:00,A,GE250,C10-S951_X_K,E_DI4_VLO,PC_ENT,IT,2024,2.21,,
ESTAT:ISOC_E_DII(1.0),27/02/26 11:00:00,A,GE250,C10-S951_X_K,E_DI4_VLO,PC_ENT,LT,2022,2.72,,
ESTAT:ISOC_E_DII(1.0),27/02/26 11:00:00,A,GE250,C10-S951_X_K,E_DI4_VLO,PC_ENT,LT,2024,1.59,,
ESTAT:ISOC_E_DII(1.0),27/02/26 11:00:00,A,GE250,C10-S951_X_K,E_DI4_VLO,PC_ENT,LU,2022,0.69,,
ESTAT:ISOC_E_DII(1.0),27/02/26 11:00:00,A,GE250,C10-S951_X_K,E_DI4_VLO,PC_ENT,LU,2024,0,,
ESTAT:ISOC_E_DII(1.0),27/02/26 11:00:00,A,GE250,C10-S951_X_K,E_DI4_VLO,PC_ENT,LV,2022,2.56,,
ESTAT:ISOC_E_DII(1.0),27/02/26 11:00:00,A,GE250,C10-S951_X_K,E_DI4_VLO,PC_ENT,LV,2024,2.25,,
ESTAT:ISOC_E_DII(1.0),27/02/26 11:00:00,A,GE250,C10-S951_X_K,E_DI4_VLO,PC_ENT,ME,2022,,,C
ESTAT:ISOC_E_DII(1.0),27/02/26 11:00:00,A,GE250,C10-S951_X_K,E_DI4_VLO,PC_ENT,ME,2024,,,C
ESTAT:ISOC_E_DII(1.0),27/02/26 11:00:00,A,GE250,C10-S951_X_K,E_DI4_VLO,PC_ENT,MK,2022,16.85,,
ESTAT:ISOC_E_DII(1.0),27/02/26 11:00:00,A,GE250,C10-S951_X_K,E_DI4_VLO,PC_ENT,MT,2022,7.79,,
ESTAT:ISOC_E_DII(1.0),27/02/26 11:00:00,A,GE250,C10-S951_X_K,E_DI4_VLO,PC_ENT,MT,2024,5.43,,
ESTAT:ISOC_E_DII(1.0),27/02/26 11:00:00,A,GE250,C10-S951_X_K,E_DI4_VLO,PC_ENT,NL,2022,1.35,,
ESTAT:ISOC_E_DII(1.0),27/02/26 11:00:00,A,GE250,C10-S951_X_K,E_DI4_VLO,PC_ENT,NL,2024,1.78,,
ESTAT:ISOC_E_DII(1.0),27/02/26 11:00:00,A,GE250,C10-S951_X_K,E_DI4_VLO,PC_ENT,NO,2022,0.52,,
ESTAT:ISOC_E_DII(1.0),27/02/26 11:00:00,A,GE250,C10-S951_X_K,E_DI4_VLO,PC_ENT,NO,2024,0.77,,
ESTAT:ISOC_E_DII(1.0),27/02/26 11:00:00,A,GE250,C10-S951_X_K,E_DI4_VLO,PC_ENT,PL,2022,1.66,,
ESTAT:ISOC_E_DII(1.0),27/02/26 11:00:00,A,GE250,C10-S951_X_K,E_DI4_VLO,PC_ENT,PL,2024,0.74,,
ESTAT:ISOC_E_DII(1.0),27/02/26 11:00:00,A,GE250,C10-S951_X_K,E_DI4_VLO,PC_ENT,PT,2022,2.65,,
ESTAT:ISOC_E_DII(1.0),27/02/26 11:00:00,A,GE250,C10-S951_X_K,E_DI4_VLO,PC_ENT,PT,2024,1.75,,
ESTAT:ISOC_E_DII(1.0),27/02/26 11:00:00,A,GE250,C10-S951_X_K,E_DI4_VLO,PC_ENT,RO,2022,14.22,,
ESTAT:ISOC_E_DII(1.0),27/02/26 11:00:00,A,GE250,C10-S951_X_K,E_DI4_VLO,PC_ENT,RO,2024,8.40,,
ESTAT:ISOC_E_DII(1.0),27/02/26 11:00:00,A,GE250,C10-S951_X_K,E_DI4_VLO,PC_ENT,RS,2022,3.83,,
ESTAT:ISOC_E_DII(1.0),27/02/26 11:00:00,A,GE250,C10-S951_X_K,E_DI4_VLO,PC_ENT,RS,2024,1.27,,
ESTAT:ISOC_E_DII(1.0),27/02/26 11:00:00,A,GE250,C10-S951_X_K,E_DI4_VLO,PC_ENT,SE,2022,0.81,,
ESTAT:ISOC_E_DII(1.0),27/02/26 11:00:00,A,GE250,C10-S951_X_K,E_DI4_VLO,PC_ENT,SE,2024,0.28,b,
ESTAT:ISOC_E_DII(1.0),27/02/26 11:00:00,A,GE250,C10-S951_X_K,E_DI4_VLO,PC_ENT,SI,2022,1.29,,
ESTAT:ISOC_E_DII(1.0),27/02/26 11:00:00,A,GE250,C10-S951_X_K,E_DI4_VLO,PC_ENT,SI,2024,0,,
ESTAT:ISOC_E_DII(1.0),27/02/26 11:00:00,A,GE250,C10-S951_X_K,E_DI4_VLO,PC_ENT,SK,2022,4.06,,
ESTAT:ISOC_E_DII(1.0),27/02/26 11:00:00,A,GE250,C10-S951_X_K,E_DI4_VLO,PC_ENT,SK,2024,4.95,,
ESTAT:ISOC_E_DII(1.0),27/02/26 11:00:00,A,GE250,C10-S951_X_K,E_DI_HI,PC_ENT,AT,2015,47.76,,
ESTAT:ISOC_E_DII(1.0),27/02/26 11:00:00,A,GE250,C10-S951_X_K,E_DI_HI,PC_ENT,AT,2016,40.64,b,
ESTAT:ISOC_E_DII(1.0),27/02/26 11:00:00,A,GE250,C10-S951_X_K,E_DI_HI,PC_ENT,AT,2017,46.01,b,
ESTAT:ISOC_E_DII(1.0),27/02/26 11:00:00,A,GE250,C10-S951_X_K,E_DI_HI,PC_ENT,AT,2018,43.47,b,
ESTAT:ISOC_E_DII(1.0),27/02/26 11:00:00,A,GE250,C10-S951_X_K,E_DI_HI,PC_ENT,AT,2019,47.27,b,
ESTAT:ISOC_E_DII(1.0),27/02/26 11:00:00,A,GE250,C10-S951_X_K,E_DI_HI,PC_ENT,BA,2018,26.33,b,
ESTAT:ISOC_E_DII(1.0),27/02/26 11:00:00,A,GE250,C10-S951_X_K,E_DI_HI,PC_ENT,BA,2019,27.15,b,
ESTAT:ISOC_E_DII(1.0),27/02/26 11:00:00,A,GE250,C10-S951_X_K,E_DI_HI,PC_ENT,BE,2015,46.24,,
ESTAT:ISOC_E_DII(1.0),27/02/26 11:00:00,A,GE250,C10-S951_X_K,E_DI_HI,PC_ENT,BE,2016,40.23,b,
ESTAT:ISOC_E_DII(1.0),27/02/26 11:00:00,A,GE250,C10-S951_X_K,E_DI_HI,PC_ENT,BE,2017,47.04,b,
ESTAT:ISOC_E_DII(1.0),27/02/26 11:00:00,A,GE250,C10-S951_X_K,E_DI_HI,PC_ENT,BE,2018,43.01,b,
ESTAT:ISOC_E_DII(1.0),27/02/26 11:00:00,A,GE250,C10-S951_X_K,E_DI_HI,PC_ENT,BE,2019,50.52,b,
ESTAT:ISOC_E_DII(1.0),27/02/26 11:00:00,A,GE250,C10-S951_X_K,E_DI_HI,PC_ENT,BG,2015,20.80,,
ESTAT:ISOC_E_DII(1.0),27/02/26 11:00:00,A,GE250,C10-S951_X_K,E_DI_HI,PC_ENT,BG,2016,14.91,b,
ESTAT:ISOC_E_DII(1.0),27/02/26 11:00:00,A,GE250,C10-S951_X_K,E_DI_HI,PC_ENT,BG,2017,26.19,b,
ESTAT:ISOC_E_DII(1.0),27/02/26 11:00:00,A,GE250,C10-S951_X_K,E_DI_HI,PC_ENT,BG,2018,19.22,b,
ESTAT:ISOC_E_DII(1.0),27/02/26 11:00:00,A,GE250,C10-S951_X_K,E_DI_HI,PC_ENT,BG,2019,22.63,b,
ESTAT:ISOC_E_DII(1.0),27/02/26 11:00:00,A,GE250,C10-S951_X_K,E_DI_HI,PC_ENT,CY,2015,51.03,,
ESTAT:ISOC_E_DII(1.0),27/02/26 11:00:00,A,GE250,C10-S951_X_K,E_DI_HI,PC_ENT,CY,2016,34.81,b,
ESTAT:ISOC_E_DII(1.0),27/02/26 11:00:00,A,GE250,C10-S951_X_K,E_DI_HI,PC_ENT,CY,2017,47.40,b,
ESTAT:ISOC_E_DII(1.0),27/02/26 11:00:00,A,GE250,C10-S951_X_K,E_DI_HI,PC_ENT,CY,2018,39.13,b,
ESTAT:ISOC_E_DII(1.0),27/02/26 11:00:00,A,GE250,C10-S951_X_K,E_DI_HI,PC_ENT,CY,2019,56.17,b,
ESTAT:ISOC_E_DII(1.0),27/02/26 11:00:00,A,GE250,C10-S951_X_K,E_DI_HI,PC_ENT,CZ,2015,33.12,,
ESTAT:ISOC_E_DII(1.0),27/02/26 11:00:00,A,GE250,C10-S951_X_K,E_DI_HI,PC_ENT,CZ,2016,27.73,b,
ESTAT:ISOC_E_DII(1.0),27/02/26 11:00:00,A,GE250,C10-S951_X_K,E_DI_HI,PC_ENT,CZ,2017,37.62,b,
ESTAT:ISOC_E_DII(1.0),27/02/26 11:00:00,A,GE250,C10-S951_X_K,E_DI_HI,PC_ENT,CZ,2018,33.13,b,
ESTAT:ISOC_E_DII(1.0),27/02/26 11:00:00,A,GE250,C10-S951_X_K,E_DI_HI,PC_ENT,CZ,2019,50.94,b,
ESTAT:ISOC_E_DII(1.0),27/02/26 11:00:00,A,GE250,C10-S951_X_K,E_DI_HI,PC_ENT,DE,2015,46.68,,
ESTAT:ISOC_E_DII(1.0),27/02/26 11:00:00,A,GE250,C10-S951_X_K,E_DI_HI,PC_ENT,DE,2016,34.05,b,
ESTAT:ISOC_E_DII(1.0),27/02/26 11:00:00,A,GE250,C10-S951_X_K,E_DI_HI,PC_ENT,DE,2017,45.66,b,
ESTAT:ISOC_E_DII(1.0),27/02/26 11:00:00,A,GE250,C10-S951_X_K,E_DI_HI,PC_ENT,DE,2018,36.39,b,
ESTAT:ISOC_E_DII(1.0),27/02/26 11:00:00,A,GE250,C10-S951_X_K,E_DI_HI,PC_ENT,DE,2019,48.81,b,
ESTAT:ISOC_E_DII(1.0),27/02/26 11:00:00,A,GE250,C10-S951_X_K,E_DI_HI,PC_ENT,DK,2015,43.43,,
ESTAT:ISOC_E_DII(1.0),27/02/26 11:00:00,A,GE250,C10-S951_X_K,E_DI_HI,PC_ENT,DK,2016,46.28,b,
ESTAT:ISOC_E_DII(1.0),27/02/26 11:00:00,A,GE250,C10-S951_X_K,E_DI_HI,PC_ENT,DK,2017,41.35,b,
ESTAT:ISOC_E_DII(1.0),27/02/26 11:00:00,A,GE250,C10-S951_X_K,E_DI_HI,PC_ENT,DK,2018,47.71,b,
ESTAT:ISOC_E_DII(1.0),27/02/26 11:00:00,A,GE250,C10-S951_X_K,E_DI_HI,PC_ENT,DK,2019,44.03,b,
ESTAT:ISOC_E_DII(1.0),27/02/26 11:00:00,A,GE250,C10-S951_X_K,E_DI_HI,PC_ENT,EA,2015,43.18,,
ESTAT:ISOC_E_DII(1.0),27/02/26 11:00:00,A,GE250,C10-S951_X_K,E_DI_HI,PC_ENT,EA,2016,35.12,b,
ESTAT:ISOC_E_DII(1.0),27/02/26 11:00:00,A,GE250,C10-S951_X_K,E_DI_HI,PC_ENT,EA,2017,45.27,,
ESTAT:ISOC_E_DII(1.0),27/02/26 11:00:00,A,GE250,C10-S951_X_K,E_DI_HI,PC_ENT,EA,2018,37.56,,
ESTAT:ISOC_E_DII(1.0),27/02/26 11:00:00,A,GE250,C10-S951_X_K,E_DI_HI,PC_ENT,EA,2019,47.63,,
ESTAT:ISOC_E_DII(1.0),27/02/26 11:00:00,A,GE250,C10-S951_X_K,E_DI_HI,PC_ENT,EE,2015,34.82,,
ESTAT:ISOC_E_DII(1.0),27/02/26 11:00:00,A,GE250,C10-S951_X_K,E_DI_HI,PC_ENT,EE,2016,36.42,b,
ESTAT:ISOC_E_DII(1.0),27/02/26 11:00:00,A,GE250,C10-S951_X_K,E_DI_HI,PC_ENT,EE,2017,38.79,b,
ESTAT:ISOC_E_DII(1.0),27/02/26 11:00:00,A,GE250,C10-S951_X_K,E_DI_HI,PC_ENT,EE,2018,32.34,b,
ESTAT:ISOC_E_DII(1.0),27/02/26 11:00:00,A,GE250,C10-S951_X_K,E_DI_HI,PC_ENT,EE,2019,41.33,b,
ESTAT:ISOC_E_DII(1.0),27/02/26 11:00:00,A,GE250,C10-S951_X_K,E_DI_HI,PC_ENT,EL,2015,25.55,,
ESTAT:ISOC_E_DII(1.0),27/02/26 11:00:00,A,GE250,C10-S951_X_K,E_DI_HI,PC_ENT,EL,2016,32.93,b,
ESTAT:ISOC_E_DII(1.0),27/02/26 11:00:00,A,GE250,C10-S951_X_K,E_DI_HI,PC_ENT,EL,2017,39.30,b,
ESTAT:ISOC_E_DII(1.0),27/02/26 11:00:00,A,GE250,C10-S951_X_K,E_DI_HI,PC_ENT,EL,2018,31.32,b,
ESTAT:ISOC_E_DII(1.0),27/02/26 11:00:00,A,GE250,C10-S951_X_K,E_DI_HI,PC_ENT,EL,2019,23.98,b,
ESTAT:ISOC_E_DII(1.0),27/02/26 11:00:00,A,GE250,C10-S951_X_K,E_DI_HI,PC_ENT,ES,2015,41.26,,
ESTAT:ISOC_E_DII(1.0),27/02/26 11:00:00,A,GE250,C10-S951_X_K,E_DI_HI,PC_ENT,ES,2016,31.53,b,
ESTAT:ISOC_E_DII(1.0),27/02/26 11:00:00,A,GE250,C10-S951_X_K,E_DI_HI,PC_ENT,ES,2017,43.41,b,
ESTAT:ISOC_E_DII(1.0),27/02/26 11:00:00,A,GE250,C10-S951_X_K,E_DI_HI,PC_ENT,ES,2018,28.53,b,
ESTAT:ISOC_E_DII(1.0),27/02/26 11:00:00,A,GE250,C10-S951_X_K,E_DI_HI,PC_ENT,ES,2019,42.12,b,
ESTAT:ISOC_E_DII(1.0),27/02/26 11:00:00,A,GE250,C10-S951_X_K,E_DI_HI,PC_ENT,EU15,2015,44.76,,
ESTAT:ISOC_E_DII(1.0),27/02/26 11:00:00,A,GE250,C10-S951_X_K,E_DI_HI,PC_ENT,EU15,2016,38.23,b,
ESTAT:ISOC_E_DII(1.0),27/02/26 11:00:00,A,GE250,C10-S951_X_K,E_DI_HI,PC_ENT,EU15,2017,45.37,,
ESTAT:ISOC_E_DII(1.0),27/02/26 11:00:00,A,GE250,C10-S951_X_K,E_DI_HI,PC_ENT,EU15,2018,38.96,,
ESTAT:ISOC_E_DII(1.0),27/02/26 11:00:00,A,GE250,C10-S951_X_K,E_DI_HI,PC_ENT,EU27_2007,2015,42.20,,
ESTAT:ISOC_E_DII(1.0),27/02/26 11:00:00,A,GE250,C10-S951_X_K,E_DI_HI,PC_ENT,EU27_2007,2016,35.31,b,
ESTAT:ISOC_E_DII(1.0),27/02/26 11:00:00,A,GE250,C10-S951_X_K,E_DI_HI,PC_ENT,EU27_2007,2017,42.64,,
ESTAT:ISOC_E_DII(1.0),27/02/26 11:00:00,A,GE250,C10-S951_X_K,E_DI_HI,PC_ENT,EU27_2007,2018,36.93,,
ESTAT:ISOC_E_DII(1.0),27/02/26 11:00:00,A,GE250,C10-S951_X_K,E_DI_HI,PC_ENT,EU27_2020,2015,41.27,,
ESTAT:ISOC_E_DII(1.0),27/02/26 11:00:00,A,GE250,C10-S951_X_K,E_DI_HI,PC_ENT,EU27_2020,2016,33.26,,
ESTAT:ISOC_E_DII(1.0),27/02/26 11:00:00,A,GE250,C10-S951_X_K,E_DI_HI,PC_ENT,EU27_2020,2017,42.06,,
ESTAT:ISOC_E_DII(1.0),27/02/26 11:00:00,A,GE250,C10-S951_X_K,E_DI_HI,PC_ENT,EU27_2020,2018,35.92,,
ESTAT:ISOC_E_DII(1.0),27/02/26 11:00:00,A,GE250,C10-S951_X_K,E_DI_HI,PC_ENT,EU27_2020,2019,46.00,,
ESTAT:ISOC_E_DII(1.0),27/02/26 11:00:00,A,GE250,C10-S951_X_K,E_DI_HI,PC_ENT,EU28,2015,42.11,,
ESTAT:ISOC_E_DII(1.0),27/02/26 11:00:00,A,GE250,C10-S951_X_K,E_DI_HI,PC_ENT,EU28,2016,35.24,b,
ESTAT:ISOC_E_DII(1.0),27/02/26 11:00:00,A,GE250,C10-S951_X_K,E_DI_HI,PC_ENT,EU28,2017,42.56,,
ESTAT:ISOC_E_DII(1.0),27/02/26 11:00:00,A,GE250,C10-S951_X_K,E_DI_HI,PC_ENT,EU28,2018,36.86,,
ESTAT:ISOC_E_DII(1.0),27/02/26 11:00:00,A,GE250,C10-S951_X_K,E_DI_HI,PC_ENT,EU28,2019,46.97,,
ESTAT:ISOC_E_DII(1.0),27/02/26 11:00:00,A,GE250,C10-S951_X_K,E_DI_HI,PC_ENT,FI,2015,45.86,,
ESTAT:ISOC_E_DII(1.0),27/02/26 11:00:00,A,GE250,C10-S951_X_K,E_DI_HI,PC_ENT,FI,2016,50.49,b,
ESTAT:ISOC_E_DII(1.0),27/02/26 11:00:00,A,GE250,C10-S951_X_K,E_DI_HI,PC_ENT,FI,2017,64.16,b,
ESTAT:ISOC_E_DII(1.0),27/02/26 11:00:00,A,GE250,C10-S951_X_K,E_DI_HI,PC_ENT,FI,2018,42.26,b,
ESTAT:ISOC_E_DII(1.0),27/02/26 11:00:00,A,GE250,C10-S951_X_K,E_DI_HI,PC_ENT,FI,2019,53.30,b,
ESTAT:ISOC_E_DII(1.0),27/02/26 11:00:00,A,GE250,C10-S951_X_K,E_DI_HI,PC_ENT,FR,2015,43.30,,
ESTAT:ISOC_E_DII(1.0),27/02/26 11:00:00,A,GE250,C10-S951_X_K,E_DI_HI,PC_ENT,FR,2016,38.33,b,
ESTAT:ISOC_E_DII(1.0),27/02/26 11:00:00,A,GE250,C10-S951_X_K,E_DI_HI,PC_ENT,FR,2017,47.85,b,
ESTAT:ISOC_E_DII(1.0),27/02/26 11:00:00,A,GE250,C10-S951_X_K,E_DI_HI,PC_ENT,FR,2018,41.49,b,
ESTAT:ISOC_E_DII(1.0),27/02/26 11:00:00,A,GE250,C10-S951_X_K,E_DI_HI,PC_ENT,FR,2019,49.24,b,
ESTAT:ISOC_E_DII(1.0),27/02/26 11:00:00,A,GE250,C10-S951_X_K,E_DI_HI,PC_ENT,HR,2015,32.97,,
ESTAT:ISOC_E_DII(1.0),27/02/26 11:00:00,A,GE250,C10-S951_X_K,E_DI_HI,PC_ENT,HR,2016,27.04,b,
ESTAT:ISOC_E_DII(1.0),27/02/26 11:00:00,A,GE250,C10-S951_X_K,E_DI_HI,PC_ENT,HR,2017,33.41,b,
ESTAT:ISOC_E_DII(1.0),27/02/26 11:00:00,A,GE250,C10-S951_X_K,E_DI_HI,PC_ENT,HR,2018,28.28,b,
ESTAT:ISOC_E_DII(1.0),27/02/26 11:00:00,A,GE250,C10-S951_X_K,E_DI_HI,PC_ENT,HR,2019,35.02,b,
ESTAT:ISOC_E_DII(1.0),27/02/26 11:00:00,A,GE250,C10-S951_X_K,E_DI_HI,PC_ENT,HU,2015,27.93,,
ESTAT:ISOC_E_DII(1.0),27/02/26 11:00:00,A,GE250,C10-S951_X_K,E_DI_HI,PC_ENT,HU,2016,24.34,b,
ESTAT:ISOC_E_DII(1.0),27/02/26 11:00:00,A,GE250,C10-S951_X_K,E_DI_HI,PC_ENT,HU,2017,31.45,b,
ESTAT:ISOC_E_DII(1.0),27/02/26 11:00:00,A,GE250,C10-S951_X_K,E_DI_HI,PC_ENT,HU,2018,30.04,b,
ESTAT:ISOC_E_DII(1.0),27/02/26 11:00:00,A,GE250,C10-S951_X_K,E_DI_HI,PC_ENT,HU,2019,37.43,b,
ESTAT:ISOC_E_DII(1.0),27/02/26 11:00:00,A,GE250,C10-S951_X_K,E_DI_HI,PC_ENT,IE,2015,38.52,,
ESTAT:ISOC_E_DII(1.0),27/02/26 11:00:00,A,GE250,C10-S951_X_K,E_DI_HI,PC_ENT,IE,2016,33.54,b,
ESTAT:ISOC_E_DII(1.0),27/02/26 11:00:00,A,GE250,C10-S951_X_K,E_DI_HI,PC_ENT,IE,2017,44.40,b,
ESTAT:ISOC_E_DII(1.0),27/02/26 11:00:00,A,GE250,C10-S951_X_K,E_DI_HI,PC_ENT,IE,2018,42.97,b,
ESTAT:ISOC_E_DII(1.0),27/02/26 11:00:00,A,GE250,C10-S951_X_K,E_DI_HI,PC_ENT,IE,2019,57.22,b,
ESTAT:ISOC_E_DII(1.0),27/02/26 11:00:00,A,GE250,C10-S951_X_K,E_DI_HI,PC_ENT,IT,2015,33.60,,
ESTAT:ISOC_E_DII(1.0),27/02/26 11:00:00,A,GE250,C10-S951_X_K,E_DI_HI,PC_ENT,IT,2016,28.67,b,
ESTAT:ISOC_E_DII(1.0),27/02/26 11:00:00,A,GE250,C10-S951_X_K,E_DI_HI,PC_ENT,IT,2017,36.88,b,
ESTAT:ISOC_E_DII(1.0),27/02/26 11:00:00,A,GE250,C10-S951_X_K,E_DI_HI,PC_ENT,IT,2018,34.84,b,
ESTAT:ISOC_E_DII(1.0),27/02/26 11:00:00,A,GE250,C10-S951_X_K,E_DI_HI,PC_ENT,IT,2019,43.26,b,
ESTAT:ISOC_E_DII(1.0),27/02/26 11:00:00,A,GE250,C10-S951_X_K,E_DI_HI,PC_ENT,LT,2015,42.86,,
ESTAT:ISOC_E_DII(1.0),27/02/26 11:00:00,A,GE250,C10-S951_X_K,E_DI_HI,PC_ENT,LT,2016,24.20,b,
ESTAT:ISOC_E_DII(1.0),27/02/26 11:00:00,A,GE250,C10-S951_X_K,E_DI_HI,PC_ENT,LT,2017,47.75,b,
ESTAT:ISOC_E_DII(1.0),27/02/26 11:00:00,A,GE250,C10-S951_X_K,E_DI_HI,PC_ENT,LT,2018,37.14,b,
ESTAT:ISOC_E_DII(1.0),27/02/26 11:00:00,A,GE250,C10-S951_X_K,E_DI_HI,PC_ENT,LT,2019,49.20,b,
ESTAT:ISOC_E_DII(1.0),27/02/26 11:00:00,A,GE250,C10-S951_X_K,E_DI_HI,PC_ENT,LU,2015,39.43,,
ESTAT:ISOC_E_DII(1.0),27/02/26 11:00:00,A,GE250,C10-S951_X_K,E_DI_HI,PC_ENT,LU,2016,32.08,b,
ESTAT:ISOC_E_DII(1.0),27/02/26 11:00:00,A,GE250,C10-S951_X_K,E_DI_HI,PC_ENT,LU,2017,38.65,b,
ESTAT:ISOC_E_DII(1.0),27/02/26 11:00:00,A,GE250,C10-S951_X_K,E_DI_HI,PC_ENT,LU,2018,35.71,b,
ESTAT:ISOC_E_DII(1.0),27/02/26 11:00:00,A,GE250,C10-S951_X_K,E_DI_HI,PC_ENT,LU,2019,46.78,b,
ESTAT:ISOC_E_DII(1.0),27/02/26 11:00:00,A,GE250,C10-S951_X_K,E_DI_HI,PC_ENT,LV,2015,45.14,,
ESTAT:ISOC_E_DII(1.0),27/02/26 11:00:00,A,GE250,C10-S951_X_K,E_DI_HI,PC_ENT,LV,2016,28.90,b,
ESTAT:ISOC_E_DII(1.0),27/02/26 11:00:00,A,GE250,C10-S951_X_K,E_DI_HI,PC_ENT,LV,2017,36.32,b,
ESTAT:ISOC_E_DII(1.0),27/02/26 11:00:00,A,GE250,C10-S951_X_K,E_DI_HI,PC_ENT,LV,2018,36.00,b,
ESTAT:ISOC_E_DII(1.0),27/02/26 11:00:00,A,GE250,C10-S951_X_K,E_DI_HI,PC_ENT,LV,2019,38.19,b,
ESTAT:ISOC_E_DII(1.0),27/02/26 11:00:00,A,GE250,C10-S951_X_K,E_DI_HI,PC_ENT,ME,2017,38.67,b,
ESTAT:ISOC_E_DII(1.0),27/02/26 11:00:00,A,GE250,C10-S951_X_K,E_DI_HI,PC_ENT,ME,2018,39.18,b,
ESTAT:ISOC_E_DII(1.0),27/02/26 11:00:00,A,GE250,C10-S951_X_K,E_DI_HI,PC_ENT,ME,2019,48.41,b,
ESTAT:ISOC_E_DII(1.0),27/02/26 11:00:00,A,GE250,C10-S951_X_K,E_DI_HI,PC_ENT,MK,2015,19.11,,
ESTAT:ISOC_E_DII(1.0),27/02/26 11:00:00,A,GE250,C10-S951_X_K,E_DI_HI,PC_ENT,MK,2016,11.65,b,
ESTAT:ISOC_E_DII(1.0),27/02/26 11:00:00,A,GE250,C10-S951_X_K,E_DI_HI,PC_ENT,MT,2015,50.00,,
ESTAT:ISOC_E_DII(1.0),27/02/26 11:00:00,A,GE250,C10-S951_X_K,E_DI_HI,PC_ENT,MT,2016,42.50,b,
ESTAT:ISOC_E_DII(1.0),27/02/26 11:00:00,A,GE250,C10-S951_X_K,E_DI_HI,PC_ENT,MT,2017,45.70,b,
ESTAT:ISOC_E_DII(1.0),27/02/26 11:00:00,A,GE250,C10-S951_X_K,E_DI_HI,PC_ENT,MT,2018,44.69,b,
ESTAT:ISOC_E_DII(1.0),27/02/26 11:00:00,A,GE250,C10-S951_X_K,E_DI_HI,PC_ENT,MT,2019,55.44,b,
ESTAT:ISOC_E_DII(1.0),27/02/26 11:00:00,A,GE250,C10-S951_X_K,E_DI_HI,PC_ENT,NL,2015,54.92,,
ESTAT:ISOC_E_DII(1.0),27/02/26 11:00:00,A,GE250,C10-S951_X_K,E_DI_HI,PC_ENT,NL,2016,51.03,b,
ESTAT:ISOC_E_DII(1.0),27/02/26 11:00:00,A,GE250,C10-S951_X_K,E_DI_HI,PC_ENT,NL,2017,52.49,b,
ESTAT:ISOC_E_DII(1.0),27/02/26 11:00:00,A,GE250,C10-S951_X_K,E_DI_HI,PC_ENT,NL,2018,53.20,b,
ESTAT:ISOC_E_DII(1.0),27/02/26 11:00:00,A,GE250,C10-S951_X_K,E_DI_HI,PC_ENT,NL,2019,59.90,b,
ESTAT:ISOC_E_DII(1.0),27/02/26 11:00:00,A,GE250,C10-S951_X_K,E_DI_HI,PC_ENT,NO,2015,45.64,,
ESTAT:ISOC_E_DII(1.0),27/02/26 11:00:00,A,GE250,C10-S951_X_K,E_DI_HI,PC_ENT,NO,2016,46.10,b,
ESTAT:ISOC_E_DII(1.0),27/02/26 11:00:00,A,GE250,C10-S951_X_K,E_DI_HI,PC_ENT,NO,2017,46.92,b,
ESTAT:ISOC_E_DII(1.0),27/02/26 11:00:00,A,GE250,C10-S951_X_K,E_DI_HI,PC_ENT,NO,2018,43.22,b,
ESTAT:ISOC_E_DII(1.0),27/02/26 11:00:00,A,GE250,C10-S951_X_K,E_DI_HI,PC_ENT,NO,2019,50.62,b,
ESTAT:ISOC_E_DII(1.0),27/02/26 11:00:00,A,GE250,C10-S951_X_K,E_DI_HI,PC_ENT,PL,2015,39.26,,
ESTAT:ISOC_E_DII(1.0),27/02/26 11:00:00,A,GE250,C10-S951_X_K,E_DI_HI,PC_ENT,PL,2016,28.54,b,
ESTAT:ISOC_E_DII(1.0),27/02/26 11:00:00,A,GE250,C10-S951_X_K,E_DI_HI,PC_ENT,PL,2017,31.77,b,
ESTAT:ISOC_E_DII(1.0),27/02/26 11:00:00,A,GE250,C10-S951_X_K,E_DI_HI,PC_ENT,PL,2018,32.55,b,
ESTAT:ISOC_E_DII(1.0),27/02/26 11:00:00,A,GE250,C10-S951_X_K,E_DI_HI,PC_ENT,PL,2019,46.45,b,
ESTAT:ISOC_E_DII(1.0),27/02/26 11:00:00,A,GE250,C10-S951_X_K,E_DI_HI,PC_ENT,PT,2015,38.71,,
ESTAT:ISOC_E_DII(1.0),27/02/26 11:00:00,A,GE250,C10-S951_X_K,E_DI_HI,PC_ENT,PT,2016,31.42,b,
ESTAT:ISOC_E_DII(1.0),27/02/26 11:00:00,A,GE250,C10-S951_X_K,E_DI_HI,PC_ENT,PT,2017,45.85,b,
ESTAT:ISOC_E_DII(1.0),27/02/26 11:00:00,A,GE250,C10-S951_X_K,E_DI_HI,PC_ENT,PT,2018,34.92,b,
ESTAT:ISOC_E_DII(1.0),27/02/26 11:00:00,A,GE250,C10-S951_X_K,E_DI_HI,PC_ENT,PT,2019,46.17,b,
ESTAT:ISOC_E_DII(1.0),27/02/26 11:00:00,A,GE250,C10-S951_X_K,E_DI_HI,PC_ENT,RO,2015,24.88,,
ESTAT:ISOC_E_DII(1.0),27/02/26 11:00:00,A,GE250,C10-S951_X_K,E_DI_HI,PC_ENT,RO,2016,15.79,b,
ESTAT:ISOC_E_DII(1.0),27/02/26 11:00:00,A,GE250,C10-S951_X_K,E_DI_HI,PC_ENT,RO,2017,26.18,b,
ESTAT:ISOC_E_DII(1.0),27/02/26 11:00:00,A,GE250,C10-S951_X_K,E_DI_HI,PC_ENT,RO,2018,20.94,b,
ESTAT:ISOC_E_DII(1.0),27/02/26 11:00:00,A,GE250,C10-S951_X_K,E_DI_HI,PC_ENT,RO,2019,26.16,b,
ESTAT:ISOC_E_DII(1.0),27/02/26 11:00:00,A,GE250,C10-S951_X_K,E_DI_HI,PC_ENT,RS,2017,35.55,b,
ESTAT:ISOC_E_DII(1.0),27/02/26 11:00:00,A,GE250,C10-S951_X_K,E_DI_HI,PC_ENT,RS,2018,29.38,b,
ESTAT:ISOC_E_DII(1.0),27/02/26 11:00:00,A,GE250,C10-S951_X_K,E_DI_HI,PC_ENT,RS,2019,33.19,b,
ESTAT:ISOC_E_DII(1.0),27/02/26 11:00:00,A,GE250,C10-S951_X_K,E_DI_HI,PC_ENT,SE,2015,60.95,,
ESTAT:ISOC_E_DII(1.0),27/02/26 11:00:00,A,GE250,C10-S951_X_K,E_DI_HI,PC_ENT,SE,2016,49.25,b,
ESTAT:ISOC_E_DII(1.0),27/02/26 11:00:00,A,GE250,C10-S951_X_K,E_DI_HI,PC_ENT,SE,2017,41.76,b,
ESTAT:ISOC_E_DII(1.0),27/02/26 11:00:00,A,GE250,C10-S951_X_K,E_DI_HI,PC_ENT,SE,2018,44.88,b,
ESTAT:ISOC_E_DII(1.0),27/02/26 11:00:00,A,GE250,C10-S951_X_K,E_DI_HI,PC_ENT,SE,2019,47.65,b,
ESTAT:ISOC_E_DII(1.0),27/02/26 11:00:00,A,GE250,C10-S951_X_K,E_DI_HI,PC_ENT,SI,2015,35.92,,
ESTAT:ISOC_E_DII(1.0),27/02/26 11:00:00,A,GE250,C10-S951_X_K,E_DI_HI,PC_ENT,SI,2016,32.68,b,
ESTAT:ISOC_E_DII(1.0),27/02/26 11:00:00,A,GE250,C10-S951_X_K,E_DI_HI,PC_ENT,SI,2017,59.63,b,
ESTAT:ISOC_E_DII(1.0),27/02/26 11:00:00,A,GE250,C10-S951_X_K,E_DI_HI,PC_ENT,SI,2018,49.26,b,
ESTAT:ISOC_E_DII(1.0),27/02/26 11:00:00,A,GE250,C10-S951_X_K,E_DI_HI,PC_ENT,SI,2019,45.92,b,
ESTAT:ISOC_E_DII(1.0),27/02/26 11:00:00,A,GE250,C10-S951_X_K,E_DI_HI,PC_ENT,SK,2015,26.40,,
ESTAT:ISOC_E_DII(1.0),27/02/26 11:00:00,A,GE250,C10-S951_X_K,E_DI_HI,PC_ENT,SK,2016,17.99,b,
ESTAT:ISOC_E_DII(1.0),27/02/26 11:00:00,A,GE250,C10-S951_X_K,E_DI_HI,PC_ENT,SK,2017,33.04,b,
ESTAT:ISOC_E_DII(1.0),27/02/26 11:00:00,A,GE250,C10-S951_X_K,E_DI_HI,PC_ENT,SK,2018,24.84,b,
ESTAT:ISOC_E_DII(1.0),27/02/26 11:00:00,A,GE250,C10-S951_X_K,E_DI_HI,PC_ENT,SK,2019,37.24,b,
ESTAT:ISOC_E_DII(1.0),27/02/26 11:00:00,A,GE250,C10-S951_X_K,E_DI_HI,PC_ENT,TR,2017,18.99,b,
ESTAT:ISOC_E_DII(1.0),27/02/26 11:00:00,A,GE250,C10-S951_X_K,E_DI_HI,PC_ENT,TR,2018,3.16,b,
ESTAT:ISOC_E_DII(1.0),27/02/26 11:00:00,A,GE250,C10-S951_X_K,E_DI_HI,PC_ENT,UK,2015,47.64,,
ESTAT:ISOC_E_DII(1.0),27/02/26 11:00:00,A,GE250,C10-S951_X_K,E_DI_HI,PC_ENT,UK,2016,47.39,b,
ESTAT:ISOC_E_DII(1.0),27/02/26 11:00:00,A,GE250,C10-S951_X_K,E_DI_HI,PC_ENT,UK,2017,45.72,b,
ESTAT:ISOC_E_DII(1.0),27/02/26 11:00:00,A,GE250,C10-S951_X_K,E_DI_HI,PC_ENT,UK,2018,42.79,b,
ESTAT:ISOC_E_DII(1.0),27/02/26 11:00:00,A,GE250,C10-S951_X_K,E_DI_HI,PC_ENT,UK,2019,53.03,b,
ESTAT:ISOC_E_DII(1.0),27/02/26 11:00:00,A,GE250,C10-S951_X_K,E_DI_LO,PC_ENT,AT,2015,30.00,,
ESTAT:ISOC_E_DII(1.0),27/02/26 11:00:00,A,GE250,C10-S951_X_K,E_DI_LO,PC_ENT,AT,2016,42.37,b,
ESTAT:ISOC_E_DII(1.0),27/02/26 11:00:00,A,GE250,C10-S951_X_K,E_DI_LO,PC_ENT,AT,2017,24.00,b,
ESTAT:ISOC_E_DII(1.0),27/02/26 11:00:00,A,GE250,C10-S951_X_K,E_DI_LO,PC_ENT,AT,2018,33.42,b,
ESTAT:ISOC_E_DII(1.0),27/02/26 11:00:00,A,GE250,C10-S951_X_K,E_DI_LO,PC_ENT,AT,2019,22.61,b,
ESTAT:ISOC_E_DII(1.0),27/02/26 11:00:00,A,GE250,C10-S951_X_K,E_DI_LO,PC_ENT,BA,2018,45.56,b,
ESTAT:ISOC_E_DII(1.0),27/02/26 11:00:00,A,GE250,C10-S951_X_K,E_DI_LO,PC_ENT,BA,2019,39.24,b,
ESTAT:ISOC_E_DII(1.0),27/02/26 11:00:00,A,GE250,C10-S951_X_K,E_DI_LO,PC_ENT,BE,2015,22.91,,
ESTAT:ISOC_E_DII(1.0),27/02/26 11:00:00,A,GE250,C10-S951_X_K,E_DI_LO,PC_ENT,BE,2016,34.36,b,
ESTAT:ISOC_E_DII(1.0),27/02/26 11:00:00,A,GE250,C10-S951_X_K,E_DI_LO,PC_ENT,BE,2017,17.78,b,
ESTAT:ISOC_E_DII(1.0),27/02/26 11:00:00,A,GE250,C10-S951_X_K,E_DI_LO,PC_ENT,BE,2018,23.80,b,
ESTAT:ISOC_E_DII(1.0),27/02/26 11:00:00,A,GE250,C10-S951_X_K,E_DI_LO,PC_ENT,BE,2019,14.70,b,
ESTAT:ISOC_E_DII(1.0),27/02/26 11:00:00,A,GE250,C10-S951_X_K,E_DI_LO,PC_ENT,BG,2015,46.72,,
ESTAT:ISOC_E_DII(1.0),27/02/26 11:00:00,A,GE250,C10-S951_X_K,E_DI_LO,PC_ENT,BG,2016,49.53,b,
ESTAT:ISOC_E_DII(1.0),27/02/26 11:00:00,A,GE250,C10-S951_X_K,E_DI_LO,PC_ENT,BG,2017,40.64,b,
ESTAT:ISOC_E_DII(1.0),27/02/26 11:00:00,A,GE250,C10-S951_X_K,E_DI_LO,PC_ENT,BG,2018,45.77,b,
ESTAT:ISOC_E_DII(1.0),27/02/26 11:00:00,A,GE250,C10-S951_X_K,E_DI_LO,PC_ENT,BG,2019,44.45,b,
ESTAT:ISOC_E_DII(1.0),27/02/26 11:00:00,A,GE250,C10-S951_X_K,E_DI_LO,PC_ENT,CY,2015,32.30,,
ESTAT:ISOC_E_DII(1.0),27/02/26 11:00:00,A,GE250,C10-S951_X_K,E_DI_LO,PC_ENT,CY,2016,52.81,b,
ESTAT:ISOC_E_DII(1.0),27/02/26 11:00:00,A,GE250,C10-S951_X_K,E_DI_LO,PC_ENT,CY,2017,44.79,b,
ESTAT:ISOC_E_DII(1.0),27/02/26 11:00:00,A,GE250,C10-S951_X_K,E_DI_LO,PC_ENT,CY,2018,52.17,b,
ESTAT:ISOC_E_DII(1.0),27/02/26 11:00:00,A,GE250,C10-S951_X_K,E_DI_LO,PC_ENT,CY,2019,34.22,b,
ESTAT:ISOC_E_DII(1.0),27/02/26 11:00:00,A,GE250,C10-S951_X_K,E_DI_LO,PC_ENT,CZ,2015,46.70,,
ESTAT:ISOC_E_DII(1.0),27/02/26 11:00:00,A,GE250,C10-S951_X_K,E_DI_LO,PC_ENT,CZ,2016,48.39,b,
ESTAT:ISOC_E_DII(1.0),27/02/26 11:00:00,A,GE250,C10-S951_X_K,E_DI_LO,PC_ENT,CZ,2017,37.21,b,
ESTAT:ISOC_E_DII(1.0),27/02/26 11:00:00,A,GE250,C10-S951_X_K,E_DI_LO,PC_ENT,CZ,2018,41.60,b,
ESTAT:ISOC_E_DII(1.0),27/02/26 11:00:00,A,GE250,C10-S951_X_K,E_DI_LO,PC_ENT,CZ,2019,28.32,b,
ESTAT:ISOC_E_DII(1.0),27/02/26 11:00:00,A,GE250,C10-S951_X_K,E_DI_LO,PC_ENT,DE,2015,35.94,,
ESTAT:ISOC_E_DII(1.0),27/02/26 11:00:00,A,GE250,C10-S951_X_K,E_DI_LO,PC_ENT,DE,2016,43.98,b,
ESTAT:ISOC_E_DII(1.0),27/02/26 11:00:00,A,GE250,C10-S951_X_K,E_DI_LO,PC_ENT,DE,2017,23.50,b,
ESTAT:ISOC_E_DII(1.0),27/02/26 11:00:00,A,GE250,C10-S951_X_K,E_DI_LO,PC_ENT,DE,2018,43.52,b,
ESTAT:ISOC_E_DII(1.0),27/02/26 11:00:00,A,GE250,C10-S951_X_K,E_DI_LO,PC_ENT,DE,2019,27.50,b,
ESTAT:ISOC_E_DII(1.0),27/02/26 11:00:00,A,GE250,C10-S951_X_K,E_DI_LO,PC_ENT,DK,2015,11.98,,
ESTAT:ISOC_E_DII(1.0),27/02/26 11:00:00,A,GE250,C10-S951_X_K,E_DI_LO,PC_ENT,DK,2016,17.75,b,
ESTAT:ISOC_E_DII(1.0),27/02/26 11:00:00,A,GE250,C10-S951_X_K,E_DI_LO,PC_ENT,DK,2017,11.63,b,
ESTAT:ISOC_E_DII(1.0),27/02/26 11:00:00,A,GE250,C10-S951_X_K,E_DI_LO,PC_ENT,DK,2018,12.10,b,
ESTAT:ISOC_E_DII(1.0),27/02/26 11:00:00,A,GE250,C10-S951_X_K,E_DI_LO,PC_ENT,DK,2019,9.45,b,
ESTAT:ISOC_E_DII(1.0),27/02/26 11:00:00,A,GE250,C10-S951_X_K,E_DI_LO,PC_ENT,EA,2015,35.74,,
ESTAT:ISOC_E_DII(1.0),27/02/26 11:00:00,A,GE250,C10-S951_X_K,E_DI_LO,PC_ENT,EA,2016,41.95,b,
ESTAT:ISOC_E_DII(1.0),27/02/26 11:00:00,A,GE250,C10-S951_X_K,E_DI_LO,PC_ENT,EA,2017,27.43,,
ESTAT:ISOC_E_DII(1.0),27/02/26 11:00:00,A,GE250,C10-S951_X_K,E_DI_LO,PC_ENT,EA,2018,38.30,,
ESTAT:ISOC_E_DII(1.0),27/02/26 11:00:00,A,GE250,C10-S951_X_K,E_DI_LO,PC_ENT,EA,2019,28.60,,
ESTAT:ISOC_E_DII(1.0),27/02/26 11:00:00,A,GE250,C10-S951_X_K,E_DI_LO,PC_ENT,EE,2015,42.77,,
ESTAT:ISOC_E_DII(1.0),27/02/26 11:00:00,A,GE250,C10-S951_X_K,E_DI_LO,PC_ENT,EE,2016,45.26,b,
ESTAT:ISOC_E_DII(1.0),27/02/26 11:00:00,A,GE250,C10-S951_X_K,E_DI_LO,PC_ENT,EE,2017,39.80,b,
ESTAT:ISOC_E_DII(1.0),27/02/26 11:00:00,A,GE250,C10-S951_X_K,E_DI_LO,PC_ENT,EE,2018,38.32,b,
ESTAT:ISOC_E_DII(1.0),27/02/26 11:00:00,A,GE250,C10-S951_X_K,E_DI_LO,PC_ENT,EE,2019,29.06,b,
ESTAT:ISOC_E_DII(1.0),27/02/26 11:00:00,A,GE250,C10-S951_X_K,E_DI_LO,PC_ENT,EL,2015,57.07,,
ESTAT:ISOC_E_DII(1.0),27/02/26 11:00:00,A,GE250,C10-S951_X_K,E_DI_LO,PC_ENT,EL,2016,44.55,b,
ESTAT:ISOC_E_DII(1.0),27/02/26 11:00:00,A,GE250,C10-S951_X_K,E_DI_LO,PC_ENT,EL,2017,36.92,b,
ESTAT:ISOC_E_DII(1.0),27/02/26 11:00:00,A,GE250,C10-S951_X_K,E_DI_LO,PC_ENT,EL,2018,45.64,b,
ESTAT:ISOC_E_DII(1.0),27/02/26 11:00:00,A,GE250,C10-S951_X_K,E_DI_LO,PC_ENT,EL,2019,46.10,b,
ESTAT:ISOC_E_DII(1.0),27/02/26 11:00:00,A,GE250,C10-S951_X_K,E_DI_LO,PC_ENT,ES,2015,38.41,,
ESTAT:ISOC_E_DII(1.0),27/02/26 11:00:00,A,GE250,C10-S951_X_K,E_DI_LO,PC_ENT,ES,2016,44.59,b,
ESTAT:ISOC_E_DII(1.0),27/02/26 11:00:00,A,GE250,C10-S951_X_K,E_DI_LO,PC_ENT,ES,2017,34.58,b,
ESTAT:ISOC_E_DII(1.0),27/02/26 11:00:00,A,GE250,C10-S951_X_K,E_DI_LO,PC_ENT,ES,2018,43.53,b,
ESTAT:ISOC_E_DII(1.0),27/02/26 11:00:00,A,GE250,C10-S951_X_K,E_DI_LO,PC_ENT,ES,2019,40.67,b,
ESTAT:ISOC_E_DII(1.0),27/02/26 11:00:00,A,GE250,C10-S951_X_K,E_DI_LO,PC_ENT,EU15,2015,33.71,,
ESTAT:ISOC_E_DII(1.0),27/02/26 11:00:00,A,GE250,C10-S951_X_K,E_DI_LO,PC_ENT,EU15,2016,39.24,b,
ESTAT:ISOC_E_DII(1.0),27/02/26 11:00:00,A,GE250,C10-S951_X_K,E_DI_LO,PC_ENT,EU15,2017,27.47,,
ESTAT:ISOC_E_DII(1.0),27/02/26 11:00:00,A,GE250,C10-S951_X_K,E_DI_LO,PC_ENT,EU15,2018,36.32,,
ESTAT:ISOC_E_DII(1.0),27/02/26 11:00:00,A,GE250,C10-S951_X_K,E_DI_LO,PC_ENT,EU27_2007,2015,35.59,,
ESTAT:ISOC_E_DII(1.0),27/02/26 11:00:00,A,GE250,C10-S951_X_K,E_DI_LO,PC_ENT,EU27_2007,2016,41.09,b,
ESTAT:ISOC_E_DII(1.0),27/02/26 11:00:00,A,GE250,C10-S951_X_K,E_DI_LO,PC_ENT,EU27_2007,2017,30.70,,
ESTAT:ISOC_E_DII(1.0),27/02/26 11:00:00,A,GE250,C10-S951_X_K,E_DI_LO,PC_ENT,EU27_2007,2018,37.90,,
ESTAT:ISOC_E_DII(1.0),27/02/26 11:00:00,A,GE250,C10-S951_X_K,E_DI_LO,PC_ENT,EU27_2020,2015,36.55,,
ESTAT:ISOC_E_DII(1.0),27/02/26 11:00:00,A,GE250,C10-S951_X_K,E_DI_LO,PC_ENT,EU27_2020,2016,42.13,,
ESTAT:ISOC_E_DII(1.0),27/02/26 11:00:00,A,GE250,C10-S951_X_K,E_DI_LO,PC_ENT,EU27_2020,2017,30.48,,
ESTAT:ISOC_E_DII(1.0),27/02/26 11:00:00,A,GE250,C10-S951_X_K,E_DI_LO,PC_ENT,EU27_2020,2018,38.67,,
ESTAT:ISOC_E_DII(1.0),27/02/26 11:00:00,A,GE250,C10-S951_X_K,E_DI_LO,PC_ENT,EU27_2020,2019,29.79,,
ESTAT:ISOC_E_DII(1.0),27/02/26 11:00:00,A,GE250,C10-S951_X_K,E_DI_LO,PC_ENT,EU28,2015,35.72,,
ESTAT:ISOC_E_DII(1.0),27/02/26 11:00:00,A,GE250,C10-S951_X_K,E_DI_LO,PC_ENT,EU28,2016,41.09,b,
ESTAT:ISOC_E_DII(1.0),27/02/26 11:00:00,A,GE250,C10-S951_X_K,E_DI_LO,PC_ENT,EU28,2017,30.78,,
ESTAT:ISOC_E_DII(1.0),27/02/26 11:00:00,A,GE250,C10-S951_X_K,E_DI_LO,PC_ENT,EU28,2018,37.99,,
ESTAT:ISOC_E_DII(1.0),27/02/26 11:00:00,A,GE250,C10-S951_X_K,E_DI_LO,PC_ENT,EU28,2019,29.33,,
ESTAT:ISOC_E_DII(1.0),27/02/26 11:00:00,A,GE250,C10-S951_X_K,E_DI_LO,PC_ENT,FI,2015,10.73,,
ESTAT:ISOC_E_DII(1.0),27/02/26 11:00:00,A,GE250,C10-S951_X_K,E_DI_LO,PC_ENT,FI,2016,13.91,b,
ESTAT:ISOC_E_DII(1.0),27/02/26 11:00:00,A,GE250,C10-S951_X_K,E_DI_LO,PC_ENT,FI,2017,26.65,b,
ESTAT:ISOC_E_DII(1.0),27/02/26 11:00:00,A,GE250,C10-S951_X_K,E_DI_LO,PC_ENT,FI,2018,11.98,b,
ESTAT:ISOC_E_DII(1.0),27/02/26 11:00:00,A,GE250,C10-S951_X_K,E_DI_LO,PC_ENT,FI,2019,7.94,b,
ESTAT:ISOC_E_DII(1.0),27/02/26 11:00:00,A,GE250,C10-S951_X_K,E_DI_LO,PC_ENT,FR,2015,36.01,,
ESTAT:ISOC_E_DII(1.0),27/02/26 11:00:00,A,GE250,C10-S951_X_K,E_DI_LO,PC_ENT,FR,2016,38.74,b,
ESTAT:ISOC_E_DII(1.0),27/02/26 11:00:00,A,GE250,C10-S951_X_K,E_DI_LO,PC_ENT,FR,2017,26.74,b,
ESTAT:ISOC_E_DII(1.0),27/02/26 11:00:00,A,GE250,C10-S951_X_K,E_DI_LO,PC_ENT,FR,2018,34.28,b,
ESTAT:ISOC_E_DII(1.0),27/02/26 11:00:00,A,GE250,C10-S951_X_K,E_DI_LO,PC_ENT,FR,2019,24.57,b,
ESTAT:ISOC_E_DII(1.0),27/02/26 11:00:00,A,GE250,C10-S951_X_K,E_DI_LO,PC_ENT,HR,2015,48.28,,
ESTAT:ISOC_E_DII(1.0),27/02/26 11:00:00,A,GE250,C10-S951_X_K,E_DI_LO,PC_ENT,HR,2016,41.44,b,
ESTAT:ISOC_E_DII(1.0),27/02/26 11:00:00,A,GE250,C10-S951_X_K,E_DI_LO,PC_ENT,HR,2017,39.96,b,
ESTAT:ISOC_E_DII(1.0),27/02/26 11:00:00,A,GE250,C10-S951_X_K,E_DI_LO,PC_ENT,HR,2018,48.77,b,
ESTAT:ISOC_E_DII(1.0),27/02/26 11:00:00,A,GE250,C10-S951_X_K,E_DI_LO,PC_ENT,HR,2019,37.59,b,
ESTAT:ISOC_E_DII(1.0),27/02/26 11:00:00,A,GE250,C10-S951_X_K,E_DI_LO,PC_ENT,HU,2015,44.51,,
ESTAT:ISOC_E_DII(1.0),27/02/26 11:00:00,A,GE250,C10-S951_X_K,E_DI_LO,PC_ENT,HU,2016,46.77,b,
ESTAT:ISOC_E_DII(1.0),27/02/26 11:00:00,A,GE250,C10-S951_X_K,E_DI_LO,PC_ENT,HU,2017,45.79,b,
ESTAT:ISOC_E_DII(1.0),27/02/26 11:00:00,A,GE250,C10-S951_X_K,E_DI_LO,PC_ENT,HU,2018,44.99,b,
ESTAT:ISOC_E_DII(1.0),27/02/26 11:00:00,A,GE250,C10-S951_X_K,E_DI_LO,PC_ENT,HU,2019,37.75,b,
ESTAT:ISOC_E_DII(1.0),27/02/26 11:00:00,A,GE250,C10-S951_X_K,E_DI_LO,PC_ENT,IE,2015,34.34,,
ESTAT:ISOC_E_DII(1.0),27/02/26 11:00:00,A,GE250,C10-S951_X_K,E_DI_LO,PC_ENT,IE,2016,41.23,b,
ESTAT:ISOC_E_DII(1.0),27/02/26 11:00:00,A,GE250,C10-S951_X_K,E_DI_LO,PC_ENT,IE,2017,37.64,b,
ESTAT:ISOC_E_DII(1.0),27/02/26 11:00:00,A,GE250,C10-S951_X_K,E_DI_LO,PC_ENT,IE,2018,35.96,b,
ESTAT:ISOC_E_DII(1.0),27/02/26 11:00:00,A,GE250,C10-S951_X_K,E_DI_LO,PC_ENT,IE,2019,25.77,b,
ESTAT:ISOC_E_DII(1.0),27/02/26 11:00:00,A,GE250,C10-S951_X_K,E_DI_LO,PC_ENT,IT,2015,40.24,,
ESTAT:ISOC_E_DII(1.0),27/02/26 11:00:00,A,GE250,C10-S951_X_K,E_DI_LO,PC_ENT,IT,2016,43.14,b,
ESTAT:ISOC_E_DII(1.0),27/02/26 11:00:00,A,GE250,C10-S951_X_K,E_DI_LO,PC_ENT,IT,2017,33.38,b,
ESTAT:ISOC_E_DII(1.0),27/02/26 11:00:00,A,GE250,C10-S951_X_K,E_DI_LO,PC_ENT,IT,2018,35.50,b,
ESTAT:ISOC_E_DII(1.0),27/02/26 11:00:00,A,GE250,C10-S951_X_K,E_DI_LO,PC_ENT,IT,2019,31.35,b,
ESTAT:ISOC_E_DII(1.0),27/02/26 11:00:00,A,GE250,C10-S951_X_K,E_DI_LO,PC_ENT,LT,2015,40.12,,
ESTAT:ISOC_E_DII(1.0),27/02/26 11:00:00,A,GE250,C10-S951_X_K,E_DI_LO,PC_ENT,LT,2016,56.85,b,
ESTAT:ISOC_E_DII(1.0),27/02/26 11:00:00,A,GE250,C10-S951_X_K,E_DI_LO,PC_ENT,LT,2017,36.80,b,
ESTAT:ISOC_E_DII(1.0),27/02/26 11:00:00,A,GE250,C10-S951_X_K,E_DI_LO,PC_ENT,LT,2018,45.71,b,
ESTAT:ISOC_E_DII(1.0),27/02/26 11:00:00,A,GE250,C10-S951_X_K,E_DI_LO,PC_ENT,LT,2019,34.04,b,
ESTAT:ISOC_E_DII(1.0),27/02/26 11:00:00,A,GE250,C10-S951_X_K,E_DI_LO,PC_ENT,LU,2015,38.18,,
ESTAT:ISOC_E_DII(1.0),27/02/26 11:00:00,A,GE250,C10-S951_X_K,E_DI_LO,PC_ENT,LU,2016,44.43,b,
ESTAT:ISOC_E_DII(1.0),27/02/26 11:00:00,A,GE250,C10-S951_X_K,E_DI_LO,PC_ENT,LU,2017,38.13,b,
ESTAT:ISOC_E_DII(1.0),27/02/26 11:00:00,A,GE250,C10-S951_X_K,E_DI_LO,PC_ENT,LU,2018,41.60,b,
ESTAT:ISOC_E_DII(1.0),27/02/26 11:00:00,A,GE250,C10-S951_X_K,E_DI_LO,PC_ENT,LU,2019,30.11,b,
ESTAT:ISOC_E_DII(1.0),27/02/26 11:00:00,A,GE250,C10-S951_X_K,E_DI_LO,PC_ENT,LV,2015,34.41,,
ESTAT:ISOC_E_DII(1.0),27/02/26 11:00:00,A,GE250,C10-S951_X_K,E_DI_LO,PC_ENT,LV,2016,56.25,b,
ESTAT:ISOC_E_DII(1.0),27/02/26 11:00:00,A,GE250,C10-S951_X_K,E_DI_LO,PC_ENT,LV,2017,45.28,b,
ESTAT:ISOC_E_DII(1.0),27/02/26 11:00:00,A,GE250,C10-S951_X_K,E_DI_LO,PC_ENT,LV,2018,45.00,b,
ESTAT:ISOC_E_DII(1.0),27/02/26 11:00:00,A,GE250,C10-S951_X_K,E_DI_LO,PC_ENT,LV,2019,43.22,b,
ESTAT:ISOC_E_DII(1.0),27/02/26 11:00:00,A,GE250,C10-S951_X_K,E_DI_LO,PC_ENT,ME,2017,46.67,b,
ESTAT:ISOC_E_DII(1.0),27/02/26 11:00:00,A,GE250,C10-S951_X_K,E_DI_LO,PC_ENT,ME,2018,51.43,b,
ESTAT:ISOC_E_DII(1.0),27/02/26 11:00:00,A,GE250,C10-S951_X_K,E_DI_LO,PC_ENT,ME,2019,40.23,b,
ESTAT:ISOC_E_DII(1.0),27/02/26 11:00:00,A,GE250,C10-S951_X_K,E_DI_LO,PC_ENT,MK,2015,59.99,,
ESTAT:ISOC_E_DII(1.0),27/02/26 11:00:00,A,GE250,C10-S951_X_K,E_DI_LO,PC_ENT,MK,2016,59.49,b,
ESTAT:ISOC_E_DII(1.0),27/02/26 11:00:00,A,GE250,C10-S951_X_K,E_DI_LO,PC_ENT,MT,2015,32.69,,
ESTAT:ISOC_E_DII(1.0),27/02/26 11:00:00,A,GE250,C10-S951_X_K,E_DI_LO,PC_ENT,MT,2016,35.00,b,
ESTAT:ISOC_E_DII(1.0),27/02/26 11:00:00,A,GE250,C10-S951_X_K,E_DI_LO,PC_ENT,MT,2017,25.89,b,
ESTAT:ISOC_E_DII(1.0),27/02/26 11:00:00,A,GE250,C10-S951_X_K,E_DI_LO,PC_ENT,MT,2018,28.68,b,
ESTAT:ISOC_E_DII(1.0),27/02/26 11:00:00,A,GE250,C10-S951_X_K,E_DI_LO,PC_ENT,MT,2019,24.05,b,
ESTAT:ISOC_E_DII(1.0),27/02/26 11:00:00,A,GE250,C10-S951_X_K,E_DI_LO,PC_ENT,NL,2015,20.54,,
ESTAT:ISOC_E_DII(1.0),27/02/26 11:00:00,A,GE250,C10-S951_X_K,E_DI_LO,PC_ENT,NL,2016,30.71,b,
ESTAT:ISOC_E_DII(1.0),27/02/26 11:00:00,A,GE250,C10-S951_X_K,E_DI_LO,PC_ENT,NL,2017,17.62,b,
ESTAT:ISOC_E_DII(1.0),27/02/26 11:00:00,A,GE250,C10-S951_X_K,E_DI_LO,PC_ENT,NL,2018,24.58,b,
ESTAT:ISOC_E_DII(1.0),27/02/26 11:00:00,A,GE250,C10-S951_X_K,E_DI_LO,PC_ENT,NL,2019,22.93,b,
ESTAT:ISOC_E_DII(1.0),27/02/26 11:00:00,A,GE250,C10-S951_X_K,E_DI_LO,PC_ENT,NO,2015,21.35,,
ESTAT:ISOC_E_DII(1.0),27/02/26 11:00:00,A,GE250,C10-S951_X_K,E_DI_LO,PC_ENT,NO,2016,19.52,b,
ESTAT:ISOC_E_DII(1.0),27/02/26 11:00:00,A,GE250,C10-S951_X_K,E_DI_LO,PC_ENT,NO,2017,22.15,b,
ESTAT:ISOC_E_DII(1.0),27/02/26 11:00:00,A,GE250,C10-S951_X_K,E_DI_LO,PC_ENT,NO,2018,19.18,b,
ESTAT:ISOC_E_DII(1.0),27/02/26 11:00:00,A,GE250,C10-S951_X_K,E_DI_LO,PC_ENT,NO,2019,25.61,b,
ESTAT:ISOC_E_DII(1.0),27/02/26 11:00:00,A,GE250,C10-S951_X_K,E_DI_LO,PC_ENT,PL,2015,38.41,,
ESTAT:ISOC_E_DII(1.0),27/02/26 11:00:00,A,GE250,C10-S951_X_K,E_DI_LO,PC_ENT,PL,2016,47.15,b,
ESTAT:ISOC_E_DII(1.0),27/02/26 11:00:00,A,GE250,C10-S951_X_K,E_DI_LO,PC_ENT,PL,2017,46.29,b,
ESTAT:ISOC_E_DII(1.0),27/02/26 11:00:00,A,GE250,C10-S951_X_K,E_DI_LO,PC_ENT,PL,2018,41.99,b,
ESTAT:ISOC_E_DII(1.0),27/02/26 11:00:00,A,GE250,C10-S951_X_K,E_DI_LO,PC_ENT,PL,2019,40.93,b,
ESTAT:ISOC_E_DII(1.0),27/02/26 11:00:00,A,GE250,C10-S951_X_K,E_DI_LO,PC_ENT,PT,2015,47.78,,
ESTAT:ISOC_E_DII(1.0),27/02/26 11:00:00,A,GE250,C10-S951_X_K,E_DI_LO,PC_ENT,PT,2016,46.13,b,
ESTAT:ISOC_E_DII(1.0),27/02/26 11:00:00,A,GE250,C10-S951_X_K,E_DI_LO,PC_ENT,PT,2017,34.06,b,
ESTAT:ISOC_E_DII(1.0),27/02/26 11:00:00,A,GE250,C10-S951_X_K,E_DI_LO,PC_ENT,PT,2018,38.95,b,
ESTAT:ISOC_E_DII(1.0),27/02/26 11:00:00,A,GE250,C10-S951_X_K,E_DI_LO,PC_ENT,PT,2019,32.55,b,
ESTAT:ISOC_E_DII(1.0),27/02/26 11:00:00,A,GE250,C10-S951_X_K,E_DI_LO,PC_ENT,RO,2015,41.96,,
ESTAT:ISOC_E_DII(1.0),27/02/26 11:00:00,A,GE250,C10-S951_X_K,E_DI_LO,PC_ENT,RO,2016,42.99,b,
ESTAT:ISOC_E_DII(1.0),27/02/26 11:00:00,A,GE250,C10-S951_X_K,E_DI_LO,PC_ENT,RO,2017,41.78,b,
ESTAT:ISOC_E_DII(1.0),27/02/26 11:00:00,A,GE250,C10-S951_X_K,E_DI_LO,PC_ENT,RO,2018,47.31,b,
ESTAT:ISOC_E_DII(1.0),27/02/26 11:00:00,A,GE250,C10-S951_X_K,E_DI_LO,PC_ENT,RO,2019,37.43,b,
ESTAT:ISOC_E_DII(1.0),27/02/26 11:00:00,A,GE250,C10-S951_X_K,E_DI_LO,PC_ENT,RS,2017,34.87,b,
ESTAT:ISOC_E_DII(1.0),27/02/26 11:00:00,A,GE250,C10-S951_X_K,E_DI_LO,PC_ENT,RS,2018,47.78,b,
ESTAT:ISOC_E_DII(1.0),27/02/26 11:00:00,A,GE250,C10-S951_X_K,E_DI_LO,PC_ENT,RS,2019,41.93,b,
ESTAT:ISOC_E_DII(1.0),27/02/26 11:00:00,A,GE250,C10-S951_X_K,E_DI_LO,PC_ENT,SE,2015,20.16,,
ESTAT:ISOC_E_DII(1.0),27/02/26 11:00:00,A,GE250,C10-S951_X_K,E_DI_LO,PC_ENT,SE,2016,19.28,b,
ESTAT:ISOC_E_DII(1.0),27/02/26 11:00:00,A,GE250,C10-S951_X_K,E_DI_LO,PC_ENT,SE,2017,19.82,b,
ESTAT:ISOC_E_DII(1.0),27/02/26 11:00:00,A,GE250,C10-S951_X_K,E_DI_LO,PC_ENT,SE,2018,14.71,b,
ESTAT:ISOC_E_DII(1.0),27/02/26 11:00:00,A,GE250,C10-S951_X_K,E_DI_LO,PC_ENT,SE,2019,7.19,b,
ESTAT:ISOC_E_DII(1.0),27/02/26 11:00:00,A,GE250,C10-S951_X_K,E_DI_LO,PC_ENT,SI,2015,49.51,,
ESTAT:ISOC_E_DII(1.0),27/02/26 11:00:00,A,GE250,C10-S951_X_K,E_DI_LO,PC_ENT,SI,2016,55.61,b,
ESTAT:ISOC_E_DII(1.0),27/02/26 11:00:00,A,GE250,C10-S951_X_K,E_DI_LO,PC_ENT,SI,2017,20.18,b,
ESTAT:ISOC_E_DII(1.0),27/02/26 11:00:00,A,GE250,C10-S951_X_K,E_DI_LO,PC_ENT,SI,2018,31.77,b,
ESTAT:ISOC_E_DII(1.0),27/02/26 11:00:00,A,GE250,C10-S951_X_K,E_DI_LO,PC_ENT,SI,2019,27.47,b,
ESTAT:ISOC_E_DII(1.0),27/02/26 11:00:00,A,GE250,C10-S951_X_K,E_DI_LO,PC_ENT,SK,2015,49.09,,
ESTAT:ISOC_E_DII(1.0),27/02/26 11:00:00,A,GE250,C10-S951_X_K,E_DI_LO,PC_ENT,SK,2016,55.35,b,
ESTAT:ISOC_E_DII(1.0),27/02/26 11:00:00,A,GE250,C10-S951_X_K,E_DI_LO,PC_ENT,SK,2017,43.42,b,
ESTAT:ISOC_E_DII(1.0),27/02/26 11:00:00,A,GE250,C10-S951_X_K,E_DI_LO,PC_ENT,SK,2018,46.79,b,
ESTAT:ISOC_E_DII(1.0),27/02/26 11:00:00,A,GE250,C10-S951_X_K,E_DI_LO,PC_ENT,SK,2019,42.68,b,
ESTAT:ISOC_E_DII(1.0),27/02/26 11:00:00,A,GE250,C10-S951_X_K,E_DI_LO,PC_ENT,TR,2017,32.61,b,
ESTAT:ISOC_E_DII(1.0),27/02/26 11:00:00,A,GE250,C10-S951_X_K,E_DI_LO,PC_ENT,TR,2018,25.57,b,
ESTAT:ISOC_E_DII(1.0),27/02/26 11:00:00,A,GE250,C10-S951_X_K,E_DI_LO,PC_ENT,UK,2015,30.25,,
ESTAT:ISOC_E_DII(1.0),27/02/26 11:00:00,A,GE250,C10-S951_X_K,E_DI_LO,PC_ENT,UK,2016,34.76,b,
ESTAT:ISOC_E_DII(1.0),27/02/26 11:00:00,A,GE250,C10-S951_X_K,E_DI_LO,PC_ENT,UK,2017,32.65,b,
ESTAT:ISOC_E_DII(1.0),27/02/26 11:00:00,A,GE250,C10-S951_X_K,E_DI_LO,PC_ENT,UK,2018,33.74,b,
ESTAT:ISOC_E_DII(1.0),27/02/26 11:00:00,A,GE250,C10-S951_X_K,E_DI_LO,PC_ENT,UK,2019,26.51,b,
ESTAT:ISOC_E_DII(1.0),27/02/26 11:00:00,A,GE250,C10-S951_X_K,E_DI_VHI,PC_ENT,AT,2015,19.81,,
ESTAT:ISOC_E_DII(1.0),27/02/26 11:00:00,A,GE250,C10-S951_X_K,E_DI_VHI,PC_ENT,AT,2016,8.77,b,
ESTAT:ISOC_E_DII(1.0),27/02/26 11:00:00,A,GE250,C10-S951_X_K,E_DI_VHI,PC_ENT,AT,2017,26.63,b,
ESTAT:ISOC_E_DII(1.0),27/02/26 11:00:00,A,GE250,C10-S951_X_K,E_DI_VHI,PC_ENT,AT,2018,15.78,b,
ESTAT:ISOC_E_DII(1.0),27/02/26 11:00:00,A,GE250,C10-S951_X_K,E_DI_VHI,PC_ENT,AT,2019,26.19,b,
ESTAT:ISOC_E_DII(1.0),27/02/26 11:00:00,A,GE250,C10-S951_X_K,E_DI_VHI,PC_ENT,BA,2018,3.25,b,
ESTAT:ISOC_E_DII(1.0),27/02/26 11:00:00,A,GE250,C10-S951_X_K,E_DI_VHI,PC_ENT,BA,2019,3.32,b,
ESTAT:ISOC_E_DII(1.0),27/02/26 11:00:00,A,GE250,C10-S951_X_K,E_DI_VHI,PC_ENT,BE,2015,26.92,,
ESTAT:ISOC_E_DII(1.0),27/02/26 11:00:00,A,GE250,C10-S951_X_K,E_DI_VHI,PC_ENT,BE,2016,19.59,b,
ESTAT:ISOC_E_DII(1.0),27/02/26 11:00:00,A,GE250,C10-S951_X_K,E_DI_VHI,PC_ENT,BE,2017,32.94,b,
ESTAT:ISOC_E_DII(1.0),27/02/26 11:00:00,A,GE250,C10-S951_X_K,E_DI_VHI,PC_ENT,BE,2018,28.77,b,
ESTAT:ISOC_E_DII(1.0),27/02/26 11:00:00,A,GE250,C10-S951_X_K,E_DI_VHI,PC_ENT,BE,2019,32.34,b,
ESTAT:ISOC_E_DII(1.0),27/02/26 11:00:00,A,GE250,C10-S951_X_K,E_DI_VHI,PC_ENT,BG,2015,3.55,,
ESTAT:ISOC_E_DII(1.0),27/02/26 11:00:00,A,GE250,C10-S951_X_K,E_DI_VHI,PC_ENT,BG,2016,2.02,b,
ESTAT:ISOC_E_DII(1.0),27/02/26 11:00:00,A,GE250,C10-S951_X_K,E_DI_VHI,PC_ENT,BG,2017,4.66,b,
ESTAT:ISOC_E_DII(1.0),27/02/26 11:00:00,A,GE250,C10-S951_X_K,E_DI_VHI,PC_ENT,BG,2018,2.41,b,
ESTAT:ISOC_E_DII(1.0),27/02/26 11:00:00,A,GE250,C10-S951_X_K,E_DI_VHI,PC_ENT,BG,2019,3.21,b,
ESTAT:ISOC_E_DII(1.0),27/02/26 11:00:00,A,GE250,C10-S951_X_K,E_DI_VHI,PC_ENT,CY,2015,6.90,,
ESTAT:ISOC_E_DII(1.0),27/02/26 11:00:00,A,GE250,C10-S951_X_K,E_DI_VHI,PC_ENT,CY,2016,3.28,b,
ESTAT:ISOC_E_DII(1.0),27/02/26 11:00:00,A,GE250,C10-S951_X_K,E_DI_VHI,PC_ENT,CY,2017,3.13,b,
ESTAT:ISOC_E_DII(1.0),27/02/26 11:00:00,A,GE250,C10-S951_X_K,E_DI_VHI,PC_ENT,CY,2018,1.45,b,
ESTAT:ISOC_E_DII(1.0),27/02/26 11:00:00,A,GE250,C10-S951_X_K,E_DI_VHI,PC_ENT,CY,2019,6.94,b,
ESTAT:ISOC_E_DII(1.0),27/02/26 11:00:00,A,GE250,C10-S951_X_K,E_DI_VHI,PC_ENT,CZ,2015,7.65,,
ESTAT:ISOC_E_DII(1.0),27/02/26 11:00:00,A,GE250,C10-S951_X_K,E_DI_VHI,PC_ENT,CZ,2016,5.73,b,
ESTAT:ISOC_E_DII(1.0),27/02/26 11:00:00,A,GE250,C10-S951_X_K,E_DI_VHI,PC_ENT,CZ,2017,12.58,b,
ESTAT:ISOC_E_DII(1.0),27/02/26 11:00:00,A,GE250,C10-S951_X_K,E_DI_VHI,PC_ENT,CZ,2018,8.86,b,
ESTAT:ISOC_E_DII(1.0),27/02/26 11:00:00,A,GE250,C10-S951_X_K,E_DI_VHI,PC_ENT,CZ,2019,17.44,b,
ESTAT:ISOC_E_DII(1.0),27/02/26 11:00:00,A,GE250,C10-S951_X_K,E_DI_VHI,PC_ENT,DE,2015,9.58,,
ESTAT:ISOC_E_DII(1.0),27/02/26 11:00:00,A,GE250,C10-S951_X_K,E_DI_VHI,PC_ENT,DE,2016,2.42,b,
ESTAT:ISOC_E_DII(1.0),27/02/26 11:00:00,A,GE250,C10-S951_X_K,E_DI_VHI,PC_ENT,DE,2017,24.24,b,
ESTAT:ISOC_E_DII(1.0),27/02/26 11:00:00,A,GE250,C10-S951_X_K,E_DI_VHI,PC_ENT,DE,2018,5.54,b,
ESTAT:ISOC_E_DII(1.0),27/02/26 11:00:00,A,GE250,C10-S951_X_K,E_DI_VHI,PC_ENT,DE,2019,17.27,b,
ESTAT:ISOC_E_DII(1.0),27/02/26 11:00:00,A,GE250,C10-S951_X_K,E_DI_VHI,PC_ENT,DK,2015,41.81,,
ESTAT:ISOC_E_DII(1.0),27/02/26 11:00:00,A,GE250,C10-S951_X_K,E_DI_VHI,PC_ENT,DK,2016,34.46,b,
ESTAT:ISOC_E_DII(1.0),27/02/26 11:00:00,A,GE250,C10-S951_X_K,E_DI_VHI,PC_ENT,DK,2017,43.30,b,
ESTAT:ISOC_E_DII(1.0),27/02/26 11:00:00,A,GE250,C10-S951_X_K,E_DI_VHI,PC_ENT,DK,2018,38.31,b,
ESTAT:ISOC_E_DII(1.0),27/02/26 11:00:00,A,GE250,C10-S951_X_K,E_DI_VHI,PC_ENT,DK,2019,45.93,b,
ESTAT:ISOC_E_DII(1.0),27/02/26 11:00:00,A,GE250,C10-S951_X_K,E_DI_VHI,PC_ENT,EA,2015,11.70,,
ESTAT:ISOC_E_DII(1.0),27/02/26 11:00:00,A,GE250,C10-S951_X_K,E_DI_VHI,PC_ENT,EA,2016,6.55,b,
ESTAT:ISOC_E_DII(1.0),27/02/26 11:00:00,A,GE250,C10-S951_X_K,E_DI_VHI,PC_ENT,EA,2017,18.29,,
ESTAT:ISOC_E_DII(1.0),27/02/26 11:00:00,A,GE250,C10-S951_X_K,E_DI_VHI,PC_ENT,EA,2018,9.68,,
ESTAT:ISOC_E_DII(1.0),27/02/26 11:00:00,A,GE250,C10-S951_X_K,E_DI_VHI,PC_ENT,EA,2019,15.62,,
ESTAT:ISOC_E_DII(1.0),27/02/26 11:00:00,A,GE250,C10-S951_X_K,E_DI_VHI,PC_ENT,EE,2015,10.18,,
ESTAT:ISOC_E_DII(1.0),27/02/26 11:00:00,A,GE250,C10-S951_X_K,E_DI_VHI,PC_ENT,EE,2016,8.25,b,
ESTAT:ISOC_E_DII(1.0),27/02/26 11:00:00,A,GE250,C10-S951_X_K,E_DI_VHI,PC_ENT,EE,2017,12.73,b,
ESTAT:ISOC_E_DII(1.0),27/02/26 11:00:00,A,GE250,C10-S951_X_K,E_DI_VHI,PC_ENT,EE,2018,13.77,b,
ESTAT:ISOC_E_DII(1.0),27/02/26 11:00:00,A,GE250,C10-S951_X_K,E_DI_VHI,PC_ENT,EE,2019,17.29,b,
ESTAT:ISOC_E_DII(1.0),27/02/26 11:00:00,A,GE250,C10-S951_X_K,E_DI_VHI,PC_ENT,EL,2015,0,,
ESTAT:ISOC_E_DII(1.0),27/02/26 11:00:00,A,GE250,C10-S951_X_K,E_DI_VHI,PC_ENT,EL,2016,7.58,b,
ESTAT:ISOC_E_DII(1.0),27/02/26 11:00:00,A,GE250,C10-S951_X_K,E_DI_VHI,PC_ENT,EL,2017,8.47,b,
ESTAT:ISOC_E_DII(1.0),27/02/26 11:00:00,A,GE250,C10-S951_X_K,E_DI_VHI,PC_ENT,EL,2018,5.12,b,
ESTAT:ISOC_E_DII(1.0),27/02/26 11:00:00,A,GE250,C10-S951_X_K,E_DI_VHI,PC_ENT,EL,2019,0.45,b,
ESTAT:ISOC_E_DII(1.0),27/02/26 11:00:00,A,GE250,C10-S951_X_K,E_DI_VHI,PC_ENT,ES,2015,7.51,,
ESTAT:ISOC_E_DII(1.0),27/02/26 11:00:00,A,GE250,C10-S951_X_K,E_DI_VHI,PC_ENT,ES,2016,7.27,b,
ESTAT:ISOC_E_DII(1.0),27/02/26 11:00:00,A,GE250,C10-S951_X_K,E_DI_VHI,PC_ENT,ES,2017,9.74,b,
ESTAT:ISOC_E_DII(1.0),27/02/26 11:00:00,A,GE250,C10-S951_X_K,E_DI_VHI,PC_ENT,ES,2018,2.45,b,
ESTAT:ISOC_E_DII(1.0),27/02/26 11:00:00,A,GE250,C10-S951_X_K,E_DI_VHI,PC_ENT,ES,2019,3.26,b,
ESTAT:ISOC_E_DII(1.0),27/02/26 11:00:00,A,GE250,C10-S951_X_K,E_DI_VHI,PC_ENT,EU15,2015,12.92,,
ESTAT:ISOC_E_DII(1.0),27/02/26 11:00:00,A,GE250,C10-S951_X_K,E_DI_VHI,PC_ENT,EU15,2016,7.74,b,
ESTAT:ISOC_E_DII(1.0),27/02/26 11:00:00,A,GE250,C10-S951_X_K,E_DI_VHI,PC_ENT,EU15,2017,17.82,,
ESTAT:ISOC_E_DII(1.0),27/02/26 11:00:00,A,GE250,C10-S951_X_K,E_DI_VHI,PC_ENT,EU15,2018,11.22,,
ESTAT:ISOC_E_DII(1.0),27/02/26 11:00:00,A,GE250,C10-S951_X_K,E_DI_VHI,PC_ENT,EU27_2007,2015,11.90,,
ESTAT:ISOC_E_DII(1.0),27/02/26 11:00:00,A,GE250,C10-S951_X_K,E_DI_VHI,PC_ENT,EU27_2007,2016,7.17,b,
ESTAT:ISOC_E_DII(1.0),27/02/26 11:00:00,A,GE250,C10-S951_X_K,E_DI_VHI,PC_ENT,EU27_2007,2017,15.74,,
ESTAT:ISOC_E_DII(1.0),27/02/26 11:00:00,A,GE250,C10-S951_X_K,E_DI_VHI,PC_ENT,EU27_2007,2018,10.39,,
ESTAT:ISOC_E_DII(1.0),27/02/26 11:00:00,A,GE250,C10-S951_X_K,E_DI_VHI,PC_ENT,EU27_2020,2015,11.33,,
ESTAT:ISOC_E_DII(1.0),27/02/26 11:00:00,A,GE250,C10-S951_X_K,E_DI_VHI,PC_ENT,EU27_2020,2016,7.05,,
ESTAT:ISOC_E_DII(1.0),27/02/26 11:00:00,A,GE250,C10-S951_X_K,E_DI_VHI,PC_ENT,EU27_2020,2017,16.75,,
ESTAT:ISOC_E_DII(1.0),27/02/26 11:00:00,A,GE250,C10-S951_X_K,E_DI_VHI,PC_ENT,EU27_2020,2018,10.11,,
ESTAT:ISOC_E_DII(1.0),27/02/26 11:00:00,A,GE250,C10-S951_X_K,E_DI_VHI,PC_ENT,EU27_2020,2019,14.87,,
ESTAT:ISOC_E_DII(1.0),27/02/26 11:00:00,A,GE250,C10-S951_X_K,E_DI_VHI,PC_ENT,EU28,2015,11.86,,
ESTAT:ISOC_E_DII(1.0),27/02/26 11:00:00,A,GE250,C10-S951_X_K,E_DI_VHI,PC_ENT,EU28,2016,7.19,b,
ESTAT:ISOC_E_DII(1.0),27/02/26 11:00:00,A,GE250,C10-S951_X_K,E_DI_VHI,PC_ENT,EU28,2017,15.71,,
ESTAT:ISOC_E_DII(1.0),27/02/26 11:00:00,A,GE250,C10-S951_X_K,E_DI_VHI,PC_ENT,EU28,2018,10.35,,
ESTAT:ISOC_E_DII(1.0),27/02/26 11:00:00,A,GE250,C10-S951_X_K,E_DI_VHI,PC_ENT,EU28,2019,14.79,,
ESTAT:ISOC_E_DII(1.0),27/02/26 11:00:00,A,GE250,C10-S951_X_K,E_DI_VHI,PC_ENT,FI,2015,41.62,,
ESTAT:ISOC_E_DII(1.0),27/02/26 11:00:00,A,GE250,C10-S951_X_K,E_DI_VHI,PC_ENT,FI,2016,34.95,b,
ESTAT:ISOC_E_DII(1.0),27/02/26 11:00:00,A,GE250,C10-S951_X_K,E_DI_VHI,PC_ENT,FI,2017,8.47,b,
ESTAT:ISOC_E_DII(1.0),27/02/26 11:00:00,A,GE250,C10-S951_X_K,E_DI_VHI,PC_ENT,FI,2018,45.54,b,
ESTAT:ISOC_E_DII(1.0),27/02/26 11:00:00,A,GE250,C10-S951_X_K,E_DI_VHI,PC_ENT,FI,2019,38.75,b,
ESTAT:ISOC_E_DII(1.0),27/02/26 11:00:00,A,GE250,C10-S951_X_K,E_DI_VHI,PC_ENT,FR,2015,12.40,,
ESTAT:ISOC_E_DII(1.0),27/02/26 11:00:00,A,GE250,C10-S951_X_K,E_DI_VHI,PC_ENT,FR,2016,7.76,b,
ESTAT:ISOC_E_DII(1.0),27/02/26 11:00:00,A,GE250,C10-S951_X_K,E_DI_VHI,PC_ENT,FR,2017,15.28,b,
ESTAT:ISOC_E_DII(1.0),27/02/26 11:00:00,A,GE250,C10-S951_X_K,E_DI_VHI,PC_ENT,FR,2018,13.91,b,
ESTAT:ISOC_E_DII(1.0),27/02/26 11:00:00,A,GE250,C10-S951_X_K,E_DI_VHI,PC_ENT,FR,2019,19.46,b,
ESTAT:ISOC_E_DII(1.0),27/02/26 11:00:00,A,GE250,C10-S951_X_K,E_DI_VHI,PC_ENT,HR,2015,8.51,,
ESTAT:ISOC_E_DII(1.0),27/02/26 11:00:00,A,GE250,C10-S951_X_K,E_DI_VHI,PC_ENT,HR,2016,9.19,b,
ESTAT:ISOC_E_DII(1.0),27/02/26 11:00:00,A,GE250,C10-S951_X_K,E_DI_VHI,PC_ENT,HR,2017,12.19,b,
ESTAT:ISOC_E_DII(1.0),27/02/26 11:00:00,A,GE250,C10-S951_X_K,E_DI_VHI,PC_ENT,HR,2018,5.34,b,
ESTAT:ISOC_E_DII(1.0),27/02/26 11:00:00,A,GE250,C10-S951_X_K,E_DI_VHI,PC_ENT,HR,2019,11.76,b,
ESTAT:ISOC_E_DII(1.0),27/02/26 11:00:00,A,GE250,C10-S951_X_K,E_DI_VHI,PC_ENT,HU,2015,6.98,,
ESTAT:ISOC_E_DII(1.0),27/02/26 11:00:00,A,GE250,C10-S951_X_K,E_DI_VHI,PC_ENT,HU,2016,5.34,b,
ESTAT:ISOC_E_DII(1.0),27/02/26 11:00:00,A,GE250,C10-S951_X_K,E_DI_VHI,PC_ENT,HU,2017,6.70,b,
ESTAT:ISOC_E_DII(1.0),27/02/26 11:00:00,A,GE250,C10-S951_X_K,E_DI_VHI,PC_ENT,HU,2018,6.33,b,
ESTAT:ISOC_E_DII(1.0),27/02/26 11:00:00,A,GE250,C10-S951_X_K,E_DI_VHI,PC_ENT,HU,2019,8.60,b,
ESTAT:ISOC_E_DII(1.0),27/02/26 11:00:00,A,GE250,C10-S951_X_K,E_DI_VHI,PC_ENT,IE,2015,15.28,,
ESTAT:ISOC_E_DII(1.0),27/02/26 11:00:00,A,GE250,C10-S951_X_K,E_DI_VHI,PC_ENT,IE,2016,7.18,b,
ESTAT:ISOC_E_DII(1.0),27/02/26 11:00:00,A,GE250,C10-S951_X_K,E_DI_VHI,PC_ENT,IE,2017,8.94,b,
ESTAT:ISOC_E_DII(1.0),27/02/26 11:00:00,A,GE250,C10-S951_X_K,E_DI_VHI,PC_ENT,IE,2018,10.58,b,
ESTAT:ISOC_E_DII(1.0),27/02/26 11:00:00,A,GE250,C10-S951_X_K,E_DI_VHI,PC_ENT,IE,2019,10.09,b,
ESTAT:ISOC_E_DII(1.0),27/02/26 11:00:00,A,GE250,C10-S951_X_K,E_DI_VHI,PC_ENT,IT,2015,7.74,,
ESTAT:ISOC_E_DII(1.0),27/02/26 11:00:00,A,GE250,C10-S951_X_K,E_DI_VHI,PC_ENT,IT,2016,5.69,b,
ESTAT:ISOC_E_DII(1.0),27/02/26 11:00:00,A,GE250,C10-S951_X_K,E_DI_VHI,PC_ENT,IT,2017,10.46,b,
ESTAT:ISOC_E_DII(1.0),27/02/26 11:00:00,A,GE250,C10-S951_X_K,E_DI_VHI,PC_ENT,IT,2018,9.16,b,
ESTAT:ISOC_E_DII(1.0),27/02/26 11:00:00,A,GE250,C10-S951_X_K,E_DI_VHI,PC_ENT,IT,2019,11.92,b,
ESTAT:ISOC_E_DII(1.0),27/02/26 11:00:00,A,GE250,C10-S951_X_K,E_DI_VHI,PC_ENT,LT,2015,8.21,,
ESTAT:ISOC_E_DII(1.0),27/02/26 11:00:00,A,GE250,C10-S951_X_K,E_DI_VHI,PC_ENT,LT,2016,4.66,b,
ESTAT:ISOC_E_DII(1.0),27/02/26 11:00:00,A,GE250,C10-S951_X_K,E_DI_VHI,PC_ENT,LT,2017,8.71,b,
ESTAT:ISOC_E_DII(1.0),27/02/26 11:00:00,A,GE250,C10-S951_X_K,E_DI_VHI,PC_ENT,LT,2018,7.14,b,
ESTAT:ISOC_E_DII(1.0),27/02/26 11:00:00,A,GE250,C10-S951_X_K,E_DI_VHI,PC_ENT,LT,2019,11.97,b,
ESTAT:ISOC_E_DII(1.0),27/02/26 11:00:00,A,GE250,C10-S951_X_K,E_DI_VHI,PC_ENT,LU,2015,7.08,,
ESTAT:ISOC_E_DII(1.0),27/02/26 11:00:00,A,GE250,C10-S951_X_K,E_DI_VHI,PC_ENT,LU,2016,4.27,b,
ESTAT:ISOC_E_DII(1.0),27/02/26 11:00:00,A,GE250,C10-S951_X_K,E_DI_VHI,PC_ENT,LU,2017,9.42,b,
ESTAT:ISOC_E_DII(1.0),27/02/26 11:00:00,A,GE250,C10-S951_X_K,E_DI_VHI,PC_ENT,LU,2018,5.85,b,
ESTAT:ISOC_E_DII(1.0),27/02/26 11:00:00,A,GE250,C10-S951_X_K,E_DI_VHI,PC_ENT,LU,2019,11.54,b,
ESTAT:ISOC_E_DII(1.0),27/02/26 11:00:00,A,GE250,C10-S951_X_K,E_DI_VHI,PC_ENT,LV,2015,12.93,,
ESTAT:ISOC_E_DII(1.0),27/02/26 11:00:00,A,GE250,C10-S951_X_K,E_DI_VHI,PC_ENT,LV,2016,4.16,b,
ESTAT:ISOC_E_DII(1.0),27/02/26 11:00:00,A,GE250,C10-S951_X_K,E_DI_VHI,PC_ENT,LV,2017,7.08,b,
ESTAT:ISOC_E_DII(1.0),27/02/26 11:00:00,A,GE250,C10-S951_X_K,E_DI_VHI,PC_ENT,LV,2018,3.50,b,
ESTAT:ISOC_E_DII(1.0),27/02/26 11:00:00,A,GE250,C10-S951_X_K,E_DI_VHI,PC_ENT,LV,2019,4.53,b,
ESTAT:ISOC_E_DII(1.0),27/02/26 11:00:00,A,GE250,C10-S951_X_K,E_DI_VHI,PC_ENT,ME,2017,8.00,b,
ESTAT:ISOC_E_DII(1.0),27/02/26 11:00:00,A,GE250,C10-S951_X_K,E_DI_VHI,PC_ENT,ME,2018,,bu,
ESTAT:ISOC_E_DII(1.0),27/02/26 11:00:00,A,GE250,C10-S951_X_K,E_DI_VHI,PC_ENT,ME,2019,,bu,
ESTAT:ISOC_E_DII(1.0),27/02/26 11:00:00,A,GE250,C10-S951_X_K,E_DI_VHI,PC_ENT,MK,2015,0.76,,
ESTAT:ISOC_E_DII(1.0),27/02/26 11:00:00,A,GE250,C10-S951_X_K,E_DI_VHI,PC_ENT,MK,2016,0,b,
ESTAT:ISOC_E_DII(1.0),27/02/26 11:00:00,A,GE250,C10-S951_X_K,E_DI_VHI,PC_ENT,MT,2015,7.69,,
ESTAT:ISOC_E_DII(1.0),27/02/26 11:00:00,A,GE250,C10-S951_X_K,E_DI_VHI,PC_ENT,MT,2016,9.23,b,
ESTAT:ISOC_E_DII(1.0),27/02/26 11:00:00,A,GE250,C10-S951_X_K,E_DI_VHI,PC_ENT,MT,2017,12.96,b,
ESTAT:ISOC_E_DII(1.0),27/02/26 11:00:00,A,GE250,C10-S951_X_K,E_DI_VHI,PC_ENT,MT,2018,8.86,b,
ESTAT:ISOC_E_DII(1.0),27/02/26 11:00:00,A,GE250,C10-S951_X_K,E_DI_VHI,PC_ENT,MT,2019,15.63,b,
ESTAT:ISOC_E_DII(1.0),27/02/26 11:00:00,A,GE250,C10-S951_X_K,E_DI_VHI,PC_ENT,NL,2015,21.48,,
ESTAT:ISOC_E_DII(1.0),27/02/26 11:00:00,A,GE250,C10-S951_X_K,E_DI_VHI,PC_ENT,NL,2016,12.77,b,
ESTAT:ISOC_E_DII(1.0),27/02/26 11:00:00,A,GE250,C10-S951_X_K,E_DI_VHI,PC_ENT,NL,2017,26.39,b,
ESTAT:ISOC_E_DII(1.0),27/02/26 11:00:00,A,GE250,C10-S951_X_K,E_DI_VHI,PC_ENT,NL,2018,17.18,b,
ESTAT:ISOC_E_DII(1.0),27/02/26 11:00:00,A,GE250,C10-S951_X_K,E_DI_VHI,PC_ENT,NL,2019,13.29,b,
ESTAT:ISOC_E_DII(1.0),27/02/26 11:00:00,A,GE250,C10-S951_X_K,E_DI_VHI,PC_ENT,NO,2015,27.22,,
ESTAT:ISOC_E_DII(1.0),27/02/26 11:00:00,A,GE250,C10-S951_X_K,E_DI_VHI,PC_ENT,NO,2016,27.84,b,
ESTAT:ISOC_E_DII(1.0),27/02/26 11:00:00,A,GE250,C10-S951_X_K,E_DI_VHI,PC_ENT,NO,2017,26.72,b,
ESTAT:ISOC_E_DII(1.0),27/02/26 11:00:00,A,GE250,C10-S951_X_K,E_DI_VHI,PC_ENT,NO,2018,31.44,b,
ESTAT:ISOC_E_DII(1.0),27/02/26 11:00:00,A,GE250,C10-S951_X_K,E_DI_VHI,PC_ENT,NO,2019,20.62,b,
ESTAT:ISOC_E_DII(1.0),27/02/26 11:00:00,A,GE250,C10-S951_X_K,E_DI_VHI,PC_ENT,PL,2015,11.72,,
ESTAT:ISOC_E_DII(1.0),27/02/26 11:00:00,A,GE250,C10-S951_X_K,E_DI_VHI,PC_ENT,PL,2016,6.87,b,
ESTAT:ISOC_E_DII(1.0),27/02/26 11:00:00,A,GE250,C10-S951_X_K,E_DI_VHI,PC_ENT,PL,2017,8.40,b,
ESTAT:ISOC_E_DII(1.0),27/02/26 11:00:00,A,GE250,C10-S951_X_K,E_DI_VHI,PC_ENT,PL,2018,9.70,b,
ESTAT:ISOC_E_DII(1.0),27/02/26 11:00:00,A,GE250,C10-S951_X_K,E_DI_VHI,PC_ENT,PL,2019,3.71,b,
ESTAT:ISOC_E_DII(1.0),27/02/26 11:00:00,A,GE250,C10-S951_X_K,E_DI_VHI,PC_ENT,PT,2015,5.69,,
ESTAT:ISOC_E_DII(1.0),27/02/26 11:00:00,A,GE250,C10-S951_X_K,E_DI_VHI,PC_ENT,PT,2016,5.70,b,
ESTAT:ISOC_E_DII(1.0),27/02/26 11:00:00,A,GE250,C10-S951_X_K,E_DI_VHI,PC_ENT,PT,2017,14.44,b,
ESTAT:ISOC_E_DII(1.0),27/02/26 11:00:00,A,GE250,C10-S951_X_K,E_DI_VHI,PC_ENT,PT,2018,8.55,b,
ESTAT:ISOC_E_DII(1.0),27/02/26 11:00:00,A,GE250,C10-S951_X_K,E_DI_VHI,PC_ENT,PT,2019,14.32,b,
ESTAT:ISOC_E_DII(1.0),27/02/26 11:00:00,A,GE250,C10-S951_X_K,E_DI_VHI,PC_ENT,RO,2015,3.96,,
ESTAT:ISOC_E_DII(1.0),27/02/26 11:00:00,A,GE250,C10-S951_X_K,E_DI_VHI,PC_ENT,RO,2016,2.08,b,
ESTAT:ISOC_E_DII(1.0),27/02/26 11:00:00,A,GE250,C10-S951_X_K,E_DI_VHI,PC_ENT,RO,2017,5.55,b,
ESTAT:ISOC_E_DII(1.0),27/02/26 11:00:00,A,GE250,C10-S951_X_K,E_DI_VHI,PC_ENT,RO,2018,4.03,b,
ESTAT:ISOC_E_DII(1.0),27/02/26 11:00:00,A,GE250,C10-S951_X_K,E_DI_VHI,PC_ENT,RO,2019,4.05,b,
ESTAT:ISOC_E_DII(1.0),27/02/26 11:00:00,A,GE250,C10-S951_X_K,E_DI_VHI,PC_ENT,RS,2017,16.20,b,
ESTAT:ISOC_E_DII(1.0),27/02/26 11:00:00,A,GE250,C10-S951_X_K,E_DI_VHI,PC_ENT,RS,2018,6.89,b,
ESTAT:ISOC_E_DII(1.0),27/02/26 11:00:00,A,GE250,C10-S951_X_K,E_DI_VHI,PC_ENT,RS,2019,8.03,b,
ESTAT:ISOC_E_DII(1.0),27/02/26 11:00:00,A,GE250,C10-S951_X_K,E_DI_VHI,PC_ENT,SE,2015,14.64,,
ESTAT:ISOC_E_DII(1.0),27/02/26 11:00:00,A,GE250,C10-S951_X_K,E_DI_VHI,PC_ENT,SE,2016,27.02,b,
ESTAT:ISOC_E_DII(1.0),27/02/26 11:00:00,A,GE250,C10-S951_X_K,E_DI_VHI,PC_ENT,SE,2017,34.50,b,
ESTAT:ISOC_E_DII(1.0),27/02/26 11:00:00,A,GE250,C10-S951_X_K,E_DI_VHI,PC_ENT,SE,2018,36.04,b,
ESTAT:ISOC_E_DII(1.0),27/02/26 11:00:00,A,GE250,C10-S951_X_K,E_DI_VHI,PC_ENT,SE,2019,43.92,b,
ESTAT:ISOC_E_DII(1.0),27/02/26 11:00:00,A,GE250,C10-S951_X_K,E_DI_VHI,PC_ENT,SI,2015,8.74,,
ESTAT:ISOC_E_DII(1.0),27/02/26 11:00:00,A,GE250,C10-S951_X_K,E_DI_VHI,PC_ENT,SI,2016,4.39,b,
ESTAT:ISOC_E_DII(1.0),27/02/26 11:00:00,A,GE250,C10-S951_X_K,E_DI_VHI,PC_ENT,SI,2017,16.97,b,
ESTAT:ISOC_E_DII(1.0),27/02/26 11:00:00,A,GE250,C10-S951_X_K,E_DI_VHI,PC_ENT,SI,2018,14.87,b,
ESTAT:ISOC_E_DII(1.0),27/02/26 11:00:00,A,GE250,C10-S951_X_K,E_DI_VHI,PC_ENT,SI,2019,20.17,b,
ESTAT:ISOC_E_DII(1.0),27/02/26 11:00:00,A,GE250,C10-S951_X_K,E_DI_VHI,PC_ENT,SK,2015,6.74,,
ESTAT:ISOC_E_DII(1.0),27/02/26 11:00:00,A,GE250,C10-S951_X_K,E_DI_VHI,PC_ENT,SK,2016,4.31,b,
ESTAT:ISOC_E_DII(1.0),27/02/26 11:00:00,A,GE250,C10-S951_X_K,E_DI_VHI,PC_ENT,SK,2017,8.01,b,
ESTAT:ISOC_E_DII(1.0),27/02/26 11:00:00,A,GE250,C10-S951_X_K,E_DI_VHI,PC_ENT,SK,2018,5.06,b,
ESTAT:ISOC_E_DII(1.0),27/02/26 11:00:00,A,GE250,C10-S951_X_K,E_DI_VHI,PC_ENT,SK,2019,6.74,b,
ESTAT:ISOC_E_DII(1.0),27/02/26 11:00:00,A,GE250,C10-S951_X_K,E_DI_VHI,PC_ENT,TR,2017,3.57,b,
ESTAT:ISOC_E_DII(1.0),27/02/26 11:00:00,A,GE250,C10-S951_X_K,E_DI_VHI,PC_ENT,UK,2015,15.37,,
ESTAT:ISOC_E_DII(1.0),27/02/26 11:00:00,A,GE250,C10-S951_X_K,E_DI_VHI,PC_ENT,UK,2016,8.04,b,
ESTAT:ISOC_E_DII(1.0),27/02/26 11:00:00,A,GE250,C10-S951_X_K,E_DI_VHI,PC_ENT,UK,2017,9.25,b,
ESTAT:ISOC_E_DII(1.0),27/02/26 11:00:00,A,GE250,C10-S951_X_K,E_DI_VHI,PC_ENT,UK,2018,11.83,b,
ESTAT:ISOC_E_DII(1.0),27/02/26 11:00:00,A,GE250,C10-S951_X_K,E_DI_VHI,PC_ENT,UK,2019,14.24,b,
ESTAT:ISOC_E_DII(1.0),27/02/26 11:00:00,A,GE250,C10-S951_X_K,E_DI_VLO,PC_ENT,AT,2015,2.43,,
ESTAT:ISOC_E_DII(1.0),27/02/26 11:00:00,A,GE250,C10-S951_X_K,E_DI_VLO,PC_ENT,AT,2016,8.31,b,
ESTAT:ISOC_E_DII(1.0),27/02/26 11:00:00,A,GE250,C10-S951_X_K,E_DI_VLO,PC_ENT,AT,2017,3.35,b,
ESTAT:ISOC_E_DII(1.0),27/02/26 11:00:00,A,GE250,C10-S951_X_K,E_DI_VLO,PC_ENT,AT,2018,7.32,b,
ESTAT:ISOC_E_DII(1.0),27/02/26 11:00:00,A,GE250,C10-S951_X_K,E_DI_VLO,PC_ENT,AT,2019,4.01,b,
ESTAT:ISOC_E_DII(1.0),27/02/26 11:00:00,A,GE250,C10-S951_X_K,E_DI_VLO,PC_ENT,BA,2018,24.87,b,
ESTAT:ISOC_E_DII(1.0),27/02/26 11:00:00,A,GE250,C10-S951_X_K,E_DI_VLO,PC_ENT,BA,2019,30.30,b,
ESTAT:ISOC_E_DII(1.0),27/02/26 11:00:00,A,GE250,C10-S951_X_K,E_DI_VLO,PC_ENT,BE,2015,3.93,,
ESTAT:ISOC_E_DII(1.0),27/02/26 11:00:00,A,GE250,C10-S951_X_K,E_DI_VLO,PC_ENT,BE,2016,5.82,b,
ESTAT:ISOC_E_DII(1.0),27/02/26 11:00:00,A,GE250,C10-S951_X_K,E_DI_VLO,PC_ENT,BE,2017,2.24,b,
ESTAT:ISOC_E_DII(1.0),27/02/26 11:00:00,A,GE250,C10-S951_X_K,E_DI_VLO,PC_ENT,BE,2018,4.42,b,
ESTAT:ISOC_E_DII(1.0),27/02/26 11:00:00,A,GE250,C10-S951_X_K,E_DI_VLO,PC_ENT,BE,2019,2.45,b,
ESTAT:ISOC_E_DII(1.0),27/02/26 11:00:00,A,GE250,C10-S951_X_K,E_DI_VLO,PC_ENT,BG,2015,28.93,,
ESTAT:ISOC_E_DII(1.0),27/02/26 11:00:00,A,GE250,C10-S951_X_K,E_DI_VLO,PC_ENT,BG,2016,33.54,b,
ESTAT:ISOC_E_DII(1.0),27/02/26 11:00:00,A,GE250,C10-S951_X_K,E_DI_VLO,PC_ENT,BG,2017,28.52,b,
ESTAT:ISOC_E_DII(1.0),27/02/26 11:00:00,A,GE250,C10-S951_X_K,E_DI_VLO,PC_ENT,BG,2018,32.60,b,
ESTAT:ISOC_E_DII(1.0),27/02/26 11:00:00,A,GE250,C10-S951_X_K,E_DI_VLO,PC_ENT,BG,2019,29.71,b,
ESTAT:ISOC_E_DII(1.0),27/02/26 11:00:00,A,GE250,C10-S951_X_K,E_DI_VLO,PC_ENT,CY,2015,9.77,,
ESTAT:ISOC_E_DII(1.0),27/02/26 11:00:00,A,GE250,C10-S951_X_K,E_DI_VLO,PC_ENT,CY,2016,9.10,b,
ESTAT:ISOC_E_DII(1.0),27/02/26 11:00:00,A,GE250,C10-S951_X_K,E_DI_VLO,PC_ENT,CY,2017,4.69,b,
ESTAT:ISOC_E_DII(1.0),27/02/26 11:00:00,A,GE250,C10-S951_X_K,E_DI_VLO,PC_ENT,CY,2018,7.25,b,
ESTAT:ISOC_E_DII(1.0),27/02/26 11:00:00,A,GE250,C10-S951_X_K,E_DI_VLO,PC_ENT,CY,2019,2.67,b,
ESTAT:ISOC_E_DII(1.0),27/02/26 11:00:00,A,GE250,C10-S951_X_K,E_DI_VLO,PC_ENT,CZ,2015,12.53,,
ESTAT:ISOC_E_DII(1.0),27/02/26 11:00:00,A,GE250,C10-S951_X_K,E_DI_VLO,PC_ENT,CZ,2016,18.15,b,
ESTAT:ISOC_E_DII(1.0),27/02/26 11:00:00,A,GE250,C10-S951_X_K,E_DI_VLO,PC_ENT,CZ,2017,12.59,b,
ESTAT:ISOC_E_DII(1.0),27/02/26 11:00:00,A,GE250,C10-S951_X_K,E_DI_VLO,PC_ENT,CZ,2018,16.40,b,
ESTAT:ISOC_E_DII(1.0),27/02/26 11:00:00,A,GE250,C10-S951_X_K,E_DI_VLO,PC_ENT,CZ,2019,3.29,b,
ESTAT:ISOC_E_DII(1.0),27/02/26 11:00:00,A,GE250,C10-S951_X_K,E_DI_VLO,PC_ENT,DE,2015,7.80,,
ESTAT:ISOC_E_DII(1.0),27/02/26 11:00:00,A,GE250,C10-S951_X_K,E_DI_VLO,PC_ENT,DE,2016,19.54,b,
ESTAT:ISOC_E_DII(1.0),27/02/26 11:00:00,A,GE250,C10-S951_X_K,E_DI_VLO,PC_ENT,DE,2017,6.61,b,
ESTAT:ISOC_E_DII(1.0),27/02/26 11:00:00,A,GE250,C10-S951_X_K,E_DI_VLO,PC_ENT,DE,2018,14.55,b,
ESTAT:ISOC_E_DII(1.0),27/02/26 11:00:00,A,GE250,C10-S951_X_K,E_DI_VLO,PC_ENT,DE,2019,6.43,b,
ESTAT:ISOC_E_DII(1.0),27/02/26 11:00:00,A,GE250,C10-S951_X_K,E_DI_VLO,PC_ENT,DK,2015,2.78,,
ESTAT:ISOC_E_DII(1.0),27/02/26 11:00:00,A,GE250,C10-S951_X_K,E_DI_VLO,PC_ENT,DK,2016,1.50,b,
ESTAT:ISOC_E_DII(1.0),27/02/26 11:00:00,A,GE250,C10-S951_X_K,E_DI_VLO,PC_ENT,DK,2017,3.71,b,
ESTAT:ISOC_E_DII(1.0),27/02/26 11:00:00,A,GE250,C10-S951_X_K,E_DI_VLO,PC_ENT,DK,2018,1.89,b,
ESTAT:ISOC_E_DII(1.0),27/02/26 11:00:00,A,GE250,C10-S951_X_K,E_DI_VLO,PC_ENT,DK,2019,0.60,b,
ESTAT:ISOC_E_DII(1.0),27/02/26 11:00:00,A,GE250,C10-S951_X_K,E_DI_VLO,PC_ENT,EA,2015,9.38,,
ESTAT:ISOC_E_DII(1.0),27/02/26 11:00:00,A,GE250,C10-S951_X_K,E_DI_VLO,PC_ENT,EA,2016,16.38,b,
ESTAT:ISOC_E_DII(1.0),27/02/26 11:00:00,A,GE250,C10-S951_X_K,E_DI_VLO,PC_ENT,EA,2017,9.00,,
ESTAT:ISOC_E_DII(1.0),27/02/26 11:00:00,A,GE250,C10-S951_X_K,E_DI_VLO,PC_ENT,EA,2018,14.47,,
ESTAT:ISOC_E_DII(1.0),27/02/26 11:00:00,A,GE250,C10-S951_X_K,E_DI_VLO,PC_ENT,EA,2019,8.15,,
ESTAT:ISOC_E_DII(1.0),27/02/26 11:00:00,A,GE250,C10-S951_X_K,E_DI_VLO,PC_ENT,EE,2015,12.23,,
ESTAT:ISOC_E_DII(1.0),27/02/26 11:00:00,A,GE250,C10-S951_X_K,E_DI_VLO,PC_ENT,EE,2016,10.08,b,
ESTAT:ISOC_E_DII(1.0),27/02/26 11:00:00,A,GE250,C10-S951_X_K,E_DI_VLO,PC_ENT,EE,2017,8.69,b,
ESTAT:ISOC_E_DII(1.0),27/02/26 11:00:00,A,GE250,C10-S951_X_K,E_DI_VLO,PC_ENT,EE,2018,15.57,b,
ESTAT:ISOC_E_DII(1.0),27/02/26 11:00:00,A,GE250,C10-S951_X_K,E_DI_VLO,PC_ENT,EE,2019,12.33,b,
ESTAT:ISOC_E_DII(1.0),27/02/26 11:00:00,A,GE250,C10-S951_X_K,E_DI_VLO,PC_ENT,EL,2015,17.38,,
ESTAT:ISOC_E_DII(1.0),27/02/26 11:00:00,A,GE250,C10-S951_X_K,E_DI_VLO,PC_ENT,EL,2016,14.95,b,
ESTAT:ISOC_E_DII(1.0),27/02/26 11:00:00,A,GE250,C10-S951_X_K,E_DI_VLO,PC_ENT,EL,2017,15.31,b,
ESTAT:ISOC_E_DII(1.0),27/02/26 11:00:00,A,GE250,C10-S951_X_K,E_DI_VLO,PC_ENT,EL,2018,17.92,b,
ESTAT:ISOC_E_DII(1.0),27/02/26 11:00:00,A,GE250,C10-S951_X_K,E_DI_VLO,PC_ENT,EL,2019,29.47,b,
ESTAT:ISOC_E_DII(1.0),27/02/26 11:00:00,A,GE250,C10-S951_X_K,E_DI_VLO,PC_ENT,ES,2015,12.82,,
ESTAT:ISOC_E_DII(1.0),27/02/26 11:00:00,A,GE250,C10-S951_X_K,E_DI_VLO,PC_ENT,ES,2016,16.61,b,
ESTAT:ISOC_E_DII(1.0),27/02/26 11:00:00,A,GE250,C10-S951_X_K,E_DI_VLO,PC_ENT,ES,2017,12.27,b,
ESTAT:ISOC_E_DII(1.0),27/02/26 11:00:00,A,GE250,C10-S951_X_K,E_DI_VLO,PC_ENT,ES,2018,25.49,b,
ESTAT:ISOC_E_DII(1.0),27/02/26 11:00:00,A,GE250,C10-S951_X_K,E_DI_VLO,PC_ENT,ES,2019,13.95,b,
ESTAT:ISOC_E_DII(1.0),27/02/26 11:00:00,A,GE250,C10-S951_X_K,E_DI_VLO,PC_ENT,EU15,2015,8.60,,
ESTAT:ISOC_E_DII(1.0),27/02/26 11:00:00,A,GE250,C10-S951_X_K,E_DI_VLO,PC_ENT,EU15,2016,14.79,b,
ESTAT:ISOC_E_DII(1.0),27/02/26 11:00:00,A,GE250,C10-S951_X_K,E_DI_VLO,PC_ENT,EU15,2017,9.34,,
ESTAT:ISOC_E_DII(1.0),27/02/26 11:00:00,A,GE250,C10-S951_X_K,E_DI_VLO,PC_ENT,EU15,2018,13.50,,
ESTAT:ISOC_E_DII(1.0),27/02/26 11:00:00,A,GE250,C10-S951_X_K,E_DI_VLO,PC_ENT,EU27_2007,2015,10.30,,
ESTAT:ISOC_E_DII(1.0),27/02/26 11:00:00,A,GE250,C10-S951_X_K,E_DI_VLO,PC_ENT,EU27_2007,2016,16.43,b,
ESTAT:ISOC_E_DII(1.0),27/02/26 11:00:00,A,GE250,C10-S951_X_K,E_DI_VLO,PC_ENT,EU27_2007,2017,10.91,,
ESTAT:ISOC_E_DII(1.0),27/02/26 11:00:00,A,GE250,C10-S951_X_K,E_DI_VLO,PC_ENT,EU27_2007,2018,14.78,,
ESTAT:ISOC_E_DII(1.0),27/02/26 11:00:00,A,GE250,C10-S951_X_K,E_DI_VLO,PC_ENT,EU27_2020,2015,10.84,,
ESTAT:ISOC_E_DII(1.0),27/02/26 11:00:00,A,GE250,C10-S951_X_K,E_DI_VLO,PC_ENT,EU27_2020,2016,17.56,,
ESTAT:ISOC_E_DII(1.0),27/02/26 11:00:00,A,GE250,C10-S951_X_K,E_DI_VLO,PC_ENT,EU27_2020,2017,10.71,,
ESTAT:ISOC_E_DII(1.0),27/02/26 11:00:00,A,GE250,C10-S951_X_K,E_DI_VLO,PC_ENT,EU27_2020,2018,15.31,,
ESTAT:ISOC_E_DII(1.0),27/02/26 11:00:00,A,GE250,C10-S951_X_K,E_DI_VLO,PC_ENT,EU27_2020,2019,9.34,,
ESTAT:ISOC_E_DII(1.0),27/02/26 11:00:00,A,GE250,C10-S951_X_K,E_DI_VLO,PC_ENT,EU28,2015,10.30,,
ESTAT:ISOC_E_DII(1.0),27/02/26 11:00:00,A,GE250,C10-S951_X_K,E_DI_VLO,PC_ENT,EU28,2016,16.48,b,
ESTAT:ISOC_E_DII(1.0),27/02/26 11:00:00,A,GE250,C10-S951_X_K,E_DI_VLO,PC_ENT,EU28,2017,10.94,,
ESTAT:ISOC_E_DII(1.0),27/02/26 11:00:00,A,GE250,C10-S951_X_K,E_DI_VLO,PC_ENT,EU28,2018,14.80,,
ESTAT:ISOC_E_DII(1.0),27/02/26 11:00:00,A,GE250,C10-S951_X_K,E_DI_VLO,PC_ENT,EU28,2019,8.91,,
ESTAT:ISOC_E_DII(1.0),27/02/26 11:00:00,A,GE250,C10-S951_X_K,E_DI_VLO,PC_ENT,FI,2015,1.79,,
ESTAT:ISOC_E_DII(1.0),27/02/26 11:00:00,A,GE250,C10-S951_X_K,E_DI_VLO,PC_ENT,FI,2016,0.65,b,
ESTAT:ISOC_E_DII(1.0),27/02/26 11:00:00,A,GE250,C10-S951_X_K,E_DI_VLO,PC_ENT,FI,2017,0.72,b,
ESTAT:ISOC_E_DII(1.0),27/02/26 11:00:00,A,GE250,C10-S951_X_K,E_DI_VLO,PC_ENT,FI,2018,0.23,b,
ESTAT:ISOC_E_DII(1.0),27/02/26 11:00:00,A,GE250,C10-S951_X_K,E_DI_VLO,PC_ENT,FI,2019,0,b,
ESTAT:ISOC_E_DII(1.0),27/02/26 11:00:00,A,GE250,C10-S951_X_K,E_DI_VLO,PC_ENT,FR,2015,8.29,,
ESTAT:ISOC_E_DII(1.0),27/02/26 11:00:00,A,GE250,C10-S951_X_K,E_DI_VLO,PC_ENT,FR,2016,15.17,b,
ESTAT:ISOC_E_DII(1.0),27/02/26 11:00:00,A,GE250,C10-S951_X_K,E_DI_VLO,PC_ENT,FR,2017,10.14,b,
ESTAT:ISOC_E_DII(1.0),27/02/26 11:00:00,A,GE250,C10-S951_X_K,E_DI_VLO,PC_ENT,FR,2018,10.32,b,
ESTAT:ISOC_E_DII(1.0),27/02/26 11:00:00,A,GE250,C10-S951_X_K,E_DI_VLO,PC_ENT,FR,2019,6.73,b,
ESTAT:ISOC_E_DII(1.0),27/02/26 11:00:00,A,GE250,C10-S951_X_K,E_DI_VLO,PC_ENT,HR,2015,10.24,,
ESTAT:ISOC_E_DII(1.0),27/02/26 11:00:00,A,GE250,C10-S951_X_K,E_DI_VLO,PC_ENT,HR,2016,22.33,b,
ESTAT:ISOC_E_DII(1.0),27/02/26 11:00:00,A,GE250,C10-S951_X_K,E_DI_VLO,PC_ENT,HR,2017,14.44,b,
ESTAT:ISOC_E_DII(1.0),27/02/26 11:00:00,A,GE250,C10-S951_X_K,E_DI_VLO,PC_ENT,HR,2018,17.60,b,
ESTAT:ISOC_E_DII(1.0),27/02/26 11:00:00,A,GE250,C10-S951_X_K,E_DI_VLO,PC_ENT,HR,2019,15.64,b,
ESTAT:ISOC_E_DII(1.0),27/02/26 11:00:00,A,GE250,C10-S951_X_K,E_DI_VLO,PC_ENT,HU,2015,20.32,,
ESTAT:ISOC_E_DII(1.0),27/02/26 11:00:00,A,GE250,C10-S951_X_K,E_DI_VLO,PC_ENT,HU,2016,23.55,b,
ESTAT:ISOC_E_DII(1.0),27/02/26 11:00:00,A,GE250,C10-S951_X_K,E_DI_VLO,PC_ENT,HU,2017,15.94,b,
ESTAT:ISOC_E_DII(1.0),27/02/26 11:00:00,A,GE250,C10-S951_X_K,E_DI_VLO,PC_ENT,HU,2018,18.64,b,
ESTAT:ISOC_E_DII(1.0),27/02/26 11:00:00,A,GE250,C10-S951_X_K,E_DI_VLO,PC_ENT,HU,2019,16.01,b,
ESTAT:ISOC_E_DII(1.0),27/02/26 11:00:00,A,GE250,C10-S951_X_K,E_DI_VLO,PC_ENT,IE,2015,11.86,,
ESTAT:ISOC_E_DII(1.0),27/02/26 11:00:00,A,GE250,C10-S951_X_K,E_DI_VLO,PC_ENT,IE,2016,17.47,b,
ESTAT:ISOC_E_DII(1.0),27/02/26 11:00:00,A,GE250,C10-S951_X_K,E_DI_VLO,PC_ENT,IE,2017,8.33,b,
ESTAT:ISOC_E_DII(1.0),27/02/26 11:00:00,A,GE250,C10-S951_X_K,E_DI_VLO,PC_ENT,IE,2018,10.49,b,
ESTAT:ISOC_E_DII(1.0),27/02/26 11:00:00,A,GE250,C10-S951_X_K,E_DI_VLO,PC_ENT,IE,2019,6.92,b,
ESTAT:ISOC_E_DII(1.0),27/02/26 11:00:00,A,GE250,C10-S951_X_K,E_DI_VLO,PC_ENT,IT,2015,18.39,,
ESTAT:ISOC_E_DII(1.0),27/02/26 11:00:00,A,GE250,C10-S951_X_K,E_DI_VLO,PC_ENT,IT,2016,22.50,b,
ESTAT:ISOC_E_DII(1.0),27/02/26 11:00:00,A,GE250,C10-S951_X_K,E_DI_VLO,PC_ENT,IT,2017,19.28,b,
ESTAT:ISOC_E_DII(1.0),27/02/26 11:00:00,A,GE250,C10-S951_X_K,E_DI_VLO,PC_ENT,IT,2018,20.50,b,
ESTAT:ISOC_E_DII(1.0),27/02/26 11:00:00,A,GE250,C10-S951_X_K,E_DI_VLO,PC_ENT,IT,2019,13.47,b,
ESTAT:ISOC_E_DII(1.0),27/02/26 11:00:00,A,GE250,C10-S951_X_K,E_DI_VLO,PC_ENT,LT,2015,8.51,,
ESTAT:ISOC_E_DII(1.0),27/02/26 11:00:00,A,GE250,C10-S951_X_K,E_DI_VLO,PC_ENT,LT,2016,14.29,b,
ESTAT:ISOC_E_DII(1.0),27/02/26 11:00:00,A,GE250,C10-S951_X_K,E_DI_VLO,PC_ENT,LT,2017,6.74,b,
ESTAT:ISOC_E_DII(1.0),27/02/26 11:00:00,A,GE250,C10-S951_X_K,E_DI_VLO,PC_ENT,LT,2018,10.29,b,
ESTAT:ISOC_E_DII(1.0),27/02/26 11:00:00,A,GE250,C10-S951_X_K,E_DI_VLO,PC_ENT,LT,2019,4.79,b,
ESTAT:ISOC_E_DII(1.0),27/02/26 11:00:00,A,GE250,C10-S951_X_K,E_DI_VLO,PC_ENT,LU,2015,15.31,,
ESTAT:ISOC_E_DII(1.0),27/02/26 11:00:00,A,GE250,C10-S951_X_K,E_DI_VLO,PC_ENT,LU,2016,19.22,b,
ESTAT:ISOC_E_DII(1.0),27/02/26 11:00:00,A,GE250,C10-S951_X_K,E_DI_VLO,PC_ENT,LU,2017,13.80,b,
ESTAT:ISOC_E_DII(1.0),27/02/26 11:00:00,A,GE250,C10-S951_X_K,E_DI_VLO,PC_ENT,LU,2018,16.84,b,
ESTAT:ISOC_E_DII(1.0),27/02/26 11:00:00,A,GE250,C10-S951_X_K,E_DI_VLO,PC_ENT,LU,2019,11.57,b,
ESTAT:ISOC_E_DII(1.0),27/02/26 11:00:00,A,GE250,C10-S951_X_K,E_DI_VLO,PC_ENT,LV,2015,7.53,,
ESTAT:ISOC_E_DII(1.0),27/02/26 11:00:00,A,GE250,C10-S951_X_K,E_DI_VLO,PC_ENT,LV,2016,10.69,b,
ESTAT:ISOC_E_DII(1.0),27/02/26 11:00:00,A,GE250,C10-S951_X_K,E_DI_VLO,PC_ENT,LV,2017,11.32,b,
ESTAT:ISOC_E_DII(1.0),27/02/26 11:00:00,A,GE250,C10-S951_X_K,E_DI_VLO,PC_ENT,LV,2018,15.50,b,
ESTAT:ISOC_E_DII(1.0),27/02/26 11:00:00,A,GE250,C10-S951_X_K,E_DI_VLO,PC_ENT,LV,2019,14.05,b,
ESTAT:ISOC_E_DII(1.0),27/02/26 11:00:00,A,GE250,C10-S951_X_K,E_DI_VLO,PC_ENT,ME,2017,6.67,b,
ESTAT:ISOC_E_DII(1.0),27/02/26 11:00:00,A,GE250,C10-S951_X_K,E_DI_VLO,PC_ENT,ME,2018,9.39,b,
ESTAT:ISOC_E_DII(1.0),27/02/26 11:00:00,A,GE250,C10-S951_X_K,E_DI_VLO,PC_ENT,ME,2019,,bu,
ESTAT:ISOC_E_DII(1.0),27/02/26 11:00:00,A,GE250,C10-S951_X_K,E_DI_VLO,PC_ENT,MK,2015,20.14,,
ESTAT:ISOC_E_DII(1.0),27/02/26 11:00:00,A,GE250,C10-S951_X_K,E_DI_VLO,PC_ENT,MK,2016,28.85,b,
ESTAT:ISOC_E_DII(1.0),27/02/26 11:00:00,A,GE250,C10-S951_X_K,E_DI_VLO,PC_ENT,MT,2015,9.62,,
ESTAT:ISOC_E_DII(1.0),27/02/26 11:00:00,A,GE250,C10-S951_X_K,E_DI_VLO,PC_ENT,MT,2016,13.27,b,
ESTAT:ISOC_E_DII(1.0),27/02/26 11:00:00,A,GE250,C10-S951_X_K,E_DI_VLO,PC_ENT,MT,2017,15.45,b,
ESTAT:ISOC_E_DII(1.0),27/02/26 11:00:00,A,GE250,C10-S951_X_K,E_DI_VLO,PC_ENT,MT,2018,17.77,b,
ESTAT:ISOC_E_DII(1.0),27/02/26 11:00:00,A,GE250,C10-S951_X_K,E_DI_VLO,PC_ENT,MT,2019,4.88,b,
ESTAT:ISOC_E_DII(1.0),27/02/26 11:00:00,A,GE250,C10-S951_X_K,E_DI_VLO,PC_ENT,NL,2015,3.05,,
ESTAT:ISOC_E_DII(1.0),27/02/26 11:00:00,A,GE250,C10-S951_X_K,E_DI_VLO,PC_ENT,NL,2016,5.49,b,
ESTAT:ISOC_E_DII(1.0),27/02/26 11:00:00,A,GE250,C10-S951_X_K,E_DI_VLO,PC_ENT,NL,2017,3.50,b,
ESTAT:ISOC_E_DII(1.0),27/02/26 11:00:00,A,GE250,C10-S951_X_K,E_DI_VLO,PC_ENT,NL,2018,5.04,b,
ESTAT:ISOC_E_DII(1.0),27/02/26 11:00:00,A,GE250,C10-S951_X_K,E_DI_VLO,PC_ENT,NL,2019,3.88,b,
ESTAT:ISOC_E_DII(1.0),27/02/26 11:00:00,A,GE250,C10-S951_X_K,E_DI_VLO,PC_ENT,NO,2015,5.79,,
ESTAT:ISOC_E_DII(1.0),27/02/26 11:00:00,A,GE250,C10-S951_X_K,E_DI_VLO,PC_ENT,NO,2016,6.53,b,
ESTAT:ISOC_E_DII(1.0),27/02/26 11:00:00,A,GE250,C10-S951_X_K,E_DI_VLO,PC_ENT,NO,2017,4.21,b,
ESTAT:ISOC_E_DII(1.0),27/02/26 11:00:00,A,GE250,C10-S951_X_K,E_DI_VLO,PC_ENT,NO,2018,6.16,b,
ESTAT:ISOC_E_DII(1.0),27/02/26 11:00:00,A,GE250,C10-S951_X_K,E_DI_VLO,PC_ENT,NO,2019,3.15,b,
ESTAT:ISOC_E_DII(1.0),27/02/26 11:00:00,A,GE250,C10-S951_X_K,E_DI_VLO,PC_ENT,PL,2015,10.64,,
ESTAT:ISOC_E_DII(1.0),27/02/26 11:00:00,A,GE250,C10-S951_X_K,E_DI_VLO,PC_ENT,PL,2016,17.45,b,
ESTAT:ISOC_E_DII(1.0),27/02/26 11:00:00,A,GE250,C10-S951_X_K,E_DI_VLO,PC_ENT,PL,2017,13.54,b,
ESTAT:ISOC_E_DII(1.0),27/02/26 11:00:00,A,GE250,C10-S951_X_K,E_DI_VLO,PC_ENT,PL,2018,15.75,b,
ESTAT:ISOC_E_DII(1.0),27/02/26 11:00:00,A,GE250,C10-S951_X_K,E_DI_VLO,PC_ENT,PL,2019,8.94,b,
ESTAT:ISOC_E_DII(1.0),27/02/26 11:00:00,A,GE250,C10-S951_X_K,E_DI_VLO,PC_ENT,PT,2015,7.82,,
ESTAT:ISOC_E_DII(1.0),27/02/26 11:00:00,A,GE250,C10-S951_X_K,E_DI_VLO,PC_ENT,PT,2016,16.74,b,
ESTAT:ISOC_E_DII(1.0),27/02/26 11:00:00,A,GE250,C10-S951_X_K,E_DI_VLO,PC_ENT,PT,2017,5.65,b,
ESTAT:ISOC_E_DII(1.0),27/02/26 11:00:00,A,GE250,C10-S951_X_K,E_DI_VLO,PC_ENT,PT,2018,17.70,b,
ESTAT:ISOC_E_DII(1.0),27/02/26 11:00:00,A,GE250,C10-S951_X_K,E_DI_VLO,PC_ENT,PT,2019,6.96,b,
ESTAT:ISOC_E_DII(1.0),27/02/26 11:00:00,A,GE250,C10-S951_X_K,E_DI_VLO,PC_ENT,RO,2015,29.20,,
ESTAT:ISOC_E_DII(1.0),27/02/26 11:00:00,A,GE250,C10-S951_X_K,E_DI_VLO,PC_ENT,RO,2016,39.14,b,
ESTAT:ISOC_E_DII(1.0),27/02/26 11:00:00,A,GE250,C10-S951_X_K,E_DI_VLO,PC_ENT,RO,2017,26.49,b,
ESTAT:ISOC_E_DII(1.0),27/02/26 11:00:00,A,GE250,C10-S951_X_K,E_DI_VLO,PC_ENT,RO,2018,27.72,b,
ESTAT:ISOC_E_DII(1.0),27/02/26 11:00:00,A,GE250,C10-S951_X_K,E_DI_VLO,PC_ENT,RO,2019,32.36,b,
ESTAT:ISOC_E_DII(1.0),27/02/26 11:00:00,A,GE250,C10-S951_X_K,E_DI_VLO,PC_ENT,RS,2017,13.38,b,
ESTAT:ISOC_E_DII(1.0),27/02/26 11:00:00,A,GE250,C10-S951_X_K,E_DI_VLO,PC_ENT,RS,2018,15.95,b,
ESTAT:ISOC_E_DII(1.0),27/02/26 11:00:00,A,GE250,C10-S951_X_K,E_DI_VLO,PC_ENT,RS,2019,16.84,b,
ESTAT:ISOC_E_DII(1.0),27/02/26 11:00:00,A,GE250,C10-S951_X_K,E_DI_VLO,PC_ENT,SE,2015,4.25,,
ESTAT:ISOC_E_DII(1.0),27/02/26 11:00:00,A,GE250,C10-S951_X_K,E_DI_VLO,PC_ENT,SE,2016,4.45,b,
ESTAT:ISOC_E_DII(1.0),27/02/26 11:00:00,A,GE250,C10-S951_X_K,E_DI_VLO,PC_ENT,SE,2017,3.92,b,
ESTAT:ISOC_E_DII(1.0),27/02/26 11:00:00,A,GE250,C10-S951_X_K,E_DI_VLO,PC_ENT,SE,2018,4.37,b,
ESTAT:ISOC_E_DII(1.0),27/02/26 11:00:00,A,GE250,C10-S951_X_K,E_DI_VLO,PC_ENT,SE,2019,1.24,b,
ESTAT:ISOC_E_DII(1.0),27/02/26 11:00:00,A,GE250,C10-S951_X_K,E_DI_VLO,PC_ENT,SI,2015,5.34,,
ESTAT:ISOC_E_DII(1.0),27/02/26 11:00:00,A,GE250,C10-S951_X_K,E_DI_VLO,PC_ENT,SI,2016,7.32,b,
ESTAT:ISOC_E_DII(1.0),27/02/26 11:00:00,A,GE250,C10-S951_X_K,E_DI_VLO,PC_ENT,SI,2017,3.21,b,
ESTAT:ISOC_E_DII(1.0),27/02/26 11:00:00,A,GE250,C10-S951_X_K,E_DI_VLO,PC_ENT,SI,2018,4.10,b,
ESTAT:ISOC_E_DII(1.0),27/02/26 11:00:00,A,GE250,C10-S951_X_K,E_DI_VLO,PC_ENT,SI,2019,6.44,b,
ESTAT:ISOC_E_DII(1.0),27/02/26 11:00:00,A,GE250,C10-S951_X_K,E_DI_VLO,PC_ENT,SK,2015,17.77,,
ESTAT:ISOC_E_DII(1.0),27/02/26 11:00:00,A,GE250,C10-S951_X_K,E_DI_VLO,PC_ENT,SK,2016,22.35,b,
ESTAT:ISOC_E_DII(1.0),27/02/26 11:00:00,A,GE250,C10-S951_X_K,E_DI_VLO,PC_ENT,SK,2017,15.54,b,
ESTAT:ISOC_E_DII(1.0),27/02/26 11:00:00,A,GE250,C10-S951_X_K,E_DI_VLO,PC_ENT,SK,2018,23.30,b,
ESTAT:ISOC_E_DII(1.0),27/02/26 11:00:00,A,GE250,C10-S951_X_K,E_DI_VLO,PC_ENT,SK,2019,13.34,b,
ESTAT:ISOC_E_DII(1.0),27/02/26 11:00:00,A,GE250,C10-S951_X_K,E_DI_VLO,PC_ENT,TR,2017,44.83,b,
ESTAT:ISOC_E_DII(1.0),27/02/26 11:00:00,A,GE250,C10-S951_X_K,E_DI_VLO,PC_ENT,TR,2018,71.27,b,
ESTAT:ISOC_E_DII(1.0),27/02/26 11:00:00,A,GE250,C10-S951_X_K,E_DI_VLO,PC_ENT,UK,2015,6.74,,
ESTAT:ISOC_E_DII(1.0),27/02/26 11:00:00,A,GE250,C10-S951_X_K,E_DI_VLO,PC_ENT,UK,2016,9.81,b,
ESTAT:ISOC_E_DII(1.0),27/02/26 11:00:00,A,GE250,C10-S951_X_K,E_DI_VLO,PC_ENT,UK,2017,12.36,b,
ESTAT:ISOC_E_DII(1.0),27/02/26 11:00:00,A,GE250,C10-S951_X_K,E_DI_VLO,PC_ENT,UK,2018,11.63,b,
ESTAT:ISOC_E_DII(1.0),27/02/26 11:00:00,A,GE250,C10-S951_X_K,E_DI_VLO,PC_ENT,UK,2019,6.21,b,
